code_1c,description,print_name,sku,reference,group,item_type,vat_rate,uom,hs_code
00-00002239,Screw Set 1,Screw Set 1,,Screw Set 1,Screw Set 1,Հատ,20%,հատ,9021
00-00003095,"Screwdriver Shalf, Ф3.0xФ2.6x52mm, cruciform, Hexagonal Coupling","Screwdriver Shalf, Ф3.0xФ2.6x52mm, cruciform, Hexagonal Coupling",WDTO02103,"Screwdriver Shalf, Ф3.0xФ2.6x52mm, cruciform, Hexagonal Coupling",World Surgery,Հատ,20%,հատ,9021
00-00003257,ViscoPhi 2.2% 2ml/44mg Intraarticular Gel Injection,ViscoPhi 2.2% 2ml/44mg Intraarticular Gel Injection,PHI222DE-VSP,ViscoPhi 2.2% 2ml/44mg Intraarticular Gel Injection,ViscoPhi,Ժամկետով ապրանքներ,Без НДС,հատ,9021
00-00003258,ViscoPhi 2.5% 3ml/75mg Intraarticular Gel Injection,ViscoPhi 2.5% 3ml/75mg Intraarticular Gel Injection,PHI253DE-VSP,ViscoPhi 2.5% 3ml/75mg Intraarticular Gel Injection,ViscoPhi,Ժամկետով ապրանքներ,Без НДС,հատ,9021
00-00003259,ViscoPhi 2.5% 4ml/100mg Intraarticular Gel Injection,ViscoPhi 2.5% 4ml/100mg Intraarticular Gel Injection,PHI254DE-VSPC,ViscoPhi 2.5% 4ml/100mg Intraarticular Gel Injection,ViscoPhi,Ժամկետով ապրանքներ,Без НДС,հատ,9021
00-00003260,ViscoPhi 2.5% 4.8ml/120mg Intraarticular Gel Injection,ViscoPhi 2.5% 4.8ml/120mg Intraarticular Gel Injection,PHI2548DE-VSP,ViscoPhi 2.5% 4.8ml/120mg Intraarticular Gel Injection,ViscoPhi,Ժամկետով ապրանքներ,Без НДС,հատ,9021
00-00003262,REV. Screw - 18,REV. Screw - 18,5031-00201,REV. Screw - 18,Chunli Hip,Ժամկետով ապրանքներ,Без НДС,հատ,9021
00-00003263,REV. Screw - 22,REV. Screw - 22,5031-00202,REV. Screw - 22,Chunli Hip,Ժամկետով ապրանքներ,Без НДС,հատ,9021
00-00003264,REV. Screw - 30,REV. Screw - 30,5031-00204,REV. Screw - 30,Chunli Hip,Ժամկետով ապրանքներ,Без НДС,հատ,9021
00-00003265,REV. Screw - 34,REV. Screw - 34,5031-00205,REV. Screw - 34,Chunli Hip,Ժամկետով ապրանքներ,Без НДС,հատ,9021
00-00003266,REV. Screw - 38,REV. Screw - 38,5031-00206,REV. Screw - 38,Chunli Hip,Ժամկետով ապրանքներ,Без НДС,հատ,9021
00-00003267,REV. Screw - 42,REV. Screw - 42,5031-00207,REV. Screw - 42,Chunli Hip,Ժամկետով ապրանքներ,Без НДС,հատ,9021
00-00003268,REV. Screw - 46,REV. Screw - 46,5031-00208,REV. Screw - 46,Chunli Hip,Ժամկետով ապրանքներ,Без НДС,հատ,9021
00-00003269,REV. Screw - 26,REV. Screw - 26,5031-00203,REV. Screw - 26,Chunli Hip,Ժամկետով ապրանքներ,Без НДС,հատ,9021
00-00003270,Radius Head 20-9mm,Radius Head 20-9mm,5041-00104,Radius Head 20-9mm,Radius Prosthesis,Ժամկետով ապրանքներ,Без НДС,հատ,9021
00-00003271,"Radius Head 22-9,5mm","Radius Head 22-9,5mm",5041-00107,"Radius Head 22-9,5mm",Radius Prosthesis,Ժամկետով ապրանքներ,Без НДС,հատ,9021
00-00003272,"Radius Head 22-11,5mm","Radius Head 22-11,5mm",5041-00108,"Radius Head 22-11,5mm",Radius Prosthesis,Ժամկետով ապրանքներ,Без НДС,հատ,9021
00-00003273,Radius Stem 6.5-26mm,Radius Stem 6.5-26mm,5041-00202,Radius Stem 6.5-26mm,Radius Prosthesis,Ժամկետով ապրանքներ,Без НДС,հատ,9021
00-00003274,Radius Stem 6.5-28mm,Radius Stem 6.5-28mm,5041-00206,Radius Stem 6.5-28mm,Radius Prosthesis,Ժամկետով ապրանքներ,Без НДС,հատ,9021
00-00003275,Radius Stem 7.5-31mm,Radius Stem 7.5-31mm,5041-00211,Radius Stem 7.5-31mm,Radius Prosthesis,Ժամկետով ապրանքներ,Без НДС,հատ,9021
00-00003276,Humeral Head 36mm,Humeral Head 36mm,5031-00501,Humeral Head 36mm,Revers Shoulder,Ժամկետով ապրանքներ,Без НДС,հատ,9021
00-00003277,Humeral Head 38mm,Humeral Head 38mm,5031-00502,Humeral Head 38mm,Revers Shoulder,Ժամկետով ապրանքներ,Без НДС,հատ,9021
00-00003278,Humeral Head 40mm,Humeral Head 40mm,5031-00503,Humeral Head 40mm,Revers Shoulder,Ժամկետով ապրանքներ,Без НДС,հատ,9021
00-00003279,Humeral Head 42mm,Humeral Head 42mm,5031-00504,Humeral Head 42mm,Revers Shoulder,Ժամկետով ապրանքներ,Без НДС,հատ,9021
00-00003280,Glenoid 36mm-5,Glenoid 36mm-5,5031-00601,Glenoid 36mm-5,Revers Shoulder,Ժամկետով ապրանքներ,Без НДС,հատ,9021
00-00003281,Glenoid 36mm-10,Glenoid 36mm-10,5031-00602,Glenoid 36mm-10,Revers Shoulder,Ժամկետով ապրանքներ,Без НДС,հատ,9021
00-00003282,Glenoid 38mm-5,Glenoid 38mm-5,5031-00604,Glenoid 38mm-5,Revers Shoulder,Ժամկետով ապրանքներ,Без НДС,հատ,9021
00-00003283,Glenoid 38mm-10,Glenoid 38mm-10,5031-00605,Glenoid 38mm-10,Revers Shoulder,Ժամկետով ապրանքներ,Без НДС,հատ,9021
00-00003284,Glenoid 40mm-5,Glenoid 40mm-5,5031-00607,Glenoid 40mm-5,Revers Shoulder,Ժամկետով ապրանքներ,Без НДС,հատ,9021
00-00003285,Glenoid 40mm-10,Glenoid 40mm-10,5031-00608,Glenoid 40mm-10,Revers Shoulder,Ժամկետով ապրանքներ,Без НДС,հատ,9021
00-00003286,Glenoid 42mm-5,Glenoid 42mm-5,5031-00610,Glenoid 42mm-5,Revers Shoulder,Ժամկետով ապրանքներ,Без НДС,հատ,9021
00-00003287,Glenoid 42mm-10,Glenoid 42mm-10,5031-00611,Glenoid 42mm-10,Revers Shoulder,Ժամկետով ապրանքներ,Без НДС,հատ,9021
00-00003288,Broach Universal,Broach Universal,5031-00300,Broach Universal,Revers Shoulder,Ժամկետով ապրանքներ,Без НДС,հատ,9021
00-00003289,Upper Humerus 36/5,Upper Humerus 36/5,5031-00701,Upper Humerus 36/5,Revers Shoulder,Ժամկետով ապրանքներ,Без НДС,հատ,9021
00-00003290,Upper Humerus 36/10,Upper Humerus 36/10,5031-00702,Upper Humerus 36/10,Revers Shoulder,Ժամկետով ապրանքներ,Без НДС,հատ,9021
00-00003291,Conversion Universal,Conversion Universal,2000-00001,Conversion Universal,Revers Shoulder,Ժամկետով ապրանքներ,Без НДС,հատ,9021
00-00003292,Nuts MT6.7,Nuts MT6.7,1000-00001,Nuts MT6.7,Revers Shoulder,Ժամկետով ապրանքներ,Без НДС,հատ,9021
00-00003295,CHUNLI Hip Instrument Set N6/2,CHUNLI Hip Instrument Set N6/2,10010.6.2,CHUNLI Hip Instrument Set N6/2,CHUNLI,Հատ,Без НДС,հատ,9021
00-00003296,CHUNLI Hip Instrument Set N6/1,CHUNLI Hip Instrument Set N6/1,10010.6.1,CHUNLI Hip Instrument Set N6/1,CHUNLI,Հատ,Без НДС,հատ,9021
00-00003297,CHUNLI Hip Instrument Set N7/1,CHUNLI Hip Instrument Set N7/1,10010.7.1,CHUNLI Hip Instrument Set N7/1,CHUNLI,Հատ,Без НДС,հատ,9021
00-00003298,CHUNLI Hip Instrument Set N7/2,CHUNLI Hip Instrument Set N7/2,10010.7.2,CHUNLI Hip Instrument Set N7/2,CHUNLI,Հատ,Без НДС,հատ,9021
00-00003299,"58Liner-PE - 28/35 44# (working with cup size of 40,42,44)","58Liner-PE - 28/35 44# (working with cup size of 40,42,44)",3150-28353.1,"58Liner-PE - 28/35 44# (working with cup size of 40,42,44)",Chunli Hip,Ժամկետով ապրանքներ,Без НДС,հատ,9021
00-00003300,58Liner-PE - 28/37 46# (working with cup size of 46),58Liner-PE - 28/37 46# (working with cup size of 46),3150-28373.1,58Liner-PE - 28/37 46# (working with cup size of 46),Chunli Hip,Ժամկետով ապրանքներ,Без НДС,հատ,9021
00-00003301,"58Liner-PE - 32/39 48# (working with cup size of 48,50)","58Liner-PE - 32/39 48# (working with cup size of 48,50)",3150-32393.1,"58Liner-PE - 32/39 48# (working with cup size of 48,50)",Chunli Hip,Ժամկետով ապրանքներ,Без НДС,հատ,9021
00-00003302,"58Liner-PE - 36/44 52# (working with cup size of 52,54)","58Liner-PE - 36/44 52# (working with cup size of 52,54)",3150-36443.1,"58Liner-PE - 36/44 52# (working with cup size of 52,54)",Chunli Hip,Ժամկետով ապրանքներ,Без НДС,հատ,9021
00-00003303,"58Liner-PE - 36/48 56# (working with cup size of 56,58,60)","58Liner-PE - 36/48 56# (working with cup size of 56,58,60)",3150-36483.1,"58Liner-PE - 36/48 56# (working with cup size of 56,58,60)",Chunli Hip,Ժամկետով ապրանքներ,Без НДС,հատ,9021
00-00003304,"58Liner-PE - 36/52 62# (working with cup size of 62,64,66)","58Liner-PE - 36/52 62# (working with cup size of 62,64,66)",3150-36523.1,"58Liner-PE - 36/52 62# (working with cup size of 62,64,66)",Chunli Hip,Ժամկետով ապրանքներ,Без НДС,հատ,9021
00-00003306,GENTAFIX 1 with antibiotic,GENTAFIX 1 with antibiotic,T040140G,GENTAFIX 1 with antibiotic,Teknimed Cement,Ժամկետով ապրանքներ,Без НДС,հատ,9021
00-00003307,CEMFIX 1 without antibiotic,CEMFIX 1 without antibiotic,T040140,CEMFIX 1 without antibiotic,Teknimed Cement,Ժամկետով ապրանքներ,Без НДС,հատ,9021
00-00003308,Ceraform Granules 3x3x3mm 10cc,Ceraform Granules 3x3x3mm 10cc,T804405,Ceraform Granules 3x3x3mm 10cc,Teknimed Cement,Ժամկետով ապրանքներ,Без НДС,հատ,
00-00003309,Long PFNA right 11*400mm Ti,Long PFNA right 11*400mm Ti,4209.1140,Long PFNA right 11*400mm Ti,PFNA,Հատ,Без НДС,հատ,9021
00-00003310,3.5mm Lockable Screw 3.5*34mm S.S,3.5mm Lockable Screw 3.5*34mm S.S,4114.3534,3.5mm Lockable Screw 3.5*34mm S.S,ZMD Screws,Հատ,Без НДС,հատ,9021
00-00003311,"ZM Locking screw 3.5mm, 60mm Ti","ZM Locking screw 3.5mm, 60mm Ti",2201.3560,"ZM Locking screw 3.5mm, 60mm Ti",ZMD Screws,Հատ,Без НДС,հատ,9021
00-00003312,"ZM Locking screw 3.5mm, 70mm Ti","ZM Locking screw 3.5mm, 70mm Ti",2201.3570,"ZM Locking screw 3.5mm, 70mm Ti",ZMD Screws,Հատ,Без НДС,հատ,9021
00-00003313,LC‐DCP Femoral Plate 6h S.S,LC‐DCP Femoral Plate 6h S.S,1113.0306,LC‐DCP Femoral Plate 6h S.S,ZMD Plates,Հատ,Без НДС,հատ,9021
00-00003314,LC‐DCP for Tibia plate 12h S.S,LC‐DCP for Tibia plate 12h S.S,1113.0212,LC‐DCP for Tibia plate 12h S.S,ZMD Plates,Հատ,Без НДС,հատ,9021
00-00003315,LC‐DCP for Tibia plate 14h S.S,LC‐DCP for Tibia plate 14h S.S,1113.0214,LC‐DCP for Tibia plate 14h S.S,ZMD Plates,Հատ,Без НДС,հատ,9021
00-00003316,"ZM K-wire, 2.0/250mm SS","ZM K-wire, 2.0/250mm SS",30248.2.0.250,"ZM K-wire, 2.0/250mm SS",ZMD Wire,Հատ,Без НДС,հատ,9021
00-00003317,"GKS PRIME FLEX: PS UHMWPE Insert, Size 7-10 / B-C - 09mm E","GKS PRIME FLEX: PS UHMWPE Insert, Size 7-10 / B-C - 09mm E",54588E,"GKS PRIME FLEX: PS UHMWPE Insert, Size 7-10 / B-C - 09mm E",Permedica - Knee,Ժամկետով ապրանքներ,Без НДС,հատ,9021
00-00003318,"GKS PRIME FLEX: PS UHMWPE Insert, Size 7-10 / B-C - 11mm E","GKS PRIME FLEX: PS UHMWPE Insert, Size 7-10 / B-C - 11mm E",54589E,"GKS PRIME FLEX: PS UHMWPE Insert, Size 7-10 / B-C - 11mm E",Permedica - Knee,Ժամկետով ապրանքներ,Без НДС,հատ,9021
00-00003319,Proximal Medial Tibial T-Locking Plate 12 H Left,Proximal Medial Tibial T-Locking Plate 12 H Left,3010051012,Proximal Medial Tibial T-Locking Plate 12 H Left,Boneunion,Հատ,Без НДС,հատ,9021
00-00003320,Proximal Medial Tibial T-Locking Plate 12 H Right,Proximal Medial Tibial T-Locking Plate 12 H Right,3010052012,Proximal Medial Tibial T-Locking Plate 12 H Right,Boneunion,Հատ,Без НДС,հատ,9021
00-00003321,Distal Lateral Tibial Locking Plate RIGHT 13holes,Distal Lateral Tibial Locking Plate RIGHT 13holes,3010262013,Distal Lateral Tibial Locking Plate RIGHT 13holes,Boneunion,Հատ,Без НДС,հատ,9021
00-00003322,"Proximal Humeral Locking Plate, 4 Holes","Proximal Humeral Locking Plate, 4 Holes",3010460004,"Proximal Humeral Locking Plate, 4 Holes",Boneunion,Հատ,Без НДС,հատ,9021
00-00003323,"Proximal Humeral Locking Plate, 5 Holes","Proximal Humeral Locking Plate, 5 Holes",3010460005,"Proximal Humeral Locking Plate, 5 Holes",Boneunion,Հատ,Без НДС,հատ,9021
00-00003324,"Proximal Humeral Locking Plate, 6 Holes","Proximal Humeral Locking Plate, 6 Holes",3010460006,"Proximal Humeral Locking Plate, 6 Holes",Boneunion,Հատ,Без НДС,հատ,9021
00-00003325,"Proximal Humeral Locking Plate, 7 Holes","Proximal Humeral Locking Plate, 7 Holes",3010460007,"Proximal Humeral Locking Plate, 7 Holes",Boneunion,Հատ,Без НДС,հատ,9021
00-00003326,"Proximal Humeral Locking Plate, 8 Holes","Proximal Humeral Locking Plate, 8 Holes",3010460008,"Proximal Humeral Locking Plate, 8 Holes",Boneunion,Հատ,Без НДС,հատ,9021
00-00003327,"Proximal Humeral Locking Plate, 9 Holes","Proximal Humeral Locking Plate, 9 Holes",3010460009,"Proximal Humeral Locking Plate, 9 Holes",Boneunion,Հատ,Без НДС,հատ,9021
           ,"Narrow Limited Contact Locking Plate, 7 Holes","Narrow Limited Contact Locking Plate, 7 Holes",3010040007,"Narrow Limited Contact Locking Plate, 7 Holes",Boneunion,Հատ,Без НДС,հատ,9021
           ,"Narrow Limited Contact Locking Plate, 9 Holes","Narrow Limited Contact Locking Plate, 9 Holes",3010040009,"Narrow Limited Contact Locking Plate, 9 Holes",Boneunion,Հատ,Без НДС,հատ,9021
           ,"Narrow Limited Contact Locking Plate, 11 Holes","Narrow Limited Contact Locking Plate, 11 Holes",3010040011,"Narrow Limited Contact Locking Plate, 11 Holes",Boneunion,Հատ,Без НДС,հատ,9021
           ,"Narrow Limited Contact Locking Plate, 13 Holes","Narrow Limited Contact Locking Plate, 13 Holes",3010040013,"Narrow Limited Contact Locking Plate, 13 Holes",Boneunion,Հատ,Без НДС,հատ,9021
           ,"Narrow Limited Contact Locking Plate, 15 Holes","Narrow Limited Contact Locking Plate, 15 Holes",3010040015,"Narrow Limited Contact Locking Plate, 15 Holes",Boneunion,Հատ,Без НДС,հատ,9021
           ,"GSSⅢ Locking Nut(5.5/6.0mm system), Φ9.4mm","GSSⅢ Locking Nut(5.5/6.0mm system), Φ9.4mm",3245070000,"GSSⅢ Locking Nut(5.5/6.0mm system), Φ9.4mm",Boneunion,Հատ,Без НДС,հատ,9021
           ,"Distal Femoral Nail, Φ9×320mm","Distal Femoral Nail, Φ9×320mm",3051010320,"Distal Femoral Nail, Φ9×320mm",Boneunion,Հատ,Без НДС,հատ,9021
           ,"Distal Femoral Nail, Φ9×340mm","Distal Femoral Nail, Φ9×340mm",3051010340,"Distal Femoral Nail, Φ9×340mm",Boneunion,Հատ,Без НДС,հատ,9021
           ,"Distal Femoral Nail, Φ9×360mm","Distal Femoral Nail, Φ9×360mm",3051010360,"Distal Femoral Nail, Φ9×360mm",Boneunion,Հատ,Без НДС,հատ,9021
           ,"Distal Femoral Nail, Φ9×380mm","Distal Femoral Nail, Φ9×380mm",3051010380,"Distal Femoral Nail, Φ9×380mm",Boneunion,Հատ,Без НДС,հատ,9021
           ,"Distal Femoral Nail, Φ9×400mm","Distal Femoral Nail, Φ9×400mm",3051010400,"Distal Femoral Nail, Φ9×400mm",Boneunion,Հատ,Без НДС,հատ,9021
           ,Distal Femoral Nail Φ10×280mm,Distal Femoral Nail Φ10×280mm,3051020280,Distal Femoral Nail Φ10×280mm,Boneunion,Հատ,Без НДС,հատ,9021
           ,Distal Femoral Nail Φ10×300mm,Distal Femoral Nail Φ10×300mm,3051020300,Distal Femoral Nail Φ10×300mm,Boneunion,Հատ,Без НДС,հատ,9021
           ,"Distal Femoral Nail, Φ10×320mm","Distal Femoral Nail, Φ10×320mm",3051020320,"Distal Femoral Nail, Φ10×320mm",Boneunion,Հատ,Без НДС,հատ,9021
           ,"Distal Femoral Nail, Φ10×340mm","Distal Femoral Nail, Φ10×340mm",3051020340,"Distal Femoral Nail, Φ10×340mm",Boneunion,Հատ,Без НДС,հատ,9021
           ,"Distal Femoral Nail, Φ10×360mm","Distal Femoral Nail, Φ10×360mm",3051020360,"Distal Femoral Nail, Φ10×360mm",Boneunion,Հատ,Без НДС,հատ,9021
           ,"Distal Femoral Nail, Φ10×380mm","Distal Femoral Nail, Φ10×380mm",3051020380,"Distal Femoral Nail, Φ10×380mm",Boneunion,Հատ,Без НДС,հատ,9021
           ,"Distal Femoral Nail, Φ10×400mm","Distal Femoral Nail, Φ10×400mm",3051020400,"Distal Femoral Nail, Φ10×400mm",Boneunion,Հատ,Без НДС,հատ,9021
           ,Distal Femoral Nail Φ11×280mm,Distal Femoral Nail Φ11×280mm,3051030280,Distal Femoral Nail Φ11×280mm,Boneunion,Հատ,Без НДС,հատ,9021
           ,Distal Femoral Nail Φ11×300mm,Distal Femoral Nail Φ11×300mm,3051030300,Distal Femoral Nail Φ11×300mm,Boneunion,Հատ,Без НДС,հատ,9021
           ,"Distal Femoral Nail, Φ11×320mm","Distal Femoral Nail, Φ11×320mm",3051030320,"Distal Femoral Nail, Φ11×320mm",Boneunion,Հատ,Без НДС,հատ,9021
           ,"Distal Femoral Nail, Φ11×340mm","Distal Femoral Nail, Φ11×340mm",3051030340,"Distal Femoral Nail, Φ11×340mm",Boneunion,Հատ,Без НДС,հատ,9021
           ,"Distal Femoral Nail, Φ11×360mm","Distal Femoral Nail, Φ11×360mm",3051030360,"Distal Femoral Nail, Φ11×360mm",Boneunion,Հատ,Без НДС,հատ,9021
           ,"Distal Femoral Nail, Φ11×380mm","Distal Femoral Nail, Φ11×380mm",3051030380,"Distal Femoral Nail, Φ11×380mm",Boneunion,Հատ,Без НДС,հատ,9021
           ,"Distal Femoral Nail, Φ11×400mm","Distal Femoral Nail, Φ11×400mm",3051030400,"Distal Femoral Nail, Φ11×400mm",Boneunion,Հատ,Без НДС,հատ,9021
           ,"Spiral Blade for Distal Femoral Nail, Φ12.5×50mm","Spiral Blade for Distal Femoral Nail, Φ12.5×50mm",3051060050,"Spiral Blade for Distal Femoral Nail, Φ12.5×50mm",Boneunion,Հատ,Без НДС,հատ,9021
           ,"Spiral Blade for Distal Femoral Nail, Φ12.5×55mm","Spiral Blade for Distal Femoral Nail, Φ12.5×55mm",3051060055,"Spiral Blade for Distal Femoral Nail, Φ12.5×55mm",Boneunion,Հատ,Без НДС,հատ,9021
           ,"Spiral Blade for Distal Femoral Nail, Φ12.5×60mm","Spiral Blade for Distal Femoral Nail, Φ12.5×60mm",3051060060,"Spiral Blade for Distal Femoral Nail, Φ12.5×60mm",Boneunion,Հատ,Без НДС,հատ,9021
           ,"Spiral Blade for Distal Femoral Nail, Φ12.5×65mm","Spiral Blade for Distal Femoral Nail, Φ12.5×65mm",3051060065,"Spiral Blade for Distal Femoral Nail, Φ12.5×65mm",Boneunion,Հատ,Без НДС,հատ,9021
           ,"Spiral Blade for Distal Femoral Nail, Φ12.5×70mm","Spiral Blade for Distal Femoral Nail, Φ12.5×70mm",3051060070,"Spiral Blade for Distal Femoral Nail, Φ12.5×70mm",Boneunion,Հատ,Без НДС,հատ,9021
           ,"Spiral Blade for Distal Femoral Nail, Φ12.5×75mm","Spiral Blade for Distal Femoral Nail, Φ12.5×75mm",3051060075,"Spiral Blade for Distal Femoral Nail, Φ12.5×75mm",Boneunion,Հատ,Без НДС,հատ,9021
           ,"Spiral Blade for Distal Femoral Nail, Φ12.5×80mm","Spiral Blade for Distal Femoral Nail, Φ12.5×80mm",3051060080,"Spiral Blade for Distal Femoral Nail, Φ12.5×80mm",Boneunion,Հատ,Без НДС,հատ,9021
           ,"Spiral Blade for Distal Femoral Nail, Φ12.5×85mm","Spiral Blade for Distal Femoral Nail, Φ12.5×85mm",3051060085,"Spiral Blade for Distal Femoral Nail, Φ12.5×85mm",Boneunion,Հատ,Без НДС,հատ,9021
           ,"Spiral Blade for Distal Femoral Nail, Φ12.5×90mm","Spiral Blade for Distal Femoral Nail, Φ12.5×90mm",3051060090,"Spiral Blade for Distal Femoral Nail, Φ12.5×90mm",Boneunion,Հատ,Без НДС,հատ,9021
           ,"6.0mm Locking Screw for Distal Femoral Nail, 40mm","6.0mm Locking Screw for Distal Femoral Nail, 40mm",3051050040,"6.0mm Locking Screw for Distal Femoral Nail, 40mm",Boneunion,Հատ,Без НДС,հատ,9021
           ,"6.0mm Locking Screw for Distal Femoral Nail, 45mm","6.0mm Locking Screw for Distal Femoral Nail, 45mm",3051050045,"6.0mm Locking Screw for Distal Femoral Nail, 45mm",Boneunion,Հատ,Без НДС,հատ,9021
           ,"6.0mm Locking Screw for Distal Femoral Nail, 50mm","6.0mm Locking Screw for Distal Femoral Nail, 50mm",3051050050,"6.0mm Locking Screw for Distal Femoral Nail, 50mm",Boneunion,Հատ,Без НДС,հատ,9021
           ,"6.0mm Locking Screw for Distal Femoral Nail, 55mm","6.0mm Locking Screw for Distal Femoral Nail, 55mm",3051050055,"6.0mm Locking Screw for Distal Femoral Nail, 55mm",Boneunion,Հատ,Без НДС,հատ,9021
           ,"6.0mm Locking Screw for Distal Femoral Nail, 60mm","6.0mm Locking Screw for Distal Femoral Nail, 60mm",3051050060,"6.0mm Locking Screw for Distal Femoral Nail, 60mm",Boneunion,Հատ,Без НДС,հատ,9021
           ,"6.0mm Locking Screw for Distal Femoral Nail, 65mm","6.0mm Locking Screw for Distal Femoral Nail, 65mm",3051050065,"6.0mm Locking Screw for Distal Femoral Nail, 65mm",Boneunion,Հատ,Без НДС,հատ,9021
           ,"6.0mm Locking Screw for Distal Femoral Nail, 70mm","6.0mm Locking Screw for Distal Femoral Nail, 70mm",3051050070,"6.0mm Locking Screw for Distal Femoral Nail, 70mm",Boneunion,Հատ,Без НДС,հատ,9021
           ,"6.0mm Locking Screw for Distal Femoral Nail, 75mm","6.0mm Locking Screw for Distal Femoral Nail, 75mm",3051050075,"6.0mm Locking Screw for Distal Femoral Nail, 75mm",Boneunion,Հատ,Без НДС,հատ,9021
           ,"6.0mm Locking Screw for Distal Femoral Nail, 80mm","6.0mm Locking Screw for Distal Femoral Nail, 80mm",3051050080,"6.0mm Locking Screw for Distal Femoral Nail, 80mm",Boneunion,Հատ,Без НДС,հատ,9021
           ,"6.0mm Locking Screw for Distal Femoral Nail, 85mm","6.0mm Locking Screw for Distal Femoral Nail, 85mm",3051050085,"6.0mm Locking Screw for Distal Femoral Nail, 85mm",Boneunion,Հատ,Без НДС,հատ,9021
           ,"6.0mm Locking Screw for Distal Femoral Nail, 90mm","6.0mm Locking Screw for Distal Femoral Nail, 90mm",3051050090,"6.0mm Locking Screw for Distal Femoral Nail, 90mm",Boneunion,Հատ,Без НДС,հատ,9021
           ,End Cap for Distal Femoral Nail,End Cap for Distal Femoral Nail,3051070000,End Cap for Distal Femoral Nail,Boneunion,Հատ,Без НДС,հատ,9021
           ,"End Cap for Distal Femoral Nail, long","End Cap for Distal Femoral Nail, long",3051070001,"End Cap for Distal Femoral Nail, long",Boneunion,Հատ,Без НДС,հատ,9021
           ,"Suprapatellar Tibial Nail, Φ10×240mm","Suprapatellar Tibial Nail, Φ10×240mm",3050520240,"Suprapatellar Tibial Nail, Φ10×240mm",Boneunion,Հատ,Без НДС,հատ,9021
           ,Distal Femoral Nail Instrument Set,Distal Femoral Nail Instrument Set,4804200001,Distal Femoral Nail Instrument Set,Boneunion,Հատ,Без НДС,հատ,9021
           ,Specific instruments for  GSSⅢ Polyaxial Reduction Screw,Specific instruments for  GSSⅢ Polyaxial Reduction Screw,4702000400,Specific instruments for  GSSⅢ Polyaxial Reduction Screw,Boneunion,Հատ,Без НДС,հատ,9021
           ,"GSSⅢ Reduction Forceps with Knob, 5.5/6.0","GSSⅢ Reduction Forceps with Knob, 5.5/6.0",4702000300,"GSSⅢ Reduction Forceps with Knob, 5.5/6.0",Boneunion,Հատ,Без НДС,հատ,9021
           ,Screwdriver for GSS Ⅲ Locking Nut,Screwdriver for GSS Ⅲ Locking Nut,4701200900,Screwdriver for GSS Ⅲ Locking Nut,Boneunion,Հատ,Без НДС,հատ,9021
           ,Screwdriver for GSSⅢ Polyaxial Reduction Screw,Screwdriver for GSSⅢ Polyaxial Reduction Screw,4701200600,Screwdriver for GSSⅢ Polyaxial Reduction Screw,Boneunion,Հատ,Без НДС,հատ,9021
           ,"Distal Lateral Tibial Locking Plate, left, 15 Holes","Distal Lateral Tibial Locking Plate, left, 15 Holes",3010261015,"Distal Lateral Tibial Locking Plate, left, 15 Holes",Boneunion,Հատ,Без НДС,հատ,9021
           ,"Distal Lateral Tibial Locking Plate, right, 15 Holes","Distal Lateral Tibial Locking Plate, right, 15 Holes",3010262015,"Distal Lateral Tibial Locking Plate, right, 15 Holes",Boneunion,Հատ,Без НДС,հատ,9021
           ,"GSSⅢ Polyaxial Reduction Screw,φ4.0×31mm(5.5 system)","GSSⅢ Polyaxial Reduction Screw,φ4.0×31mm(5.5 system)",3245094031,"GSSⅢ Polyaxial Reduction Screw,φ4.0×31mm(5.5 system)",Boneunion,Հատ,Без НДС,հատ,9021
           ,"GSSⅢ Polyaxial Reduction Screw,φ4.5×31mm(5.5 system)","GSSⅢ Polyaxial Reduction Screw,φ4.5×31mm(5.5 system)",3245094531,"GSSⅢ Polyaxial Reduction Screw,φ4.5×31mm(5.5 system)",Boneunion,Հատ,Без НДС,հատ,9021
           ,"GSSⅢ Polyaxial Reduction Screw,φ5.0×31mm(5.5 system)","GSSⅢ Polyaxial Reduction Screw,φ5.0×31mm(5.5 system)",3245095031,"GSSⅢ Polyaxial Reduction Screw,φ5.0×31mm(5.5 system)",Boneunion,Հատ,Без НДС,հատ,9021
           ,"GSSⅢ Polyaxial Reduction Screw,φ5.0×41mm(5.5 system)","GSSⅢ Polyaxial Reduction Screw,φ5.0×41mm(5.5 system)",3245095041,"GSSⅢ Polyaxial Reduction Screw,φ5.0×41mm(5.5 system)",Boneunion,Հատ,Без НДС,հատ,9021
           ,"GSSⅢ Polyaxial Reduction Screw,φ5.5×41mm(5.5 system)","GSSⅢ Polyaxial Reduction Screw,φ5.5×41mm(5.5 system)",3245095541,"GSSⅢ Polyaxial Reduction Screw,φ5.5×41mm(5.5 system)",Boneunion,Հատ,Без НДС,հատ,9021
           ,"GSSⅢ Polyaxial Reduction Screw,φ5.5×46mm(5.5 system)","GSSⅢ Polyaxial Reduction Screw,φ5.5×46mm(5.5 system)",3245095546,"GSSⅢ Polyaxial Reduction Screw,φ5.5×46mm(5.5 system)",Boneunion,Հատ,Без НДС,հատ,9021
           ,"GSSⅢ Polyaxial Reduction Screw,φ5.5×51mm(5.5 system)","GSSⅢ Polyaxial Reduction Screw,φ5.5×51mm(5.5 system)",3245095551,"GSSⅢ Polyaxial Reduction Screw,φ5.5×51mm(5.5 system)",Boneunion,Հատ,Без НДС,հատ,9021
           ,"GSSⅢ Polyaxial Reduction Screw,φ6.5×41mm(5.5 system)","GSSⅢ Polyaxial Reduction Screw,φ6.5×41mm(5.5 system)",3245096541,"GSSⅢ Polyaxial Reduction Screw,φ6.5×41mm(5.5 system)",Boneunion,Հատ,Без НДС,հատ,9021
           ,"GSSⅢ Polyaxial Reduction Screw,φ6.5×46mm(5.5 system)","GSSⅢ Polyaxial Reduction Screw,φ6.5×46mm(5.5 system)",3245096546,"GSSⅢ Polyaxial Reduction Screw,φ6.5×46mm(5.5 system)",Boneunion,Հատ,Без НДС,հատ,9021
           ,"GSSⅢ Polyaxial Reduction Screw,φ6.5×51mm(5.5 system)","GSSⅢ Polyaxial Reduction Screw,φ6.5×51mm(5.5 system)",3245096551,"GSSⅢ Polyaxial Reduction Screw,φ6.5×51mm(5.5 system)",Boneunion,Հատ,Без НДС,հատ,9021
           ,"GSSⅢ Polyaxial Reduction Screw,φ7.0×46mm(5.5 system)","GSSⅢ Polyaxial Reduction Screw,φ7.0×46mm(5.5 system)",3245097046,"GSSⅢ Polyaxial Reduction Screw,φ7.0×46mm(5.5 system)",Boneunion,Հատ,Без НДС,հատ,9021
           ,"GSSⅢ Polyaxial Reduction Screw,φ7.0×51mm(5.5 system)","GSSⅢ Polyaxial Reduction Screw,φ7.0×51mm(5.5 system)",3245097051,"GSSⅢ Polyaxial Reduction Screw,φ7.0×51mm(5.5 system)",Boneunion,Հատ,Без НДС,հատ,9021
           ,"Distal Femoral Nail, long φ9×280mm","Distal Femoral Nail, long φ9×280mm",3051010280,"Distal Femoral Nail, long φ9×280mm",Boneunion,Հատ,Без НДС,հատ,9021
           ,"Distal Femoral Nail, long φ9×300mm","Distal Femoral Nail, long φ9×300mm",3051010300,"Distal Femoral Nail, long φ9×300mm",Boneunion,Հատ,Без НДС,հատ,9021
           ,Spiral Blade for Distal Femoral Nail φ12.5×40mm,Spiral Blade for Distal Femoral Nail φ12.5×40mm,3051060040,Spiral Blade for Distal Femoral Nail φ12.5×40mm,Boneunion,Հատ,Без НДС,հատ,9021
           ,Spiral Blade for Distal Femoral Nail φ12.5×45mm,Spiral Blade for Distal Femoral Nail φ12.5×45mm,3051060045,Spiral Blade for Distal Femoral Nail φ12.5×45mm,Boneunion,Հատ,Без НДС,հատ,9021
           ,"6.0mm Locking Screw for Distal Femoral Nail, φ6.0×35mm","6.0mm Locking Screw for Distal Femoral Nail, φ6.0×35mm",3051050035,"6.0mm Locking Screw for Distal Femoral Nail, φ6.0×35mm",Boneunion,Հատ,Без НДС,հատ,9021
           ,SP Connecting Screw,SP Connecting Screw,4803201200,SP Connecting Screw,Boneunion,Հատ,Без НДС,հատ,9021
           ,,,,<>,,Հատ,Без НДС,հատ,9021
00-00003328,CHUNLI Hip Instrument Set N8/1,CHUNLI Hip Instrument Set N8/1,10010.8.1,CHUNLI Hip Instrument Set N8/1,CHUNLI,Հատ,Без НДС,հատ,9021
00-00003329,CHUNLI Hip Instrument Set N8/2,CHUNLI Hip Instrument Set N8/2,10010.8.2,CHUNLI Hip Instrument Set N8/2,CHUNLI,Հատ,Без НДС,հատ,9021
00-00003330,CHUNLI Hip Instrument Set N9/1,CHUNLI Hip Instrument Set N9/1,10010.9.1,CHUNLI Hip Instrument Set N9/1,CHUNLI,Հատ,Без НДС,հատ,9021
00-00003331,CHUNLI Hip Instrument Set N9/2,CHUNLI Hip Instrument Set N9/2,10010.9.2,CHUNLI Hip Instrument Set N9/2,CHUNLI,Հատ,Без НДС,հատ,9021
00-00003332,Wagner stem 1,Wagner stem 1,1014.1,Wagner stem 1,Instruments,Հատ,Без НДС,հատ,9021
00-00003333,SMALL COMPRESSION LOCKING PLATE 3.5MM S.S. 7H,SMALL COMPRESSION LOCKING PLATE 3.5MM S.S. 7H,BO.155.07.S,SMALL COMPRESSION LOCKING PLATE 3.5MM S.S. 7H,BOMBAY,Հատ,Без НДС,հատ,9021
00-00003334,SMALL COMPRESSION LOCKING PLATE 3.5MM S.S. 9H,SMALL COMPRESSION LOCKING PLATE 3.5MM S.S. 9H,BO.155.09.S,SMALL COMPRESSION LOCKING PLATE 3.5MM S.S. 9H,BOMBAY,Հատ,Без НДС,հատ,9021
00-00003335,SMALL COMPRESSION LOCKING PLATE 3.5MM S.S. 11H,SMALL COMPRESSION LOCKING PLATE 3.5MM S.S. 11H,BO.155.11.S,SMALL COMPRESSION LOCKING PLATE 3.5MM S.S. 11H,BOMBAY,Հատ,Без НДС,հատ,9021
00-00003336,SMALL COMPRESSION LOCKING PLATE 3.5MM S.S. 12H,SMALL COMPRESSION LOCKING PLATE 3.5MM S.S. 12H,BO.155.12.S,SMALL COMPRESSION LOCKING PLATE 3.5MM S.S. 12H,BOMBAY,Հատ,Без НДС,հատ,9021
00-00003337,SMALL COMPRESSION LOCKING PLATE 3.5MM Ti 7H,SMALL COMPRESSION LOCKING PLATE 3.5MM Ti 7H,BO.155.07.T,SMALL COMPRESSION LOCKING PLATE 3.5MM Ti 7H,BOMBAY,Հատ,Без НДС,հատ,9021
00-00003338,SMALL COMPRESSION LOCKING PLATE 3.5MM Ti 9H,SMALL COMPRESSION LOCKING PLATE 3.5MM Ti 9H,BO.155.09.T,SMALL COMPRESSION LOCKING PLATE 3.5MM Ti 9H,BOMBAY,Հատ,Без НДС,հատ,9021
00-00003339,SMALL COMPRESSION LOCKING PLATE 3.5MM Ti 11H,SMALL COMPRESSION LOCKING PLATE 3.5MM Ti 11H,BO.155.11.T,SMALL COMPRESSION LOCKING PLATE 3.5MM Ti 11H,BOMBAY,Հատ,Без НДС,հատ,9021
00-00003340,SMALL COMPRESSION LOCKING PLATE 3.5MM Ti 12H,SMALL COMPRESSION LOCKING PLATE 3.5MM Ti 12H,BO.155.12.T,SMALL COMPRESSION LOCKING PLATE 3.5MM Ti 12H,BOMBAY,Հատ,Без НДС,հատ,9021
00-00003341,Extra-Aarticular Distal Humerus Locking Plate 4h L S.S.,Extra-Aarticular Distal Humerus Locking Plate 4h L S.S.,BO.9941.L.4.S,Extra-Aarticular Distal Humerus Locking Plate 4h L S.S.,BOMBAY,Հատ,Без НДС,հատ,9021
00-00003342,Extra-Aarticular Distal Humerus Locking Plate 4h R S.S.,Extra-Aarticular Distal Humerus Locking Plate 4h R S.S.,BO.9941.R.4.S,Extra-Aarticular Distal Humerus Locking Plate 4h R S.S.,BOMBAY,Հատ,Без НДС,հատ,9021
00-00003343,Extra-Aarticular Distal Humerus Locking Plate 6h L S.S.,Extra-Aarticular Distal Humerus Locking Plate 6h L S.S.,BO.9941.L.6.S,Extra-Aarticular Distal Humerus Locking Plate 6h L S.S.,BOMBAY,Հատ,Без НДС,հատ,9021
00-00003344,Extra-Aarticular Distal Humerus Locking Plate 6h R S.S.,Extra-Aarticular Distal Humerus Locking Plate 6h R S.S.,BO.9941.R.6.S,Extra-Aarticular Distal Humerus Locking Plate 6h R S.S.,BOMBAY,Հատ,Без НДС,հատ,9021
00-00003345,Extra-Aarticular Distal Humerus Locking Plate 8h L S.S.,Extra-Aarticular Distal Humerus Locking Plate 8h L S.S.,BO.9941.L.8.S,Extra-Aarticular Distal Humerus Locking Plate 8h L S.S.,BOMBAY,Հատ,Без НДС,հատ,9021
00-00003346,Extra-Aarticular Distal Humerus Locking Plate 8h R S.S.,Extra-Aarticular Distal Humerus Locking Plate 8h R S.S.,BO.9941.R.8.S,Extra-Aarticular Distal Humerus Locking Plate 8h R S.S.,BOMBAY,Հատ,Без НДС,հատ,9021
00-00003347,Extra-Aarticular Distal Humerus Locking Plate 10h L S.S.,Extra-Aarticular Distal Humerus Locking Plate 10h L S.S.,BO.9941.L.10.S,Extra-Aarticular Distal Humerus Locking Plate 10h L S.S.,BOMBAY,Հատ,Без НДС,հատ,9021
00-00003348,Extra-Aarticular Distal Humerus Locking Plate 10h R S.S.,Extra-Aarticular Distal Humerus Locking Plate 10h R S.S.,BO.9941.R.10.S,Extra-Aarticular Distal Humerus Locking Plate 10h R S.S.,BOMBAY,Հատ,Без НДС,հատ,9021
00-00003349,Extra-Aarticular Distal Humerus Locking Plate 12h L S.S.,Extra-Aarticular Distal Humerus Locking Plate 12h L S.S.,BO.9941.L.12.S,Extra-Aarticular Distal Humerus Locking Plate 12h L S.S.,BOMBAY,Հատ,Без НДС,հատ,9021
00-00003350,Extra-Aarticular Distal Humerus Locking Plate 12h R S.S.,Extra-Aarticular Distal Humerus Locking Plate 12h R S.S.,BO.9941.R.12.S,Extra-Aarticular Distal Humerus Locking Plate 12h R S.S.,BOMBAY,Հատ,Без НДС,հատ,9021
00-00003351,Extra-Aarticular Distal Humerus Locking Plate 14h L S.S.,Extra-Aarticular Distal Humerus Locking Plate 14h L S.S.,BO.9941.L.14.S,Extra-Aarticular Distal Humerus Locking Plate 14h L S.S.,BOMBAY,Հատ,Без НДС,հատ,9021
00-00003352,Extra-Aarticular Distal Humerus Locking Plate 14h R S.S.,Extra-Aarticular Distal Humerus Locking Plate 14h R S.S.,BO.9941.R.14.S,Extra-Aarticular Distal Humerus Locking Plate 14h R S.S.,BOMBAY,Հատ,Без НДС,հատ,9021
00-00003353,Distal Humerus With Lateral Support LCP (2.7mm&3.5mm) 3h R SS ,Distal Humerus With Lateral Support LCP (2.7mm&3.5mm) 3h R SS ,BO.9907.R.3.S,Distal Humerus With Lateral Support LCP (2.7mm&3.5mm) 3h R SS ,BOMBAY,Հատ,Без НДС,հատ,9021
00-00003354,Distal Humerus With Lateral Support LCP (2.7mm&3.5mm) 3h L SS,Distal Humerus With Lateral Support LCP (2.7mm&3.5mm) 3h L SS,BO.9907.L.3.S,Distal Humerus With Lateral Support LCP (2.7mm&3.5mm) 3h L SS,BOMBAY,Հատ,Без НДС,հատ,9021
00-00003355,Distal Humerus With Lateral Support LCP (2.7mm&3.5mm) 5h R SS,Distal Humerus With Lateral Support LCP (2.7mm&3.5mm) 5h R SS,BO.9907.R.5.S,Distal Humerus With Lateral Support LCP (2.7mm&3.5mm) 5h R SS,BOMBAY,Հատ,Без НДС,հատ,9021
00-00003356,Distal Humerus With Lateral Support LCP (2.7mm&3.5mm) 5h L SS,Distal Humerus With Lateral Support LCP (2.7mm&3.5mm) 5h L SS,BO.9907.L.5.S,Distal Humerus With Lateral Support LCP (2.7mm&3.5mm) 5h L SS,BOMBAY,Հատ,Без НДС,հատ,9021
00-00003357,Distal Humerus With Lateral Support LCP (2.7mm&3.5mm) 7h R SS,Distal Humerus With Lateral Support LCP (2.7mm&3.5mm) 7h R SS,BO.9907.R.7.S,Distal Humerus With Lateral Support LCP (2.7mm&3.5mm) 7h R SS,BOMBAY,Հատ,Без НДС,հատ,9021
00-00003358,Distal Humerus With Lateral Support LCP (2.7mm&3.5mm) 7h L SS,Distal Humerus With Lateral Support LCP (2.7mm&3.5mm) 7h L SS,BO.9907.L.7.S,Distal Humerus With Lateral Support LCP (2.7mm&3.5mm) 7h L SS,BOMBAY,Հատ,Без НДС,հատ,9021
00-00003359,Distal Humerus With Lateral Support LCP (2.7mm&3.5mm) 11h R SS,Distal Humerus With Lateral Support LCP (2.7mm&3.5mm) 11h R SS,BO.9907.R.11.S,Distal Humerus With Lateral Support LCP (2.7mm&3.5mm) 11h R SS,BOMBAY,Հատ,Без НДС,հատ,9021
00-00003360,Distal Humerus With Lateral Support LCP (2.7mm&3.5mm) 11h L SS,Distal Humerus With Lateral Support LCP (2.7mm&3.5mm) 11h L SS,BO.9907.L.11.S,Distal Humerus With Lateral Support LCP (2.7mm&3.5mm) 11h L SS,BOMBAY,Հատ,Без НДС,հատ,9021
00-00003361,Distal Humerus With Lateral Support LCP (2.7mm&3.5mm) 13h R SS,Distal Humerus With Lateral Support LCP (2.7mm&3.5mm) 13h R SS,BO.9907.R.13.S,Distal Humerus With Lateral Support LCP (2.7mm&3.5mm) 13h R SS,BOMBAY,Հատ,Без НДС,հատ,9021
00-00003362,Distal Humerus With Lateral Support LCP (2.7mm&3.5mm) 13h L SS,Distal Humerus With Lateral Support LCP (2.7mm&3.5mm) 13h L SS,BO.9907.L.13.S,Distal Humerus With Lateral Support LCP (2.7mm&3.5mm) 13h L SS,BOMBAY,Հատ,Без НДС,հատ,9021
00-00003363,Medial Distal Humerus LCP (2.7mm&3.5mm) 3h L SS,Medial Distal Humerus LCP (2.7mm&3.5mm) 3h L SS,BO.9908.L.3.S,Medial Distal Humerus LCP (2.7mm&3.5mm) 3h L SS,BOMBAY,Հատ,Без НДС,հատ,9021
00-00003364,Medial Distal Humerus LCP (2.7mm&3.5mm) 3h R SS,Medial Distal Humerus LCP (2.7mm&3.5mm) 3h R SS,BO.9908.R.3.S,Medial Distal Humerus LCP (2.7mm&3.5mm) 3h R SS,BOMBAY,Հատ,Без НДС,հատ,9021
00-00003365,Medial Distal Humerus LCP (2.7mm&3.5mm) 5h L SS,Medial Distal Humerus LCP (2.7mm&3.5mm) 5h L SS,BO.9908.L.5.S,Medial Distal Humerus LCP (2.7mm&3.5mm) 5h L SS,BOMBAY,Հատ,Без НДС,հատ,9021
00-00003366,Medial Distal Humerus LCP (2.7mm&3.5mm) 5h R SS,Medial Distal Humerus LCP (2.7mm&3.5mm) 5h R SS,BO.9908.R.5.S,Medial Distal Humerus LCP (2.7mm&3.5mm) 5h R SS,BOMBAY,Հատ,Без НДС,հատ,9021
00-00003367,Medial Distal Humerus LCP (2.7mm&3.5mm) 7h L SS,Medial Distal Humerus LCP (2.7mm&3.5mm) 7h L SS,BO.9908.L.7.S,Medial Distal Humerus LCP (2.7mm&3.5mm) 7h L SS,BOMBAY,Հատ,Без НДС,հատ,9021
00-00003368,Medial Distal Humerus LCP (2.7mm&3.5mm) 7h R SS,Medial Distal Humerus LCP (2.7mm&3.5mm) 7h R SS,BO.9908.R.7.S,Medial Distal Humerus LCP (2.7mm&3.5mm) 7h R SS,BOMBAY,Հատ,Без НДС,հատ,9021
00-00003369,Medial Distal Humerus LCP (2.7mm&3.5mm) 9h L SS,Medial Distal Humerus LCP (2.7mm&3.5mm) 9h L SS,BO.9908.L.9.S,Medial Distal Humerus LCP (2.7mm&3.5mm) 9h L SS,BOMBAY,Հատ,Без НДС,հատ,9021
00-00003370,Medial Distal Humerus LCP (2.7mm&3.5mm) 9h R SS,Medial Distal Humerus LCP (2.7mm&3.5mm) 9h R SS,BO.9908.R.9.S,Medial Distal Humerus LCP (2.7mm&3.5mm) 9h R SS,BOMBAY,Հատ,Без НДС,հատ,9021
00-00003371,Medial Distal Humerus LCP (2.7mm&3.5mm) 11h L SS,Medial Distal Humerus LCP (2.7mm&3.5mm) 11h L SS,BO.9908.L.11.S,Medial Distal Humerus LCP (2.7mm&3.5mm) 11h L SS,BOMBAY,Հատ,Без НДС,հատ,9021
00-00003372,Medial Distal Humerus LCP (2.7mm&3.5mm) 11h R SS,Medial Distal Humerus LCP (2.7mm&3.5mm) 11h R SS,BO.9908.R.11.S,Medial Distal Humerus LCP (2.7mm&3.5mm) 11h R SS,BOMBAY,Հատ,Без НДС,հատ,9021
00-00003373,Medial Distal Humerus LCP (2.7mm&3.5mm) 13h L SS,Medial Distal Humerus LCP (2.7mm&3.5mm) 13h L SS,BO.9908.L.13.S,Medial Distal Humerus LCP (2.7mm&3.5mm) 13h L SS,BOMBAY,Հատ,Без НДС,հատ,9021
00-00003374,Medial Distal Humerus LCP (2.7mm&3.5mm) 13h R SS,Medial Distal Humerus LCP (2.7mm&3.5mm) 13h R SS,BO.9908.R.13.S,Medial Distal Humerus LCP (2.7mm&3.5mm) 13h R SS,BOMBAY,Հատ,Без НДС,հատ,9021
00-00003375,OLECRANON LOCKING PLATE 3.5MM 4H RIGHT S.S. 4H,OLECRANON LOCKING PLATE 3.5MM 4H RIGHT S.S. 4H,BO.509.R.4.R.S,OLECRANON LOCKING PLATE 3.5MM 4H RIGHT S.S. 4H,BOMBAY,Հատ,Без НДС,հատ,9021
00-00003376,OLECRANON LOCKING PLATE 3.5MM 6H RIGHT S.S. 6H,OLECRANON LOCKING PLATE 3.5MM 6H RIGHT S.S. 6H,BO.509.R.6.R.S,OLECRANON LOCKING PLATE 3.5MM 6H RIGHT S.S. 6H,BOMBAY,Հատ,Без НДС,հատ,9021
00-00003377,OLECRANON LOCKING PLATE 3.5MM 6H RIGHT S.S. 8H,OLECRANON LOCKING PLATE 3.5MM 6H RIGHT S.S. 8H,BO.509.R.8.R.S,OLECRANON LOCKING PLATE 3.5MM 6H RIGHT S.S. 8H,BOMBAY,Հատ,Без НДС,հատ,9021
00-00003378,OLECRANON LOCKING PLATE 3.5MM 4H LEFT S.S. 4H,OLECRANON LOCKING PLATE 3.5MM 4H LEFT S.S. 4H,BO.509.R.4.L.S,OLECRANON LOCKING PLATE 3.5MM 4H LEFT S.S. 4H,BOMBAY,Հատ,Без НДС,հատ,9021
00-00003379,OLECRANON LOCKING PLATE 3.5MM 6H LEFT S.S. 6H,OLECRANON LOCKING PLATE 3.5MM 6H LEFT S.S. 6H,BO.509.R.6.L.S,OLECRANON LOCKING PLATE 3.5MM 6H LEFT S.S. 6H,BOMBAY,Հատ,Без НДС,հատ,9021
00-00003380,OLECRANON LOCKING PLATE 3.5MM 6H LEFT S.S. 8H,OLECRANON LOCKING PLATE 3.5MM 6H LEFT S.S. 8H,BO.509.R.8.L.S,OLECRANON LOCKING PLATE 3.5MM 6H LEFT S.S. 8H,BOMBAY,Հատ,Без НДС,հատ,9021
00-00003381,"Two-columa distal Radius plate, S.S. 2H Right","Two-columa distal Radius plate, S.S. 2H Right",BO.9946.2.R.S,"Two-columa distal Radius plate, S.S. 2H Right",BOMBAY,Հատ,Без НДС,հատ,9021
00-00003382,"Two-columa distal Radius plate, S.S. 3H Right","Two-columa distal Radius plate, S.S. 3H Right",BO.9946.3.R.S,"Two-columa distal Radius plate, S.S. 3H Right",BOMBAY,Հատ,Без НДС,հատ,9021
00-00003383,"Two-columa distal Radius plate, S.S. 4H Right","Two-columa distal Radius plate, S.S. 4H Right",BO.9946.4.R.S,"Two-columa distal Radius plate, S.S. 4H Right",BOMBAY,Հատ,Без НДС,հատ,9021
00-00003384,"Two-columa distal Radius plate, S.S. 6H Right","Two-columa distal Radius plate, S.S. 6H Right",BO.9946.6.R.S,"Two-columa distal Radius plate, S.S. 6H Right",BOMBAY,Հատ,Без НДС,հատ,9021
00-00003385,"Two-columa distal Radius plate, S.S. 8H Right","Two-columa distal Radius plate, S.S. 8H Right",BO.9946.8.R.S,"Two-columa distal Radius plate, S.S. 8H Right",BOMBAY,Հատ,Без НДС,հատ,9021
00-00003386,"Two-columa distal Radius plate, S.S. 2H Left","Two-columa distal Radius plate, S.S. 2H Left",BO.9946.2.L.S,"Two-columa distal Radius plate, S.S. 2H Left",BOMBAY,Հատ,Без НДС,հատ,9021
00-00003387,"Two-columa distal Radius plate, S.S. 3H Left","Two-columa distal Radius plate, S.S. 3H Left",BO.9946.3.L.S,"Two-columa distal Radius plate, S.S. 3H Left",BOMBAY,Հատ,Без НДС,հատ,9021
00-00003388,"Two-columa distal Radius plate, S.S. 4H Left","Two-columa distal Radius plate, S.S. 4H Left",BO.9946.4.L.S,"Two-columa distal Radius plate, S.S. 4H Left",BOMBAY,Հատ,Без НДС,հատ,9021
00-00003389,"Two-columa distal Radius plate, S.S. 6H Left","Two-columa distal Radius plate, S.S. 6H Left",BO.9946.6.L.S,"Two-columa distal Radius plate, S.S. 6H Left",BOMBAY,Հատ,Без НДС,հատ,9021
00-00003390,"Two-columa distal Radius plate, S.S. 8H Left","Two-columa distal Radius plate, S.S. 8H Left",BO.9946.8.L.S,"Two-columa distal Radius plate, S.S. 8H Left",BOMBAY,Հատ,Без НДС,հատ,9021
00-00003391,BROAD LOCKING COMPRESSION PLATE 5.0MM 7H S.S.,BROAD LOCKING COMPRESSION PLATE 5.0MM 7H S.S.,BO.167.7.S,BROAD LOCKING COMPRESSION PLATE 5.0MM 7H S.S.,BOMBAY,Հատ,Без НДС,հատ,9021
00-00003392,BROAD LOCKING COMPRESSION PLATE 5.0MM 9H S.S.,BROAD LOCKING COMPRESSION PLATE 5.0MM 9H S.S.,BO.167.9.S,BROAD LOCKING COMPRESSION PLATE 5.0MM 9H S.S.,BOMBAY,Հատ,Без НДС,հատ,9021
00-00003393,BROAD LOCKING COMPRESSION PLATE 5.0MM 11H S.S.,BROAD LOCKING COMPRESSION PLATE 5.0MM 11H S.S.,BO.167.11.S,BROAD LOCKING COMPRESSION PLATE 5.0MM 11H S.S.,BOMBAY,Հատ,Без НДС,հատ,9021
00-00003394,BROAD LOCKING COMPRESSION PLATE 5.0MM 13H S.S.,BROAD LOCKING COMPRESSION PLATE 5.0MM 13H S.S.,BO.167.13.S,BROAD LOCKING COMPRESSION PLATE 5.0MM 13H S.S.,BOMBAY,Հատ,Без НДС,հատ,9021
00-00003395,BROAD LOCKING COMPRESSION PLATE 5.0MM 15H S.S.,BROAD LOCKING COMPRESSION PLATE 5.0MM 15H S.S.,BO.167.15.S,BROAD LOCKING COMPRESSION PLATE 5.0MM 15H S.S.,BOMBAY,Հատ,Без НДС,հատ,9021
00-00003396,BROAD LOCKING COMPRESSION PLATE 5.0MM 17H S.S.,BROAD LOCKING COMPRESSION PLATE 5.0MM 17H S.S.,BO.167.17.S,BROAD LOCKING COMPRESSION PLATE 5.0MM 17H S.S.,BOMBAY,Հատ,Без НДС,հատ,9021
00-00003397,Proximal Tibia Locking Plate L 4h S.S,Proximal Tibia Locking Plate L 4h S.S,BO.9986.L.04.S,Proximal Tibia Locking Plate L 4h S.S,BOMBAY,Հատ,Без НДС,հատ,9021
00-00003398,Proximal Tibia Locking Plate L 6h S.S.,Proximal Tibia Locking Plate L 6h S.S.,BO.9986.L.06.S,Proximal Tibia Locking Plate L 6h S.S.,BOMBAY,Հատ,Без НДС,հատ,9021
00-00003399,Proximal Tibia Locking Plate L 8h S.S.,Proximal Tibia Locking Plate L 8h S.S.,BO.9986.L.08.S,Proximal Tibia Locking Plate L 8h S.S.,BOMBAY,Հատ,Без НДС,հատ,9021
00-00003400,Proximal Tibia Locking Plate L 10h S.S.,Proximal Tibia Locking Plate L 10h S.S.,BO.9986.L.10.S,Proximal Tibia Locking Plate L 10h S.S.,BOMBAY,Հատ,Без НДС,հատ,9021
00-00003401,Proximal Tibia Locking Plate L 12h S.S.,Proximal Tibia Locking Plate L 12h S.S.,BO.9986.L.12.S,Proximal Tibia Locking Plate L 12h S.S.,BOMBAY,Հատ,Без НДС,հատ,9021
00-00003402,Proximal Tibia Locking Plate L 14h S.S.,Proximal Tibia Locking Plate L 14h S.S.,BO.9986.L.14.S,Proximal Tibia Locking Plate L 14h S.S.,BOMBAY,Հատ,Без НДС,հատ,9021
00-00003403,Proximal Tibia Locking Plate R 4h S.S.,Proximal Tibia Locking Plate R 4h S.S.,BO.9986.R.04.S,Proximal Tibia Locking Plate R 4h S.S.,BOMBAY,Հատ,Без НДС,հատ,9021
00-00003404,Proximal Tibia Locking Plate R 6h S.S.,Proximal Tibia Locking Plate R 6h S.S.,BO.9986.R.06.S,Proximal Tibia Locking Plate R 6h S.S.,BOMBAY,Հատ,Без НДС,հատ,9021
00-00003405,Proximal Tibia Locking Plate R 8h S.S.,Proximal Tibia Locking Plate R 8h S.S.,BO.9986.R.08.S,Proximal Tibia Locking Plate R 8h S.S.,BOMBAY,Հատ,Без НДС,հատ,9021
00-00003406,Proximal Tibia Locking Plate R 10h S.S.,Proximal Tibia Locking Plate R 10h S.S.,BO.9986.R.10.S,Proximal Tibia Locking Plate R 10h S.S.,BOMBAY,Հատ,Без НДС,հատ,9021
00-00003407,Proximal Tibia Locking Plate R 12h S.S.,Proximal Tibia Locking Plate R 12h S.S.,BO.9986.R.12.S,Proximal Tibia Locking Plate R 12h S.S.,BOMBAY,Հատ,Без НДС,հատ,9021
00-00003408,Proximal Tibia Locking Plate R 14h S.S.,Proximal Tibia Locking Plate R 14h S.S.,BO.9986.R.14.S,Proximal Tibia Locking Plate R 14h S.S.,BOMBAY,Հատ,Без НДС,հատ,9021
00-00003409,"Locking screw 2.4mm, 10mm S.S.","Locking screw 2.4mm, 10mm S.S.",BO.186.10.S,"Locking screw 2.4mm, 10mm S.S.",BOMBAY,Հատ,Без НДС,հատ,9021
00-00003410,"Locking screw 2.4mm, 12mm S.S.","Locking screw 2.4mm, 12mm S.S.",BO.186.12.S,"Locking screw 2.4mm, 12mm S.S.",BOMBAY,Հատ,Без НДС,հատ,9021
00-00003411,"Locking screw 2.4mm, 14mm S.S.","Locking screw 2.4mm, 14mm S.S.",BO.186.14.S,"Locking screw 2.4mm, 14mm S.S.",BOMBAY,Հատ,Без НДС,հատ,9021
00-00003412,"Locking screw 2.4mm, 16mm S.S.","Locking screw 2.4mm, 16mm S.S.",BO.186.16.S,"Locking screw 2.4mm, 16mm S.S.",BOMBAY,Հատ,Без НДС,հատ,9021
00-00003413,"Locking screw 2.4mm, 18mm S.S.","Locking screw 2.4mm, 18mm S.S.",BO.186.18.S,"Locking screw 2.4mm, 18mm S.S.",BOMBAY,Հատ,Без НДС,հատ,9021
00-00003414,"Locking screw 2.4mm, 20mm S.S.","Locking screw 2.4mm, 20mm S.S.",BO.186.20.S,"Locking screw 2.4mm, 20mm S.S.",BOMBAY,Հատ,Без НДС,հատ,9021
00-00003415,"Locking screw 2.4mm, 22mm S.S.","Locking screw 2.4mm, 22mm S.S.",BO.186.22.S,"Locking screw 2.4mm, 22mm S.S.",BOMBAY,Հատ,Без НДС,հատ,9021
00-00003416,"Locking screw 2.4mm, 24mm S.S.","Locking screw 2.4mm, 24mm S.S.",BO.186.24.S,"Locking screw 2.4mm, 24mm S.S.",BOMBAY,Հատ,Без НДС,հատ,9021
00-00003417,"Locking screw 2.4mm, 26mm S.S.","Locking screw 2.4mm, 26mm S.S.",BO.186.26.S,"Locking screw 2.4mm, 26mm S.S.",BOMBAY,Հատ,Без НДС,հատ,9021
00-00003418,"Locking screw 2.4mm, 28mm S.S.","Locking screw 2.4mm, 28mm S.S.",BO.186.28.S,"Locking screw 2.4mm, 28mm S.S.",BOMBAY,Հատ,Без НДС,հատ,9021
00-00003419,"Locking screw 2.4mm, 30mm S.S.","Locking screw 2.4mm, 30mm S.S.",BO.186.30.S,"Locking screw 2.4mm, 30mm S.S.",BOMBAY,Հատ,Без НДС,հատ,9021
00-00003420,"Locking screw 2.7mm, 32mm S.S.","Locking screw 2.7mm, 32mm S.S.",BO.204.32.S,"Locking screw 2.7mm, 32mm S.S.",BOMBAY,Հատ,Без НДС,հատ,9021
00-00003421,"Locking screw 2.7mm, 34mm S.S.","Locking screw 2.7mm, 34mm S.S.",BO.204.34.S,"Locking screw 2.7mm, 34mm S.S.",BOMBAY,Հատ,Без НДС,հատ,9021
00-00003422,"Locking screw 2.7mm, 36mm S.S.","Locking screw 2.7mm, 36mm S.S.",BO.204.36.S,"Locking screw 2.7mm, 36mm S.S.",BOMBAY,Հատ,Без НДС,հատ,9021
00-00003423,"Locking screw 2.7mm, 38mm S.S.","Locking screw 2.7mm, 38mm S.S.",BO.204.38.S,"Locking screw 2.7mm, 38mm S.S.",BOMBAY,Հատ,Без НДС,հատ,9021
00-00003424,"Locking screw 2.7mm, 40mm S.S.","Locking screw 2.7mm, 40mm S.S.",BO.204.40.S,"Locking screw 2.7mm, 40mm S.S.",BOMBAY,Հատ,Без НДС,հատ,9021
00-00003425,Medial Proximal Tibia Locking Plate R 4h S.S.,Medial Proximal Tibia Locking Plate R 4h S.S.,BO.268.R.4.S,Medial Proximal Tibia Locking Plate R 4h S.S.,BOMBAY,Հատ,Без НДС,հատ,9021
00-00003426,Medial Proximal Tibia Locking Plate R 6h S.S.,Medial Proximal Tibia Locking Plate R 6h S.S.,BO.268.R.6.S,Medial Proximal Tibia Locking Plate R 6h S.S.,BOMBAY,Հատ,Без НДС,հատ,9021
00-00003427,Medial Proximal Tibia Locking Plate R 8h S.S.,Medial Proximal Tibia Locking Plate R 8h S.S.,BO.268.R.8.S,Medial Proximal Tibia Locking Plate R 8h S.S.,BOMBAY,Հատ,Без НДС,հատ,9021
00-00003428,Medial Proximal Tibia Locking Plate R 10h S.S.,Medial Proximal Tibia Locking Plate R 10h S.S.,BO.268.R.10.S,Medial Proximal Tibia Locking Plate R 10h S.S.,BOMBAY,Հատ,Без НДС,հատ,9021
00-00003429,Medial Proximal Tibia Locking Plate R 12h S.S.,Medial Proximal Tibia Locking Plate R 12h S.S.,BO.268.R.12.S,Medial Proximal Tibia Locking Plate R 12h S.S.,BOMBAY,Հատ,Без НДС,հատ,9021
00-00003430,Medial Proximal Tibia Locking Plate R 14h S.S.,Medial Proximal Tibia Locking Plate R 14h S.S.,BO.268.R.14.S,Medial Proximal Tibia Locking Plate R 14h S.S.,BOMBAY,Հատ,Без НДС,հատ,9021
00-00003431,Medial Proximal Tibia Locking Plate R 16h S.S.,Medial Proximal Tibia Locking Plate R 16h S.S.,BO.268.R.16.S,Medial Proximal Tibia Locking Plate R 16h S.S.,BOMBAY,Հատ,Без НДС,հատ,9021
00-00003432,Medial Proximal Tibia Locking Plate L 4h S.S.,Medial Proximal Tibia Locking Plate L 4h S.S.,BO.268.L.4.S,Medial Proximal Tibia Locking Plate L 4h S.S.,BOMBAY,Հատ,Без НДС,հատ,9021
00-00003433,Medial Proximal Tibia Locking Plate L 6h S.S.,Medial Proximal Tibia Locking Plate L 6h S.S.,BO.268.L.6.S,Medial Proximal Tibia Locking Plate L 6h S.S.,BOMBAY,Հատ,Без НДС,հատ,9021
00-00003434,Medial Proximal Tibia Locking Plate L 8h S.S.,Medial Proximal Tibia Locking Plate L 8h S.S.,BO.268.L.8.S,Medial Proximal Tibia Locking Plate L 8h S.S.,BOMBAY,Հատ,Без НДС,հատ,9021
00-00003435,Medial Proximal Tibia Locking Plate L 10h S.S.,Medial Proximal Tibia Locking Plate L 10h S.S.,BO.268.L.10.S,Medial Proximal Tibia Locking Plate L 10h S.S.,BOMBAY,Հատ,Без НДС,հատ,9021
00-00003436,Medial Proximal Tibia Locking Plate L 12h S.S.,Medial Proximal Tibia Locking Plate L 12h S.S.,BO.268.L.12.S,Medial Proximal Tibia Locking Plate L 12h S.S.,BOMBAY,Հատ,Без НДС,հատ,9021
00-00003437,Medial Proximal Tibia Locking Plate L 14h S.S.,Medial Proximal Tibia Locking Plate L 14h S.S.,BO.268.L.14.S,Medial Proximal Tibia Locking Plate L 14h S.S.,BOMBAY,Հատ,Без НДС,հատ,9021
00-00003438,Medial Proximal Tibia Locking Plate L 16h S.S.,Medial Proximal Tibia Locking Plate L 16h S.S.,BO.268.L.16.S,Medial Proximal Tibia Locking Plate L 16h S.S.,BOMBAY,Հատ,Без НДС,հատ,9021
00-00003439,PROXIMAL FEMUR LOCKING PLATE (6.5 COBRA HEAD) 5 Holes S.S.,PROXIMAL FEMUR LOCKING PLATE (6.5 COBRA HEAD) 5 Holes S.S.,BO.02.9938.05.S.S.,PROXIMAL FEMUR LOCKING PLATE (6.5 COBRA HEAD) 5 Holes S.S.,BOMBAY,Հատ,Без НДС,հատ,9021
00-00003440,PROXIMAL FEMUR LOCKING PLATE (6.5 COBRA HEAD) 7 Holes S.S.,PROXIMAL FEMUR LOCKING PLATE (6.5 COBRA HEAD) 7 Holes S.S.,BO.02.9938.07.S.S.,PROXIMAL FEMUR LOCKING PLATE (6.5 COBRA HEAD) 7 Holes S.S.,BOMBAY,Հատ,Без НДС,հատ,9021
00-00003441,PROXIMAL FEMUR LOCKING PLATE (6.5 COBRA HEAD) 9 Holes S.S.,PROXIMAL FEMUR LOCKING PLATE (6.5 COBRA HEAD) 9 Holes S.S.,BO.02.9938.09.S.S.,PROXIMAL FEMUR LOCKING PLATE (6.5 COBRA HEAD) 9 Holes S.S.,BOMBAY,Հատ,Без НДС,հատ,9021
00-00003442,PROXIMAL FEMUR LOCKING PLATE (6.5 COBRA HEAD) 11 Holes S.S.,PROXIMAL FEMUR LOCKING PLATE (6.5 COBRA HEAD) 11 Holes S.S.,BO.02.9938.11.S.S.,PROXIMAL FEMUR LOCKING PLATE (6.5 COBRA HEAD) 11 Holes S.S.,BOMBAY,Հատ,Без НДС,հատ,9021
00-00003443,PROXIMAL FEMUR LOCKING PLATE (6.5 COBRA HEAD) 13 Holes S.S.,PROXIMAL FEMUR LOCKING PLATE (6.5 COBRA HEAD) 13 Holes S.S.,BO.02.9938.13.S.S.,PROXIMAL FEMUR LOCKING PLATE (6.5 COBRA HEAD) 13 Holes S.S.,BOMBAY,Հատ,Без НДС,հատ,9021
00-00003444,PROXIMAL FEMUR LOCKING PLATE (6.5 COBRA HEAD) 5 Holes Ti,PROXIMAL FEMUR LOCKING PLATE (6.5 COBRA HEAD) 5 Holes Ti,BO.02.9938.05.Ti,PROXIMAL FEMUR LOCKING PLATE (6.5 COBRA HEAD) 5 Holes Ti,BOMBAY,Հատ,Без НДС,հատ,9021
00-00003445,PROXIMAL FEMUR LOCKING PLATE (6.5 COBRA HEAD) 7 Holes Ti,PROXIMAL FEMUR LOCKING PLATE (6.5 COBRA HEAD) 7 Holes Ti,BO.02.9938.07.Ti,PROXIMAL FEMUR LOCKING PLATE (6.5 COBRA HEAD) 7 Holes Ti,BOMBAY,Հատ,Без НДС,հատ,9021
00-00003446,PROXIMAL FEMUR LOCKING PLATE (6.5 COBRA HEAD) 9 Holes Ti,PROXIMAL FEMUR LOCKING PLATE (6.5 COBRA HEAD) 9 Holes Ti,BO.02.9938.09.Ti,PROXIMAL FEMUR LOCKING PLATE (6.5 COBRA HEAD) 9 Holes Ti,BOMBAY,Հատ,Без НДС,հատ,9021
00-00003447,PROXIMAL FEMUR LOCKING PLATE (6.5 COBRA HEAD) 11 Holes Ti,PROXIMAL FEMUR LOCKING PLATE (6.5 COBRA HEAD) 11 Holes Ti,BO.02.9938.11.Ti,PROXIMAL FEMUR LOCKING PLATE (6.5 COBRA HEAD) 11 Holes Ti,BOMBAY,Հատ,Без НДС,հատ,9021
00-00003448,PROXIMAL FEMUR LOCKING PLATE (6.5 COBRA HEAD) 13 Holes Ti,PROXIMAL FEMUR LOCKING PLATE (6.5 COBRA HEAD) 13 Holes Ti,BO.02.9938.13.Ti,PROXIMAL FEMUR LOCKING PLATE (6.5 COBRA HEAD) 13 Holes Ti,BOMBAY,Հատ,Без НДС,հատ,9021
00-00003449,"Anterolateral Distal Tibia LCP 3,5mm & R 5H S.S.","Anterolateral Distal Tibia LCP 3,5mm & R 5H S.S.",BO.511.S.5h.R,"Anterolateral Distal Tibia LCP 3,5mm & R 5H S.S.",BOMBAY,Հատ,Без НДС,հատ,9021
00-00003450,"Anterolateral Distal Tibia LCP 3,5mm & R 7H S.S.","Anterolateral Distal Tibia LCP 3,5mm & R 7H S.S.",BO.511.S.7h.R,"Anterolateral Distal Tibia LCP 3,5mm & R 7H S.S.",BOMBAY,Հատ,Без НДС,հատ,9021
00-00003451,"Anterolateral Distal Tibia LCP 3,5mm & R 9H S.S.","Anterolateral Distal Tibia LCP 3,5mm & R 9H S.S.",BO.511.S.9h.R,"Anterolateral Distal Tibia LCP 3,5mm & R 9H S.S.",BOMBAY,Հատ,Без НДС,հատ,9021
00-00003452,"Anterolateral Distal Tibia LCP 3,5mm & R 11H S.S.","Anterolateral Distal Tibia LCP 3,5mm & R 11H S.S.",BO.511.S.11h.R,"Anterolateral Distal Tibia LCP 3,5mm & R 11H S.S.",BOMBAY,Հատ,Без НДС,հատ,9021
00-00003453,"Anterolateral Distal Tibia LCP 3,5mm & R 13H S.S.","Anterolateral Distal Tibia LCP 3,5mm & R 13H S.S.",BO.511.S.13h.R,"Anterolateral Distal Tibia LCP 3,5mm & R 13H S.S.",BOMBAY,Հատ,Без НДС,հատ,9021
00-00003454,"Anterolateral Distal Tibia LCP 3,5mm & R 15H S.S.","Anterolateral Distal Tibia LCP 3,5mm & R 15H S.S.",BO.511.S.15h.R,"Anterolateral Distal Tibia LCP 3,5mm & R 15H S.S.",BOMBAY,Հատ,Без НДС,հատ,9021
00-00003455,"Anterolateral Distal Tibia LCP 3,5mm & L 5H S.S.","Anterolateral Distal Tibia LCP 3,5mm & L 5H S.S.",BO.511.S.5h.L,"Anterolateral Distal Tibia LCP 3,5mm & L 5H S.S.",BOMBAY,Հատ,Без НДС,հատ,9021
00-00003456,"Anterolateral Distal Tibia LCP 3,5mm & L 7H S.S.","Anterolateral Distal Tibia LCP 3,5mm & L 7H S.S.",BO.511.S.7h.L,"Anterolateral Distal Tibia LCP 3,5mm & L 7H S.S.",BOMBAY,Հատ,Без НДС,հատ,9021
00-00003457,"Anterolateral Distal Tibia LCP 3,5mm & L 9H  S.S.","Anterolateral Distal Tibia LCP 3,5mm & L 9H  S.S.",BO.511.S.9h.L,"Anterolateral Distal Tibia LCP 3,5mm & L 9H  S.S.",BOMBAY,Հատ,Без НДС,հատ,9021
00-00003458,"Anterolateral Distal Tibia LCP 3,5mm & L 11H S.S.","Anterolateral Distal Tibia LCP 3,5mm & L 11H S.S.",BO.511.S.11h.L,"Anterolateral Distal Tibia LCP 3,5mm & L 11H S.S.",BOMBAY,Հատ,Без НДС,հատ,9021
00-00003459,"Anterolateral Distal Tibia LCP 3,5mm & L 13H S.S.","Anterolateral Distal Tibia LCP 3,5mm & L 13H S.S.",BO.511.S.13h.L,"Anterolateral Distal Tibia LCP 3,5mm & L 13H S.S.",BOMBAY,Հատ,Без НДС,հատ,9021
00-00003460,"Anterolateral Distal Tibia LCP 3,5mm & L 15H S.S.","Anterolateral Distal Tibia LCP 3,5mm & L 15H S.S.",BO.511.S.15h.L,"Anterolateral Distal Tibia LCP 3,5mm & L 15H S.S.",BOMBAY,Հատ,Без НДС,հատ,9021
00-00003463,"Cortex screw 2.4mm, 10mm S.S.","Cortex screw 2.4mm, 10mm S.S.",BOI.185.10.S,"Cortex screw 2.4mm, 10mm S.S.",BOMBAY,Հատ,Без НДС,հատ,9021
00-00003464,"Cortex screw 2.4mm, 12mm S.S.","Cortex screw 2.4mm, 12mm S.S.",BOI.185.12.S,"Cortex screw 2.4mm, 12mm S.S.",BOMBAY,Հատ,Без НДС,հատ,9021
00-00003465,"Cortex screw 2.4mm, 14mm S.S.","Cortex screw 2.4mm, 14mm S.S.",BOI.185.14.S,"Cortex screw 2.4mm, 14mm S.S.",BOMBAY,Հատ,Без НДС,հատ,9021
00-00003466,"Cortex screw 2.4mm, 16mm S.S.","Cortex screw 2.4mm, 16mm S.S.",BOI.185.16.S,"Cortex screw 2.4mm, 16mm S.S.",BOMBAY,Հատ,Без НДС,հատ,9021
00-00003467,"Cortex screw 2.4mm, 18mm S.S.","Cortex screw 2.4mm, 18mm S.S.",BOI.185.18.S,"Cortex screw 2.4mm, 18mm S.S.",BOMBAY,Հատ,Без НДС,հատ,9021
00-00003468,"Cortex screw 2.4mm, 20mm S.S.","Cortex screw 2.4mm, 20mm S.S.",BOI.185.20.S,"Cortex screw 2.4mm, 20mm S.S.",BOMBAY,Հատ,Без НДС,հատ,9021
00-00003469,"Cortex screw 2.4mm, 22mm S.S.","Cortex screw 2.4mm, 22mm S.S.",BOI.185.22.S,"Cortex screw 2.4mm, 22mm S.S.",BOMBAY,Հատ,Без НДС,հատ,9021
00-00003470,"Cortex screw 2.4mm, 24mm S.S.","Cortex screw 2.4mm, 24mm S.S.",BOI.185.24.S,"Cortex screw 2.4mm, 24mm S.S.",BOMBAY,Հատ,Без НДС,հատ,9021
00-00003471,"Cortex screw 2.4mm, 26mm S.S.","Cortex screw 2.4mm, 26mm S.S.",BOI.185.26.S,"Cortex screw 2.4mm, 26mm S.S.",BOMBAY,Հատ,Без НДС,հատ,9021
00-00003472,"Locking Screw 5.0mm,34mm Ti","Locking Screw 5.0mm,34mm Ti",BO.169.34.T,"Locking Screw 5.0mm,34mm Ti",BOMBAY,Հատ,Без НДС,հատ,9021
00-00003473,"Locking Screw 5.0mm,36mm Ti","Locking Screw 5.0mm,36mm Ti",BO.169.36.T,"Locking Screw 5.0mm,36mm Ti",BOMBAY,Հատ,Без НДС,հատ,9021
00-00003474,"Locking Screw 5.0mm,38mm Ti","Locking Screw 5.0mm,38mm Ti",BO.169.38.T,"Locking Screw 5.0mm,38mm Ti",BOMBAY,Հատ,Без НДС,հատ,9021
00-00003475,"Locking Screw 5.0mm,40mm Ti","Locking Screw 5.0mm,40mm Ti",BO.169.40.T,"Locking Screw 5.0mm,40mm Ti",BOMBAY,Հատ,Без НДС,հատ,9021
00-00003476,"Locking Screw 5.0mm,42mm Ti","Locking Screw 5.0mm,42mm Ti",BO.169.42.T,"Locking Screw 5.0mm,42mm Ti",BOMBAY,Հատ,Без НДС,հատ,9021
00-00003477,"Locking Screw 5.0mm,44mm Ti","Locking Screw 5.0mm,44mm Ti",BO.169.44.T,"Locking Screw 5.0mm,44mm Ti",BOMBAY,Հատ,Без НДС,հատ,9021
00-00003478,"Locking Screw 5.0mm,46mm Ti","Locking Screw 5.0mm,46mm Ti",BO.169.46.T,"Locking Screw 5.0mm,46mm Ti",BOMBAY,Հատ,Без НДС,հատ,9021
00-00003479,"Locking Screw 5.0mm,50mm Ti","Locking Screw 5.0mm,50mm Ti",BO.169.50.T,"Locking Screw 5.0mm,50mm Ti",BOMBAY,Հատ,Без НДС,հատ,9021
00-00003480,"Locking Screw 5.0mm,55mm Ti","Locking Screw 5.0mm,55mm Ti",BO.169.55.T,"Locking Screw 5.0mm,55mm Ti",BOMBAY,Հատ,Без НДС,հատ,9021
00-00003481,"Locking Screw 5.0mm,60mm Ti","Locking Screw 5.0mm,60mm Ti",BO.169.60.T,"Locking Screw 5.0mm,60mm Ti",BOMBAY,Հատ,Без НДС,հատ,9021
00-00003482,"Locking Screw 5.0mm,65mm Ti","Locking Screw 5.0mm,65mm Ti",BO.169.65.T,"Locking Screw 5.0mm,65mm Ti",BOMBAY,Հատ,Без НДС,հատ,9021
00-00003483,"Locking Screw 5.0mm,70mm Ti","Locking Screw 5.0mm,70mm Ti",BO.169.70.T,"Locking Screw 5.0mm,70mm Ti",BOMBAY,Հատ,Без НДС,հատ,9021
00-00003484,"Locking Screw 5.0mm,75mm Ti","Locking Screw 5.0mm,75mm Ti",BO.169.75.T,"Locking Screw 5.0mm,75mm Ti",BOMBAY,Հատ,Без НДС,հատ,9021
00-00003485,"Locking Screw 5.0mm,80mm Ti","Locking Screw 5.0mm,80mm Ti",BO.169.80.T,"Locking Screw 5.0mm,80mm Ti",BOMBAY,Հատ,Без НДС,հատ,9021
00-00003486,"Locking Screw 5.0mm,85mm Ti","Locking Screw 5.0mm,85mm Ti",BO.169.85.T,"Locking Screw 5.0mm,85mm Ti",BOMBAY,Հատ,Без НДС,հատ,9021
00-00003487,"Locking Screw 5.0mm,90mm Ti","Locking Screw 5.0mm,90mm Ti",BO.169.90.T,"Locking Screw 5.0mm,90mm Ti",BOMBAY,Հատ,Без НДС,հատ,9021
00-00003488,"INTERLOCKING TIBIA NAIL (CANNULATED WITH DISTAL) DIA. 09MM, LENGTH 28CM Ti","INTERLOCKING TIBIA NAIL (CANNULATED WITH DISTAL) DIA. 09MM, LENGTH 28CM Ti",BOI.04.150.09.28.TI,"INTERLOCKING TIBIA NAIL (CANNULATED WITH DISTAL) DIA. 09MM, LENGTH 28CM Ti",BOMBAY,Հատ,Без НДС,հատ,9021
00-00003489,"INTERLOCKING TIBIA NAIL (CANNULATED WITH DISTAL) DIA. 09MM, LENGTH 30CM Ti","INTERLOCKING TIBIA NAIL (CANNULATED WITH DISTAL) DIA. 09MM, LENGTH 30CM Ti",BOI.04.150.09.30.TI,"INTERLOCKING TIBIA NAIL (CANNULATED WITH DISTAL) DIA. 09MM, LENGTH 30CM Ti",BOMBAY,Հատ,Без НДС,հատ,9021
00-00003490,"INTERLOCKING TIBIA NAIL (CANNULATED WITH DISTAL) DIA. 09MM, LENGTH 32CM Ti","INTERLOCKING TIBIA NAIL (CANNULATED WITH DISTAL) DIA. 09MM, LENGTH 32CM Ti",BOI.04.150.09.32.TI,"INTERLOCKING TIBIA NAIL (CANNULATED WITH DISTAL) DIA. 09MM, LENGTH 32CM Ti",BOMBAY,Հատ,Без НДС,հատ,9021
00-00003491,"INTERLOCKING TIBIA NAIL (CANNULATED WITH DISTAL) DIA. 09MM, LENGTH 34CM Ti","INTERLOCKING TIBIA NAIL (CANNULATED WITH DISTAL) DIA. 09MM, LENGTH 34CM Ti",BOI.04.150.09.34.TI,"INTERLOCKING TIBIA NAIL (CANNULATED WITH DISTAL) DIA. 09MM, LENGTH 34CM Ti",BOMBAY,Հատ,Без НДС,հատ,9021
00-00003492,"INTERLOCKING TIBIA NAIL (CANNULATED WITH DISTAL) DIA. 09MM, LENGTH 36CM Ti","INTERLOCKING TIBIA NAIL (CANNULATED WITH DISTAL) DIA. 09MM, LENGTH 36CM Ti",BOI.04.150.09.36.TI,"INTERLOCKING TIBIA NAIL (CANNULATED WITH DISTAL) DIA. 09MM, LENGTH 36CM Ti",BOMBAY,Հատ,Без НДС,հատ,9021
00-00003493,"INTERLOCKING TIBIA NAIL (CANNULATED WITH DISTAL) DIA. 09MM, LENGTH 38CM Ti","INTERLOCKING TIBIA NAIL (CANNULATED WITH DISTAL) DIA. 09MM, LENGTH 38CM Ti",BOI.04.150.09.38.TI,"INTERLOCKING TIBIA NAIL (CANNULATED WITH DISTAL) DIA. 09MM, LENGTH 38CM Ti",BOMBAY,Հատ,Без НДС,հատ,9021
00-00003494,"INTERLOCKING TIBIA NAIL (CANNULATED WITH DISTAL) DIA. 09MM, LENGTH 40CM Ti","INTERLOCKING TIBIA NAIL (CANNULATED WITH DISTAL) DIA. 09MM, LENGTH 40CM Ti",BOI.04.150.09.40.TI,"INTERLOCKING TIBIA NAIL (CANNULATED WITH DISTAL) DIA. 09MM, LENGTH 40CM Ti",BOMBAY,Հատ,Без НДС,հատ,9021
00-00003495,"INTERLOCKING TIBIA NAIL (CANNULATED WITH DISTAL) DIA. 10MM, LENGTH 28CM Ti","INTERLOCKING TIBIA NAIL (CANNULATED WITH DISTAL) DIA. 10MM, LENGTH 28CM Ti",BOI.04.150.10.28.TI,"INTERLOCKING TIBIA NAIL (CANNULATED WITH DISTAL) DIA. 10MM, LENGTH 28CM Ti",BOMBAY,Հատ,Без НДС,հատ,9021
00-00003496,"INTERLOCKING TIBIA NAIL (CANNULATED WITH DISTAL) DIA. 10MM, LENGTH 30CM Ti","INTERLOCKING TIBIA NAIL (CANNULATED WITH DISTAL) DIA. 10MM, LENGTH 30CM Ti",BOI.04.150.10.30.TI,"INTERLOCKING TIBIA NAIL (CANNULATED WITH DISTAL) DIA. 10MM, LENGTH 30CM Ti",BOMBAY,Հատ,Без НДС,հատ,9021
00-00003497,"INTERLOCKING TIBIA NAIL (CANNULATED WITH DISTAL) DIA. 10MM, LENGTH 32CM Ti","INTERLOCKING TIBIA NAIL (CANNULATED WITH DISTAL) DIA. 10MM, LENGTH 32CM Ti",BOI.04.150.10.32.TI,"INTERLOCKING TIBIA NAIL (CANNULATED WITH DISTAL) DIA. 10MM, LENGTH 32CM Ti",BOMBAY,Հատ,Без НДС,հատ,9021
00-00003498,"INTERLOCKING TIBIA NAIL (CANNULATED WITH DISTAL) DIA. 10MM, LENGTH 34CM Ti","INTERLOCKING TIBIA NAIL (CANNULATED WITH DISTAL) DIA. 10MM, LENGTH 34CM Ti",BOI.04.150.10.34.TI,"INTERLOCKING TIBIA NAIL (CANNULATED WITH DISTAL) DIA. 10MM, LENGTH 34CM Ti",BOMBAY,Հատ,Без НДС,հատ,9021
00-00003499,"INTERLOCKING TIBIA NAIL (CANNULATED WITH DISTAL) DIA. 10MM, LENGTH 36CM Ti","INTERLOCKING TIBIA NAIL (CANNULATED WITH DISTAL) DIA. 10MM, LENGTH 36CM Ti",BOI.04.150.10.36.TI,"INTERLOCKING TIBIA NAIL (CANNULATED WITH DISTAL) DIA. 10MM, LENGTH 36CM Ti",BOMBAY,Հատ,Без НДС,հատ,9021
00-00003500,"INTERLOCKING TIBIA NAIL (CANNULATED WITH DISTAL) DIA. 10MM, LENGTH 38CM Ti","INTERLOCKING TIBIA NAIL (CANNULATED WITH DISTAL) DIA. 10MM, LENGTH 38CM Ti",BOI.04.150.10.38.TI,"INTERLOCKING TIBIA NAIL (CANNULATED WITH DISTAL) DIA. 10MM, LENGTH 38CM Ti",BOMBAY,Հատ,Без НДС,հատ,9021
00-00003501,"INTERLOCKING TIBIA NAIL (CANNULATED WITH DISTAL) DIA. 10MM, LENGTH 40CM Ti","INTERLOCKING TIBIA NAIL (CANNULATED WITH DISTAL) DIA. 10MM, LENGTH 40CM Ti",BOI.04.150.10.40.TI,"INTERLOCKING TIBIA NAIL (CANNULATED WITH DISTAL) DIA. 10MM, LENGTH 40CM Ti",BOMBAY,Հատ,Без НДС,հատ,9021
00-00003502,"INTERLOCKING TIBIA NAIL (CANNULATED WITH DISTAL) DIA. 11MM, LENGTH 28CM Ti","INTERLOCKING TIBIA NAIL (CANNULATED WITH DISTAL) DIA. 11MM, LENGTH 28CM Ti",BOI.04.150.11.28.TI,"INTERLOCKING TIBIA NAIL (CANNULATED WITH DISTAL) DIA. 11MM, LENGTH 28CM Ti",BOMBAY,Հատ,Без НДС,հատ,9021
00-00003503,"INTERLOCKING TIBIA NAIL (CANNULATED WITH DISTAL) DIA. 11MM, LENGTH 30CM Ti","INTERLOCKING TIBIA NAIL (CANNULATED WITH DISTAL) DIA. 11MM, LENGTH 30CM Ti",BOI.04.150.11.30.TI,"INTERLOCKING TIBIA NAIL (CANNULATED WITH DISTAL) DIA. 11MM, LENGTH 30CM Ti",BOMBAY,Հատ,Без НДС,հատ,9021
00-00003504,"INTERLOCKING TIBIA NAIL (CANNULATED WITH DISTAL) DIA. 11MM, LENGTH 32CM Ti","INTERLOCKING TIBIA NAIL (CANNULATED WITH DISTAL) DIA. 11MM, LENGTH 32CM Ti",BOI.04.150.11.32.TI,"INTERLOCKING TIBIA NAIL (CANNULATED WITH DISTAL) DIA. 11MM, LENGTH 32CM Ti",BOMBAY,Հատ,Без НДС,հատ,9021
00-00003505,"INTERLOCKING TIBIA NAIL (CANNULATED WITH DISTAL) DIA. 11MM, LENGTH 34CM Ti","INTERLOCKING TIBIA NAIL (CANNULATED WITH DISTAL) DIA. 11MM, LENGTH 34CM Ti",BOI.04.150.11.34.TI,"INTERLOCKING TIBIA NAIL (CANNULATED WITH DISTAL) DIA. 11MM, LENGTH 34CM Ti",BOMBAY,Հատ,Без НДС,հատ,9021
00-00003506,"INTERLOCKING TIBIA NAIL (CANNULATED WITH DISTAL) DIA. 11MM, LENGTH 36CM Ti","INTERLOCKING TIBIA NAIL (CANNULATED WITH DISTAL) DIA. 11MM, LENGTH 36CM Ti",BOI.04.150.11.36.TI,"INTERLOCKING TIBIA NAIL (CANNULATED WITH DISTAL) DIA. 11MM, LENGTH 36CM Ti",BOMBAY,Հատ,Без НДС,հատ,9021
00-00003507,"INTERLOCKING TIBIA NAIL (CANNULATED WITH DISTAL) DIA. 11MM, LENGTH 38CM Ti","INTERLOCKING TIBIA NAIL (CANNULATED WITH DISTAL) DIA. 11MM, LENGTH 38CM Ti",BOI.04.150.11.38.TI,"INTERLOCKING TIBIA NAIL (CANNULATED WITH DISTAL) DIA. 11MM, LENGTH 38CM Ti",BOMBAY,Հատ,Без НДС,հատ,9021
00-00003508,"INTERLOCKING TIBIA NAIL (CANNULATED WITH DISTAL) DIA. 11MM, LENGTH 40CM Ti","INTERLOCKING TIBIA NAIL (CANNULATED WITH DISTAL) DIA. 11MM, LENGTH 40CM Ti",BOI.04.150.11.40.TI,"INTERLOCKING TIBIA NAIL (CANNULATED WITH DISTAL) DIA. 11MM, LENGTH 40CM Ti",BOMBAY,Հատ,Без НДС,հատ,9021
00-00003509,"INTERLOCKING TIBIA NAIL (CANNULATED WITH DISTAL) DIA. 09MM, LENGTH 28CM S.S.","INTERLOCKING TIBIA NAIL (CANNULATED WITH DISTAL) DIA. 09MM, LENGTH 28CM S.S.",BOI.04.150.09.28.SS,"INTERLOCKING TIBIA NAIL (CANNULATED WITH DISTAL) DIA. 09MM, LENGTH 28CM S.S.",BOMBAY,Հատ,Без НДС,հատ,9021
00-00003510,"INTERLOCKING TIBIA NAIL (CANNULATED WITH DISTAL) DIA. 09MM, LENGTH 30CM S.S.","INTERLOCKING TIBIA NAIL (CANNULATED WITH DISTAL) DIA. 09MM, LENGTH 30CM S.S.",BOI.04.150.09.30.SS,"INTERLOCKING TIBIA NAIL (CANNULATED WITH DISTAL) DIA. 09MM, LENGTH 30CM S.S.",BOMBAY,Հատ,Без НДС,հատ,9021
00-00003511,"INTERLOCKING TIBIA NAIL (CANNULATED WITH DISTAL) DIA. 09MM, LENGTH 32CM S.S.","INTERLOCKING TIBIA NAIL (CANNULATED WITH DISTAL) DIA. 09MM, LENGTH 32CM S.S.",BOI.04.150.09.32.SS,"INTERLOCKING TIBIA NAIL (CANNULATED WITH DISTAL) DIA. 09MM, LENGTH 32CM S.S.",BOMBAY,Հատ,Без НДС,հատ,9021
00-00003512,"INTERLOCKING TIBIA NAIL (CANNULATED WITH DISTAL) DIA. 09MM, LENGTH 34CM S.S.","INTERLOCKING TIBIA NAIL (CANNULATED WITH DISTAL) DIA. 09MM, LENGTH 34CM S.S.",BOI.04.150.09.34.SS,"INTERLOCKING TIBIA NAIL (CANNULATED WITH DISTAL) DIA. 09MM, LENGTH 34CM S.S.",BOMBAY,Հատ,Без НДС,հատ,9021
00-00003513,"INTERLOCKING TIBIA NAIL (CANNULATED WITH DISTAL) DIA. 09MM, LENGTH 36CM S.S.","INTERLOCKING TIBIA NAIL (CANNULATED WITH DISTAL) DIA. 09MM, LENGTH 36CM S.S.",BOI.04.150.09.36.SS,"INTERLOCKING TIBIA NAIL (CANNULATED WITH DISTAL) DIA. 09MM, LENGTH 36CM S.S.",BOMBAY,Հատ,Без НДС,հատ,9021
00-00003514,"INTERLOCKING TIBIA NAIL (CANNULATED WITH DISTAL) DIA. 09MM, LENGTH 38CM S.S.","INTERLOCKING TIBIA NAIL (CANNULATED WITH DISTAL) DIA. 09MM, LENGTH 38CM S.S.",BOI.04.150.09.38.SS,"INTERLOCKING TIBIA NAIL (CANNULATED WITH DISTAL) DIA. 09MM, LENGTH 38CM S.S.",BOMBAY,Հատ,Без НДС,հատ,9021
00-00003515,"INTERLOCKING TIBIA NAIL (CANNULATED WITH DISTAL) DIA. 09MM, LENGTH 40CM S.S.","INTERLOCKING TIBIA NAIL (CANNULATED WITH DISTAL) DIA. 09MM, LENGTH 40CM S.S.",BOI.04.150.09.40.SS,"INTERLOCKING TIBIA NAIL (CANNULATED WITH DISTAL) DIA. 09MM, LENGTH 40CM S.S.",BOMBAY,Հատ,Без НДС,հատ,9021
00-00003516,"INTERLOCKING TIBIA NAIL (CANNULATED WITH DISTAL) DIA. 10MM, LENGTH 28CM S.S.","INTERLOCKING TIBIA NAIL (CANNULATED WITH DISTAL) DIA. 10MM, LENGTH 28CM S.S.",BOI.04.150.10.28.SS,"INTERLOCKING TIBIA NAIL (CANNULATED WITH DISTAL) DIA. 10MM, LENGTH 28CM S.S.",BOMBAY,Հատ,Без НДС,հատ,9021
00-00003517,"INTERLOCKING TIBIA NAIL (CANNULATED WITH DISTAL) DIA. 10MM, LENGTH 30CM S.S.","INTERLOCKING TIBIA NAIL (CANNULATED WITH DISTAL) DIA. 10MM, LENGTH 30CM S.S.",BOI.04.150.10.30.SS,"INTERLOCKING TIBIA NAIL (CANNULATED WITH DISTAL) DIA. 10MM, LENGTH 30CM S.S.",BOMBAY,Հատ,Без НДС,հատ,9021
00-00003518,"INTERLOCKING TIBIA NAIL (CANNULATED WITH DISTAL) DIA. 10MM, LENGTH 32CM S.S.","INTERLOCKING TIBIA NAIL (CANNULATED WITH DISTAL) DIA. 10MM, LENGTH 32CM S.S.",BOI.04.150.10.32.SS,"INTERLOCKING TIBIA NAIL (CANNULATED WITH DISTAL) DIA. 10MM, LENGTH 32CM S.S.",BOMBAY,Հատ,Без НДС,հատ,9021
00-00003519,"INTERLOCKING TIBIA NAIL (CANNULATED WITH DISTAL) DIA. 10MM, LENGTH 34CM S.S.","INTERLOCKING TIBIA NAIL (CANNULATED WITH DISTAL) DIA. 10MM, LENGTH 34CM S.S.",BOI.04.150.10.34.SS,"INTERLOCKING TIBIA NAIL (CANNULATED WITH DISTAL) DIA. 10MM, LENGTH 34CM S.S.",BOMBAY,Հատ,Без НДС,հատ,9021
00-00003520,"INTERLOCKING TIBIA NAIL (CANNULATED WITH DISTAL) DIA. 10MM, LENGTH 36CM S.S.","INTERLOCKING TIBIA NAIL (CANNULATED WITH DISTAL) DIA. 10MM, LENGTH 36CM S.S.",BOI.04.150.10.36.SS,"INTERLOCKING TIBIA NAIL (CANNULATED WITH DISTAL) DIA. 10MM, LENGTH 36CM S.S.",BOMBAY,Հատ,Без НДС,հատ,9021
00-00003521,"INTERLOCKING TIBIA NAIL (CANNULATED WITH DISTAL) DIA. 10MM, LENGTH 38CM S.S.","INTERLOCKING TIBIA NAIL (CANNULATED WITH DISTAL) DIA. 10MM, LENGTH 38CM S.S.",BOI.04.150.10.38.SS,"INTERLOCKING TIBIA NAIL (CANNULATED WITH DISTAL) DIA. 10MM, LENGTH 38CM S.S.",BOMBAY,Հատ,Без НДС,հատ,9021
00-00003522,"INTERLOCKING TIBIA NAIL (CANNULATED WITH DISTAL) DIA. 10MM, LENGTH 40CM S.S.","INTERLOCKING TIBIA NAIL (CANNULATED WITH DISTAL) DIA. 10MM, LENGTH 40CM S.S.",BOI.04.150.10.40.SS,"INTERLOCKING TIBIA NAIL (CANNULATED WITH DISTAL) DIA. 10MM, LENGTH 40CM S.S.",BOMBAY,Հատ,Без НДС,հատ,9021
00-00003523,"INTERLOCKING TIBIA NAIL (CANNULATED WITH DISTAL) DIA. 11MM, LENGTH 28CM S.S.","INTERLOCKING TIBIA NAIL (CANNULATED WITH DISTAL) DIA. 11MM, LENGTH 28CM S.S.",BOI.04.150.11.28.SS,"INTERLOCKING TIBIA NAIL (CANNULATED WITH DISTAL) DIA. 11MM, LENGTH 28CM S.S.",BOMBAY,Հատ,Без НДС,հատ,9021
00-00003524,"INTERLOCKING TIBIA NAIL (CANNULATED WITH DISTAL) DIA. 11MM, LENGTH 30CM S.S.","INTERLOCKING TIBIA NAIL (CANNULATED WITH DISTAL) DIA. 11MM, LENGTH 30CM S.S.",BOI.04.150.11.30.SS,"INTERLOCKING TIBIA NAIL (CANNULATED WITH DISTAL) DIA. 11MM, LENGTH 30CM S.S.",BOMBAY,Հատ,Без НДС,հատ,9021
00-00003525,"INTERLOCKING TIBIA NAIL (CANNULATED WITH DISTAL) DIA. 11MM, LENGTH 32CM S.S.","INTERLOCKING TIBIA NAIL (CANNULATED WITH DISTAL) DIA. 11MM, LENGTH 32CM S.S.",BOI.04.150.11.32.SS,"INTERLOCKING TIBIA NAIL (CANNULATED WITH DISTAL) DIA. 11MM, LENGTH 32CM S.S.",BOMBAY,Հատ,Без НДС,հատ,9021
00-00003526,"INTERLOCKING TIBIA NAIL (CANNULATED WITH DISTAL) DIA. 11MM, LENGTH 34CM S.S.","INTERLOCKING TIBIA NAIL (CANNULATED WITH DISTAL) DIA. 11MM, LENGTH 34CM S.S.",BOI.04.150.11.34.SS,"INTERLOCKING TIBIA NAIL (CANNULATED WITH DISTAL) DIA. 11MM, LENGTH 34CM S.S.",BOMBAY,Հատ,Без НДС,հատ,9021
00-00003527,"INTERLOCKING TIBIA NAIL (CANNULATED WITH DISTAL) DIA. 11MM, LENGTH 36CM S.S.","INTERLOCKING TIBIA NAIL (CANNULATED WITH DISTAL) DIA. 11MM, LENGTH 36CM S.S.",BOI.04.150.11.36.SS,"INTERLOCKING TIBIA NAIL (CANNULATED WITH DISTAL) DIA. 11MM, LENGTH 36CM S.S.",BOMBAY,Հատ,Без НДС,հատ,9021
00-00003528,"INTERLOCKING TIBIA NAIL (CANNULATED WITH DISTAL) DIA. 11MM, LENGTH 38CM S.S.","INTERLOCKING TIBIA NAIL (CANNULATED WITH DISTAL) DIA. 11MM, LENGTH 38CM S.S.",BOI.04.150.11.38.SS,"INTERLOCKING TIBIA NAIL (CANNULATED WITH DISTAL) DIA. 11MM, LENGTH 38CM S.S.",BOMBAY,Հատ,Без НДС,հատ,9021
00-00003529,"INTERLOCKING TIBIA NAIL (CANNULATED WITH DISTAL) DIA. 11MM, LENGTH 40CM S.S.","INTERLOCKING TIBIA NAIL (CANNULATED WITH DISTAL) DIA. 11MM, LENGTH 40CM S.S.",BOI.04.150.11.40.SS,"INTERLOCKING TIBIA NAIL (CANNULATED WITH DISTAL) DIA. 11MM, LENGTH 40CM S.S.",BOMBAY,Հատ,Без НДС,հատ,9021
00-00003530,"Locking Cancellous Screw 5.0mm, 85mm Ti","Locking Cancellous Screw 5.0mm, 85mm Ti",BO.9930.85.T,"Locking Cancellous Screw 5.0mm, 85mm Ti",Screws,Հատ,Без НДС,հատ,9021
00-00003531,"Locking screw DIA. 6.5mm,85mm S.S","Locking screw DIA. 6.5mm,85mm S.S",BO.171.85.S,"Locking screw DIA. 6.5mm,85mm S.S",Screws,Հատ,Без НДС,հատ,9021
00-00003532,"Locking screw DIA. 6.5mm,90mm S.S","Locking screw DIA. 6.5mm,90mm S.S",BO.171.90.S,"Locking screw DIA. 6.5mm,90mm S.S",Screws,Հատ,Без НДС,հատ,9021
00-00003534,Rechargeable Implantable Neurostimulator Kit for OBS,Rechargeable Implantable Neurostimulator Kit for OBS,SR1101,Rechargeable Implantable Neurostimulator Kit for OBS,SceneRay,Հատ,Без НДС,հատ,9021
00-00003535,Implantable Extension Kit for DBS,Implantable Extension Kit for DBS,SR1341,Implantable Extension Kit for DBS,SceneRay,Հատ,Без НДС,հատ,9021
00-00003536,Implantable Lead Kit for OBS,Implantable Lead Kit for OBS,1200-40,Implantable Lead Kit for OBS,SceneRay,Հատ,Без НДС,հատ,9021
00-00003537,Patient Programmer,Patient Programmer,SR1421,Patient Programmer,SceneRay,Հատ,Без НДС,հատ,9021
00-00003538,Charging Kit,Charging Kit,SR2114/SR1341,Charging Kit,SceneRay,Հատ,Без НДС,հատ,9021
00-00000938,"Alcasis, Bone Cement Surgica without Antibiotic 40G","Alcasis, Bone Cement Surgica without Antibiotic 40G",2951453,"Alcasis, Bone Cement Surgica without Antibiotic 40G",Cement,Ժամկետով ապրանքներ,Без НДС,հատ,9021
00-00000939,"Alcasis, Bone Cement Surgical with Antibiotic 41G","Alcasis, Bone Cement Surgical with Antibiotic 41G",291453,"Alcasis, Bone Cement Surgical with Antibiotic 41G",Cement,Ժամկետով ապրանքներ,Без НДС,հատ,9021
00-00000940,BMK Barclay PMMA bone cement,BMK Barclay PMMA bone cement,KB25,BMK Barclay PMMA bone cement,BMK,Հատ,Без НДС,հատ,9021
00-00000941,Spinos radiopaque syntetic resin for spine surgery 24G,Spinos radiopaque syntetic resin for spine surgery 24G,01-0350,Spinos radiopaque syntetic resin for spine surgery 24G,Cement,Հատ,Без НДС,հատ,9021
00-00000942,"Alcasis, Bone Cement Surgical Vertebroplast 20G","Alcasis, Bone Cement Surgical Vertebroplast 20G",2951453/25,"Alcasis, Bone Cement Surgical Vertebroplast 20G",Cement,Հատ,Без НДС,հատ,9021
00-00000943,Synicem 1G 40g,Synicem 1G 40g,880223,Synicem 1G 40g,Cement,Հատ,Без НДС,հատ,9021
00-00000980,"JUST , Femoral head , 28-3.5","JUST , Femoral head , 28-3.5",832770,"JUST , Femoral head , 28-3.5",JUST HIP,Ժամկետով ապրանքներ,Без НДС,հատ,9021
00-00000983,"JUST , Femoral head , 28+0","JUST , Femoral head , 28+0",832771-549982,"JUST , Femoral head , 28+0",JUST HIP,Ժամկետով ապրանքներ,Без НДС,հատ,9021
00-00000982,"JUST , Femoral head , 28+3.5","JUST , Femoral head , 28+3.5",832772-549981,"JUST , Femoral head , 28+3.5",JUST HIP,Ժամկետով ապրանքներ,Без НДС,հատ,9021
00-00000981,"JUST , Femoral head , 28+7","JUST , Femoral head , 28+7",832773-549980,"JUST , Femoral head , 28+7",JUST HIP,Ժամկետով ապրանքներ,Без НДС,հատ,9021
00-00000976,"JUST , Femoral head , 32-3.5","JUST , Femoral head , 32-3.5",832761,"JUST , Femoral head , 32-3.5",JUST HIP,Ժամկետով ապրանքներ,Без НДС,հատ,9021
00-00000979,"JUST , Femoral head , 32+0","JUST , Femoral head , 32+0",832762,"JUST , Femoral head , 32+0",JUST HIP,Ժամկետով ապրանքներ,Без НДС,հատ,9021
00-00000978,"JUST , Femoral head , 32+3.5","JUST , Femoral head , 32+3.5",832763,"JUST , Femoral head , 32+3.5",JUST HIP,Ժամկետով ապրանքներ,Без НДС,հատ,9021
00-00000977,"JUST , Femoral head , 32+7","JUST , Femoral head , 32+7",832764,"JUST , Femoral head , 32+7",JUST HIP,Ժամկետով ապրանքներ,Без НДС,հատ,9021
00-00000975,"JUST , HARMONY Acetabular Cup , Φ46mm","JUST , HARMONY Acetabular Cup , Φ46mm",832799-549823,"JUST , HARMONY Acetabular Cup , Φ46mm",JUST HIP,Ժամկետով ապրանքներ,Без НДС,հատ,9021
00-00000974,"JUST , HARMONY Acetabular Cup , Φ48mm","JUST , HARMONY Acetabular Cup , Φ48mm",832800-549822,"JUST , HARMONY Acetabular Cup , Φ48mm",JUST HIP,Ժամկետով ապրանքներ,Без НДС,հատ,9021
00-00000973,"JUST , HARMONY Acetabular Cup , Φ50mm","JUST , HARMONY Acetabular Cup , Φ50mm",832801-549821,"JUST , HARMONY Acetabular Cup , Φ50mm",JUST HIP,Ժամկետով ապրանքներ,Без НДС,հատ,9021
00-00000972,"JUST , HARMONY Acetabular Cup , Φ52mm","JUST , HARMONY Acetabular Cup , Φ52mm",832802,"JUST , HARMONY Acetabular Cup , Φ52mm",JUST HIP,Ժամկետով ապրանքներ,Без НДС,հատ,9021
00-00000971,"JUST , HARMONY Acetabular Cup , Φ54mm","JUST , HARMONY Acetabular Cup , Φ54mm",832803,"JUST , HARMONY Acetabular Cup , Φ54mm",JUST HIP,Ժամկետով ապրանքներ,Без НДС,հատ,9021
00-00000970,"JUST , HARMONY Acetabular Cup , Φ56mm","JUST , HARMONY Acetabular Cup , Φ56mm",832804,"JUST , HARMONY Acetabular Cup , Φ56mm",JUST HIP,Ժամկետով ապրանքներ,Без НДС,հատ,9021
00-00000969,"JUST , HARMONY Acetabular Cup , Φ58mm","JUST , HARMONY Acetabular Cup , Φ58mm",832805,"JUST , HARMONY Acetabular Cup , Φ58mm",JUST HIP,Ժամկետով ապրանքներ,Без НДС,հատ,9021
00-00000968,"JUST , HARMONY Acetabular Cup , Φ60mm","JUST , HARMONY Acetabular Cup , Φ60mm",832806,"JUST , HARMONY Acetabular Cup , Φ60mm",JUST HIP,Ժամկետով ապրանքներ,Без НДС,հատ,9021
00-00000967,"JUST , HARMONY Acetabular Cup , Φ62mm","JUST , HARMONY Acetabular Cup , Φ62mm",832807,"JUST , HARMONY Acetabular Cup , Φ62mm",JUST HIP,Ժամկետով ապրանքներ,Без НДС,հատ,9021
00-00000966,"JUST , HARMONY Acetabular Cup , Φ64mm","JUST , HARMONY Acetabular Cup , Φ64mm",832808,"JUST , HARMONY Acetabular Cup , Φ64mm",JUST HIP,Ժամկետով ապրանքներ,Без НДС,հատ,9021
00-00000965,"JUST , HARMONY Liner 10-degree Lip ID:28mm , 4","JUST , HARMONY Liner 10-degree Lip ID:28mm , 4",832853-549813,"JUST , HARMONY Liner 10-degree Lip ID:28mm , 4",JUST HIP,Ժամկետով ապրանքներ,Без НДС,հատ,9021
00-00000964,"JUST , HARMONY Liner 10-degree Lip ID:28mm , 5","JUST , HARMONY Liner 10-degree Lip ID:28mm , 5",832854-549812,"JUST , HARMONY Liner 10-degree Lip ID:28mm , 5",JUST HIP,Ժամկետով ապրանքներ,Без НДС,հատ,9021
00-00000963,"JUST , HARMONY Liner 10-degree Lip ID:28mm , 6","JUST , HARMONY Liner 10-degree Lip ID:28mm , 6",832855,"JUST , HARMONY Liner 10-degree Lip ID:28mm , 6",JUST HIP,Ժամկետով ապրանքներ,Без НДС,հատ,9021
00-00000958,"JUST , HARMONY Liner 10-degree Lip ID:32mm , 7","JUST , HARMONY Liner 10-degree Lip ID:32mm , 7",832865,"JUST , HARMONY Liner 10-degree Lip ID:32mm , 7",JUST HIP,Ժամկետով ապրանքներ,Без НДС,հատ,9021
00-00000957,"JUST , HARMONY Liner 10-degree Lip ID:32mm , 8","JUST , HARMONY Liner 10-degree Lip ID:32mm , 8",832866,"JUST , HARMONY Liner 10-degree Lip ID:32mm , 8",JUST HIP,Ժամկետով ապրանքներ,Без НДС,հատ,9021
00-00000956,"JUST , HARMONY Liner 10-degree Lip ID:32mm , 9","JUST , HARMONY Liner 10-degree Lip ID:32mm , 9",832867,"JUST , HARMONY Liner 10-degree Lip ID:32mm , 9",JUST HIP,Ժամկետով ապրանքներ,Без НДС,հատ,9021
00-00000962,"JUST , HARMONY Liner 10-degree Lip ID:32mm , 10","JUST , HARMONY Liner 10-degree Lip ID:32mm , 10",832868,"JUST , HARMONY Liner 10-degree Lip ID:32mm , 10",JUST HIP,Ժամկետով ապրանքներ,Без НДС,հատ,9021
00-00000961,"JUST , HARMONY Liner 10-degree Lip ID:32mm , 11","JUST , HARMONY Liner 10-degree Lip ID:32mm , 11",832869,"JUST , HARMONY Liner 10-degree Lip ID:32mm , 11",JUST HIP,Ժամկետով ապրանքներ,Без НДС,հատ,9021
00-00000960,"JUST , HARMONY Liner 10-degree Lip ID:32mm , 12","JUST , HARMONY Liner 10-degree Lip ID:32mm , 12",832870-549797,"JUST , HARMONY Liner 10-degree Lip ID:32mm , 12",JUST HIP,Ժամկետով ապրանքներ,Без НДС,հատ,9021
00-00000959,"JUST , HARMONY Liner 10-degree Lip ID:32mm , 13","JUST , HARMONY Liner 10-degree Lip ID:32mm , 13",832871-549796,"JUST , HARMONY Liner 10-degree Lip ID:32mm , 13",JUST HIP,Ժամկետով ապրանքներ,Без НДС,հատ,9021
00-00000948,"JUST , HARMONY Stem , 9","JUST , HARMONY Stem , 9",832700,"JUST , HARMONY Stem , 9",JUST HIP,Ժամկետով ապրանքներ,Без НДС,հատ,9021
00-00000955,"JUST , HARMONY Stem , 10","JUST , HARMONY Stem , 10",832701,"JUST , HARMONY Stem , 10",JUST HIP,Ժամկետով ապրանքներ,Без НДС,հատ,9021
00-00000954,"JUST , HARMONY Stem , 11","JUST , HARMONY Stem , 11",832702,"JUST , HARMONY Stem , 11",JUST HIP,Ժամկետով ապրանքներ,Без НДС,հատ,9021
00-00000953,"JUST , HARMONY Stem , 12","JUST , HARMONY Stem , 12",832703,"JUST , HARMONY Stem , 12",JUST HIP,Ժամկետով ապրանքներ,Без НДС,հատ,9021
00-00000947,"JUST , HARMONY Stem , 13","JUST , HARMONY Stem , 13",832704,"JUST , HARMONY Stem , 13",JUST HIP,Ժամկետով ապրանքներ,Без НДС,հատ,9021
00-00000952,"JUST , HARMONY Stem , 14","JUST , HARMONY Stem , 14",832705,"JUST , HARMONY Stem , 14",JUST HIP,Ժամկետով ապրանքներ,Без НДС,հատ,9021
00-00000951,"JUST , HARMONY Stem , 15","JUST , HARMONY Stem , 15",832706,"JUST , HARMONY Stem , 15",JUST HIP,Ժամկետով ապրանքներ,Без НДС,հատ,9021
00-00000950,"JUST , HARMONY Stem , 16","JUST , HARMONY Stem , 16",832707,"JUST , HARMONY Stem , 16",JUST HIP,Ժամկետով ապրանքներ,Без НДС,հատ,9021
00-00000949,"JUST , HARMONY Stem , 17","JUST , HARMONY Stem , 17",832708,"JUST , HARMONY Stem , 17",JUST HIP,Ժամկետով ապրանքներ,Без НДС,հատ,9021
00-00000988,"JUST , Acetabular Screw , 6.0x16","JUST , Acetabular Screw , 6.0x16",549656,"JUST , Acetabular Screw , 6.0x16",JUST HIP,Ժամկետով ապրանքներ,Без НДС,հատ,9021
00-00000987,"JUST , Acetabular Screw , 6.0x20","JUST , Acetabular Screw , 6.0x20",549741,"JUST , Acetabular Screw , 6.0x20",JUST HIP,Ժամկետով ապրանքներ,Без НДС,հատ,9021
00-00000986,"JUST , Acetabular Screw , 6.0x26","JUST , Acetabular Screw , 6.0x26",549740,"JUST , Acetabular Screw , 6.0x26",JUST HIP,Ժամկետով ապրանքներ,Без НДС,հատ,9021
00-00000985,"JUST , Acetabular Screw , 6.0x30","JUST , Acetabular Screw , 6.0x30",549739,"JUST , Acetabular Screw , 6.0x30",JUST HIP,Ժամկետով ապրանքներ,Без НДС,հատ,9021
00-00000984,"JUST , Acetabular Screw , 6.0x36","JUST , Acetabular Screw , 6.0x36",549738,"JUST , Acetabular Screw , 6.0x36",JUST HIP,Ժամկետով ապրանքներ,Без НДС,հատ,9021
00-00000989,JUST Hip Instrument Set N1,JUST Hip Instrument Set N1,10004,JUST Hip Instrument Set N1,JUST,Հատ,Без НДС,հատ,9021
00-00000990,JUST Hip Instrument Set N2․2,JUST Hip Instrument Set N2․2,10005․2,JUST Hip Instrument Set N2․2,JUST,Հատ,Без НДС,հատ,9021
00-00000991,JUST Hip Instrument Set N3․2,JUST Hip Instrument Set N3․2,10006․2,JUST Hip Instrument Set N3․2,JUST,Հատ,Без НДС,հատ,9021
00-00001003,"PRESSIO ICP & ICT MONITORING KIT, PARENCHYMAL W/BOLT","PRESSIO ICP & ICT MONITORING KIT, PARENCHYMAL W/BOLT",PSO-PBT,"PRESSIO ICP & ICT MONITORING KIT, PARENCHYMAL W/BOLT",SOPHYSA,Ժամկետով ապրանքներ,Без НДС,հատ,9021
00-00001002,"PRESSIO ICP MONITORING KIT, PARENCHYMAL TUNNELING","PRESSIO ICP MONITORING KIT, PARENCHYMAL TUNNELING",PSO-PT,"PRESSIO ICP MONITORING KIT, PARENCHYMAL TUNNELING",SOPHYSA,Ժամկետով ապրանքներ,Без НДС,հատ,9021
00-00001001,"PRESSIO ICP & ICT MONITORING KIT, PARENCH.TUNNELING","PRESSIO ICP & ICT MONITORING KIT, PARENCH.TUNNELING",PSO-PTT,"PRESSIO ICP & ICT MONITORING KIT, PARENCH.TUNNELING",SOPHYSA,Ժամկետով ապրանքներ,Без НДС,հատ,9021
00-00001000,"PRESSIO ICP MONITORING KIT, VENTRIC. TUNNELING","PRESSIO ICP MONITORING KIT, VENTRIC. TUNNELING",PSO-VT,"PRESSIO ICP MONITORING KIT, VENTRIC. TUNNELING",SOPHYSA,Ժամկետով ապրանքներ,Без НДС,հատ,9021
00-00000999,"PRESSIO ICP & ICT MONITORING KIT, VENTRIC. TUNNELING","PRESSIO ICP & ICT MONITORING KIT, VENTRIC. TUNNELING",PSO-VTT,"PRESSIO ICP & ICT MONITORING KIT, VENTRIC. TUNNELING",SOPHYSA,Ժամկետով ապրանքներ,Без НДС,հատ,9021
00-00000996,"SM1-L Sophy® Mini Monopressure Valve, Low Pressure, Fixed operating pressure of 50 mmH2O.","SM1-L Sophy® Mini Monopressure Valve, Low Pressure, Fixed operating pressure of 50 mmH2O.",SM1-2010L,"SM1-L Sophy® Mini Monopressure Valve, Low Pressure, Fixed operating pressure of 50 mmH2O.",SOPHYSA,Ժամկետով ապրանքներ,Без НДС,հատ,9021
00-00000995,"SM1-M Sophy® Mini Monopressure Valve, Medium Pressure Fixed operating pressure of 110 mmH2O.","SM1-M Sophy® Mini Monopressure Valve, Medium Pressure Fixed operating pressure of 110 mmH2O.",SM1-2010M,"SM1-M Sophy® Mini Monopressure Valve, Medium Pressure Fixed operating pressure of 110 mmH2O.",SOPHYSA,Ժամկետով ապրանքներ,Без НДС,հատ,9021
00-00000997,"SM1-H Sophy® Mini Monopressure Valve, High Pressure","SM1-H Sophy® Mini Monopressure Valve, High Pressure",SM1-2010H,"SM1-H Sophy® Mini Monopressure Valve, High Pressure",SOPHYSA,Ժամկետով ապրանքներ,Без НДС,հատ,9021
00-00001004,"DE-306 External Ventricular Drainage System, Complete Kit","DE-306 External Ventricular Drainage System, Complete Kit",DE-306,"DE-306 External Ventricular Drainage System, Complete Kit",SOPHYSA,Ժամկետով ապրանքներ,Без НДС,հատ,9021
00-00001005,DE-210 External CSF Drainage System,DE-210 External CSF Drainage System,DE-210,DE-210 External CSF Drainage System,SOPHYSA,Ժամկետով ապրանքներ,Без НДС,հատ,9021
00-00001006,DE-109 External Lumbar Catheter with Introducer Guide,DE-109 External Lumbar Catheter with Introducer Guide,DE-109,DE-109 External Lumbar Catheter with Introducer Guide,SOPHYSA,Ժամկետով ապրանքներ,Без НДС,հատ,9021
00-00001007,"DE-106 External Ventricular Catheter  29 cm length, 1.5 mm ID, 3.0 mm OD,","DE-106 External Ventricular Catheter  29 cm length, 1.5 mm ID, 3.0 mm OD,",DE-106,"DE-106 External Ventricular Catheter  29 cm length, 1.5 mm ID, 3.0 mm OD,",SOPHYSA,Ժամկետով ապրանքներ,Без НДС,հատ,9021
00-00001008,"DE-105 External Ventricular Catheter  35 cm length, 2.3 mm ID, 4.0 mm OD,","DE-106 External Ventricular Catheter  35 cm length, 2.3 mm ID, 4.0 mm OD,",DE-105,"DE-105 External Ventricular Catheter  35 cm length, 2.3 mm ID, 4.0 mm OD,",SOPHYSA,Ժամկետով ապրանքներ,Без НДС,հատ,9021
00-00000994,SM8A - 2010 Sophy® Mini SM8A Kit B905S/BO19-10 Right Angle Adapter on the ventricular catheter.,SM8A - 2010 Sophy® Mini SM8A Kit B905S/BO19-10 Right Angle Adapter on the ventricular catheter.,SM8A-2010,SM8A - 2010 Sophy® Mini SM8A Kit B905S/BO19-10 Right Angle Adapter on the ventricular catheter.,SOPHYSA,Ժամկետով ապրանքներ,Без НДС,հատ,9021
00-00000998,"RE-1141 In-Line CSF Reservoir, Single Dome, Single-dome, In-Line CSF Reservoir.","RE-1141 In-Line CSF Reservoir, Single Dome, Single-dome, In-Line CSF Reservoir.",RE-1141,"RE-1141 In-Line CSF Reservoir, Single Dome, Single-dome, In-Line CSF Reservoir.",SOPHYSA,Ժամկետով ապրանքներ,Без НДС,հատ,9021
00-00001011,B905S - Catheter distal atrial 1.1 х 2.2 ммДистальный,B905S - Catheter distal atrial 1.1 х 2.2 ммДистальный,B905S,B905S - Catheter distal atrial 1.1 х 2.2 ммДистальный,SOPHYSA,Ժամկետով ապրանքներ,Без НДС,հատ,9021
00-00001009,"CO-3010 Catheter Connector, Three-Way","CO-3010 Catheter Connector, Three-Way",CO-3010,"CO-3010 Catheter Connector, Three-Way",SOPHYSA,Ժամկետով ապրանքներ,Без НДС,հատ,9021
00-00000993,SX-200 Gravitational anti-siphon device SiphonX® Adds up to 200 mmH2O in vertical position.,SX-200 Gravitational anti-siphon device SiphonX® Adds up to 200 mmH2O in vertical position.,SX-200,SX-200 Gravitational anti-siphon device SiphonX® Adds up to 200 mmH2O in vertical position.,SOPHYSA,Ժամկետով ապրանքներ,Без НДС,հատ,9021
00-00001010,"BO19-10 Catheter, Ventricular, Straight, Standard 1.3 x 2.5 mm Depth markings at 5, 10, 15 cm from t","BO19-10 Catheter, Ventricular, Straight, Standard 1.3 x 2.5 mm Depth markings at 5, 10, 15 cm from the proximal tip.",BO19-10,"BO19-10 Catheter, Ventricular, Straight, Standard 1.3 x 2.5 mm Depth markings at 5, 10, 15 cm from t",SOPHYSA,Ժամկետով ապրանքներ,Без НДС,հատ,9021
00-00001015,NeoDura 6*8 ,NeoDura 6*8 ,RDP-7,NeoDura 6*8 ,Medprin GMBH,Ժամկետով ապրանքներ,Без НДС,հատ,9021
00-00001014,NeoDura 7.5*7.5 ,NeoDura 7.5*7.5 ,RDP-8,NeoDura 7.5*7.5 ,Medprin GMBH,Ժամկետով ապրանքներ,Без НДС,հատ,9021
00-00001016,NeoDura 8*12 ,NeoDura 8*12 ,RDP-10,NeoDura 8*12 ,Medprin GMBH,Ժամկետով ապրանքներ,Без НДС,հատ,9021
00-00001019,Immiseal 5ml,Immiseal 5ml,DS4C-050,Immiseal 5ml,Medprin GMBH,Ժամկետով ապրանքներ,Без НДС,հատ,9021
00-00001018,Immiseal 8ml,Immiseal 8ml,DS4C-080,Immiseal 8ml,Medprin GMBH,Ժամկետով ապրանքներ,Без НДС,հատ,9021
00-00001017,StypCel 2.5*2.5,StypCel 2.5*2.5,HF-A-118,StypCel 2.5*2.5,Medprin GMBH,Ժամկետով ապրանքներ,Без НДС,հատ,9021
00-00001013,Cage N5,Cage N5,102.06.02125,Cage N5,Prodorth,Հատ,Без НДС,հատ,9021
00-00001021,Cage N6,Cage N6,102.06.02126,Cage N6,Prodorth,Հատ,Без НДС,հատ,9021
00-00001020,Cage N7,Cage N7,102.06.02127,Cage N7,Prodorth,Հատ,Без НДС,հատ,9021
00-00001024,"Albomed 2,5%, 3.0 ml ","Albomed 2,5%, 3.0 ml ",04135,"Albomed 2,5%, 3.0 ml ",Albomed,Ժամկետով ապրանքներ,Без НДС,հատ,9021
00-00001023,"Albomed 2,2%, 2.0 ml ","Albomed 2,2%, 2.0 ml ",00091,"Albomed 2,2%, 2.0 ml ",Albomed,Ժամկետով ապրանքներ,Без НДС,հատ,9021
00-00001027,Albomed 10% 2.0 ml,Albomed 10% 2.0 ml,00219,Albomed 10% 2.0 ml,Albomed,Ժամկետով ապրանքներ,Без НДС,հատ,9021
00-00001026,Albomed 10% 1.0 ml,Albomed 10% 1.0 ml,03277,Albomed 10% 1.0 ml,Albomed,Ժամկետով ապրանքներ,Без НДС,հատ,9021
00-00001025,"Albomed 2,5%, 4.8 ml ","Albomed 2,5%, 4.8 ml ",03279,"Albomed 2,5%, 4.8 ml ",Albomed,Ժամկետով ապրանքներ,Без НДС,հատ,9021
00-00001038,AUSTIN MOORE HIP PROSTHESIS . XL 37,AUSTIN MOORE HIP PROSTHESIS . XL 37,BOI.03.155.37.S,AUSTIN MOORE HIP PROSTHESIS . XL 37,MOORE,Ժամկետով ապրանքներ,Без НДС,հատ,9021
00-00001037,AUSTIN MOORE HIP PROSTHESIS . XL 39,AUSTIN MOORE HIP PROSTHESIS . XL 39,BOI.03.155.39.S,AUSTIN MOORE HIP PROSTHESIS . XL 39,MOORE,Ժամկետով ապրանքներ,Без НДС,հատ,9021
00-00001029,AUSTIN MOORE HIP PROSTHESIS . XL 41,AUSTIN MOORE HIP PROSTHESIS . XL 41,BOI.03.155.41.S,AUSTIN MOORE HIP PROSTHESIS . XL 41,MOORE,Ժամկետով ապրանքներ,Без НДС,հատ,9021
00-00001036,AUSTIN MOORE HIP PROSTHESIS . XL 43,AUSTIN MOORE HIP PROSTHESIS . XL 43,BOI.03.155.43.S,AUSTIN MOORE HIP PROSTHESIS . XL 43,MOORE,Ժամկետով ապրանքներ,Без НДС,հատ,9021
00-00001035,AUSTIN MOORE HIP PROSTHESIS . XL 45,AUSTIN MOORE HIP PROSTHESIS . XL 45,BOI.03.155.45.S,AUSTIN MOORE HIP PROSTHESIS . XL 45,MOORE,Ժամկետով ապրանքներ,Без НДС,հատ,9021
00-00001034,AUSTIN MOORE HIP PROSTHESIS . XL 47,AUSTIN MOORE HIP PROSTHESIS . XL 47,BOI.03.155.47.S,AUSTIN MOORE HIP PROSTHESIS . XL 47,MOORE,Ժամկետով ապրանքներ,Без НДС,հատ,9021
00-00001033,AUSTIN MOORE HIP PROSTHESIS . XL 49,AUSTIN MOORE HIP PROSTHESIS . XL 49,BOI.03.155.49.S,AUSTIN MOORE HIP PROSTHESIS . XL 49,MOORE,Ժամկետով ապրանքներ,Без НДС,հատ,9021
00-00001032,AUSTIN MOORE HIP PROSTHESIS . XL 51,AUSTIN MOORE HIP PROSTHESIS . XL 51,BOI.03.155.51.S,AUSTIN MOORE HIP PROSTHESIS . XL 51,MOORE,Ժամկետով ապրանքներ,Без НДС,հատ,9021
00-00001031,AUSTIN MOORE HIP PROSTHESIS . XL 53,AUSTIN MOORE HIP PROSTHESIS . XL 53,BOI.03.155.53.S,AUSTIN MOORE HIP PROSTHESIS . XL 53,MOORE,Ժամկետով ապրանքներ,Без НДС,հատ,9021
00-00001030,AUSTIN MOORE HIP PROSTHESIS . XL 55,AUSTIN MOORE HIP PROSTHESIS . XL 55,BOI.03.155.55.S,AUSTIN MOORE HIP PROSTHESIS . XL 55,MOORE,Ժամկետով ապրանքներ,Без НДС,հատ,9021
00-00001074,BIPOLAR FIX (NF)- 37,BIPOLAR FIX (NF)- 37,BO.9949.37,BIPOLAR FIX (NF)- 37,Bombay Hip,Ժամկետով ապրանքներ,Без НДС,հատ,9021
00-00001073,BIPOLAR FIX (NF)- 39,BIPOLAR FIX (NF)- 39,BO.9949.39,BIPOLAR FIX (NF)- 39,Bombay Hip,Ժամկետով ապրանքներ,Без НДС,հատ,9021
00-00001072,BIPOLAR FIX (NF)- 41,BIPOLAR FIX (NF)- 41,BO.9949.41,BIPOLAR FIX (NF)- 41,Bombay Hip,Ժամկետով ապրանքներ,Без НДС,հատ,9021
00-00001071,BIPOLAR FIX (NF)- 43,BIPOLAR FIX (NF)- 43,BO.9949.43,BIPOLAR FIX (NF)- 43,Bombay Hip,Ժամկետով ապրանքներ,Без НДС,հատ,9021
00-00001070,BIPOLAR FIX (NF)- 45,BIPOLAR FIX (NF)- 45,BO.9949.45,BIPOLAR FIX (NF)- 45,Bombay Hip,Ժամկետով ապրանքներ,Без НДС,հատ,9021
00-00001069,BIPOLAR FIX (NF)- 47,BIPOLAR FIX (NF)- 47,BO.9949.47,BIPOLAR FIX (NF)- 47,Bombay Hip,Ժամկետով ապրանքներ,Без НДС,հատ,9021
00-00001068,BIPOLAR FIX (NF)- 49,BIPOLAR FIX (NF)- 49,BO.9949.49,BIPOLAR FIX (NF)- 49,Bombay Hip,Ժամկետով ապրանքներ,Без НДС,հատ,9021
00-00001067,BIPOLAR FIX (NF)- 51,BIPOLAR FIX (NF)- 51,BO.9949.51,BIPOLAR FIX (NF)- 51,Bombay Hip,Ժամկետով ապրանքներ,Без НДС,հատ,9021
00-00001066,BIPOLAR FIX (NF)- 53,BIPOLAR FIX (NF)- 53,BO.9949.53,BIPOLAR FIX (NF)- 53,Bombay Hip,Ժամկետով ապրանքներ,Без НДС,հատ,9021
00-00001065,BIPOLAR FIX (NF)- 55,BIPOLAR FIX (NF)- 55,BO.9949.55,BIPOLAR FIX (NF)- 55,Bombay Hip,Ժամկետով ապրանքներ,Без НДС,հատ,9021
00-00001064,MODULAR BIPOLAR CUP MEDIUM- 37,MODULAR BIPOLAR CUP MEDIUM- 37,BO.995002.37,MODULAR BIPOLAR CUP MEDIUM- 37,Bombay Hip,Ժամկետով ապրանքներ,Без НДС,հատ,9021
00-00001062,MODULAR BIPOLAR CUP MEDIUM- 39,MODULAR BIPOLAR CUP MEDIUM- 39,BO.995002.39,MODULAR BIPOLAR CUP MEDIUM- 39,Bombay Hip,Ժամկետով ապրանքներ,Без НДС,հատ,9021
00-00001060,MODULAR BIPOLAR CUP MEDIUM- 41,MODULAR BIPOLAR CUP MEDIUM- 41,BO.995002.41,MODULAR BIPOLAR CUP MEDIUM- 41,Bombay Hip,Ժամկետով ապրանքներ,Без НДС,հատ,9021
00-00001058,MODULAR BIPOLAR CUP MEDIUM- 43,MODULAR BIPOLAR CUP MEDIUM- 43,BO.995002.43,MODULAR BIPOLAR CUP MEDIUM- 43,Bombay Hip,Ժամկետով ապրանքներ,Без НДС,հատ,9021
00-00001056,MODULAR BIPOLAR CUP MEDIUM- 45,MODULAR BIPOLAR CUP MEDIUM- 45,BO.995002.45,MODULAR BIPOLAR CUP MEDIUM- 45,Bombay Hip,Ժամկետով ապրանքներ,Без НДС,հատ,9021
00-00001054,MODULAR BIPOLAR CUP MEDIUM- 47,MODULAR BIPOLAR CUP MEDIUM- 47,BO.995002.47,MODULAR BIPOLAR CUP MEDIUM- 47,Bombay Hip,Ժամկետով ապրանքներ,Без НДС,հատ,9021
00-00001052,MODULAR BIPOLAR CUP MEDIUM- 49,MODULAR BIPOLAR CUP MEDIUM- 49,BO.995002.49,MODULAR BIPOLAR CUP MEDIUM- 49,Bombay Hip,Ժամկետով ապրանքներ,Без НДС,հատ,9021
00-00001050,MODULAR BIPOLAR CUP MEDIUM- 51,MODULAR BIPOLAR CUP MEDIUM- 51,BO.995002.51,MODULAR BIPOLAR CUP MEDIUM- 51,Bombay Hip,Ժամկետով ապրանքներ,Без НДС,հատ,9021
00-00001048,MODULAR BIPOLAR CUP MEDIUM- 53,MODULAR BIPOLAR CUP MEDIUM- 53,BO.995002.53,MODULAR BIPOLAR CUP MEDIUM- 53,Bombay Hip,Ժամկետով ապրանքներ,Без НДС,հատ,9021
00-00001047,MODULAR BIPOLAR CUP MEDIUM- 55,MODULAR BIPOLAR CUP MEDIUM- 55,BO.995002.55,MODULAR BIPOLAR CUP MEDIUM- 55,Bombay Hip,Ժամկետով ապրանքներ,Без НДС,հատ,9021
00-00001063,"MODULAR BIPOLAR CUP MEDIUM - 0,5mm- 37","MODULAR BIPOLAR CUP MEDIUM - 0,5mm- 37","BO.995002.37 -0,5","MODULAR BIPOLAR CUP MEDIUM - 0,5mm- 37",Bombay Hip,Ժամկետով ապրանքներ,Без НДС,հատ,9021
00-00001061,"MODULAR BIPOLAR CUP MEDIUM - 0,5mm- 39","MODULAR BIPOLAR CUP MEDIUM - 0,5mm- 39","BO.995002.39 -0,5","MODULAR BIPOLAR CUP MEDIUM - 0,5mm- 39",Bombay Hip,Ժամկետով ապրանքներ,Без НДС,հատ,9021
00-00001059,"MODULAR BIPOLAR CUP MEDIUM - 0,5mm- 41","MODULAR BIPOLAR CUP MEDIUM - 0,5mm- 41","BO.995002.41 -0,5","MODULAR BIPOLAR CUP MEDIUM - 0,5mm- 41",Bombay Hip,Ժամկետով ապրանքներ,Без НДС,հատ,9021
00-00001057,"MODULAR BIPOLAR CUP MEDIUM - 0,5mm- 43","MODULAR BIPOLAR CUP MEDIUM - 0,5mm- 43","BO.995002.43 -0,5","MODULAR BIPOLAR CUP MEDIUM - 0,5mm- 43",Bombay Hip,Ժամկետով ապրանքներ,Без НДС,հատ,9021
00-00001055,"MODULAR BIPOLAR CUP MEDIUM - 0,5mm- 45","MODULAR BIPOLAR CUP MEDIUM - 0,5mm- 45","BO.995002.45 -0,5","MODULAR BIPOLAR CUP MEDIUM - 0,5mm- 45",Bombay Hip,Ժամկետով ապրանքներ,Без НДС,հատ,9021
00-00001053,"MODULAR BIPOLAR CUP MEDIUM - 0,5mm- 47","MODULAR BIPOLAR CUP MEDIUM - 0,5mm- 47","BO.995002.47 -0,5","MODULAR BIPOLAR CUP MEDIUM - 0,5mm- 47",Bombay Hip,Ժամկետով ապրանքներ,Без НДС,հատ,9021
00-00001051,"MODULAR BIPOLAR CUP MEDIUM - 0,5mm- 49","MODULAR BIPOLAR CUP MEDIUM - 0,5mm- 49","BO.995002.49 -0,5","MODULAR BIPOLAR CUP MEDIUM - 0,5mm- 49",Bombay Hip,Ժամկետով ապրանքներ,Без НДС,հատ,9021
00-00001049,"MODULAR BIPOLAR CUP MEDIUM - 0,5mm- 51","MODULAR BIPOLAR CUP MEDIUM - 0,5mm- 51","BO.995002.51 -0,5","MODULAR BIPOLAR CUP MEDIUM - 0,5mm- 51",Bombay Hip,Ժամկետով ապրանքներ,Без НДС,հատ,9021
00-00001040,"MODULAR BIPOLAR CUP MEDIUM - 0,5mm- 53","MODULAR BIPOLAR CUP MEDIUM - 0,5mm- 53","BO.995002.53 -0,5","MODULAR BIPOLAR CUP MEDIUM - 0,5mm- 53",Bombay Hip,Ժամկետով ապրանքներ,Без НДС,հատ,9021
00-00001046,"MODULAR BIPOLAR CUP MEDIUM - 0,5mm- 55","MODULAR BIPOLAR CUP MEDIUM - 0,5mm- 55","BO.995002.55 -0,5","MODULAR BIPOLAR CUP MEDIUM - 0,5mm- 55",Bombay Hip,Ժամկետով ապրանքներ,Без НДС,հատ,9021
00-00001045,MODULAR BIPOLAR STEM- S,MODULAR BIPOLAR STEM- S,BO.995101,MODULAR BIPOLAR STEM- S,Bombay Hip,Ժամկետով ապրանքներ,Без НДС,հատ,9021
00-00001044,MODULAR BIPOLAR STEM- M,MODULAR BIPOLAR STEM- M,BO.995102,MODULAR BIPOLAR STEM- M,Bombay Hip,Ժամկետով ապրանքներ,Без НДС,հատ,9021
00-00001043,MODULAR BIPOLAR STEM- L,MODULAR BIPOLAR STEM- L,BO.995103,MODULAR BIPOLAR STEM- L,Bombay Hip,Ժամկետով ապրանքներ,Без НДС,հատ,9021
00-00001042,MODULAR BIPOLAR STEM- XL,MODULAR BIPOLAR STEM- XL,BO.995104,MODULAR BIPOLAR STEM- XL,Bombay Hip,Ժամկետով ապրանքներ,Без НДС,հատ,9021
00-00001041,MODULAR BIPOLAR STEM- XXL,MODULAR BIPOLAR STEM- XXL,BO.995105,MODULAR BIPOLAR STEM- XXL,Bombay Hip,Ժամկետով ապրանքներ,Без НДС,հատ,9021
00-00001129,"HUMERUS INTERLOCKING NAIL  Dia -  6 mm, (Length -  18 cm ) SS , 180mm","HUMERUS INTERLOCKING NAIL  Dia -  6 mm, (Length -  18 cm ) SS , 180mm",BOI.149.06.18.S,"HUMERUS INTERLOCKING NAIL  Dia -  6 mm, (Length -  18 cm ) SS , 180mm",Humeral nail ,Հատ,Без НДС,հատ,9021
00-00001127,"HUMERUS INTERLOCKING NAIL  Dia -  6 mm, (Length -  20 cm ) SS , 200mm","HUMERUS INTERLOCKING NAIL  Dia -  6 mm, (Length -  20 cm ) SS , 200mm",BOI.149.06.20.S,"HUMERUS INTERLOCKING NAIL  Dia -  6 mm, (Length -  20 cm ) SS , 200mm",Humeral nail ,Հատ,Без НДС,հատ,9021
00-00001125,"HUMERUS INTERLOCKING NAIL  Dia -  6 mm, (Length -  22 cm ) SS , 220mm","HUMERUS INTERLOCKING NAIL  Dia -  6 mm, (Length -  22 cm ) SS , 220mm",BOI.149.06.22.S,"HUMERUS INTERLOCKING NAIL  Dia -  6 mm, (Length -  22 cm ) SS , 220mm",Humeral nail ,Հատ,Без НДС,հատ,9021
00-00001123,"HUMERUS INTERLOCKING NAIL  Dia -  6 mm, (Length -  24 cm ) SS , 240mm","HUMERUS INTERLOCKING NAIL  Dia -  6 mm, (Length -  24 cm ) SS , 240mm",BOI.149.06.24.S,"HUMERUS INTERLOCKING NAIL  Dia -  6 mm, (Length -  24 cm ) SS , 240mm",Humeral nail ,Հատ,Без НДС,հատ,9021
00-00001121,"HUMERUS INTERLOCKING NAIL  Dia -  6 mm, (Length -  26 cm ) SS , 260mm","HUMERUS INTERLOCKING NAIL  Dia -  6 mm, (Length -  26 cm ) SS , 260mm",BOI.149.06.26.S,"HUMERUS INTERLOCKING NAIL  Dia -  6 mm, (Length -  26 cm ) SS , 260mm",Humeral nail ,Հատ,Без НДС,հատ,9021
00-00001119,"HUMERUS INTERLOCKING NAIL  Dia -  6 mm, (Length -  28 cm ) SS , 280mm","HUMERUS INTERLOCKING NAIL  Dia -  6 mm, (Length -  28 cm ) SS , 280mm",BOI.149.06.28.S,"HUMERUS INTERLOCKING NAIL  Dia -  6 mm, (Length -  28 cm ) SS , 280mm",Humeral nail ,Հատ,Без НДС,հատ,9021
00-00001117,"HUMERUS INTERLOCKING NAIL  Dia -  7 mm, (Length -  18 cm ) SS , 180mm","HUMERUS INTERLOCKING NAIL  Dia -  7 mm, (Length -  18 cm ) SS , 180mm",BOI.149.07.18.S,"HUMERUS INTERLOCKING NAIL  Dia -  7 mm, (Length -  18 cm ) SS , 180mm",Humeral nail ,Հատ,Без НДС,հատ,9021
00-00001115,"HUMERUS INTERLOCKING NAIL  Dia -  7 mm, (Length -  20 cm ) SS , 200mm","HUMERUS INTERLOCKING NAIL  Dia -  7 mm, (Length -  20 cm ) SS , 200mm",BOI.149.07.20.S,"HUMERUS INTERLOCKING NAIL  Dia -  7 mm, (Length -  20 cm ) SS , 200mm",Humeral nail ,Հատ,Без НДС,հատ,9021
00-00001113,"HUMERUS INTERLOCKING NAIL  Dia -  7 mm, (Length -  22 cm ) SS , 220mm","HUMERUS INTERLOCKING NAIL  Dia -  7 mm, (Length -  22 cm ) SS , 220mm",BOI.149.07.22.S,"HUMERUS INTERLOCKING NAIL  Dia -  7 mm, (Length -  22 cm ) SS , 220mm",Humeral nail ,Հատ,Без НДС,հատ,9021
00-00001111,"HUMERUS INTERLOCKING NAIL  Dia -  7 mm, (Length -  24 cm ) SS , 240mm","HUMERUS INTERLOCKING NAIL  Dia -  7 mm, (Length -  24 cm ) SS , 240mm",BOI.149.07.24.S,"HUMERUS INTERLOCKING NAIL  Dia -  7 mm, (Length -  24 cm ) SS , 240mm",Humeral nail ,Հատ,Без НДС,հատ,9021
00-00001109,"HUMERUS INTERLOCKING NAIL  Dia -  7 mm, (Length -  26 cm ) SS , 260mm","HUMERUS INTERLOCKING NAIL  Dia -  7 mm, (Length -  26 cm ) SS , 260mm",BOI.149.07.26.S,"HUMERUS INTERLOCKING NAIL  Dia -  7 mm, (Length -  26 cm ) SS , 260mm",Humeral nail ,Հատ,Без НДС,հատ,9021
00-00001107,"HUMERUS INTERLOCKING NAIL  Dia -  7 mm, (Length -  28 cm ) SS , 280mm","HUMERUS INTERLOCKING NAIL  Dia -  7 mm, (Length -  28 cm ) SS , 280mm",BOI.149.07.28.S,"HUMERUS INTERLOCKING NAIL  Dia -  7 mm, (Length -  28 cm ) SS , 280mm",Humeral nail ,Հատ,Без НДС,հատ,9021
00-00001105,"HUMERUS INTERLOCKING NAIL  Dia -  8 mm, (Length -  18 cm ) SS , 180mm","HUMERUS INTERLOCKING NAIL  Dia -  8 mm, (Length -  18 cm ) SS , 180mm",BOI.149.08.18.S,"HUMERUS INTERLOCKING NAIL  Dia -  8 mm, (Length -  18 cm ) SS , 180mm",Humeral nail ,Հատ,Без НДС,հատ,9021
00-00001103,"HUMERUS INTERLOCKING NAIL  Dia -  8 mm, (Length -  20 cm ) SS , 200mm","HUMERUS INTERLOCKING NAIL  Dia -  8 mm, (Length -  20 cm ) SS , 200mm",BOI.149.08.20.S,"HUMERUS INTERLOCKING NAIL  Dia -  8 mm, (Length -  20 cm ) SS , 200mm",Humeral nail ,Հատ,Без НДС,հատ,9021
00-00001101,"HUMERUS INTERLOCKING NAIL  Dia -  8 mm, (Length -  22 cm ) SS , 220mm","HUMERUS INTERLOCKING NAIL  Dia -  8 mm, (Length -  22 cm ) SS , 220mm",BOI.149.08.22.S,"HUMERUS INTERLOCKING NAIL  Dia -  8 mm, (Length -  22 cm ) SS , 220mm",Humeral nail ,Հատ,Без НДС,հատ,9021
00-00001099,"HUMERUS INTERLOCKING NAIL  Dia -  8 mm, (Length -  24 cm ) SS , 240mm","HUMERUS INTERLOCKING NAIL  Dia -  8 mm, (Length -  24 cm ) SS , 240mm",BOI.149.08.24.S,"HUMERUS INTERLOCKING NAIL  Dia -  8 mm, (Length -  24 cm ) SS , 240mm",Humeral nail ,Հատ,Без НДС,հատ,9021
00-00001097,"HUMERUS INTERLOCKING NAIL  Dia -  8 mm, (Length -  26 cm ) SS , 260mm","HUMERUS INTERLOCKING NAIL  Dia -  8 mm, (Length -  26 cm ) SS , 260mm",BOI.149.08.26.S,"HUMERUS INTERLOCKING NAIL  Dia -  8 mm, (Length -  26 cm ) SS , 260mm",Humeral nail ,Հատ,Без НДС,հատ,9021
00-00001095,"HUMERUS INTERLOCKING NAIL  Dia -  8 mm, (Length -  28 cm ) SS , 280mm","HUMERUS INTERLOCKING NAIL  Dia -  8 mm, (Length -  28 cm ) SS , 280mm",BOI.149.08.28.S,"HUMERUS INTERLOCKING NAIL  Dia -  8 mm, (Length -  28 cm ) SS , 280mm",Humeral nail ,Հատ,Без НДС,հատ,9021
00-00001093,"HUMERUS INTERLOCKING BOLT  3.1 mm  SS , 24mm","HUMERUS INTERLOCKING BOLT  3.1 mm  SS , 24mm",BOI.01.233.24.S,"HUMERUS INTERLOCKING BOLT  3.1 mm  SS , 24mm",Humeral nail ,Հատ,Без НДС,հատ,9021
00-00001091,"HUMERUS INTERLOCKING BOLT  3.1 mm  SS , 26mm","HUMERUS INTERLOCKING BOLT  3.1 mm  SS , 26mm",BOI.01.233.26.S,"HUMERUS INTERLOCKING BOLT  3.1 mm  SS , 26mm",Humeral nail ,Հատ,Без НДС,հատ,9021
00-00001089,"HUMERUS INTERLOCKING BOLT  3.1 mm  SS , 28mm","HUMERUS INTERLOCKING BOLT  3.1 mm  SS , 28mm",BOI.01.233.28.S,"HUMERUS INTERLOCKING BOLT  3.1 mm  SS , 28mm",Humeral nail ,Հատ,Без НДС,հատ,9021
00-00001087,"HUMERUS INTERLOCKING BOLT  3.1 mm  SS , 32mm","HUMERUS INTERLOCKING BOLT  3.1 mm  SS , 32mm",BOI.01.233.32.S,"HUMERUS INTERLOCKING BOLT  3.1 mm  SS , 32mm",Humeral nail ,Հատ,Без НДС,հատ,9021
00-00001085,"HUMERUS INTERLOCKING BOLT  3.1 mm  SS , 36mm","HUMERUS INTERLOCKING BOLT  3.1 mm  SS , 36mm",BOI.01.233.36.S,"HUMERUS INTERLOCKING BOLT  3.1 mm  SS , 36mm",Humeral nail ,Հատ,Без НДС,հատ,9021
00-00001083,"HUMERUS INTERLOCKING BOLT  3.1 mm  SS , 40mm","HUMERUS INTERLOCKING BOLT  3.1 mm  SS , 40mm",BOI.01.233.40.S,"HUMERUS INTERLOCKING BOLT  3.1 mm  SS , 40mm",Humeral nail ,Հատ,Без НДС,հատ,9021
00-00001081,"HUMERUS INTERLOCKING BOLT  3.1 mm  SS , 45mm","HUMERUS INTERLOCKING BOLT  3.1 mm  SS , 45mm",BOI.01.233.45.S,"HUMERUS INTERLOCKING BOLT  3.1 mm  SS , 45mm",Humeral nail ,Հատ,Без НДС,հատ,9021
00-00001076,"HUMERUS INTERLOCKING BOLT  3.1 mm  SS , 50mm","HUMERUS INTERLOCKING BOLT  3.1 mm  SS , 50mm",BOI.01.233.50.S,"HUMERUS INTERLOCKING BOLT  3.1 mm  SS , 50mm",Humeral nail ,Հատ,Без НДС,հատ,9021
00-00001078,"End cup for HUMERUS INTERLOCKING NAIL S.S. , ","End cup for HUMERUS INTERLOCKING NAIL S.S. , ",BO.710.042.S,"End cup for HUMERUS INTERLOCKING NAIL S.S. , ",Humeral nail ,Հատ,Без НДС,հատ,9021
00-00001128,"HUMERUS INTERLOCKING NAIL  Dia -  6 mm, (Length -  18 cm ) TT , 180mm","HUMERUS INTERLOCKING NAIL  Dia -  6 mm, (Length -  18 cm ) TT , 180mm",BOI.149.06.18.T,"HUMERUS INTERLOCKING NAIL  Dia -  6 mm, (Length -  18 cm ) TT , 180mm",Humeral nail ,Հատ,Без НДС,հատ,9021
00-00001126,"HUMERUS INTERLOCKING NAIL  Dia -  6 mm, (Length -  20 cm ) TT , 200mm","HUMERUS INTERLOCKING NAIL  Dia -  6 mm, (Length -  20 cm ) TT , 200mm",BOI.149.06.20.T,"HUMERUS INTERLOCKING NAIL  Dia -  6 mm, (Length -  20 cm ) TT , 200mm",Humeral nail ,Հատ,Без НДС,հատ,9021
00-00001124,"HUMERUS INTERLOCKING NAIL  Dia -  6 mm, (Length -  22 cm ) TT , 220mm","HUMERUS INTERLOCKING NAIL  Dia -  6 mm, (Length -  22 cm ) TT , 220mm",BOI.149.06.22.T,"HUMERUS INTERLOCKING NAIL  Dia -  6 mm, (Length -  22 cm ) TT , 220mm",Humeral nail ,Հատ,Без НДС,հատ,9021
00-00001122,"HUMERUS INTERLOCKING NAIL  Dia -  6 mm, (Length -  24 cm ) TT , 240mm","HUMERUS INTERLOCKING NAIL  Dia -  6 mm, (Length -  24 cm ) TT , 240mm",BOI.149.06.24.T,"HUMERUS INTERLOCKING NAIL  Dia -  6 mm, (Length -  24 cm ) TT , 240mm",Humeral nail ,Հատ,Без НДС,հատ,9021
00-00001120,"HUMERUS INTERLOCKING NAIL  Dia -  6 mm, (Length -  26 cm ) TT , 260mm","HUMERUS INTERLOCKING NAIL  Dia -  6 mm, (Length -  26 cm ) TT , 260mm",BOI.149.06.26.T,"HUMERUS INTERLOCKING NAIL  Dia -  6 mm, (Length -  26 cm ) TT , 260mm",Humeral nail ,Հատ,Без НДС,հատ,9021
00-00001118,"HUMERUS INTERLOCKING NAIL  Dia -  6 mm, (Length -  28 cm ) TT , 280mm","HUMERUS INTERLOCKING NAIL  Dia -  6 mm, (Length -  28 cm ) TT , 280mm",BOI.149.06.28.T,"HUMERUS INTERLOCKING NAIL  Dia -  6 mm, (Length -  28 cm ) TT , 280mm",Humeral nail ,Հատ,Без НДС,հատ,9021
00-00001116,"HUMERUS INTERLOCKING NAIL  Dia -  7 mm, (Length -  18 cm ) TT , 180mm","HUMERUS INTERLOCKING NAIL  Dia -  7 mm, (Length -  18 cm ) TT , 180mm",BOI.149.07.18.T,"HUMERUS INTERLOCKING NAIL  Dia -  7 mm, (Length -  18 cm ) TT , 180mm",Humeral nail ,Հատ,Без НДС,հատ,9021
00-00001114,"HUMERUS INTERLOCKING NAIL  Dia -  7 mm, (Length -  20 cm ) TT , 200mm","HUMERUS INTERLOCKING NAIL  Dia -  7 mm, (Length -  20 cm ) TT , 200mm",BOI.149.07.20.T,"HUMERUS INTERLOCKING NAIL  Dia -  7 mm, (Length -  20 cm ) TT , 200mm",Humeral nail ,Հատ,Без НДС,հատ,9021
00-00001112,"HUMERUS INTERLOCKING NAIL  Dia -  7 mm, (Length -  22 cm ) TT , 220mm","HUMERUS INTERLOCKING NAIL  Dia -  7 mm, (Length -  22 cm ) TT , 220mm",BOI.149.07.22.T,"HUMERUS INTERLOCKING NAIL  Dia -  7 mm, (Length -  22 cm ) TT , 220mm",Humeral nail ,Հատ,Без НДС,հատ,9021
00-00001110,"HUMERUS INTERLOCKING NAIL  Dia -  7 mm, (Length -  24 cm ) TT , 240mm","HUMERUS INTERLOCKING NAIL  Dia -  7 mm, (Length -  24 cm ) TT , 240mm",BOI.149.07.24.T,"HUMERUS INTERLOCKING NAIL  Dia -  7 mm, (Length -  24 cm ) TT , 240mm",Humeral nail ,Հատ,Без НДС,հատ,9021
00-00001108,"HUMERUS INTERLOCKING NAIL  Dia -  7 mm, (Length -  26 cm ) TT , 260mm","HUMERUS INTERLOCKING NAIL  Dia -  7 mm, (Length -  26 cm ) TT , 260mm",BOI.149.07.26.T,"HUMERUS INTERLOCKING NAIL  Dia -  7 mm, (Length -  26 cm ) TT , 260mm",Humeral nail ,Հատ,Без НДС,հատ,9021
00-00001106,"HUMERUS INTERLOCKING NAIL  Dia -  7 mm, (Length -  28 cm ) TT , 280mm","HUMERUS INTERLOCKING NAIL  Dia -  7 mm, (Length -  28 cm ) TT , 280mm",BOI.149.07.28.T,"HUMERUS INTERLOCKING NAIL  Dia -  7 mm, (Length -  28 cm ) TT , 280mm",Humeral nail ,Հատ,Без НДС,հատ,9021
00-00001104,"HUMERUS INTERLOCKING NAIL  Dia -  8 mm, (Length -  18 cm ) TT , 180mm","HUMERUS INTERLOCKING NAIL  Dia -  8 mm, (Length -  18 cm ) TT , 180mm",BOI.149.08.18.T,"HUMERUS INTERLOCKING NAIL  Dia -  8 mm, (Length -  18 cm ) TT , 180mm",Humeral nail ,Հատ,Без НДС,հատ,9021
00-00001102,"HUMERUS INTERLOCKING NAIL  Dia -  8 mm, (Length -  20 cm ) TT , 200mm","HUMERUS INTERLOCKING NAIL  Dia -  8 mm, (Length -  20 cm ) TT , 200mm",BOI.149.08.20.T,"HUMERUS INTERLOCKING NAIL  Dia -  8 mm, (Length -  20 cm ) TT , 200mm",Humeral nail ,Հատ,Без НДС,հատ,9021
00-00001100,"HUMERUS INTERLOCKING NAIL  Dia -  8 mm, (Length -  22 cm ) TT , 220mm","HUMERUS INTERLOCKING NAIL  Dia -  8 mm, (Length -  22 cm ) TT , 220mm",BOI.149.08.22.T,"HUMERUS INTERLOCKING NAIL  Dia -  8 mm, (Length -  22 cm ) TT , 220mm",Humeral nail ,Հատ,Без НДС,հատ,9021
00-00001098,"HUMERUS INTERLOCKING NAIL  Dia -  8 mm, (Length -  24 cm ) TT , 240mm","HUMERUS INTERLOCKING NAIL  Dia -  8 mm, (Length -  24 cm ) TT , 240mm",BOI.149.08.24.T,"HUMERUS INTERLOCKING NAIL  Dia -  8 mm, (Length -  24 cm ) TT , 240mm",Humeral nail ,Հատ,Без НДС,հատ,9021
00-00001096,"HUMERUS INTERLOCKING NAIL  Dia -  8 mm, (Length -  26 cm ) TT , 260mm","HUMERUS INTERLOCKING NAIL  Dia -  8 mm, (Length -  26 cm ) TT , 260mm",BOI.149.08.26.T,"HUMERUS INTERLOCKING NAIL  Dia -  8 mm, (Length -  26 cm ) TT , 260mm",Humeral nail ,Հատ,Без НДС,հատ,9021
00-00001094,"HUMERUS INTERLOCKING NAIL  Dia -  8 mm, (Length -  28 cm ) TT , 280mm","HUMERUS INTERLOCKING NAIL  Dia -  8 mm, (Length -  28 cm ) TT , 280mm",BOI.149.08.28.T,"HUMERUS INTERLOCKING NAIL  Dia -  8 mm, (Length -  28 cm ) TT , 280mm",Humeral nail ,Հատ,Без НДС,հատ,9021
00-00001092,"HUMERUS INTERLOCKING BOLT  3.1 mm  TT , 24mm","HUMERUS INTERLOCKING BOLT  3.1 mm  TT , 24mm",BOI.01.233.24.T,"HUMERUS INTERLOCKING BOLT  3.1 mm  TT , 24mm",Humeral nail ,Հատ,Без НДС,հատ,9021
00-00001090,"HUMERUS INTERLOCKING BOLT  3.1 mm  TT , 26mm","HUMERUS INTERLOCKING BOLT  3.1 mm  TT , 26mm",BOI.01.233.26.T,"HUMERUS INTERLOCKING BOLT  3.1 mm  TT , 26mm",Humeral nail ,Հատ,Без НДС,հատ,9021
00-00001088,"HUMERUS INTERLOCKING BOLT  3.1 mm  TT , 28mm","HUMERUS INTERLOCKING BOLT  3.1 mm  TT , 28mm",BOI.01.233.28.T,"HUMERUS INTERLOCKING BOLT  3.1 mm  TT , 28mm",Humeral nail ,Հատ,Без НДС,հատ,9021
00-00001086,"HUMERUS INTERLOCKING BOLT  3.1 mm  TT , 32mm","HUMERUS INTERLOCKING BOLT  3.1 mm  TT , 32mm",BOI.01.233.32.T,"HUMERUS INTERLOCKING BOLT  3.1 mm  TT , 32mm",Humeral nail ,Հատ,Без НДС,հատ,9021
00-00001084,"HUMERUS INTERLOCKING BOLT  3.1 mm  TT , 36mm","HUMERUS INTERLOCKING BOLT  3.1 mm  TT , 36mm",BOI.01.233.36.T,"HUMERUS INTERLOCKING BOLT  3.1 mm  TT , 36mm",Humeral nail ,Հատ,Без НДС,հատ,9021
00-00001082,"HUMERUS INTERLOCKING BOLT  3.1 mm  TT , 40mm","HUMERUS INTERLOCKING BOLT  3.1 mm  TT , 40mm",BOI.01.233.40.T,"HUMERUS INTERLOCKING BOLT  3.1 mm  TT , 40mm",Humeral nail ,Հատ,Без НДС,հատ,9021
00-00001080,"HUMERUS INTERLOCKING BOLT  3.1 mm  TT , 45mm","HUMERUS INTERLOCKING BOLT  3.1 mm  TT , 45mm",BOI.01.233.45.T,"HUMERUS INTERLOCKING BOLT  3.1 mm  TT , 45mm",Humeral nail ,Հատ,Без НДС,հատ,9021
00-00001079,"HUMERUS INTERLOCKING BOLT  3.1 mm  TT , 50mm","HUMERUS INTERLOCKING BOLT  3.1 mm  TT , 50mm",BOI.01.233.50.T,"HUMERUS INTERLOCKING BOLT  3.1 mm  TT , 50mm",Humeral nail ,Հատ,Без НДС,հատ,9021
00-00001077,"End cup for HUMERUS INTERLOCKING NAIL TT , ","End cup for HUMERUS INTERLOCKING NAIL TT , ",BO.710.042.T,"End cup for HUMERUS INTERLOCKING NAIL TT , ",Humeral nail ,Հատ,Без НДС,հատ,9021
00-00001137,"Spineway-Polyaxial Pedicle screws, 5x35 , Ti","Spineway-Polyaxial Pedicle screws, 5x35 , Ti",MB1PS535,"Spineway-Polyaxial Pedicle screws, 5x35 , Ti",Spineway,Հատ,Без НДС,հատ,9021
00-00001131,"Spineway-Polyaxial screws, Traction & 3D+ 4x40 , Ti","Spineway-Polyaxial screws, Traction & 3D+ 4x40 , Ti",MB1PSS440,"Spineway-Polyaxial screws, Traction & 3D+ 4x40 , Ti",Spineway,Հատ,Без НДС,հատ,9021
00-00001138,"Spineway-Polyaxial screws, Traction & 3D+ 5x40 , Ti","Spineway-Polyaxial screws, Traction & 3D+ 5x40 , Ti",MB1PSS540,"Spineway-Polyaxial screws, Traction & 3D+ 5x40 , Ti",Spineway,Հատ,Без НДС,հատ,9021
00-00001139,"Spineway-Polyaxial screws, Traction & 3D+ 5x45 , Ti","Spineway-Polyaxial screws, Traction & 3D+ 5x45 , Ti",MB1PSS545,"Spineway-Polyaxial screws, Traction & 3D+ 5x45 , Ti",Spineway,Հատ,Без НДС,հատ,9021
00-00001140,"Spineway-Polyaxial screws, Traction & 3D+ 5x50 , Ti","Spineway-Polyaxial screws, Traction & 3D+ 5x50 , Ti",MB1PSS550,"Spineway-Polyaxial screws, Traction & 3D+ 5x50 , Ti",Spineway,Հատ,Без НДС,հատ,9021
00-00001141,"Spineway-Polyaxial screws, Traction & 3D+ 6x40 , Ti","Spineway-Polyaxial screws, Traction & 3D+ 6x40 , Ti",MB1PSS640,"Spineway-Polyaxial screws, Traction & 3D+ 6x40 , Ti",Spineway,Հատ,Без НДС,հատ,9021
00-00001142,"Spineway-Polyaxial screws, Traction & 3D+ 6x45 , Ti","Spineway-Polyaxial screws, Traction & 3D+ 6x45 , Ti",MB1PSS645,"Spineway-Polyaxial screws, Traction & 3D+ 6x45 , Ti",Spineway,Հատ,Без НДС,հատ,9021
00-00001143,"Spineway-Polyaxial screws, Traction & 3D+ 6x50 , Ti","Spineway-Polyaxial screws, Traction & 3D+ 6x50 , Ti",MB1PSS650,"Spineway-Polyaxial screws, Traction & 3D+ 6x50 , Ti",Spineway,Հատ,Без НДС,հատ,9021
00-00001144,"Spineway-Polyaxial screws, Traction & 3D+ 7x45 , Ti","Spineway-Polyaxial screws, Traction & 3D+ 7x45 , Ti",MB1PSS745,"Spineway-Polyaxial screws, Traction & 3D+ 7x45 , Ti",Spineway,Հատ,Без НДС,հատ,9021
00-00001145,"Spineway-Polyaxial screws, Traction & 3D+ 7x50 , Ti","Spineway-Polyaxial screws, Traction & 3D+ 7x50 , Ti",MB1PSS750,"Spineway-Polyaxial screws, Traction & 3D+ 7x50 , Ti",Spineway,Հատ,Без НДС,հատ,9021
00-00001133,"Spineway-iliac polyaxial screw , Ti","Spineway-iliac polyaxial screw , Ti",MB1PS780,"Spineway-iliac polyaxial screw , Ti",Spineway,Հատ,Без НДС,հատ,9021
00-00001134,"Spineway-iliac polyaxial screw , Ti","Spineway-iliac polyaxial screw , Ti",MB1PS845,"Spineway-iliac polyaxial screw , Ti",Spineway,Հատ,Без НДС,հատ,9021
00-00001135,"Spineway-iliac polyaxial screw , Ti","Spineway-iliac polyaxial screw , Ti",MB1PS850,"Spineway-iliac polyaxial screw , Ti",Spineway,Հատ,Без НДС,հատ,9021
00-00001132,"Spineway-iliac lateral connector L:40mm , Ti","Spineway-iliac lateral connector L:40mm , Ti",MB1LC40,"Spineway-iliac lateral connector L:40mm , Ti",Spineway,Հատ,Без НДС,հատ,9021
00-00001147,"Spineway-VIS DE VERROUILLAGE POUR VIS MONT BLANC LOCK. SCREW , Ti","Spineway-VIS DE VERROUILLAGE POUR VIS MONT BLANC LOCK. SCREW , Ti",MB2LS,"Spineway-VIS DE VERROUILLAGE POUR VIS MONT BLANC LOCK. SCREW , Ti",Spineway,Հատ,Без НДС,հատ,9021
00-00001136,"Spineway-MONT BLANC TRANSVERSE CONNECTOR, SIZE L L:45 , Ti","Spineway-MONT BLANC TRANSVERSE CONNECTOR, SIZE L L:45 , Ti",MB2DTTL,"Spineway-MONT BLANC TRANSVERSE CONNECTOR, SIZE L L:45 , Ti",Spineway,Հատ,Без НДС,հատ,9021
00-00001146,"Spineway-Straight Rods 5.5 diametr L=500mm , Ti","Spineway-Straight Rods 5.5 diametr L=500mm , Ti",MB1R55500,"Spineway-Straight Rods 5.5 diametr L=500mm , Ti",Spineway,Հատ,Без НДС,հատ,9021
00-00001199,Distal Femur LCP 6.5mm 5h R Ti,Distal Femur LCP 6.5mm 5h R Ti,BO.163.R.05.T,Distal Femur LCP 6.5mm 5h R Ti,Plates,Հատ,Без НДС,հատ,9021
00-00001209,Distal Femur LCP 6.5mm 7h R Ti,Distal Femur LCP 6.5mm 7h R Ti,BO.163.R.07.T,Distal Femur LCP 6.5mm 7h R Ti,Plates,Հատ,Без НДС,հատ,9021
00-00001212,Distal Femur LCP 6.5mm 9h R Ti,Distal Femur LCP 6.5mm 9h R Ti,BO.163.R.09.T,Distal Femur LCP 6.5mm 9h R Ti,Plates,Հատ,Без НДС,հատ,9021
00-00001202,Distal Femur LCP 6.5mm 11 R Ti,Distal Femur LCP 6.5mm 11 R Ti,BO.163.R.11.T,Distal Femur LCP 6.5mm 11 R Ti,Plates,Հատ,Без НДС,հատ,9021
00-00001205,Distal Femur LCP 6.5mm 13 R Ti,Distal Femur LCP 6.5mm 13 R Ti,BO.163.R.13.T,Distal Femur LCP 6.5mm 13 R Ti,Plates,Հատ,Без НДС,հատ,9021
00-00001198,Distal Femur LCP 6.5mm 5h L Ti,Distal Femur LCP 6.5mm 5h L Ti,BO.163.L.05.T,Distal Femur LCP 6.5mm 5h L Ti,Plates,Հատ,Без НДС,հատ,9021
00-00001207,Distal Femur LCP 6.5mm 7h L Ti,Distal Femur LCP 6.5mm 7h L Ti,BO.163.L.07.T,Distal Femur LCP 6.5mm 7h L Ti,Plates,Հատ,Без НДС,հատ,9021
00-00001210,Distal Femur LCP 6.5mm 9h L Ti,Distal Femur LCP 6.5mm 9h L Ti,BO.163.L.09.T,Distal Femur LCP 6.5mm 9h L Ti,Plates,Հատ,Без НДС,հատ,9021
00-00001200,Distal Femur LCP 6.5mm 11 L Ti,Distal Femur LCP 6.5mm 11 L Ti,BO.163.L.11.T,Distal Femur LCP 6.5mm 11 L Ti,Plates,Հատ,Без НДС,հատ,9021
00-00001203,Distal Femur LCP 6.5mm 13 L Ti,Distal Femur LCP 6.5mm 13 L Ti,BO.163.L.13.T,Distal Femur LCP 6.5mm 13 L Ti,Plates,Հատ,Без НДС,հատ,9021
00-00001450,Proximal Humerus LCP PHILOS (SMALL DYNAMIC HOLE) 3h Ti,Proximal Humerus LCP PHILOS (SMALL DYNAMIC HOLE) 3h Ti,BO.02.156.03.T,Proximal Humerus LCP PHILOS (SMALL DYNAMIC HOLE) 3h Ti,Plates,Հատ,Без НДС,հատ,9021
00-00001452,Proximal Humerus LCP PHILOS (SMALL DYNAMIC HOLE) 4h Ti,Proximal Humerus LCP PHILOS (SMALL DYNAMIC HOLE) 4h Ti,BO.02.156.04.T,Proximal Humerus LCP PHILOS (SMALL DYNAMIC HOLE) 4h Ti,Plates,Հատ,Без НДС,հատ,9021
00-00001454,Proximal Humerus LCP PHILOS (SMALL DYNAMIC HOLE) 5h Ti,Proximal Humerus LCP PHILOS (SMALL DYNAMIC HOLE) 5h Ti,BO.02.156.05.T,Proximal Humerus LCP PHILOS (SMALL DYNAMIC HOLE) 5h Ti,Plates,Հատ,Без НДС,հատ,9021
00-00001456,Proximal Humerus LCP PHILOS (SMALL DYNAMIC HOLE) 6h Ti,Proximal Humerus LCP PHILOS (SMALL DYNAMIC HOLE) 6h Ti,BO.02.156.06.T,Proximal Humerus LCP PHILOS (SMALL DYNAMIC HOLE) 6h Ti,Plates,Հատ,Без НДС,հատ,9021
00-00001458,Proximal Humerus LCP PHILOS (SMALL DYNAMIC HOLE) 7h Ti,Proximal Humerus LCP PHILOS (SMALL DYNAMIC HOLE) 7h Ti,BO.02.156.07.T,Proximal Humerus LCP PHILOS (SMALL DYNAMIC HOLE) 7h Ti,Plates,Հատ,Без НДС,հատ,9021
00-00001460,Proximal Humerus LCP PHILOS (SMALL DYNAMIC HOLE) 8h Ti,Proximal Humerus LCP PHILOS (SMALL DYNAMIC HOLE) 8h Ti,BO.02.156.08.T,Proximal Humerus LCP PHILOS (SMALL DYNAMIC HOLE) 8h Ti,Plates,Հատ,Без НДС,հատ,9021
00-00001445,Proximal Humerus LCP PHILOS (SMALL DYNAMIC HOLE) 10h Ti,Proximal Humerus LCP PHILOS (SMALL DYNAMIC HOLE) 10h Ti,BO.02.156.10.T,Proximal Humerus LCP PHILOS (SMALL DYNAMIC HOLE) 10h Ti,Plates,Հատ,Без НДС,հատ,9021
00-00001447,Proximal Humerus LCP PHILOS (SMALL DYNAMIC HOLE) 12h Ti,Proximal Humerus LCP PHILOS (SMALL DYNAMIC HOLE) 12h Ti,BO.02.156.12.T,Proximal Humerus LCP PHILOS (SMALL DYNAMIC HOLE) 12h Ti,Plates,Հատ,Без НДС,հատ,9021
00-00001179,Clavicle locking  plate 4h L Ti,Clavicle locking  plate 4h L Ti,BO.9928.L.04.T,Clavicle locking  plate 4h L Ti,Plates,Հատ,Без НДС,հատ,9021
00-00001180,Clavicle locking  plate 6h L Ti,Clavicle locking  plate 6h L Ti,BO.9928.L.06.T,Clavicle locking  plate 6h L Ti,Plates,Հատ,Без НДС,հատ,9021
00-00001182,Clavicle locking  plate 8h L Ti,Clavicle locking  plate 8h L Ti,BO.9928.L.08.T,Clavicle locking  plate 8h L Ti,Plates,Հատ,Без НДС,հատ,9021
00-00001166,Clavicle locking  plate 4h R Ti,Clavicle locking  plate 4h R Ti,BO.9928.R.04.T,Clavicle locking  plate 4h R Ti,Plates,Հատ,Без НДС,հատ,9021
00-00001181,Clavicle locking  plate 6h R Ti,Clavicle locking  plate 6h R Ti,BO.9928.R.06.T,Clavicle locking  plate 6h R Ti,Plates,Հատ,Без НДС,հատ,9021
00-00001183,Clavicle locking  plate 8h R Ti,Clavicle locking  plate 8h R Ti,BO.9928.R.08.T,Clavicle locking  plate 8h R Ti,Plates,Հատ,Без НДС,հատ,9021
00-00001169,Clavicle locking  plate - II LCP 6h L Ti,Clavicle locking  plate - II LCP 6h L Ti,BO.01.9928.L.06.T,Clavicle locking  plate - II LCP 6h L Ti,Plates,Հատ,Без НДС,հատ,9021
00-00001171,Clavicle locking  plate - II LCP 8h L Ti,Clavicle locking  plate - II LCP 8h L Ti,BO.01.9928.L.08.T,Clavicle locking  plate - II LCP 8h L Ti,Plates,Հատ,Без НДС,հատ,9021
00-00001167,Clavicle locking  plate - II LCP 10h L Ti,Clavicle locking  plate - II LCP 10h L Ti,BO.01.9928.L.10.T,Clavicle locking  plate - II LCP 10h L Ti,Plates,Հատ,Без НДС,հատ,9021
00-00001170,Clavicle locking  plate - II LCP 6h R Ti,Clavicle locking  plate - II LCP 6h R Ti,BO.01.9928.R.06.T,Clavicle locking  plate - II LCP 6h R Ti,Plates,Հատ,Без НДС,հատ,9021
00-00001172,Clavicle locking  plate - II LCP 8h R Ti,Clavicle locking  plate - II LCP 8h R Ti,BO.01.9928.R.08.T,Clavicle locking  plate - II LCP 8h R Ti,Plates,Հատ,Без НДС,հատ,9021
00-00001168,Clavicle locking  plate - II LCP 10h R Ti,Clavicle locking  plate - II LCP 10h R Ti,BO.01.9928.R.10.T,Clavicle locking  plate - II LCP 10h R Ti,Plates,Հատ,Без НДС,հատ,9021
00-00001227,Distal Humerus With Lateral Support LCP (2.7mm&3.5mm) 3h R Ti,Distal Humerus With Lateral Support LCP (2.7mm&3.5mm) 3h R Ti,BO.9907.R.3.T,Distal Humerus With Lateral Support LCP (2.7mm&3.5mm) 3h R Ti,Plates,Հատ,Без НДС,հատ,9021
00-00001230,Distal Humerus With Lateral Support LCP (2.7mm&3.5mm) 5h R Ti,Distal Humerus With Lateral Support LCP (2.7mm&3.5mm) 5h R Ti,BO.9907.R.5.T,Distal Humerus With Lateral Support LCP (2.7mm&3.5mm) 5h R Ti,Plates,Հատ,Без НДС,հատ,9021
00-00001232,Distal Humerus With Lateral Support LCP (2.7mm&3.5mm) 7h R Ti,Distal Humerus With Lateral Support LCP (2.7mm&3.5mm) 7h R Ti,BO.9907.R.7.T,Distal Humerus With Lateral Support LCP (2.7mm&3.5mm) 7h R Ti,Plates,Հատ,Без НДС,հատ,9021
00-00001224,Distal Humerus With Lateral Support LCP (2.7mm&3.5mm) 11h R Ti,Distal Humerus With Lateral Support LCP (2.7mm&3.5mm) 11h R Ti,BO.9907.R.11.T,Distal Humerus With Lateral Support LCP (2.7mm&3.5mm) 11h R Ti,Plates,Հատ,Без НДС,հատ,9021
00-00001226,Distal Humerus With Lateral Support LCP (2.7mm&3.5mm) 13h R Ti,Distal Humerus With Lateral Support LCP (2.7mm&3.5mm) 13h R Ti,BO.9907.R.13.T,Distal Humerus With Lateral Support LCP (2.7mm&3.5mm) 13h R Ti,Plates,Հատ,Без НДС,հատ,9021
00-00001228,Distal Humerus With Lateral Support LCP (2.7mm&3.5mm) 3h R Ti,Distal Humerus With Lateral Support LCP (2.7mm&3.5mm) 3h R Ti,BO.9907.L.3.T,Distal Humerus With Lateral Support LCP (2.7mm&3.5mm) 3h R Ti,Plates,Հատ,Без НДС,հատ,9021
00-00001229,Distal Humerus With Lateral Support LCP (2.7mm&3.5mm) 5h L Ti,Distal Humerus With Lateral Support LCP (2.7mm&3.5mm) 5h L Ti,BO.9907.L.5.T,Distal Humerus With Lateral Support LCP (2.7mm&3.5mm) 5h L Ti,Plates,Հատ,Без НДС,հատ,9021
00-00001231,Distal Humerus With Lateral Support LCP (2.7mm&3.5mm) 7h L Ti,Distal Humerus With Lateral Support LCP (2.7mm&3.5mm) 7h L Ti,BO.9907.L.7.T,Distal Humerus With Lateral Support LCP (2.7mm&3.5mm) 7h L Ti,Plates,Հատ,Без НДС,հատ,9021
00-00001223,Distal Humerus With Lateral Support LCP (2.7mm&3.5mm) 11h L Ti,Distal Humerus With Lateral Support LCP (2.7mm&3.5mm) 11h L Ti,BO.9907.L.11.T,Distal Humerus With Lateral Support LCP (2.7mm&3.5mm) 11h L Ti,Plates,Հատ,Без НДС,հատ,9021
00-00001225,Distal Humerus With Lateral Support LCP (2.7mm&3.5mm) 13h L Ti,Distal Humerus With Lateral Support LCP (2.7mm&3.5mm) 13h L Ti,BO.9907.L.13.T,Distal Humerus With Lateral Support LCP (2.7mm&3.5mm) 13h L Ti,Plates,Հատ,Без НДС,հատ,9021
00-00001416,Medial Distal Humerus LCP (2.7mm&3.5mm) 3h R Ti,Medial Distal Humerus LCP (2.7mm&3.5mm) 3h R Ti,BO.9908.R.3.T,Medial Distal Humerus LCP (2.7mm&3.5mm) 3h R Ti,Plates,Հատ,Без НДС,հատ,9021
00-00001418,Medial Distal Humerus LCP (2.7mm&3.5mm) 5h R Ti,Medial Distal Humerus LCP (2.7mm&3.5mm) 5h R Ti,BO.9908.R.5.T,Medial Distal Humerus LCP (2.7mm&3.5mm) 5h R Ti,Plates,Հատ,Без НДС,հատ,9021
00-00001420,Medial Distal Humerus LCP (2.7mm&3.5mm) 7h R Ti,Medial Distal Humerus LCP (2.7mm&3.5mm) 7h R Ti,BO.9908.R.7.T,Medial Distal Humerus LCP (2.7mm&3.5mm) 7h R Ti,Plates,Հատ,Без НДС,հատ,9021
00-00001412,Medial Distal Humerus LCP (2.7mm&3.5mm) 11h R Ti,Medial Distal Humerus LCP (2.7mm&3.5mm) 11h R Ti,BO.9908.R.11.T,Medial Distal Humerus LCP (2.7mm&3.5mm) 11h R Ti,Plates,Հատ,Без НДС,հատ,9021
00-00001414,Medial Distal Humerus LCP (2.7mm&3.5mm) 13h R Ti,Medial Distal Humerus LCP (2.7mm&3.5mm) 13h R Ti,BO.9908.R.13.T,Medial Distal Humerus LCP (2.7mm&3.5mm) 13h R Ti,Plates,Հատ,Без НДС,հատ,9021
00-00001415,Medial Distal Humerus LCP (2.7mm&3.5mm) 3h L Ti,Medial Distal Humerus LCP (2.7mm&3.5mm) 3h L Ti,BO.9908.L.3.T,Medial Distal Humerus LCP (2.7mm&3.5mm) 3h L Ti,Plates,Հատ,Без НДС,հատ,9021
00-00001417,Medial Distal Humerus LCP (2.7mm&3.5mm) 5h L Ti,Medial Distal Humerus LCP (2.7mm&3.5mm) 5h L Ti,BO.9908.L.5.T,Medial Distal Humerus LCP (2.7mm&3.5mm) 5h L Ti,Plates,Հատ,Без НДС,հատ,9021
00-00001419,Medial Distal Humerus LCP (2.7mm&3.5mm) 7h L Ti,Medial Distal Humerus LCP (2.7mm&3.5mm) 7h L Ti,BO.9908.L.7.T,Medial Distal Humerus LCP (2.7mm&3.5mm) 7h L Ti,Plates,Հատ,Без НДС,հատ,9021
00-00001421,Medial Distal Humerus LCP (2.7mm&3.5mm) 9h L Ti,Medial Distal Humerus LCP (2.7mm&3.5mm) 9h L Ti,BO.9908.L.9.T,Medial Distal Humerus LCP (2.7mm&3.5mm) 9h L Ti,Plates,Հատ,Без НДС,հատ,9021
00-00001411,Medial Distal Humerus LCP (2.7mm&3.5mm) 11h L Ti,Medial Distal Humerus LCP (2.7mm&3.5mm) 11h L Ti,BO.9908.L.11.T,Medial Distal Humerus LCP (2.7mm&3.5mm) 11h L Ti,Plates,Հատ,Без НДС,հատ,9021
00-00001413,Medial Distal Humerus LCP (2.7mm&3.5mm) 13h L Ti,Medial Distal Humerus LCP (2.7mm&3.5mm) 13h L Ti,BO.9908.L.13.T,Medial Distal Humerus LCP (2.7mm&3.5mm) 13h L Ti,Plates,Հատ,Без НДС,հատ,9021
00-00001240,Extra-Aarticular Distal Humerus Locking Plate 4h R Ti,Extra-Aarticular Distal Humerus Locking Plate 4h R Ti,BO.9941.R.4.T,Extra-Aarticular Distal Humerus Locking Plate 4h R Ti,Plates,Հատ,Без НДС,հատ,9021
00-00001242,Extra-Aarticular Distal Humerus Locking Plate 6h R Ti,Extra-Aarticular Distal Humerus Locking Plate 6h R Ti,BO.9941.R.6.T,Extra-Aarticular Distal Humerus Locking Plate 6h R Ti,Plates,Հատ,Без НДС,հատ,9021
00-00001244,Extra-Aarticular Distal Humerus Locking Plate 8h R Ti,Extra-Aarticular Distal Humerus Locking Plate 8h R Ti,BO.9941.R.8.T,Extra-Aarticular Distal Humerus Locking Plate 8h R Ti,Plates,Հատ,Без НДС,հատ,9021
00-00001234,Extra-Aarticular Distal Humerus Locking Plate 10h R Ti,Extra-Aarticular Distal Humerus Locking Plate 10h R Ti,BO.9941.R.10.T,Extra-Aarticular Distal Humerus Locking Plate 10h R Ti,Plates,Հատ,Без НДС,հատ,9021
00-00001236,Extra-Aarticular Distal Humerus Locking Plate 12h R Ti,Extra-Aarticular Distal Humerus Locking Plate 12h R Ti,BO.9941.R.12.T,Extra-Aarticular Distal Humerus Locking Plate 12h R Ti,Plates,Հատ,Без НДС,հատ,9021
00-00001238,Extra-Aarticular Distal Humerus Locking Plate 14h R Ti,Extra-Aarticular Distal Humerus Locking Plate 14h R Ti,BO.9941.R.14.T,Extra-Aarticular Distal Humerus Locking Plate 14h R Ti,Plates,Հատ,Без НДС,հատ,9021
00-00001239,Extra-Aarticular Distal Humerus Locking Plate 4h L Ti,Extra-Aarticular Distal Humerus Locking Plate 4h L Ti,BO.9941.L.4.T,Extra-Aarticular Distal Humerus Locking Plate 4h L Ti,Plates,Հատ,Без НДС,հատ,9021
00-00001241,Extra-Aarticular Distal Humerus Locking Plate 6h L Ti,Extra-Aarticular Distal Humerus Locking Plate 6h L Ti,BO.9941.L.6.T,Extra-Aarticular Distal Humerus Locking Plate 6h L Ti,Plates,Հատ,Без НДС,հատ,9021
00-00001243,Extra-Aarticular Distal Humerus Locking Plate 8h L Ti,Extra-Aarticular Distal Humerus Locking Plate 8h L Ti,BO.9941.L.8.T,Extra-Aarticular Distal Humerus Locking Plate 8h L Ti,Plates,Հատ,Без НДС,հատ,9021
00-00001233,Extra-Aarticular Distal Humerus Locking Plate 10h L Ti,Extra-Aarticular Distal Humerus Locking Plate 10h L Ti,BO.9941.L.10.T,Extra-Aarticular Distal Humerus Locking Plate 10h L Ti,Plates,Հատ,Без НДС,հատ,9021
00-00001235,Extra-Aarticular Distal Humerus Locking Plate 12h L Ti,Extra-Aarticular Distal Humerus Locking Plate 12h L Ti,BO.9941.L.12.T,Extra-Aarticular Distal Humerus Locking Plate 12h L Ti,Plates,Հատ,Без НДС,հատ,9021
00-00001237,Extra-Aarticular Distal Humerus Locking Plate 14h L Ti,Extra-Aarticular Distal Humerus Locking Plate 14h L Ti,BO.9941.L.14.T,Extra-Aarticular Distal Humerus Locking Plate 14h L Ti,Plates,Հատ,Без НДС,հատ,9021
00-00001255,"Locking screw 2.4mm, 10mm Ti","Locking screw 2.4mm, 10mm Ti",BO.186.10.T,"Locking screw 2.4mm, 10mm Ti",Screws,Հատ,Без НДС,հատ,9021
00-00001256,"Locking screw 2.4mm, 12mm Ti","Locking screw 2.4mm, 12mm Ti",BO.186.12.T,"Locking screw 2.4mm, 12mm Ti",Screws,Հատ,Без НДС,հատ,9021
00-00001257,"Locking screw 2.4mm, 14mm Ti","Locking screw 2.4mm, 14mm Ti",BO.186.14.T,"Locking screw 2.4mm, 14mm Ti",Screws,Հատ,Без НДС,հատ,9021
00-00001258,"Locking screw 2.4mm, 16mm Ti","Locking screw 2.4mm, 16mm Ti",BO.186.16.T,"Locking screw 2.4mm, 16mm Ti",Screws,Հատ,Без НДС,հատ,9021
00-00001259,"Locking screw 2.4mm, 18mm Ti","Locking screw 2.4mm, 18mm Ti",BO.186.18.T,"Locking screw 2.4mm, 18mm Ti",Screws,Հատ,Без НДС,հատ,9021
00-00001260,"Locking screw 2.4mm, 20mm Ti","Locking screw 2.4mm, 20mm Ti",BO.186.20.T,"Locking screw 2.4mm, 20mm Ti",Screws,Հատ,Без НДС,հատ,9021
00-00001261,"Locking screw 2.4mm, 22mm Ti","Locking screw 2.4mm, 22mm Ti",BO.186.22.T,"Locking screw 2.4mm, 22mm Ti",Screws,Հատ,Без НДС,հատ,9021
00-00001262,"Locking screw 2.4mm, 24mm Ti","Locking screw 2.4mm, 24mm Ti",BO.186.24.T,"Locking screw 2.4mm, 24mm Ti",Screws,Հատ,Без НДС,հատ,9021
00-00001263,"Locking screw 2.4mm, 26mm Ti","Locking screw 2.4mm, 26mm Ti",BO.186.26.T,"Locking screw 2.4mm, 26mm Ti",Screws,Հատ,Без НДС,հատ,9021
00-00001264,"Locking screw 2.4mm, 28mm Ti","Locking screw 2.4mm, 28mm Ti",BO.186.28.T,"Locking screw 2.4mm, 28mm Ti",Screws,Հատ,Без НДС,հատ,9021
00-00001265,"Locking screw 2.4mm, 30mm Ti","Locking screw 2.4mm, 30mm Ti",BO.186.30.T,"Locking screw 2.4mm, 30mm Ti",Screws,Հատ,Без НДС,հատ,9021
00-00001266,"Locking screw 2.7mm, 32mm Ti","Locking screw 2.7mm, 32mm Ti",BO.204.32.T,"Locking screw 2.7mm, 32mm Ti",Screws,Հատ,Без НДС,հատ,9021
00-00001267,"Locking screw 2.7mm, 34mm Ti","Locking screw 2.7mm, 34mm Ti",BO.204.34.T,"Locking screw 2.7mm, 34mm Ti",Screws,Հատ,Без НДС,հատ,9021
00-00001268,"Locking screw 2.7mm, 36mm Ti","Locking screw 2.7mm, 36mm Ti",BO.204.36.T,"Locking screw 2.7mm, 36mm Ti",Screws,Հատ,Без НДС,հատ,9021
00-00001269,"Locking screw 2.7mm, 38mm Ti","Locking screw 2.7mm, 38mm Ti",BO.204.38.T,"Locking screw 2.7mm, 38mm Ti",Screws,Հատ,Без НДС,հատ,9021
00-00001270,"Locking screw 2.7mm, 40mm Ti","Locking screw 2.7mm, 40mm Ti",BO.204.40.T,"Locking screw 2.7mm, 40mm Ti",Screws,Հատ,Без НДС,հատ,9021
00-00001190,"Cortex screw 2.4mm, 10mm Ti","Cortex screw 2.4mm, 10mm Ti",BOI.185.10.T,"Cortex screw 2.4mm, 10mm Ti",Screws,Հատ,Без НДС,հատ,9021
00-00001191,"Cortex screw 2.4mm, 12mm Ti","Cortex screw 2.4mm, 12mm Ti",BOI.185.12.T,"Cortex screw 2.4mm, 12mm Ti",Screws,Հատ,Без НДС,հատ,9021
00-00001192,"Cortex screw 2.4mm, 14mm Ti","Cortex screw 2.4mm, 14mm Ti",BOI.185.14.T,"Cortex screw 2.4mm, 14mm Ti",Screws,Հատ,Без НДС,հատ,9021
00-00001193,"Cortex screw 2.4mm, 16mm Ti","Cortex screw 2.4mm, 16mm Ti",BOI.185.16.T,"Cortex screw 2.4mm, 16mm Ti",Screws,Հատ,Без НДС,հատ,9021
00-00001194,"Cortex screw 2.4mm, 20mm Ti","Cortex screw 2.4mm, 20mm Ti",BOI.185.20.T,"Cortex screw 2.4mm, 20mm Ti",Screws,Հատ,Без НДС,հատ,9021
00-00001195,"Cortex screw 2.4mm, 22mm Ti","Cortex screw 2.4mm, 22mm Ti",BOI.185.22.T,"Cortex screw 2.4mm, 22mm Ti",Screws,Հատ,Без НДС,հատ,9021
00-00001196,"Cortex screw 2.4mm, 24mm Ti","Cortex screw 2.4mm, 24mm Ti",BOI.185.24.T,"Cortex screw 2.4mm, 24mm Ti",Screws,Հատ,Без НДС,հատ,9021
00-00001197,"Cortex screw 2.4mm, 26mm Ti","Cortex screw 2.4mm, 26mm Ti",BOI.185.26.T,"Cortex screw 2.4mm, 26mm Ti",Screws,Հատ,Без НДС,հատ,9021
00-00001245,"Locking Cancellous Screw 5.0mm, 30mm Ti","Locking Cancellous Screw 5.0mm, 30mm Ti",BO.9930.30.T,"Locking Cancellous Screw 5.0mm, 30mm Ti",Screws,Հատ,Без НДС,հատ,9021
00-00001246,"Locking Cancellous Screw 5.0mm, 35mm Ti","Locking Cancellous Screw 5.0mm, 35mm Ti",BO.9930.35.T,"Locking Cancellous Screw 5.0mm, 35mm Ti",Screws,Հատ,Без НДС,հատ,9021
00-00001247,"Locking Cancellous Screw 5.0mm, 40mm Ti","Locking Cancellous Screw 5.0mm, 40mm Ti",BO.9930.40.T,"Locking Cancellous Screw 5.0mm, 40mm Ti",Screws,Հատ,Без НДС,հատ,9021
00-00001248,"Locking Cancellous Screw 5.0mm, 45mm Ti","Locking Cancellous Screw 5.0mm, 45mm Ti",BO.9930.45.T,"Locking Cancellous Screw 5.0mm, 45mm Ti",Screws,Հատ,Без НДС,հատ,9021
00-00001249,"Locking Cancellous Screw 5.0mm, 50mm Ti","Locking Cancellous Screw 5.0mm, 50mm Ti",BO.9930.50.T,"Locking Cancellous Screw 5.0mm, 50mm Ti",Screws,Հատ,Без НДС,հատ,9021
00-00001250,"Locking Cancellous Screw 5.0mm, 55mm Ti","Locking Cancellous Screw 5.0mm, 55mm Ti",BO.9930.55.T,"Locking Cancellous Screw 5.0mm, 55mm Ti",Screws,Հատ,Без НДС,հատ,9021
00-00001251,"Locking Cancellous Screw 5.0mm, 60mm Ti","Locking Cancellous Screw 5.0mm, 60mm Ti",BO.9930.60.T,"Locking Cancellous Screw 5.0mm, 60mm Ti",Screws,Հատ,Без НДС,հատ,9021
00-00001252,"Locking Cancellous Screw 5.0mm, 65mm Ti","Locking Cancellous Screw 5.0mm, 65mm Ti",BO.9930.65.T,"Locking Cancellous Screw 5.0mm, 65mm Ti",Screws,Հատ,Без НДС,հատ,9021
00-00001253,"Locking Cancellous Screw 5.0mm, 70mm Ti","Locking Cancellous Screw 5.0mm, 70mm Ti",BO.9930.70.T,"Locking Cancellous Screw 5.0mm, 70mm Ti",Screws,Հատ,Без НДС,հատ,9021
00-00001254,"Locking Cancellous Screw 5.0mm, 80mm Ti","Locking Cancellous Screw 5.0mm, 80mm Ti",BO.9930.80.T,"Locking Cancellous Screw 5.0mm, 80mm Ti",Screws,Հատ,Без НДС,հատ,9021
00-00001379,"Locking Screw Dia 6.5mm, 55mm Ti","Locking Screw Dia 6.5mm, 55mm Ti",BO.171.55.T,"Locking Screw Dia 6.5mm, 55mm Ti",Screws,Հատ,Без НДС,հատ,9021
00-00001380,"Locking Screw Dia 6.5mm, 60mm Ti","Locking Screw Dia 6.5mm, 60mm Ti",BO.171.60.T,"Locking Screw Dia 6.5mm, 60mm Ti",Screws,Հատ,Без НДС,հատ,9021
00-00001381,"Locking Screw Dia 6.5mm, 65mm Ti","Locking Screw Dia 6.5mm, 65mm Ti",BO.171.65.T,"Locking Screw Dia 6.5mm, 65mm Ti",Screws,Հատ,Без НДС,հատ,9021
00-00001382,"Locking Screw Dia 6.5mm, 70mm Ti","Locking Screw Dia 6.5mm, 70mm Ti",BO.171.70.T,"Locking Screw Dia 6.5mm, 70mm Ti",Screws,Հատ,Без НДС,հատ,9021
00-00001383,"Locking Screw Dia 6.5mm, 75mm Ti","Locking Screw Dia 6.5mm, 75mm Ti",BO.171.75.T,"Locking Screw Dia 6.5mm, 75mm Ti",Screws,Հատ,Без НДС,հատ,9021
00-00001271,"Locking Screw 3.5mm, 10mm Ti","Locking Screw 3.5mm, 10mm Ti",BO.168.10.T,"Locking Screw 3.5mm, 10mm Ti",Screws,Հատ,Без НДС,հատ,9021
00-00001272,"Locking Screw 3.5mm, 12mm Ti","Locking Screw 3.5mm, 12mm Ti",BO.168.12.T,"Locking Screw 3.5mm, 12mm Ti",Screws,Հատ,Без НДС,հատ,9021
00-00001273,"Locking Screw 3.5mm, 14mm Ti","Locking Screw 3.5mm, 14mm Ti",BO.168.14.T,"Locking Screw 3.5mm, 14mm Ti",Screws,Հատ,Без НДС,հատ,9021
00-00001274,"Locking Screw 3.5mm, 16mm Ti","Locking Screw 3.5mm, 16mm Ti",BO.168.16.T,"Locking Screw 3.5mm, 16mm Ti",Screws,Հատ,Без НДС,հատ,9021
00-00001275,"Locking Screw 3.5mm, 18mm Ti","Locking Screw 3.5mm, 18mm Ti",BO.168.18.T,"Locking Screw 3.5mm, 18mm Ti",Screws,Հատ,Без НДС,հատ,9021
00-00001276,"Locking Screw 3.5mm, 20mm Ti","Locking Screw 3.5mm, 20mm Ti",BO.168.20.T,"Locking Screw 3.5mm, 20mm Ti",Screws,Հատ,Без НДС,հատ,9021
00-00001277,"Locking Screw 3.5mm, 22mm Ti","Locking Screw 3.5mm, 22mm Ti",BO.168.22.T,"Locking Screw 3.5mm, 22mm Ti",Screws,Հատ,Без НДС,հատ,9021
00-00001278,"Locking Screw 3.5mm, 24mm Ti","Locking Screw 3.5mm, 24mm Ti",BO.168.24.T,"Locking Screw 3.5mm, 24mm Ti",Screws,Հատ,Без НДС,հատ,9021
00-00001279,"Locking Screw 3.5mm, 26mm Ti","Locking Screw 3.5mm, 26mm Ti",BO.168.26.T,"Locking Screw 3.5mm, 26mm Ti",Screws,Հատ,Без НДС,հատ,9021
00-00001280,"Locking Screw 3.5mm, 28mm Ti","Locking Screw 3.5mm, 28mm Ti",BO.168.28.T,"Locking Screw 3.5mm, 28mm Ti",Screws,Հատ,Без НДС,հատ,9021
00-00001281,"Locking Screw 3.5mm, 30mm Ti","Locking Screw 3.5mm, 30mm Ti",BO.168.30.T,"Locking Screw 3.5mm, 30mm Ti",Screws,Հատ,Без НДС,հատ,9021
00-00001282,"Locking Screw 3.5mm, 32mm Ti","Locking Screw 3.5mm, 32mm Ti",BO.168.32.T,"Locking Screw 3.5mm, 32mm Ti",Screws,Հատ,Без НДС,հատ,9021
00-00001283,"Locking Screw 3.5mm, 34mm Ti","Locking Screw 3.5mm, 34mm Ti",BO.168.34.T,"Locking Screw 3.5mm, 34mm Ti",Screws,Հատ,Без НДС,հատ,9021
00-00001284,"Locking Screw 3.5mm, 36mm Ti","Locking Screw 3.5mm, 36mm Ti",BO.168.36.T,"Locking Screw 3.5mm, 36mm Ti",Screws,Հատ,Без НДС,հատ,9021
00-00001285,"Locking Screw 3.5mm, 38mm Ti","Locking Screw 3.5mm, 38mm Ti",BO.168.38.T,"Locking Screw 3.5mm, 38mm Ti",Screws,Հատ,Без НДС,հատ,9021
00-00001286,"Locking Screw 3.5mm, 40mm Ti","Locking Screw 3.5mm, 40mm Ti",BO.168.40.T,"Locking Screw 3.5mm, 40mm Ti",Screws,Հատ,Без НДС,հատ,9021
00-00001287,"Locking Screw 3.5mm, 42mm Ti","Locking Screw 3.5mm, 42mm Ti",BO.168.42.T,"Locking Screw 3.5mm, 42mm Ti",Screws,Հատ,Без НДС,հատ,9021
00-00001288,"Locking Screw 3.5mm, 44mm Ti","Locking Screw 3.5mm, 44mm Ti",BO.168.44.T,"Locking Screw 3.5mm, 44mm Ti",Screws,Հատ,Без НДС,հատ,9021
00-00001289,"Locking Screw 3.5mm, 46mm Ti","Locking Screw 3.5mm, 46mm Ti",BO.168.46.T,"Locking Screw 3.5mm, 46mm Ti",Screws,Հատ,Без НДС,հատ,9021
00-00001290,"Locking Screw 3.5mm, 48mm Ti","Locking Screw 3.5mm, 48mm Ti",BO.168.48.T,"Locking Screw 3.5mm, 48mm Ti",Screws,Հատ,Без НДС,հատ,9021
00-00001291,"Locking Screw 3.5mm, 50mm Ti","Locking Screw 3.5mm, 50mm Ti",BO.168.50.T,"Locking Screw 3.5mm, 50mm Ti",Screws,Հատ,Без НДС,հատ,9021
00-00001292,"Locking Screw 3.5mm, 52mm Ti","Locking Screw 3.5mm, 52mm Ti",BO.168.52.T,"Locking Screw 3.5mm, 52mm Ti",Screws,Հատ,Без НДС,հատ,9021
00-00001293,"Locking Screw 3.5mm, 54mm Ti","Locking Screw 3.5mm, 54mm Ti",BO.168.54.T,"Locking Screw 3.5mm, 54mm Ti",Screws,Հատ,Без НДС,հատ,9021
00-00001294,"Locking Screw 3.5mm, 56mm Ti","Locking Screw 3.5mm, 56mm Ti",BO.168.56.T,"Locking Screw 3.5mm, 56mm Ti",Screws,Հատ,Без НДС,հատ,9021
00-00001295,"Locking Screw 3.5mm, 58mm Ti","Locking Screw 3.5mm, 58mm Ti",BO.168.58.T,"Locking Screw 3.5mm, 58mm Ti",Screws,Հատ,Без НДС,հատ,9021
00-00001296,"Locking Screw 3.5mm, 60mm Ti","Locking Screw 3.5mm, 60mm Ti",BO.168.60.T,"Locking Screw 3.5mm, 60mm Ti",Screws,Հատ,Без НДС,հատ,9021
00-00001365,"Locking Screw Dia 3.5mm,14mm (Cancellous 14TPI Thread) Ti","Locking Screw Dia 3.5mm,14mm (Cancellous 14TPI Thread) Ti",BO.9929.14.T,"Locking Screw Dia 3.5mm,14mm (Cancellous 14TPI Thread) Ti",Screws,Հատ,Без НДС,հատ,9021
00-00001366,"Locking Screw Dia 3.5mm,16mm (Cancellous 14TPI Thread) Ti","Locking Screw Dia 3.5mm,16mm (Cancellous 14TPI Thread) Ti",BO.9929.16.T,"Locking Screw Dia 3.5mm,16mm (Cancellous 14TPI Thread) Ti",Screws,Հատ,Без НДС,հատ,9021
00-00001367,"Locking Screw Dia 3.5mm,18mm (Cancellous 14TPI Thread) Ti","Locking Screw Dia 3.5mm,18mm (Cancellous 14TPI Thread) Ti",BO.9929.18.T,"Locking Screw Dia 3.5mm,18mm (Cancellous 14TPI Thread) Ti",Screws,Հատ,Без НДС,հատ,9021
00-00001368,"Locking Screw Dia 3.5mm,30mm (Cancellous 14TPI Thread) Ti","Locking Screw Dia 3.5mm,30mm (Cancellous 14TPI Thread) Ti",BO.9929.30.T,"Locking Screw Dia 3.5mm,30mm (Cancellous 14TPI Thread) Ti",Screws,Հատ,Без НДС,հատ,9021
00-00001369,"Locking Screw Dia 3.5mm,32mm (Cancellous 14TPI Thread) Ti","Locking Screw Dia 3.5mm,32mm (Cancellous 14TPI Thread) Ti",BO.9929.32.T,"Locking Screw Dia 3.5mm,32mm (Cancellous 14TPI Thread) Ti",Screws,Հատ,Без НДС,հատ,9021
00-00001370,"Locking Screw Dia 3.5mm,36mm (Cancellous 14TPI Thread) Ti","Locking Screw Dia 3.5mm,36mm (Cancellous 14TPI Thread) Ti",BO.9929.36.T,"Locking Screw Dia 3.5mm,36mm (Cancellous 14TPI Thread) Ti",Screws,Հատ,Без НДС,հատ,9021
00-00001371,"Locking Screw Dia 3.5mm,38mm (Cancellous 14TPI Thread) Ti","Locking Screw Dia 3.5mm,38mm (Cancellous 14TPI Thread) Ti",BO.9929.38.T,"Locking Screw Dia 3.5mm,38mm (Cancellous 14TPI Thread) Ti",Screws,Հատ,Без НДС,հատ,9021
00-00001372,"Locking Screw Dia 3.5mm,40mm (Cancellous 14TPI Thread) Ti","Locking Screw Dia 3.5mm,40mm (Cancellous 14TPI Thread) Ti",BO.9929.40.T,"Locking Screw Dia 3.5mm,40mm (Cancellous 14TPI Thread) Ti",Screws,Հատ,Без НДС,հատ,9021
00-00001373,"Locking Screw Dia 3.5mm,42mm (Cancellous 14TPI Thread) Ti","Locking Screw Dia 3.5mm,42mm (Cancellous 14TPI Thread) Ti",BO.9929.42.T,"Locking Screw Dia 3.5mm,42mm (Cancellous 14TPI Thread) Ti",Screws,Հատ,Без НДС,հատ,9021
00-00001374,"Locking Screw Dia 3.5mm,44mm (Cancellous 14TPI Thread) Ti","Locking Screw Dia 3.5mm,44mm (Cancellous 14TPI Thread) Ti",BO.9929.44.T,"Locking Screw Dia 3.5mm,44mm (Cancellous 14TPI Thread) Ti",Screws,Հատ,Без НДС,հատ,9021
00-00001375,"Locking Screw Dia 3.5mm,48mm (Cancellous 14TPI Thread) Ti","Locking Screw Dia 3.5mm,48mm (Cancellous 14TPI Thread) Ti",BO.9929.48.T,"Locking Screw Dia 3.5mm,48mm (Cancellous 14TPI Thread) Ti",Screws,Հատ,Без НДС,հատ,9021
00-00001376,"Locking Screw Dia 3.5mm,50mm (Cancellous 14TPI Thread) Ti","Locking Screw Dia 3.5mm,50mm (Cancellous 14TPI Thread) Ti",BO.9929.50.T,"Locking Screw Dia 3.5mm,50mm (Cancellous 14TPI Thread) Ti",Screws,Հատ,Без НДС,հատ,9021
00-00001377,"Locking Screw Dia 3.5mm,54mm (Cancellous 14TPI Thread) Ti","Locking Screw Dia 3.5mm,54mm (Cancellous 14TPI Thread) Ti",BO.9929.54.T,"Locking Screw Dia 3.5mm,54mm (Cancellous 14TPI Thread) Ti",Screws,Հատ,Без НДС,հատ,9021
00-00001378,"Locking Screw Dia 3.5mm,58mm (Cancellous 14TPI Thread) Ti","Locking Screw Dia 3.5mm,58mm (Cancellous 14TPI Thread) Ti",BO.9929.58.T,"Locking Screw Dia 3.5mm,58mm (Cancellous 14TPI Thread) Ti",Screws,Հատ,Без НДС,հատ,9021
00-00001352,"Locking screw cancellous 4,0mm, 20mm Ti","Locking screw cancellous 4,0mm, 20mm Ti",BO.170.20.T,"Locking screw cancellous 4,0mm, 20mm Ti",Screws,Հատ,Без НДС,հատ,9021
00-00001353,"Locking screw cancellous 4,0mm, 25mm Ti","Locking screw cancellous 4,0mm, 25mm Ti",BO.170.25.T,"Locking screw cancellous 4,0mm, 25mm Ti",Screws,Հատ,Без НДС,հատ,9021
00-00001354,"Locking screw cancellous 4,0mm, 30mm Ti","Locking screw cancellous 4,0mm, 30mm Ti",BO.170.30.T,"Locking screw cancellous 4,0mm, 30mm Ti",Screws,Հատ,Без НДС,հատ,9021
00-00001355,"Locking screw cancellous 4,0mm, 35mm Ti","Locking screw cancellous 4,0mm, 35mm Ti",BO.170.35.T,"Locking screw cancellous 4,0mm, 35mm Ti",Screws,Հատ,Без НДС,հատ,9021
00-00001356,"Locking screw cancellous 4,0mm, 40mm Ti","Locking screw cancellous 4,0mm, 40mm Ti",BO.170.40.T,"Locking screw cancellous 4,0mm, 40mm Ti",Screws,Հատ,Без НДС,հատ,9021
00-00001357,"Locking screw cancellous 4,0mm, 45mm Ti","Locking screw cancellous 4,0mm, 45mm Ti",BO.170.45.T,"Locking screw cancellous 4,0mm, 45mm Ti",Screws,Հատ,Без НДС,հատ,9021
00-00001358,"Locking screw cancellous 4,0mm, 50mm Ti","Locking screw cancellous 4,0mm, 50mm Ti",BO.170.50.T,"Locking screw cancellous 4,0mm, 50mm Ti",Screws,Հատ,Без НДС,հատ,9021
00-00001359,"Locking screw cancellous 4,0mm, 55mm Ti","Locking screw cancellous 4,0mm, 55mm Ti",BO.170.55.T,"Locking screw cancellous 4,0mm, 55mm Ti",Screws,Հատ,Без НДС,հատ,9021
00-00001360,"Locking screw cancellous 4,0mm, 60mm Ti","Locking screw cancellous 4,0mm, 60mm Ti",BO.170.60.T,"Locking screw cancellous 4,0mm, 60mm Ti",Screws,Հատ,Без НДС,հատ,9021
00-00001361,"Locking screw cancellous 4,0mm, 65mm Ti","Locking screw cancellous 4,0mm, 65mm Ti",BO.170.65.T,"Locking screw cancellous 4,0mm, 65mm Ti",Screws,Հատ,Без НДС,հատ,9021
00-00001362,"Locking screw cancellous 4,0mm, 70mm Ti","Locking screw cancellous 4,0mm, 70mm Ti",BO.170.70.T,"Locking screw cancellous 4,0mm, 70mm Ti",Screws,Հատ,Без НДС,հատ,9021
00-00001363,"Locking screw cancellous 4,0mm, 75mm Ti","Locking screw cancellous 4,0mm, 75mm Ti",BO.170.75.T,"Locking screw cancellous 4,0mm, 75mm Ti",Screws,Հատ,Без НДС,հատ,9021
00-00001364,"Locking screw cancellous 4,0mm, 80mm Ti","Locking screw cancellous 4,0mm, 80mm Ti",BO.170.80.T,"Locking screw cancellous 4,0mm, 80mm Ti",Screws,Հատ,Без НДС,հատ,9021
00-00001214,"Distal Fibula Locking Plate 3.5mm, 4h  S.S.","Distal Fibula Locking Plate 3.5mm, 4h  S.S.",BO.269.4.S,"Distal Fibula Locking Plate 3.5mm, 4h  S.S.",Plates,Հատ,Без НДС,հատ,9021
00-00001215,"Distal Fibula Locking Plate 3.5mm, 6h  S.S.","Distal Fibula Locking Plate 3.5mm, 6h  S.S.",BO.269.6.S,"Distal Fibula Locking Plate 3.5mm, 6h  S.S.",Plates,Հատ,Без НДС,հատ,9021
00-00001216,"Distal Fibula Locking Plate 3.5mm, 8h  S.S.","Distal Fibula Locking Plate 3.5mm, 8h  S.S.",BO.269.8.S,"Distal Fibula Locking Plate 3.5mm, 8h  S.S.",Plates,Հատ,Без НДС,հատ,9021
00-00001213,"Distal Fibula Locking Plate 3.5mm, 10h  S.S.","Distal Fibula Locking Plate 3.5mm, 10h  S.S.",BO.269.10.S,"Distal Fibula Locking Plate 3.5mm, 10h  S.S.",Plates,Հատ,Без НДС,հատ,9021
00-00001482,"Reconstruction Locking Plate Dynamic hole 3,5mm, 5h S.S.","Reconstruction Locking Plate Dynamic hole 3,5mm, 5h S.S.",BO.9912.5.S,"Reconstruction Locking Plate Dynamic hole 3,5mm, 5h S.S.",Plates,Հատ,Без НДС,հատ,9021
00-00001483,"Reconstruction Locking Plate Dynamic hole 3,5mm, 7h S.S.","Reconstruction Locking Plate Dynamic hole 3,5mm, 7h S.S.",BO.9912.7.S,"Reconstruction Locking Plate Dynamic hole 3,5mm, 7h S.S.",Plates,Հատ,Без НДС,հատ,9021
00-00001484,"Reconstruction Locking Plate Dynamic hole 3,5mm, 9h S.S.","Reconstruction Locking Plate Dynamic hole 3,5mm, 9h S.S.",BO.9912.9.S,"Reconstruction Locking Plate Dynamic hole 3,5mm, 9h S.S.",Plates,Հատ,Без НДС,հատ,9021
00-00001479,"Reconstruction Locking Plate Dynamic hole 3,5mm, 11h S.S.","Reconstruction Locking Plate Dynamic hole 3,5mm, 11h S.S.",BO.9912.11.S,"Reconstruction Locking Plate Dynamic hole 3,5mm, 11h S.S.",Plates,Հատ,Без НДС,հատ,9021
00-00001480,"Reconstruction Locking Plate Dynamic hole 3,5mm, 12h S.S.","Reconstruction Locking Plate Dynamic hole 3,5mm, 12h S.S.",BO.9912.12.S,"Reconstruction Locking Plate Dynamic hole 3,5mm, 12h S.S.",Plates,Հատ,Без НДС,հատ,9021
00-00001481,"Reconstruction Locking Plate Dynamic hole 3,5mm, 14h S.S.","Reconstruction Locking Plate Dynamic hole 3,5mm, 14h S.S.",BO.9912.14.S,"Reconstruction Locking Plate Dynamic hole 3,5mm, 14h S.S.",Plates,Հատ,Без НДС,հատ,9021
00-00001184,Clavicle locking plate 4h L S.S.,Clavicle locking plate 4h L S.S.,BO.9928.L.04.S,Clavicle locking plate 4h L S.S.,Plates,Հատ,Без НДС,հատ,9021
00-00001186,Clavicle locking plate 6h L S.S.,Clavicle locking plate 6h L S.S.,BO.9928.L.06.S,Clavicle locking plate 6h L S.S.,Plates,Հատ,Без НДС,հատ,9021
00-00001188,Clavicle locking plate 8h L S.S.,Clavicle locking plate 8h L S.S.,BO.9928.L.08.S,Clavicle locking plate 8h L S.S.,Plates,Հատ,Без НДС,հատ,9021
00-00001185,Clavicle locking plate 4h R S.S.,Clavicle locking plate 4h R S.S.,BO.9928.R.04.S,Clavicle locking plate 4h R S.S.,Plates,Հատ,Без НДС,հատ,9021
00-00001187,Clavicle locking plate 6h R S.S.,Clavicle locking plate 6h R S.S.,BO.9928.R.06.S,Clavicle locking plate 6h R S.S.,Plates,Հատ,Без НДС,հատ,9021
00-00001189,Clavicle locking plate 8h R S.S.,Clavicle locking plate 8h R S.S.,BO.9928.R.08.S,Clavicle locking plate 8h R S.S.,Plates,Հատ,Без НДС,հատ,9021
00-00001175,"Clavicle locking  plate - II LCP, 6h L S.S.","Clavicle locking  plate - II LCP, 6h L S.S.",BO.01.9928.L.06.S,"Clavicle locking  plate - II LCP, 6h L S.S.",Plates,Հատ,Без НДС,հատ,9021
00-00001177,"Clavicle locking  plate - II LCP, 8h L S.S.","Clavicle locking  plate - II LCP, 8h L S.S.",BO.01.9928.L.08.S,"Clavicle locking  plate - II LCP, 8h L S.S.",Plates,Հատ,Без НДС,հատ,9021
00-00001173,"Clavicle locking  plate - II LCP, 10h L S.S.","Clavicle locking  plate - II LCP, 10h L S.S.",BO.01.9928.L.10.S,"Clavicle locking  plate - II LCP, 10h L S.S.",Plates,Հատ,Без НДС,հատ,9021
00-00001176,"Clavicle locking  plate - II LCP, 6h R S.S.","Clavicle locking  plate - II LCP, 6h R S.S.",BO.01.9928.R.06.S,"Clavicle locking  plate - II LCP, 6h R S.S.",Plates,Հատ,Без НДС,հատ,9021
00-00001178,"Clavicle locking  plate - II LCP, 8h R S.S.","Clavicle locking  plate - II LCP, 8h R S.S.",BO.01.9928.R.08.S,"Clavicle locking  plate - II LCP, 8h R S.S.",Plates,Հատ,Без НДС,հատ,9021
00-00001174,"Clavicle locking  plate - II LCP, 10h R S.S.","Clavicle locking  plate - II LCP, 10h R S.S.",BO.01.9928.R.10.S,"Clavicle locking  plate - II LCP, 10h R S.S.",Plates,Հատ,Без НДС,հատ,9021
00-00001428,Medial Distal Tibia Locking Plate 5h L S.S,Medial Distal Tibia Locking Plate 5h L S.S,BO.9909.5.L,Medial Distal Tibia Locking Plate 5h L S.S,Plates,Հատ,Без НДС,հատ,9021
00-00001430,Medial Distal Tibia Locking Plate 7h L S.S,Medial Distal Tibia Locking Plate 7h L S.S,BO.9909.7.L,Medial Distal Tibia Locking Plate 7h L S.S,Plates,Հատ,Без НДС,հատ,9021
00-00001432,Medial Distal Tibia Locking Plate 9h L S.S,Medial Distal Tibia Locking Plate 9h L S.S,BO.9909.9.L,Medial Distal Tibia Locking Plate 9h L S.S,Plates,Հատ,Без НДС,հատ,9021
00-00001422,Medial Distal Tibia Locking Plate 11h L S.S,Medial Distal Tibia Locking Plate 11h L S.S,BO.9909.11.L,Medial Distal Tibia Locking Plate 11h L S.S,Plates,Հատ,Без НДС,հատ,9021
00-00001424,Medial Distal Tibia Locking Plate 13h L S.S,Medial Distal Tibia Locking Plate 13h L S.S,BO.9909.13.L,Medial Distal Tibia Locking Plate 13h L S.S,Plates,Հատ,Без НДС,հատ,9021
00-00001426,Medial Distal Tibia Locking Plate 15h L S.S,Medial Distal Tibia Locking Plate 15h L S.S,BO.9909.15.L,Medial Distal Tibia Locking Plate 15h L S.S,Plates,Հատ,Без НДС,հատ,9021
00-00001429,Medial Distal Tibia Locking Plate 5h R S.S,Medial Distal Tibia Locking Plate 5h R S.S,BO.9909.5.R,Medial Distal Tibia Locking Plate 5h R S.S,Plates,Հատ,Без НДС,հատ,9021
00-00001431,Medial Distal Tibia Locking Plate 7h R S.S,Medial Distal Tibia Locking Plate 7h R S.S,BO.9909.7.R,Medial Distal Tibia Locking Plate 7h R S.S,Plates,Հատ,Без НДС,հատ,9021
00-00001433,Medial Distal Tibia Locking Plate 9h R S.S,Medial Distal Tibia Locking Plate 9h R S.S,BO.9909.9.R,Medial Distal Tibia Locking Plate 9h R S.S,Plates,Հատ,Без НДС,հատ,9021
00-00001423,Medial Distal Tibia Locking Plate 11h R S.S,Medial Distal Tibia Locking Plate 11h R S.S,BO.9909.11.R,Medial Distal Tibia Locking Plate 11h R S.S,Plates,Հատ,Без НДС,հատ,9021
00-00001425,Medial Distal Tibia Locking Plate 13h R S.S,Medial Distal Tibia Locking Plate 13h R S.S,BO.9909.13.R,Medial Distal Tibia Locking Plate 13h R S.S,Plates,Հատ,Без НДС,հատ,9021
00-00001427,Medial Distal Tibia Locking Plate 15h R S.S,Medial Distal Tibia Locking Plate 15h R S.S,BO.9909.15.R,Medial Distal Tibia Locking Plate 15h R S.S,Plates,Հատ,Без НДС,հատ,9021
00-00001151,"Calcaneal LCP 3.5mm, 75mm R S.S.","Calcaneal LCP 3.5mm, 75mm R S.S.",BO.9940.75.R.S,"Calcaneal LCP 3.5mm, 75mm R S.S.",Plates,Հատ,Без НДС,հատ,9021
00-00001149,"Calcaneal LCP 3.5mm, 70mm R S.S.","Calcaneal LCP 3.5mm, 70mm R S.S.",BO.9940.75.R.S,"Calcaneal LCP 3.5mm, 70mm R S.S.",Plates,Հատ,Без НДС,հատ,9021
00-00001150,"Calcaneal LCP 3.5mm, 75mm L S.S.","Calcaneal LCP 3.5mm, 75mm L S.S.",BO.9940.75.L.S,"Calcaneal LCP 3.5mm, 75mm L S.S.",Plates,Հատ,Без НДС,հատ,9021
00-00001148,"Calcaneal LCP 3.5mm, 70mm L S.S.","Calcaneal LCP 3.5mm, 70mm L S.S.",BO.9940.75.L.S,"Calcaneal LCP 3.5mm, 70mm L S.S.",Plates,Հատ,Без НДС,հատ,9021
00-00001437,Proximal humerus LCP PHILOS (long dynamic hole) 3h S.S ,Proximal humerus LCP PHILOS (long dynamic hole) 3h S.S ,BO.01.156.03.S,Proximal humerus LCP PHILOS (long dynamic hole) 3h S.S ,Plates,Հատ,Без НДС,հատ,9021
00-00001438,Proximal humerus LCP PHILOS (long dynamic hole) 4h S.S ,Proximal humerus LCP PHILOS (long dynamic hole) 4h S.S ,BO.01.156.04.S,Proximal humerus LCP PHILOS (long dynamic hole) 4h S.S ,Plates,Հատ,Без НДС,հատ,9021
00-00001439,Proximal humerus LCP PHILOS (long dynamic hole) 5h S.S ,Proximal humerus LCP PHILOS (long dynamic hole) 5h S.S ,BO.01.156.05.S,Proximal humerus LCP PHILOS (long dynamic hole) 5h S.S ,Plates,Հատ,Без НДС,հատ,9021
00-00001440,Proximal humerus LCP PHILOS (long dynamic hole) 6h S.S ,Proximal humerus LCP PHILOS (long dynamic hole) 6h S.S ,BO.01.156.06.S,Proximal humerus LCP PHILOS (long dynamic hole) 6h S.S ,Plates,Հատ,Без НДС,հատ,9021
00-00001441,Proximal humerus LCP PHILOS (long dynamic hole) 7h S.S ,Proximal humerus LCP PHILOS (long dynamic hole) 7h S.S ,BO.01.156.07.S,Proximal humerus LCP PHILOS (long dynamic hole) 7h S.S ,Plates,Հատ,Без НДС,հատ,9021
00-00001442,Proximal humerus LCP PHILOS (long dynamic hole) 8h S.S ,Proximal humerus LCP PHILOS (long dynamic hole) 8h S.S ,BO.01.156.08.S,Proximal humerus LCP PHILOS (long dynamic hole) 8h S.S ,Plates,Հատ,Без НДС,հատ,9021
00-00001443,Proximal humerus LCP PHILOS (long dynamic hole) 9h S.S ,Proximal humerus LCP PHILOS (long dynamic hole) 9h S.S ,BO.01.156.09.S,Proximal humerus LCP PHILOS (long dynamic hole) 9h S.S ,Plates,Հատ,Без НДС,հատ,9021
00-00001434,Proximal humerus LCP PHILOS (long dynamic hole) 10h S.S ,Proximal humerus LCP PHILOS (long dynamic hole) 10h S.S ,BO.01.156.10.S,Proximal humerus LCP PHILOS (long dynamic hole) 10h S.S ,Plates,Հատ,Без НДС,հատ,9021
00-00001435,Proximal humerus LCP PHILOS (long dynamic hole) 12h S.S ,Proximal humerus LCP PHILOS (long dynamic hole) 12h S.S ,BO.01.156.12.S,Proximal humerus LCP PHILOS (long dynamic hole) 12h S.S ,Plates,Հատ,Без НДС,հատ,9021
00-00001436,Proximal humerus LCP PHILOS (long dynamic hole) 13h S.S ,Proximal humerus LCP PHILOS (long dynamic hole) 13h S.S ,BO.01.156.13.S,Proximal humerus LCP PHILOS (long dynamic hole) 13h S.S ,Plates,Հատ,Без НДС,հատ,9021
00-00001449,Proximal humerus LCP PHILOS (small dynamic hole) 3h S.S ,Proximal humerus LCP PHILOS (small dynamic hole) 3h S.S ,BO.02.156.03.S,Proximal humerus LCP PHILOS (small dynamic hole) 3h S.S ,Plates,Հատ,Без НДС,հատ,9021
00-00001451,Proximal humerus LCP PHILOS (small dynamic hole) 4h S.S ,Proximal humerus LCP PHILOS (small dynamic hole) 4h S.S ,BO.02.156.04.S,Proximal humerus LCP PHILOS (small dynamic hole) 4h S.S ,Plates,Հատ,Без НДС,հատ,9021
00-00001453,Proximal humerus LCP PHILOS (small dynamic hole) 5h S.S ,Proximal humerus LCP PHILOS (small dynamic hole) 5h S.S ,BO.02.156.05.S,Proximal humerus LCP PHILOS (small dynamic hole) 5h S.S ,Plates,Հատ,Без НДС,հատ,9021
00-00001455,Proximal humerus LCP PHILOS (small dynamic hole) 6h S.S ,Proximal humerus LCP PHILOS (small dynamic hole) 6h S.S ,BO.02.156.06.S,Proximal humerus LCP PHILOS (small dynamic hole) 6h S.S ,Plates,Հատ,Без НДС,հատ,9021
00-00001457,Proximal humerus LCP PHILOS (small dynamic hole) 7h S.S ,Proximal humerus LCP PHILOS (small dynamic hole) 7h S.S ,BO.02.156.07.S,Proximal humerus LCP PHILOS (small dynamic hole) 7h S.S ,Plates,Հատ,Без НДС,հատ,9021
00-00001459,Proximal humerus LCP PHILOS (small dynamic hole) 8h S.S ,Proximal humerus LCP PHILOS (small dynamic hole) 8h S.S ,BO.02.156.08.S,Proximal humerus LCP PHILOS (small dynamic hole) 8h S.S ,Plates,Հատ,Без НДС,հատ,9021
00-00001461,Proximal humerus LCP PHILOS (small dynamic hole) 9h S.S ,Proximal humerus LCP PHILOS (small dynamic hole) 9h S.S ,BO.02.156.09.S,Proximal humerus LCP PHILOS (small dynamic hole) 9h S.S ,Plates,Հատ,Без НДС,հատ,9021
00-00001444,Proximal humerus LCP PHILOS (small dynamic hole) 10h S.S ,Proximal humerus LCP PHILOS (small dynamic hole) 10h S.S ,BO.02.156.10.S,Proximal humerus LCP PHILOS (small dynamic hole) 10h S.S ,Plates,Հատ,Без НДС,հատ,9021
00-00001446,Proximal humerus LCP PHILOS (small dynamic hole) 12h S.S ,Proximal humerus LCP PHILOS (small dynamic hole) 12h S.S ,BO.02.156.12.S,Proximal humerus LCP PHILOS (small dynamic hole) 12h S.S ,Plates,Հատ,Без НДС,հատ,9021
00-00001448,Proximal humerus LCP PHILOS (small dynamic hole) 13h S.S ,Proximal humerus LCP PHILOS (small dynamic hole) 13h S.S ,BO.02.156.13.S,Proximal humerus LCP PHILOS (small dynamic hole) 13h S.S ,Plates,Հատ,Без НДС,հատ,9021
00-00001486,T Buttress LCP 4h S.S,T Buttress LCP 4h S.S,B01.262.4.S,T Buttress LCP 4h S.S,Plates,Հատ,Без НДС,հատ,9021
00-00001487,T Buttress LCP 5h S.S,T Buttress LCP 5h S.S,B01.262.5.S,T Buttress LCP 5h S.S,Plates,Հատ,Без НДС,հատ,9021
00-00001488,T Buttress LCP 6h S.S,T Buttress LCP 6h S.S,B01.262.6.S,T Buttress LCP 6h S.S,Plates,Հատ,Без НДС,հատ,9021
00-00001489,T Buttress LCP 7h S.S,T Buttress LCP 7h S.S,B01.262.7.S,T Buttress LCP 7h S.S,Plates,Հատ,Без НДС,հատ,9021
00-00001490,T Buttress LCP 8h S.S,T Buttress LCP 8h S.S,B01.262.8.S,T Buttress LCP 8h S.S,Plates,Հատ,Без НДС,հատ,9021
00-00001491,T Buttress LCP 9h S.S,T Buttress LCP 9h S.S,B01.262.9.S,T Buttress LCP 9h S.S,Plates,Հատ,Без НДС,հատ,9021
00-00001485,T Buttress LCP 10h S.S,T Buttress LCP 10h S.S,B01.262.10.S,T Buttress LCP 10h S.S,Plates,Հատ,Без НДС,հատ,9021
00-00001206,Distal Femur LCP 6.5mm 5h R S.S,Distal Femur LCP 6.5mm 5h R S.S,BO.163.R.05.S,Distal Femur LCP 6.5mm 5h R S.S,Plates,Հատ,Без НДС,հատ,9021
00-00001208,Distal Femur LCP 6.5mm 7h R S.S,Distal Femur LCP 6.5mm 7h R S.S,BO.163.R.07.S,Distal Femur LCP 6.5mm 7h R S.S,Plates,Հատ,Без НДС,հատ,9021
00-00001211,Distal Femur LCP 6.5mm 9h R S.S,Distal Femur LCP 6.5mm 9h R S.S,BO.163.R.09.S,Distal Femur LCP 6.5mm 9h R S.S,Plates,Հատ,Без НДС,հատ,9021
00-00001201,Distal Femur LCP 6.5mm 11 R S.S,Distal Femur LCP 6.5mm 11 R S.S,BO.163.R.11.S,Distal Femur LCP 6.5mm 11 R S.S,Plates,Հատ,Без НДС,հատ,9021
00-00001204,Distal Femur LCP 6.5mm 13 R S.S,Distal Femur LCP 6.5mm 13 R S.S,BO.163.R.13.S,Distal Femur LCP 6.5mm 13 R S.S,Plates,Հատ,Без НДС,հատ,9021
00-00001297,"Locking screw 3.5mm,12mm S.S.","Locking screw 3.5mm,12mm S.S.",BO.168.12.S,"Locking screw 3.5mm,12mm S.S.",Screws,Հատ,Без НДС,հատ,9021
00-00001298,"Locking screw 3.5mm,14mm S.S.","Locking screw 3.5mm,14mm S.S.",BO.168.14.S,"Locking screw 3.5mm,14mm S.S.",Screws,Հատ,Без НДС,հատ,9021
00-00001299,"Locking screw 3.5mm,16mm S.S.","Locking screw 3.5mm,16mm S.S.",BO.168.16.S,"Locking screw 3.5mm,16mm S.S.",Screws,Հատ,Без НДС,հատ,9021
00-00001300,"Locking screw 3.5mm,18mm S.S.","Locking screw 3.5mm,18mm S.S.",BO.168.18.S,"Locking screw 3.5mm,18mm S.S.",Screws,Հատ,Без НДС,հատ,9021
00-00001301,"Locking screw 3.5mm,20mm S.S.","Locking screw 3.5mm,20mm S.S.",BO.168.20.S,"Locking screw 3.5mm,20mm S.S.",Screws,Հատ,Без НДС,հատ,9021
00-00001302,"Locking screw 3.5mm,22mm S.S.","Locking screw 3.5mm,22mm S.S.",BO.168.22.S,"Locking screw 3.5mm,22mm S.S.",Screws,Հատ,Без НДС,հատ,9021
00-00001303,"Locking screw 3.5mm,24mm S.S.","Locking screw 3.5mm,24mm S.S.",BO.168.24.S,"Locking screw 3.5mm,24mm S.S.",Screws,Հատ,Без НДС,հատ,9021
00-00001304,"Locking screw 3.5mm,26mm S.S.","Locking screw 3.5mm,26mm S.S.",BO.168.26.S,"Locking screw 3.5mm,26mm S.S.",Screws,Հատ,Без НДС,հատ,9021
00-00001305,"Locking screw 3.5mm,28mm S.S.","Locking screw 3.5mm,28mm S.S.",BO.168.28.S,"Locking screw 3.5mm,28mm S.S.",Screws,Հատ,Без НДС,հատ,9021
00-00001306,"Locking screw 3.5mm,30mm S.S.","Locking screw 3.5mm,30mm S.S.",BO.168.30.S,"Locking screw 3.5mm,30mm S.S.",Screws,Հատ,Без НДС,հատ,9021
00-00001307,"Locking screw 3.5mm,32mm S.S.","Locking screw 3.5mm,32mm S.S.",BO.168.32.S,"Locking screw 3.5mm,32mm S.S.",Screws,Հատ,Без НДС,հատ,9021
00-00001308,"Locking screw 3.5mm,34mm S.S.","Locking screw 3.5mm,34mm S.S.",BO.168.34.S,"Locking screw 3.5mm,34mm S.S.",Screws,Հատ,Без НДС,հատ,9021
00-00001309,"Locking screw 3.5mm,36mm S.S.","Locking screw 3.5mm,36mm S.S.",BO.168.36.S,"Locking screw 3.5mm,36mm S.S.",Screws,Հատ,Без НДС,հատ,9021
00-00001310,"Locking screw 3.5mm,38mm S.S.","Locking screw 3.5mm,38mm S.S.",BO.168.38.S,"Locking screw 3.5mm,38mm S.S.",Screws,Հատ,Без НДС,հատ,9021
00-00001311,"Locking screw 3.5mm,40mm S.S.","Locking screw 3.5mm,40mm S.S.",BO.168.40.S,"Locking screw 3.5mm,40mm S.S.",Screws,Հատ,Без НДС,հատ,9021
00-00001312,"Locking screw 3.5mm,42mm S.S.","Locking screw 3.5mm,42mm S.S.",BO.168.42.S,"Locking screw 3.5mm,42mm S.S.",Screws,Հատ,Без НДС,հատ,9021
00-00001313,"Locking screw 3.5mm,44mm S.S.","Locking screw 3.5mm,44mm S.S.",BO.168.44.S,"Locking screw 3.5mm,44mm S.S.",Screws,Հատ,Без НДС,հատ,9021
00-00001314,"Locking screw 3.5mm,46mm S.S.","Locking screw 3.5mm,46mm S.S.",BO.168.46.S,"Locking screw 3.5mm,46mm S.S.",Screws,Հատ,Без НДС,հատ,9021
00-00001315,"Locking screw 3.5mm,48mm S.S.","Locking screw 3.5mm,48mm S.S.",BO.168.48.S,"Locking screw 3.5mm,48mm S.S.",Screws,Հատ,Без НДС,հատ,9021
00-00001316,"Locking screw 3.5mm,50mm S.S.","Locking screw 3.5mm,50mm S.S.",BO.168.50.S,"Locking screw 3.5mm,50mm S.S.",Screws,Հատ,Без НДС,հատ,9021
00-00001384,"Locking screw DIA. 3.5mm,30mm (Cancellous 14TPI Thread) S.S ","Locking screw DIA. 3.5mm,30mm (Cancellous 14TPI Thread) S.S ",BO.9929.30.S,"Locking screw DIA. 3.5mm,30mm (Cancellous 14TPI Thread) S.S ",Screws,Հատ,Без НДС,հատ,9021
00-00001385,"Locking screw DIA. 3.5mm,32mm (Cancellous 14TPI Thread) S.S ","Locking screw DIA. 3.5mm,32mm (Cancellous 14TPI Thread) S.S ",BO.9929.32.S,"Locking screw DIA. 3.5mm,32mm (Cancellous 14TPI Thread) S.S ",Screws,Հատ,Без НДС,հատ,9021
00-00001386,"Locking screw DIA. 3.5mm,34mm (Cancellous 14TPI Thread) S.S ","Locking screw DIA. 3.5mm,34mm (Cancellous 14TPI Thread) S.S ",BO.9929.34.S,"Locking screw DIA. 3.5mm,34mm (Cancellous 14TPI Thread) S.S ",Screws,Հատ,Без НДС,հատ,9021
00-00001387,"Locking screw DIA. 3.5mm,36mm (Cancellous 14TPI Thread) S.S ","Locking screw DIA. 3.5mm,36mm (Cancellous 14TPI Thread) S.S ",BO.9929.36.S,"Locking screw DIA. 3.5mm,36mm (Cancellous 14TPI Thread) S.S ",Screws,Հատ,Без НДС,հատ,9021
00-00001388,"Locking screw DIA. 3.5mm,38mm (Cancellous 14TPI Thread) S.S ","Locking screw DIA. 3.5mm,38mm (Cancellous 14TPI Thread) S.S ",BO.9929.38.S,"Locking screw DIA. 3.5mm,38mm (Cancellous 14TPI Thread) S.S ",Screws,Հատ,Без НДС,հատ,9021
00-00001389,"Locking screw DIA. 3.5mm,40mm (Cancellous 14TPI Thread) S.S ","Locking screw DIA. 3.5mm,40mm (Cancellous 14TPI Thread) S.S ",BO.9929.40.S,"Locking screw DIA. 3.5mm,40mm (Cancellous 14TPI Thread) S.S ",Screws,Հատ,Без НДС,հատ,9021
00-00001390,"Locking screw DIA. 3.5mm,42mm (Cancellous 14TPI Thread) S.S ","Locking screw DIA. 3.5mm,42mm (Cancellous 14TPI Thread) S.S ",BO.9929.42.S,"Locking screw DIA. 3.5mm,42mm (Cancellous 14TPI Thread) S.S ",Screws,Հատ,Без НДС,հատ,9021
00-00001391,"Locking screw DIA. 3.5mm,44mm (Cancellous 14TPI Thread) S.S ","Locking screw DIA. 3.5mm,44mm (Cancellous 14TPI Thread) S.S ",BO.9929.44.S,"Locking screw DIA. 3.5mm,44mm (Cancellous 14TPI Thread) S.S ",Screws,Հատ,Без НДС,հատ,9021
00-00001392,"Locking screw DIA. 3.5mm,48mm (Cancellous 14TPI Thread) S.S ","Locking screw DIA. 3.5mm,48mm (Cancellous 14TPI Thread) S.S ",BO.9929.48.S,"Locking screw DIA. 3.5mm,48mm (Cancellous 14TPI Thread) S.S ",Screws,Հատ,Без НДС,հատ,9021
00-00001393,"Locking screw DIA. 3.5mm,50mm (Cancellous 14TPI Thread) S.S ","Locking screw DIA. 3.5mm,50mm (Cancellous 14TPI Thread) S.S ",BO.9929.50.S,"Locking screw DIA. 3.5mm,50mm (Cancellous 14TPI Thread) S.S ",Screws,Հատ,Без НДС,հատ,9021
00-00001394,"Locking screw DIA. 3.5mm,52mm (Cancellous 14TPI Thread) S.S ","Locking screw DIA. 3.5mm,52mm (Cancellous 14TPI Thread) S.S ",BO.9929.52.S,"Locking screw DIA. 3.5mm,52mm (Cancellous 14TPI Thread) S.S ",Screws,Հատ,Без НДС,հատ,9021
00-00001330,"Locking Screw 5.0mm,24mm S.S","Locking Screw 5.0mm,24mm S.S",BO.169.24.S,"Locking Screw 5.0mm,24mm S.S",Screws,Հատ,Без НДС,հատ,9021
00-00001331,"Locking Screw 5.0mm,26mm S.S","Locking Screw 5.0mm,26mm S.S",BO.169.26.S,"Locking Screw 5.0mm,26mm S.S",Screws,Հատ,Без НДС,հատ,9021
00-00001332,"Locking Screw 5.0mm,28mm S.S","Locking Screw 5.0mm,28mm S.S",BO.169.28.S,"Locking Screw 5.0mm,28mm S.S",Screws,Հատ,Без НДС,հատ,9021
00-00001333,"Locking Screw 5.0mm,30mm S.S","Locking Screw 5.0mm,30mm S.S",BO.169.30.S,"Locking Screw 5.0mm,30mm S.S",Screws,Հատ,Без НДС,հատ,9021
00-00001334,"Locking Screw 5.0mm,32mm S.S","Locking Screw 5.0mm,32mm S.S",BO.169.32.S,"Locking Screw 5.0mm,32mm S.S",Screws,Հատ,Без НДС,հատ,9021
00-00001335,"Locking Screw 5.0mm,34mm S.S","Locking Screw 5.0mm,34mm S.S",BO.169.34.S,"Locking Screw 5.0mm,34mm S.S",Screws,Հատ,Без НДС,հատ,9021
00-00001336,"Locking Screw 5.0mm,36mm S.S","Locking Screw 5.0mm,36mm S.S",BO.169.36.S,"Locking Screw 5.0mm,36mm S.S",Screws,Հատ,Без НДС,հատ,9021
00-00001337,"Locking Screw 5.0mm,38mm S.S","Locking Screw 5.0mm,38mm S.S",BO.169.38.S,"Locking Screw 5.0mm,38mm S.S",Screws,Հատ,Без НДС,հատ,9021
00-00001338,"Locking Screw 5.0mm,40mm S.S","Locking Screw 5.0mm,40mm S.S",BO.169.40.S,"Locking Screw 5.0mm,40mm S.S",Screws,Հատ,Без НДС,հատ,9021
00-00001339,"Locking Screw 5.0mm,42mm S.S","Locking Screw 5.0mm,42mm S.S",BO.169.42.S,"Locking Screw 5.0mm,42mm S.S",Screws,Հատ,Без НДС,հատ,9021
00-00001340,"Locking Screw 5.0mm,44mm S.S","Locking Screw 5.0mm,44mm S.S",BO.169.44.S,"Locking Screw 5.0mm,44mm S.S",Screws,Հատ,Без НДС,հատ,9021
00-00001341,"Locking Screw 5.0mm,46mm S.S","Locking Screw 5.0mm,46mm S.S",BO.169.46.S,"Locking Screw 5.0mm,46mm S.S",Screws,Հատ,Без НДС,հատ,9021
00-00001342,"Locking Screw 5.0mm,48mm S.S","Locking Screw 5.0mm,48mm S.S",BO.169.48.S,"Locking Screw 5.0mm,48mm S.S",Screws,Հատ,Без НДС,հատ,9021
00-00001343,"Locking Screw 5.0mm,50mm S.S","Locking Screw 5.0mm,50mm S.S",BO.169.50.S,"Locking Screw 5.0mm,50mm S.S",Screws,Հատ,Без НДС,հատ,9021
00-00001344,"Locking Screw 5.0mm,55mm S.S","Locking Screw 5.0mm,55mm S.S",BO.169.55.S,"Locking Screw 5.0mm,55mm S.S",Screws,Հատ,Без НДС,հատ,9021
00-00001345,"Locking Screw 5.0mm,60mm S.S","Locking Screw 5.0mm,60mm S.S",BO.169.60.S,"Locking Screw 5.0mm,60mm S.S",Screws,Հատ,Без НДС,հատ,9021
00-00001346,"Locking Screw 5.0mm,65mm S.S","Locking Screw 5.0mm,65mm S.S",BO.169.65.S,"Locking Screw 5.0mm,65mm S.S",Screws,Հատ,Без НДС,հատ,9021
00-00001347,"Locking Screw 5.0mm,70mm S.S","Locking Screw 5.0mm,70mm S.S",BO.169.70.S,"Locking Screw 5.0mm,70mm S.S",Screws,Հատ,Без НДС,հատ,9021
00-00001348,"Locking Screw 5.0mm,75mm S.S","Locking Screw 5.0mm,75mm S.S",BO.169.75.S,"Locking Screw 5.0mm,75mm S.S",Screws,Հատ,Без НДС,հատ,9021
00-00001349,"Locking Screw 5.0mm,80mm S.S","Locking Screw 5.0mm,80mm S.S",BO.169.80.S,"Locking Screw 5.0mm,80mm S.S",Screws,Հատ,Без НДС,հատ,9021
00-00001350,"Locking Screw 5.0mm,85mm S.S","Locking Screw 5.0mm,85mm S.S",BO.169.85.S,"Locking Screw 5.0mm,85mm S.S",Screws,Հատ,Без НДС,հատ,9021
00-00001351,"Locking Screw 5.0mm,90mm S.S","Locking Screw 5.0mm,90mm S.S",BO.169.90.S,"Locking Screw 5.0mm,90mm S.S",Screws,Հատ,Без НДС,հատ,9021
00-00001395,"Locking screw DIA. 5.0mm,40mm (Cancellous Thread) S.S.","Locking screw DIA. 5.0mm,40mm (Cancellous Thread) S.S.",BO.9930.40.S,"Locking screw DIA. 5.0mm,40mm (Cancellous Thread) S.S.",Screws,Հատ,Без НДС,հատ,9021
00-00001396,"Locking screw DIA. 5.0mm,45mm (Cancellous Thread) S.S.","Locking screw DIA. 5.0mm,45mm (Cancellous Thread) S.S.",BO.9930.45.S,"Locking screw DIA. 5.0mm,45mm (Cancellous Thread) S.S.",Screws,Հատ,Без НДС,հատ,9021
00-00001397,"Locking screw DIA. 5.0mm,50mm (Cancellous Thread) S.S.","Locking screw DIA. 5.0mm,50mm (Cancellous Thread) S.S.",BO.9930.50.S,"Locking screw DIA. 5.0mm,50mm (Cancellous Thread) S.S.",Screws,Հատ,Без НДС,հատ,9021
00-00001398,"Locking screw DIA. 5.0mm,55mm (Cancellous Thread) S.S.","Locking screw DIA. 5.0mm,55mm (Cancellous Thread) S.S.",BO.9930.55.S,"Locking screw DIA. 5.0mm,55mm (Cancellous Thread) S.S.",Screws,Հատ,Без НДС,հատ,9021
00-00001399,"Locking screw DIA. 5.0mm,60mm (Cancellous Thread) S.S.","Locking screw DIA. 5.0mm,60mm (Cancellous Thread) S.S.",BO.9930.60.S,"Locking screw DIA. 5.0mm,60mm (Cancellous Thread) S.S.",Screws,Հատ,Без НДС,հատ,9021
00-00001400,"Locking screw DIA. 5.0mm,65mm (Cancellous Thread) S.S.","Locking screw DIA. 5.0mm,65mm (Cancellous Thread) S.S.",BO.9930.65.S,"Locking screw DIA. 5.0mm,65mm (Cancellous Thread) S.S.",Screws,Հատ,Без НДС,հատ,9021
00-00001401,"Locking screw DIA. 5.0mm,70mm (Cancellous Thread) S.S.","Locking screw DIA. 5.0mm,70mm (Cancellous Thread) S.S.",BO.9930.70.S,"Locking screw DIA. 5.0mm,70mm (Cancellous Thread) S.S.",Screws,Հատ,Без НДС,հատ,9021
00-00001402,"Locking screw DIA. 5.0mm,75mm (Cancellous Thread) S.S.","Locking screw DIA. 5.0mm,75mm (Cancellous Thread) S.S.",BO.9930.75.S,"Locking screw DIA. 5.0mm,75mm (Cancellous Thread) S.S.",Screws,Հատ,Без НДС,հատ,9021
00-00001403,"Locking screw DIA. 5.0mm,80mm (Cancellous Thread) S.S.","Locking screw DIA. 5.0mm,80mm (Cancellous Thread) S.S.",BO.9930.80.S,"Locking screw DIA. 5.0mm,80mm (Cancellous Thread) S.S.",Screws,Հատ,Без НДС,հատ,9021
00-00001404,"Locking screw DIA. 6.5mm,50mm S.S","Locking screw DIA. 6.5mm,50mm S.S",BO.171.50.S,"Locking screw DIA. 6.5mm,50mm S.S",Screws,Հատ,Без НДС,հատ,9021
00-00001405,"Locking screw DIA. 6.5mm,55mm S.S","Locking screw DIA. 6.5mm,55mm S.S",BO.171.55.S,"Locking screw DIA. 6.5mm,55mm S.S",Screws,Հատ,Без НДС,հատ,9021
00-00001406,"Locking screw DIA. 6.5mm,60mm S.S","Locking screw DIA. 6.5mm,60mm S.S",BO.171.60.S,"Locking screw DIA. 6.5mm,60mm S.S",Screws,Հատ,Без НДС,հատ,9021
00-00001407,"Locking screw DIA. 6.5mm,65mm S.S","Locking screw DIA. 6.5mm,65mm S.S",BO.171.65.S,"Locking screw DIA. 6.5mm,65mm S.S",Screws,Հատ,Без НДС,հատ,9021
00-00001408,"Locking screw DIA. 6.5mm,70mm S.S","Locking screw DIA. 6.5mm,70mm S.S",BO.171.70.S,"Locking screw DIA. 6.5mm,70mm S.S",Screws,Հատ,Без НДС,հատ,9021
00-00001409,"Locking screw DIA. 6.5mm,75mm S.S","Locking screw DIA. 6.5mm,75mm S.S",BO.171.75.S,"Locking screw DIA. 6.5mm,75mm S.S",Screws,Հատ,Без НДС,հատ,9021
00-00001410,"Locking screw DIA. 6.5mm,80mm S.S","Locking screw DIA. 6.5mm,80mm S.S",BO.171.80.S,"Locking screw DIA. 6.5mm,80mm S.S",Screws,Հատ,Без НДС,հատ,9021
00-00001218,Distal Fibula Loking Plate 3.5mm 4h Ti ,Distal Fibula Loking Plate 3.5mm 4h Ti ,BO.269.4.T,Distal Fibula Loking Plate 3.5mm 4h Ti ,Plates,Հատ,Без НДС,հատ,9021
00-00001219,Distal Fibula Loking Plate 3.5mm 5h Ti ,Distal Fibula Loking Plate 3.5mm 5h Ti ,BO.269.5.T,Distal Fibula Loking Plate 3.5mm 5h Ti ,Plates,Հատ,Без НДС,հատ,9021
00-00001220,Distal Fibula Loking Plate 3.5mm 6h Ti ,Distal Fibula Loking Plate 3.5mm 6h Ti ,BO.269.6.T,Distal Fibula Loking Plate 3.5mm 6h Ti ,Plates,Հատ,Без НДС,հատ,9021
00-00001221,Distal Fibula Loking Plate 3.5mm 7h Ti ,Distal Fibula Loking Plate 3.5mm 7h Ti ,BO.269.7.T,Distal Fibula Loking Plate 3.5mm 7h Ti ,Plates,Հատ,Без НДС,հատ,9021
00-00001222,Distal Fibula Loking Plate 3.5mm 8h Ti ,Distal Fibula Loking Plate 3.5mm 8h Ti ,BO.269.8.T,Distal Fibula Loking Plate 3.5mm 8h Ti ,Plates,Հատ,Без НДС,հատ,9021
00-00001217,Distal Fibula Loking Plate 3.5mm 10h Ti ,Distal Fibula Loking Plate 3.5mm 10h Ti ,BO.269.10.T,Distal Fibula Loking Plate 3.5mm 10h Ti ,Plates,Հատ,Без НДС,հատ,9021
00-00001492,"Two-columa distal Radius Plate, 2h L Ti","Two-columa distal Radius Plate, 2h L Ti",BO.9946.L.02.T,"Two-columa distal Radius Plate, 2h L Ti",Plates,Հատ,Без НДС,հատ,9021
00-00001494,"Two-columa distal Radius Plate, 3h L Ti","Two-columa distal Radius Plate, 3h L Ti",BO.9946.L.03.T,"Two-columa distal Radius Plate, 3h L Ti",Plates,Հատ,Без НДС,հատ,9021
00-00001496,"Two-columa distal Radius Plate, 4h L Ti","Two-columa distal Radius Plate, 4h L Ti",BO.9946.L.04.T,"Two-columa distal Radius Plate, 4h L Ti",Plates,Հատ,Без НДС,հատ,9021
00-00001498,"Two-columa distal Radius Plate, 6h L Ti","Two-columa distal Radius Plate, 6h L Ti",BO.9946.L.06.T,"Two-columa distal Radius Plate, 6h L Ti",Plates,Հատ,Без НДС,հատ,9021
00-00001500,"Two-columa distal Radius Plate, 8h L Ti","Two-columa distal Radius Plate, 8h L Ti",BO.9946.L.08.T,"Two-columa distal Radius Plate, 8h L Ti",Plates,Հատ,Без НДС,հատ,9021
00-00001493,"Two-columa distal Radius Plate, 2h R Ti","Two-columa distal Radius Plate, 2h R Ti",BO.9946.R.02.T,"Two-columa distal Radius Plate, 2h R Ti",Plates,Հատ,Без НДС,հատ,9021
00-00001495,"Two-columa distal Radius Plate, 3h R Ti","Two-columa distal Radius Plate, 3h R Ti",BO.9946.R.03.T,"Two-columa distal Radius Plate, 3h R Ti",Plates,Հատ,Без НДС,հատ,9021
00-00001497,"Two-columa distal Radius Plate, 4h R Ti","Two-columa distal Radius Plate, 4h R Ti",BO.9946.R.04.T,"Two-columa distal Radius Plate, 4h R Ti",Plates,Հատ,Без НДС,հատ,9021
00-00001499,"Two-columa distal Radius Plate, 6h R Ti","Two-columa distal Radius Plate, 6h R Ti",BO.9946.R.06.T,"Two-columa distal Radius Plate, 6h R Ti",Plates,Հատ,Без НДС,հատ,9021
00-00001501,"Two-columa distal Radius Plate, 8h R Ti","Two-columa distal Radius Plate, 8h R Ti",BO.9946.R.08.T,"Two-columa distal Radius Plate, 8h R Ti",Plates,Հատ,Без НДС,հատ,9021
00-00001476,Reconstruction Locking Plate 3.5mm Dynamic hole 5h Ti,Reconstruction Locking Plate 3.5mm Dynamic hole 5h Ti,BO.9912. 5.T,Reconstruction Locking Plate 3.5mm Dynamic hole 5h Ti,Plates,Հատ,Без НДС,հատ,9021
00-00001477,Reconstruction Locking Plate 3.5mm Dynamic hole 7h Ti,Reconstruction Locking Plate 3.5mm Dynamic hole 7h Ti,BO.9912.7.T,Reconstruction Locking Plate 3.5mm Dynamic hole 7h Ti,Plates,Հատ,Без НДС,հատ,9021
00-00001478,Reconstruction Locking Plate 3.5mm Dynamic hole 9h Ti,Reconstruction Locking Plate 3.5mm Dynamic hole 9h Ti,BO.9912.9.T,Reconstruction Locking Plate 3.5mm Dynamic hole 9h Ti,Plates,Հատ,Без НДС,հատ,9021
00-00001474,Reconstruction Locking Plate 3.5mm Dynamic hole 11h Ti,Reconstruction Locking Plate 3.5mm Dynamic hole 11h Ti,BO.9912.11.T,Reconstruction Locking Plate 3.5mm Dynamic hole 11h Ti,Plates,Հատ,Без НДС,հատ,9021
00-00001475,Reconstruction Locking Plate 3.5mm Dynamic hole 13h Ti,Reconstruction Locking Plate 3.5mm Dynamic hole 13h Ti,BO.9912.13.T,Reconstruction Locking Plate 3.5mm Dynamic hole 13h Ti,Plates,Հատ,Без НДС,հատ,9021
00-00001159,"Cannulated Screw DIA. 4.0mm,30mm (short Thread) S.S","Cannulated Screw DIA. 4.0mm,30mm (short Thread) S.S",BOI.116.30.S,"Cannulated Screw DIA. 4.0mm,30mm (short Thread) S.S",Screws,Հատ,Без НДС,հատ,9021
00-00001160,"Cannulated Screw DIA. 4.0mm,35mm (short Thread) S.S","Cannulated Screw DIA. 4.0mm,35mm (short Thread) S.S",BOI.116.35.S,"Cannulated Screw DIA. 4.0mm,35mm (short Thread) S.S",Screws,Հատ,Без НДС,հատ,9021
00-00001161,"Cannulated Screw DIA. 4.0mm,40mm (short Thread) S.S","Cannulated Screw DIA. 4.0mm,40mm (short Thread) S.S",BOI.116.40.S,"Cannulated Screw DIA. 4.0mm,40mm (short Thread) S.S",Screws,Հատ,Без НДС,հատ,9021
00-00001162,"Cannulated Screw DIA. 4.0mm,45mm (short Thread) S.S","Cannulated Screw DIA. 4.0mm,45mm (short Thread) S.S",BOI.116.45.S,"Cannulated Screw DIA. 4.0mm,45mm (short Thread) S.S",Screws,Հատ,Без НДС,հատ,9021
00-00001163,"Cannulated Screw DIA. 4.0mm,50mm (short Thread) S.S","Cannulated Screw DIA. 4.0mm,50mm (short Thread) S.S",BOI.116.50.S,"Cannulated Screw DIA. 4.0mm,50mm (short Thread) S.S",Screws,Հատ,Без НДС,հատ,9021
00-00001164,"Cannulated Screw DIA. 4.0mm,55mm (short Thread) S.S","Cannulated Screw DIA. 4.0mm,55mm (short Thread) S.S",BOI.116.55.S,"Cannulated Screw DIA. 4.0mm,55mm (short Thread) S.S",Screws,Հատ,Без НДС,հատ,9021
00-00001165,"Cannulated Screw DIA. 4.0mm,60mm (short Thread) S.S","Cannulated Screw DIA. 4.0mm,60mm (short Thread) S.S",BOI.116.60.S,"Cannulated Screw DIA. 4.0mm,60mm (short Thread) S.S",Screws,Հատ,Без НДС,հատ,9021
00-00001152,"Cannulated Screw 6.5mm,30mm (32mm thread)S.S","Cannulated Screw 6.5mm,30mm (32mm thread)S.S",BOI.115.30.S,"Cannulated Screw 6.5mm,30mm (32mm thread)S.S",Screws,Հատ,Без НДС,հատ,9021
00-00001153,"Cannulated Screw 6.5mm,35mm (32mm thread)S.S","Cannulated Screw 6.5mm,35mm (32mm thread)S.S",BOI.115.35.S,"Cannulated Screw 6.5mm,35mm (32mm thread)S.S",Screws,Հատ,Без НДС,հատ,9021
00-00001154,"Cannulated Screw 6.5mm,40mm (32mm thread)S.S","Cannulated Screw 6.5mm,40mm (32mm thread)S.S",BOI.115.40.S,"Cannulated Screw 6.5mm,40mm (32mm thread)S.S",Screws,Հատ,Без НДС,հատ,9021
00-00001155,"Cannulated Screw 6.5mm,45mm (32mm thread)S.S","Cannulated Screw 6.5mm,45mm (32mm thread)S.S",BOI.115.45.S,"Cannulated Screw 6.5mm,45mm (32mm thread)S.S",Screws,Հատ,Без НДС,հատ,9021
00-00001156,"Cannulated Screw 6.5mm,50mm (32mm thread)S.S","Cannulated Screw 6.5mm,50mm (32mm thread)S.S",BOI.115.50.S,"Cannulated Screw 6.5mm,50mm (32mm thread)S.S",Screws,Հատ,Без НДС,հատ,9021
00-00001157,"Cannulated Screw 6.5mm,55mm (32mm thread)S.S","Cannulated Screw 6.5mm,55mm (32mm thread)S.S",BOI.115.55.S,"Cannulated Screw 6.5mm,55mm (32mm thread)S.S",Screws,Հատ,Без НДС,հատ,9021
00-00001158,"Cannulated Screw 6.5mm,60mm (32mm thread)S.S","Cannulated Screw 6.5mm,60mm (32mm thread)S.S",BOI.115.60.S,"Cannulated Screw 6.5mm,60mm (32mm thread)S.S",Screws,Հատ,Без НДС,հատ,9021
00-00001471,Proximal Tibia Locking Plate R 4h Ti,Proximal Tibia Locking Plate R 4h Ti,BO.9986.R.04.T,Proximal Tibia Locking Plate R 4h Ti,Plates,Հատ,Без НДС,հատ,9021
00-00001472,Proximal Tibia Locking Plate R 6h Ti,Proximal Tibia Locking Plate R 6h Ti,BO.9986.R.06.T,Proximal Tibia Locking Plate R 6h Ti,Plates,Հատ,Без НДС,հատ,9021
00-00001473,Proximal Tibia Locking Plate R 8h Ti,Proximal Tibia Locking Plate R 8h Ti,BO.9986.R.08.T,Proximal Tibia Locking Plate R 8h Ti,Plates,Հատ,Без НДС,հատ,9021
00-00001468,Proximal Tibia Locking Plate R 10h Ti,Proximal Tibia Locking Plate R 10h Ti,BO.9986.R.10.T,Proximal Tibia Locking Plate R 10h Ti,Plates,Հատ,Без НДС,հատ,9021
00-00001469,Proximal Tibia Locking Plate R 12h Ti,Proximal Tibia Locking Plate R 12h Ti,BO.9986.R.12.T,Proximal Tibia Locking Plate R 12h Ti,Plates,Հատ,Без НДС,հատ,9021
00-00001470,Proximal Tibia Locking Plate R 14h Ti,Proximal Tibia Locking Plate R 14h Ti,BO.9986.R.14.T,Proximal Tibia Locking Plate R 14h Ti,Plates,Հատ,Без НДС,հատ,9021
00-00001465,Proximal Tibia Locking Plate L 4h Ti,Proximal Tibia Locking Plate L 4h Ti,BO.9986.L.04.T,Proximal Tibia Locking Plate L 4h Ti,Plates,Հատ,Без НДС,հատ,9021
00-00001466,Proximal Tibia Locking Plate L 6h Ti,Proximal Tibia Locking Plate L 6h Ti,BO.9986.L.06.T,Proximal Tibia Locking Plate L 6h Ti,Plates,Հատ,Без НДС,հատ,9021
00-00001467,Proximal Tibia Locking Plate L 8h Ti,Proximal Tibia Locking Plate L 8h Ti,BO.9986.L.08.T,Proximal Tibia Locking Plate L 8h Ti,Plates,Հատ,Без НДС,հատ,9021
00-00001462,Proximal Tibia Locking Plate L 10h Ti,Proximal Tibia Locking Plate L 10h Ti,BO.9986.L.10.T,Proximal Tibia Locking Plate L 10h Ti,Plates,Հատ,Без НДС,հատ,9021
00-00001463,Proximal Tibia Locking Plate L 12h Ti,Proximal Tibia Locking Plate L 12h Ti,BO.9986.L.12.T,Proximal Tibia Locking Plate L 12h Ti,Plates,Հատ,Без НДС,հատ,9021
00-00001464,Proximal Tibia Locking Plate L 14h Ti,Proximal Tibia Locking Plate L 14h Ti,BO.9986.L.14.T,Proximal Tibia Locking Plate L 14h Ti,Plates,Հատ,Без НДС,հատ,9021
00-00001506,"BOMBAY, K-WIRE DOUBLE TROCAR 2,5x300mm, , S.S.","BOMBAY, K-WIRE DOUBLE TROCAR 2,5x300mm, , S.S.",BOI.161.2.5.300.S,"BOMBAY, K-WIRE DOUBLE TROCAR 2,5x300mm, , S.S.",BOMBAY,Հատ,Без НДС,հատ,9021
00-00001505,"BOMBAY, K-WIRE DOUBLE TROCAR 2,0x300mm, , S.S.","BOMBAY, K-WIRE DOUBLE TROCAR 2,0x300mm, , S.S.",BOI.161.2.0.300.S,"BOMBAY, K-WIRE DOUBLE TROCAR 2,0x300mm, , S.S.",BOMBAY,Հատ,Без НДС,հատ,9021
00-00001504,"BOMBAY, K-WIRE DOUBLE TROCAR 1,5x300mm, , S.S.","BOMBAY, K-WIRE DOUBLE TROCAR 1,5x300mm, , S.S.",BOI.161.1.5.300.S,"BOMBAY, K-WIRE DOUBLE TROCAR 1,5x300mm, , S.S.",BOMBAY,Հատ,Без НДС,հատ,9021
00-00001507,"Cortex screw 2.4mm, 18mm Ti","Cortex screw 2.4mm, 18mm Ti",BOI.185.18.T,"Cortex screw 2.4mm, 18mm Ti",Screws,Հատ,Без НДС,հատ,9021
00-00001508,"Locking screw cancellous 4,0mm, 12mm Ti","Locking screw cancellous 4,0mm, 12mm Ti",BO.170.12.T,"Locking screw cancellous 4,0mm, 12mm Ti",Screws,Հատ,Без НДС,հատ,9021
00-00001509,"Locking screw cancellous 4,0mm, 28mm Ti","Locking screw cancellous 4,0mm, 28mm Ti",BO.170.28.T,"Locking screw cancellous 4,0mm, 28mm Ti",Screws,Հատ,Без НДС,հատ,9021
00-00001519,"Locking screw DIA. 3.5mm,14mm (Cancellous 14TPI Thread) S.S ","Locking screw DIA. 3.5mm,14mm (Cancellous 14TPI Thread) S.S ",BO.9929.14.S,"Locking screw DIA. 3.5mm,14mm (Cancellous 14TPI Thread) S.S ",Screws,Հատ,Без НДС,հատ,9021
00-00001520,"Locking screw DIA. 3.5mm,16mm (Cancellous 14TPI Thread) S.S ","Locking screw DIA. 3.5mm,16mm (Cancellous 14TPI Thread) S.S ",BO.9929.16.S,"Locking screw DIA. 3.5mm,16mm (Cancellous 14TPI Thread) S.S ",Screws,Հատ,Без НДС,հատ,9021
00-00001521,"Locking screw DIA. 3.5mm,18mm (Cancellous 14TPI Thread) S.S ","Locking screw DIA. 3.5mm,18mm (Cancellous 14TPI Thread) S.S ",BO.9929.18.S,"Locking screw DIA. 3.5mm,18mm (Cancellous 14TPI Thread) S.S ",Screws,Հատ,Без НДС,հատ,9021
00-00001522,"Locking screw DIA. 3.5mm,54mm (Cancellous 14TPI Thread) S.S ","Locking screw DIA. 3.5mm,54mm (Cancellous 14TPI Thread) S.S ",BO.9929.54.S,"Locking screw DIA. 3.5mm,54mm (Cancellous 14TPI Thread) S.S ",Screws,Հատ,Без НДС,հատ,9021
00-00001523,"Locking screw DIA. 3.5mm,58mm (Cancellous 14TPI Thread) S.S ","Locking screw DIA. 3.5mm,58mm (Cancellous 14TPI Thread) S.S ",BO.9929.58.S,"Locking screw DIA. 3.5mm,58mm (Cancellous 14TPI Thread) S.S ",Screws,Հատ,Без НДС,հատ,9021
00-00001511,"Cannulated Screw DIA. 4.0mm,30mm (short Thread) S.S","Cannulated Screw DIA. 4.0mm,30mm (short Thread) S.S",BOI.106.30.S,"Cannulated Screw DIA. 4.0mm,30mm (short Thread) S.S",Screws,Հատ,Без НДС,հատ,9021
00-00001512,"Cannulated Screw DIA. 4.0mm,35mm (short Thread) S.S","Cannulated Screw DIA. 4.0mm,35mm (short Thread) S.S",BOI.106.35.S,"Cannulated Screw DIA. 4.0mm,35mm (short Thread) S.S",Screws,Հատ,Без НДС,հատ,9021
00-00001513,"Cannulated Screw DIA. 4.0mm,40mm (short Thread) S.S","Cannulated Screw DIA. 4.0mm,40mm (short Thread) S.S",BOI.106.40.S,"Cannulated Screw DIA. 4.0mm,40mm (short Thread) S.S",Screws,Հատ,Без НДС,հատ,9021
00-00001514,"Cannulated Screw DIA. 4.0mm,45mm (short Thread) S.S","Cannulated Screw DIA. 4.0mm,45mm (short Thread) S.S",BOI.106.45.S,"Cannulated Screw DIA. 4.0mm,45mm (short Thread) S.S",Screws,Հատ,Без НДС,հատ,9021
00-00001515,"Cannulated Screw DIA. 4.0mm,50mm (short Thread) S.S","Cannulated Screw DIA. 4.0mm,50mm (short Thread) S.S",BOI.106.50.S,"Cannulated Screw DIA. 4.0mm,50mm (short Thread) S.S",Screws,Հատ,Без НДС,հատ,9021
00-00001516,"Cannulated Screw DIA. 4.0mm,55mm (short Thread) S.S","Cannulated Screw DIA. 4.0mm,55mm (short Thread) S.S",BOI.106.55.S,"Cannulated Screw DIA. 4.0mm,55mm (short Thread) S.S",Screws,Հատ,Без НДС,հատ,9021
00-00001517,"Cannulated Screw DIA. 4.0mm,60mm (short Thread) S.S","Cannulated Screw DIA. 4.0mm,60mm (short Thread) S.S",BOI.106.60.S,"Cannulated Screw DIA. 4.0mm,60mm (short Thread) S.S",Screws,Հատ,Без НДС,հատ,9021
00-00001518,"Locking screw 3.5mm,55mm S.S.","Locking screw 3.5mm,55mm S.S.",BO.168.55.S,"Locking screw 3.5mm,55mm S.S.",Screws,Հատ,Без НДС,հատ,9021
00-00001524,Screw - 6/25,Screw - 6/25,3146-60250,Screw - 6/25,Chunli Hip,Ժամկետով ապրանքներ,Без НДС,հատ,9021
00-00001525,Revision Cementless Cage 46 B - 60 Լ,Revision Cementless Cage 46 B - 60 Լ,3111-02602,Revision Cementless Cage 46 B - 60 Լ,Chunli Hip,Ժամկետով ապրանքներ,Без НДС,հատ,9021
00-00001526,Revision Cementless Cage 46 B - 60 R,Revision Cementless Cage 46 B - 60 R,3111-12602,Revision Cementless Cage 46 B - 60 R,Chunli Hip,Ժամկետով ապրանքներ,Без НДС,հատ,9021
00-00001528,"CANCELLOUS SCREW 4.0 mm,12mm (Full Thread) S.S.","CANCELLOUS SCREW 4.0 mm,12mm (Full Thread) S.S.",BOI.105.12.S,"CANCELLOUS SCREW 4.0 mm,12mm (Full Thread) S.S.",Screws,Հատ,Без НДС,հատ,9021
00-00001529,"CANCELLOUS SCREW 4.0 mm,14mm (Full Thread) S.S.","CANCELLOUS SCREW 4.0 mm,14mm (Full Thread) S.S.",BOI.105.14.S,"CANCELLOUS SCREW 4.0 mm,14mm (Full Thread) S.S.",Screws,Հատ,Без НДС,հատ,9021
00-00001530,"CANCELLOUS SCREW 4.0 mm,16mm (Full Thread) S.S.","CANCELLOUS SCREW 4.0 mm,16mm (Full Thread) S.S.",BOI.105.16.S,"CANCELLOUS SCREW 4.0 mm,16mm (Full Thread) S.S.",Screws,Հատ,Без НДС,հատ,9021
00-00001531,"CANCELLOUS SCREW 4.0 mm,18mm (Full Thread) S.S.","CANCELLOUS SCREW 4.0 mm,18mm (Full Thread) S.S.",BOI.105.18.S,"CANCELLOUS SCREW 4.0 mm,18mm (Full Thread) S.S.",Screws,Հատ,Без НДС,հատ,9021
00-00001533,"CANCELLOUS SCREW 4.0 mm,20mm (Full Thread) S.S.","CANCELLOUS SCREW 4.0 mm,20mm (Full Thread) S.S.",BOI.105.20.S,"CANCELLOUS SCREW 4.0 mm,20mm (Full Thread) S.S.",Screws,Հատ,Без НДС,հատ,9021
00-00001532,"CANCELLOUS SCREW 4.0 mm,28mm (Full Thread) S.S.","CANCELLOUS SCREW 4.0 mm,28mm (Full Thread) S.S.",BOI.105.28.S,"CANCELLOUS SCREW 4.0 mm,28mm (Full Thread) S.S.",Screws,Հատ,Без НДС,հատ,9021
00-00001534,"CANCELLOUS SCREW 4.0 mm,30mm (Full Thread) S.S.","CANCELLOUS SCREW 4.0 mm,30mm (Full Thread) S.S.",BOI.105.30.S,"CANCELLOUS SCREW 4.0 mm,30mm (Full Thread) S.S.",Screws,Հատ,Без НДС,հատ,9021
00-00001535,"CANCELLOUS SCREW 4.0 mm,32mm (Full Thread) S.S.","CANCELLOUS SCREW 4.0 mm,32mm (Full Thread) S.S.",BOI.105.32.S,"CANCELLOUS SCREW 4.0 mm,32mm (Full Thread) S.S.",Screws,Հատ,Без НДС,հատ,9021
00-00001536,"CANCELLOUS SCREW 4.0 mm,34mm (Full Thread) S.S.","CANCELLOUS SCREW 4.0 mm,34mm (Full Thread) S.S.",BOI.105.34.S,"CANCELLOUS SCREW 4.0 mm,34mm (Full Thread) S.S.",Screws,Հատ,Без НДС,հատ,9021
00-00001538,"CANCELLOUS SCREW 4.0 mm,36mm (Full Thread) S.S.","CANCELLOUS SCREW 4.0 mm,36mm (Full Thread) S.S.",BOI.105.36.S,"CANCELLOUS SCREW 4.0 mm,36mm (Full Thread) S.S.",Screws,Հատ,Без НДС,հատ,9021
00-00001539,"CANCELLOUS SCREW 4.0 mm,40mm (Full Thread) S.S.","CANCELLOUS SCREW 4.0 mm,40mm (Full Thread) S.S.",BOI.105.40.S,"CANCELLOUS SCREW 4.0 mm,40mm (Full Thread) S.S.",Screws,Հատ,Без НДС,հատ,9021
00-00001541,"CANCELLOUS SCREW 4.0 mm,42mm (Full Thread) S.S.","CANCELLOUS SCREW 4.0 mm,42mm (Full Thread) S.S.",BOI.105.42.S,"CANCELLOUS SCREW 4.0 mm,42mm (Full Thread) S.S.",Screws,Հատ,Без НДС,հատ,9021
00-00001542,"CANCELLOUS SCREW 4.0 mm,44mm (Full Thread) S.S.","CANCELLOUS SCREW 4.0 mm,44mm (Full Thread) S.S.",BOI.105.44.S,"CANCELLOUS SCREW 4.0 mm,44mm (Full Thread) S.S.",Screws,Հատ,Без НДС,հատ,9021
00-00001544,"CANCELLOUS SCREW 4.0 mm,46mm (Full Thread) S.S.","CANCELLOUS SCREW 4.0 mm,46mm (Full Thread) S.S.",BOI.105.46.S,"CANCELLOUS SCREW 4.0 mm,46mm (Full Thread) S.S.",Screws,Հատ,Без НДС,հատ,9021
00-00001545,"CANCELLOUS SCREW 4.0 mm,48mm (Full Thread) S.S.","CANCELLOUS SCREW 4.0 mm,48mm (Full Thread) S.S.",BOI.105.48.S,"CANCELLOUS SCREW 4.0 mm,48mm (Full Thread) S.S.",Screws,Հատ,Без НДС,հատ,9021
00-00001547,"CANCELLOUS SCREW 4.0 mm,50mm (Full Thread) S.S.","CANCELLOUS SCREW 4.0 mm,50mm (Full Thread) S.S.",BOI.105.50.S,"CANCELLOUS SCREW 4.0 mm,50mm (Full Thread) S.S.",Screws,Հատ,Без НДС,հատ,9021
00-00001548,"CANCELLOUS SCREW 4.0 mm,55mm (Full Thread) S.S.","CANCELLOUS SCREW 4.0 mm,55mm (Full Thread) S.S.",BOI.105.55.S,"CANCELLOUS SCREW 4.0 mm,55mm (Full Thread) S.S.",Screws,Հատ,Без НДС,հատ,9021
00-00001550,"CANCELLOUS SCREW 4.0 mm,60mm (Full Thread) S.S.","CANCELLOUS SCREW 4.0 mm,60mm (Full Thread) S.S.",BOI.105.60.S,"CANCELLOUS SCREW 4.0 mm,60mm (Full Thread) S.S.",Screws,Հատ,Без НДС,հատ,9021
00-00001552,"CANCELLOUS SCREW 4.0 mm,65mm (Full Thread) S.S.","CANCELLOUS SCREW 4.0 mm,65mm (Full Thread) S.S.",BOI.105.65.S,"CANCELLOUS SCREW 4.0 mm,65mm (Full Thread) S.S.",Screws,Հատ,Без НДС,հատ,9021
00-00001553,"CANCELLOUS SCREW 4.0 mm,70mm (Full Thread) S.S.","CANCELLOUS SCREW 4.0 mm,70mm (Full Thread) S.S.",BOI.105.70.S,"CANCELLOUS SCREW 4.0 mm,70mm (Full Thread) S.S.",Screws,Հատ,Без НДС,հատ,9021
00-00001527,"CANCELLOUS SCREW 4.0 mm,30mm (Short Thread) S.S.","CANCELLOUS SCREW 4.0 mm,30mm (Short Thread) S.S.",BOI.104.30.S,"CANCELLOUS SCREW 4.0 mm,30mm (Short Thread) S.S.",Screws,Հատ,Без НДС,հատ,9021
00-00001537,"CANCELLOUS SCREW 4.0 mm,35mm (Short Thread) S.S.","CANCELLOUS SCREW 4.0 mm,35mm (Short Thread) S.S.",BOI.104.35.S,"CANCELLOUS SCREW 4.0 mm,35mm (Short Thread) S.S.",Screws,Հատ,Без НДС,հատ,9021
00-00001540,"CANCELLOUS SCREW 4.0 mm,40mm (Short Thread) S.S.","CANCELLOUS SCREW 4.0 mm,40mm (Short Thread) S.S.",BOI.104.40.S,"CANCELLOUS SCREW 4.0 mm,40mm (Short Thread) S.S.",Screws,Հատ,Без НДС,հատ,9021
00-00001543,"CANCELLOUS SCREW 4.0 mm,45mm (Short Thread) S.S.","CANCELLOUS SCREW 4.0 mm,45mm (Short Thread) S.S.",BOI.104.45.S,"CANCELLOUS SCREW 4.0 mm,45mm (Short Thread) S.S.",Screws,Հատ,Без НДС,հատ,9021
00-00001546,"CANCELLOUS SCREW 4.0 mm,50mm (Short Thread) S.S.","CANCELLOUS SCREW 4.0 mm,50mm (Short Thread) S.S.",BOI.104.50.S,"CANCELLOUS SCREW 4.0 mm,50mm (Short Thread) S.S.",Screws,Հատ,Без НДС,հատ,9021
00-00001549,"CANCELLOUS SCREW 4.0 mm,55mm (Short Thread) S.S.","CANCELLOUS SCREW 4.0 mm,55mm (Short Thread) S.S.",BOI.104.55.S,"CANCELLOUS SCREW 4.0 mm,55mm (Short Thread) S.S.",Screws,Հատ,Без НДС,հատ,9021
00-00001551,"CANCELLOUS SCREW 4.0 mm,60mm (Short Thread) S.S.","CANCELLOUS SCREW 4.0 mm,60mm (Short Thread) S.S.",BOI.104.60.S,"CANCELLOUS SCREW 4.0 mm,60mm (Short Thread) S.S.",Screws,Հատ,Без НДС,հատ,9021
00-00001589,"CORTICAL SCREW 4.5mm,38mm Dia -    SELF TAPPING, Ti","CORTICAL SCREW 4.5mm,38mm Dia -    SELF TAPPING, Ti",BOI.01.109.38.T,"CORTICAL SCREW 4.5mm,38mm Dia -    SELF TAPPING, Ti",Screws,Հատ,Без НДС,հատ,9021
00-00001590,"CORTICAL SCREW 4.5mm,40mm Dia -    SELF TAPPING, Ti","CORTICAL SCREW 4.5mm,40mm Dia -    SELF TAPPING, Ti",BOI.01.109.40.T,"CORTICAL SCREW 4.5mm,40mm Dia -    SELF TAPPING, Ti",Screws,Հատ,Без НДС,հատ,9021
00-00001591,"CORTICAL SCREW 4.5mm,42mm Dia -    SELF TAPPING, Ti","CORTICAL SCREW 4.5mm,42mm Dia -    SELF TAPPING, Ti",BOI.01.109.42.T,"CORTICAL SCREW 4.5mm,42mm Dia -    SELF TAPPING, Ti",Screws,Հատ,Без НДС,հատ,9021
00-00001592,"CORTICAL SCREW 4.5mm,44mm Dia -    SELF TAPPING, Ti","CORTICAL SCREW 4.5mm,44mm Dia -    SELF TAPPING, Ti",BOI.01.109.44.T,"CORTICAL SCREW 4.5mm,44mm Dia -    SELF TAPPING, Ti",Screws,Հատ,Без НДС,հատ,9021
00-00001593,"CORTICAL SCREW 4.5mm,46mm Dia -    SELF TAPPING, Ti","CORTICAL SCREW 4.5mm,46mm Dia -    SELF TAPPING, Ti",BOI.01.109.46.T,"CORTICAL SCREW 4.5mm,46mm Dia -    SELF TAPPING, Ti",Screws,Հատ,Без НДС,հատ,9021
00-00001594,"CORTICAL SCREW 4.5mm,48mm Dia -    SELF TAPPING, Ti","CORTICAL SCREW 4.5mm,48mm Dia -    SELF TAPPING, Ti",BOI.01.109.48.T,"CORTICAL SCREW 4.5mm,48mm Dia -    SELF TAPPING, Ti",Screws,Հատ,Без НДС,հատ,9021
00-00001581,"Cortex screw 4.5mm,34mm S.S.","Cortex screw 4.5mm,34mm S.S.",BO.103.34.S,"Cortex screw 4.5mm,34mm S.S.",Screws,Հատ,Без НДС,հատ,9021
00-00001582,"Cortex screw 4.5mm,36mm S.S.","Cortex screw 4.5mm,36mm S.S.",BO.103.36.S,"Cortex screw 4.5mm,36mm S.S.",Screws,Հատ,Без НДС,հատ,9021
00-00001583,"Cortex screw 4.5mm,38mm S.S.","Cortex screw 4.5mm,38mm S.S.",BO.103.38.S,"Cortex screw 4.5mm,38mm S.S.",Screws,Հատ,Без НДС,հատ,9021
00-00001584,"Cortex screw 4.5mm,40mm S.S.","Cortex screw 4.5mm,40mm S.S.",BO.103.40.S,"Cortex screw 4.5mm,40mm S.S.",Screws,Հատ,Без НДС,հատ,9021
00-00001585,"Cortex screw 4.5mm,42mm S.S.","Cortex screw 4.5mm,42mm S.S.",BO.103.42.S,"Cortex screw 4.5mm,42mm S.S.",Screws,Հատ,Без НДС,հատ,9021
00-00001586,"Cortex screw 4.5mm,44mm S.S.","Cortex screw 4.5mm,44mm S.S.",BO.103.44.S,"Cortex screw 4.5mm,44mm S.S.",Screws,Հատ,Без НДС,հատ,9021
00-00001587,"Cortex screw 4.5mm,46mm S.S.","Cortex screw 4.5mm,46mm S.S.",BO.103.46.S,"Cortex screw 4.5mm,46mm S.S.",Screws,Հատ,Без НДС,հատ,9021
00-00001588,"Cortex screw 4.5mm,48mm S.S.","Cortex screw 4.5mm,48mm S.S.",BO.103.48.S,"Cortex screw 4.5mm,48mm S.S.",Screws,Հատ,Без НДС,հատ,9021
00-00001554,"Cortex screw 3.5mm,14mm S.S.","Cortex screw 3.5mm,14mm S.S.",BO.102.14.S,"Cortex screw 3.5mm,14mm S.S.",Screws,Հատ,Без НДС,հատ,9021
00-00001556,"Cortex screw 3.5mm,16mm S.S.","Cortex screw 3.5mm,16mm S.S.",BO.102.16.S,"Cortex screw 3.5mm,16mm S.S.",Screws,Հատ,Без НДС,հատ,9021
00-00001557,"Cortex screw 3.5mm,18mm S.S.","Cortex screw 3.5mm,18mm S.S.",BO.102.18.S,"Cortex screw 3.5mm,18mm S.S.",Screws,Հատ,Без НДС,հատ,9021
00-00001559,"Cortex screw 3.5mm,20mm S.S.","Cortex screw 3.5mm,20mm S.S.",BO.102.20.S,"Cortex screw 3.5mm,20mm S.S.",Screws,Հատ,Без НДС,հատ,9021
00-00001560,"Cortex screw 3.5mm,22mm S.S.","Cortex screw 3.5mm,22mm S.S.",BO.102.22.S,"Cortex screw 3.5mm,22mm S.S.",Screws,Հատ,Без НДС,հատ,9021
00-00001561,"Cortex screw 3.5mm,24mm S.S.","Cortex screw 3.5mm,24mm S.S.",BO.102.24.S,"Cortex screw 3.5mm,24mm S.S.",Screws,Հատ,Без НДС,հատ,9021
00-00001563,"Cortex screw 3.5mm,26mm S.S.","Cortex screw 3.5mm,26mm S.S.",BO.102.26.S,"Cortex screw 3.5mm,26mm S.S.",Screws,Հատ,Без НДС,հատ,9021
00-00001565,"Cortex screw 3.5mm,28mm S.S.","Cortex screw 3.5mm,28mm S.S.",BO.102.28.S,"Cortex screw 3.5mm,28mm S.S.",Screws,Հատ,Без НДС,հատ,9021
00-00001567,"Cortex screw 3.5mm,30mm S.S.","Cortex screw 3.5mm,30mm S.S.",BO.102.30.S,"Cortex screw 3.5mm,30mm S.S.",Screws,Հատ,Без НДС,հատ,9021
00-00001568,"Cortex screw 3.5mm,32mm S.S.","Cortex screw 3.5mm,32mm S.S.",BO.102.32.S,"Cortex screw 3.5mm,32mm S.S.",Screws,Հատ,Без НДС,հատ,9021
00-00001569,"Cortex screw 3.5mm,34mm S.S.","Cortex screw 3.5mm,34mm S.S.",BO.102.34.S,"Cortex screw 3.5mm,34mm S.S.",Screws,Հատ,Без НДС,հատ,9021
00-00001571,"Cortex screw 3.5mm,36mm S.S.","Cortex screw 3.5mm,36mm S.S.",BO.102.36.S,"Cortex screw 3.5mm,36mm S.S.",Screws,Հատ,Без НДС,հատ,9021
00-00001572,"Cortex screw 3.5mm,38mm S.S.","Cortex screw 3.5mm,38mm S.S.",BO.102.38.S,"Cortex screw 3.5mm,38mm S.S.",Screws,Հատ,Без НДС,հատ,9021
00-00001573,"Cortex screw 3.5mm,40mm S.S.","Cortex screw 3.5mm,40mm S.S.",BO.102.40.S,"Cortex screw 3.5mm,40mm S.S.",Screws,Հատ,Без НДС,հատ,9021
00-00001574,"Cortex screw 3.5mm,42mm S.S.","Cortex screw 3.5mm,42mm S.S.",BO.102.42.S,"Cortex screw 3.5mm,42mm S.S.",Screws,Հատ,Без НДС,հատ,9021
00-00001575,"Cortex screw 3.5mm,44mm S.S.","Cortex screw 3.5mm,44mm S.S.",BO.102.44.S,"Cortex screw 3.5mm,44mm S.S.",Screws,Հատ,Без НДС,հատ,9021
00-00001576,"Cortex screw 3.5mm,46mm S.S.","Cortex screw 3.5mm,46mm S.S.",BO.102.46.S,"Cortex screw 3.5mm,46mm S.S.",Screws,Հատ,Без НДС,հատ,9021
00-00001577,"Cortex screw 3.5mm,48mm S.S.","Cortex screw 3.5mm,48mm S.S.",BO.102.48.S,"Cortex screw 3.5mm,48mm S.S.",Screws,Հատ,Без НДС,հատ,9021
00-00001578,"Cortex screw 3.5mm,50mm S.S.","Cortex screw 3.5mm,50mm S.S.",BO.102.50.S,"Cortex screw 3.5mm,50mm S.S.",Screws,Հատ,Без НДС,հատ,9021
00-00001579,"Cortex screw 3.5mm,58mm S.S.","Cortex screw 3.5mm,58mm S.S.",BO.102.58.S,"Cortex screw 3.5mm,58mm S.S.",Screws,Հատ,Без НДС,հատ,9021
00-00001580,"Cortex screw 3.5mm,60mm S.S.","Cortex screw 3.5mm,60mm S.S.",BO.102.60.S,"Cortex screw 3.5mm,60mm S.S.",Screws,Հատ,Без НДС,հատ,9021
00-00001555,"Cortex screw 3.5mm,14mm Ti","Cortex screw 3.5mm,14mm Ti",BOI.103.14.T,"Cortex screw 3.5mm,14mm Ti",Screws,Հատ,Без НДС,հատ,9021
00-00001558,"Cortex screw 3.5mm,18mm Ti","Cortex screw 3.5mm,18mm Ti",BOI.103.18.T,"Cortex screw 3.5mm,18mm Ti",Screws,Հատ,Без НДС,հատ,9021
00-00001562,"Cortex screw 3.5mm,24mm Ti","Cortex screw 3.5mm,24mm Ti",BOI.103.24.T,"Cortex screw 3.5mm,24mm Ti",Screws,Հատ,Без НДС,հատ,9021
00-00001564,"Cortex screw 3.5mm,26mm Ti","Cortex screw 3.5mm,26mm Ti",BOI.103.26.T,"Cortex screw 3.5mm,26mm Ti",Screws,Հատ,Без НДС,հատ,9021
00-00001566,"Cortex screw 3.5mm,28mm Ti","Cortex screw 3.5mm,28mm Ti",BOI.103.28.T,"Cortex screw 3.5mm,28mm Ti",Screws,Հատ,Без НДС,հատ,9021
00-00001570,"Cortex screw 3.5mm,34mm Ti","Cortex screw 3.5mm,34mm Ti",BOI.103.34.T,"Cortex screw 3.5mm,34mm Ti",Screws,Հատ,Без НДС,հատ,9021
00-00001657,Tibia Lockable Intr. Nail 8*260mm S.S,Tibia Lockable Intr. Nail 8*260mm S.S,4101.0826,Tibia Lockable Intr. Nail 8*260mm S.S,Tibia Nails,Հատ,Без НДС,հատ,9021
00-00001658,Tibia Lockable Intr. Nail 8*280mm S.S,Tibia Lockable Intr. Nail 8*280mm S.S,4101.0828,Tibia Lockable Intr. Nail 8*280mm S.S,Tibia Nails,Հատ,Без НДС,հատ,9021
00-00001659,Tibia Lockable Intr. Nail 8*300mm S.S,Tibia Lockable Intr. Nail 8*300mm S.S,4101.0830,Tibia Lockable Intr. Nail 8*300mm S.S,Tibia Nails,Հատ,Без НДС,հատ,9021
00-00001660,Tibia Lockable Intr. Nail 8*320mm S.S,Tibia Lockable Intr. Nail 8*320mm S.S,4101.0832,Tibia Lockable Intr. Nail 8*320mm S.S,Tibia Nails,Հատ,Без НДС,հատ,9021
00-00001661,Tibia Lockable Intr. Nail 8*340mm S.S,Tibia Lockable Intr. Nail 8*340mm S.S,4101.0834,Tibia Lockable Intr. Nail 8*340mm S.S,Tibia Nails,Հատ,Без НДС,հատ,9021
00-00001662,Tibia Lockable Intr. Nail 8*360mm S.S,Tibia Lockable Intr. Nail 8*360mm S.S,4101.0836,Tibia Lockable Intr. Nail 8*360mm S.S,Tibia Nails,Հատ,Без НДС,հատ,9021
00-00001663,Tibia Lockable Intr. Nail 9*240mm S.S,Tibia Lockable Intr. Nail 9*240mm S.S,4101.0924,Tibia Lockable Intr. Nail 9*240mm S.S,Tibia Nails,Հատ,Без НДС,հատ,9021
00-00001664,Tibia Lockable Intr. Nail 9*260mm S.S,Tibia Lockable Intr. Nail 9*260mm S.S,4101.0926,Tibia Lockable Intr. Nail 9*260mm S.S,Tibia Nails,Հատ,Без НДС,հատ,9021
00-00001665,Tibia Lockable Intr. Nail 9*280mm S.S,Tibia Lockable Intr. Nail 9*280mm S.S,4101.0928,Tibia Lockable Intr. Nail 9*280mm S.S,Tibia Nails,Հատ,Без НДС,հատ,9021
00-00001666,Tibia Lockable Intr. Nail 9*300mm S.S,Tibia Lockable Intr. Nail 9*300mm S.S,4101.0930,Tibia Lockable Intr. Nail 9*300mm S.S,Tibia Nails,Հատ,Без НДС,հատ,9021
00-00001667,Tibia Lockable Intr. Nail 9*320mm S.S,Tibia Lockable Intr. Nail 9*320mm S.S,4101.0932,Tibia Lockable Intr. Nail 9*320mm S.S,Tibia Nails,Հատ,Без НДС,հատ,9021
00-00001668,Tibia Lockable Intr. Nail 9*340mm S.S,Tibia Lockable Intr. Nail 9*340mm S.S,4101.0934,Tibia Lockable Intr. Nail 9*340mm S.S,Tibia Nails,Հատ,Без НДС,հատ,9021
00-00001669,Tibia Lockable Intr. Nail 9*360mm S.S,Tibia Lockable Intr. Nail 9*360mm S.S,4101.0936,Tibia Lockable Intr. Nail 9*360mm S.S,Tibia Nails,Հատ,Без НДС,հատ,9021
00-00001650,Tibia Lockable Intr. Nail 10*240mm S.S,Tibia Lockable Intr. Nail 10*240mm S.S,4101.1024,Tibia Lockable Intr. Nail 10*240mm S.S,Tibia Nails,Հատ,Без НДС,հատ,9021
00-00001651,Tibia Lockable Intr. Nail 10*260mm S.S,Tibia Lockable Intr. Nail 10*260mm S.S,4101.1026,Tibia Lockable Intr. Nail 10*260mm S.S,Tibia Nails,Հատ,Без НДС,հատ,9021
00-00001652,Tibia Lockable Intr. Nail 10*280mm S.S,Tibia Lockable Intr. Nail 10*280mm S.S,4101.1028,Tibia Lockable Intr. Nail 10*280mm S.S,Tibia Nails,Հատ,Без НДС,հատ,9021
00-00001653,Tibia Lockable Intr. Nail 10*300mm S.S,Tibia Lockable Intr. Nail 10*300mm S.S,4101.1030,Tibia Lockable Intr. Nail 10*300mm S.S,Tibia Nails,Հատ,Без НДС,հատ,9021
00-00001654,Tibia Lockable Intr. Nail 10*320mm S.S,Tibia Lockable Intr. Nail 10*320mm S.S,4101.1032,Tibia Lockable Intr. Nail 10*320mm S.S,Tibia Nails,Հատ,Без НДС,հատ,9021
00-00001655,Tibia Lockable Intr. Nail 10*340mm S.S,Tibia Lockable Intr. Nail 10*340mm S.S,4101.1034,Tibia Lockable Intr. Nail 10*340mm S.S,Tibia Nails,Հատ,Без НДС,հատ,9021
00-00001656,Tibia Lockable Intr. Nail 10*360mm S.S,Tibia Lockable Intr. Nail 10*360mm S.S,4101.1036,Tibia Lockable Intr. Nail 10*360mm S.S,Tibia Nails,Հատ,Без НДС,հատ,9021
00-00001677,Tibial Intramedullary Nail 8*260mm Ti,Tibial Intramedullary Nail 8*260mm Ti,4201.0826,Tibial Intramedullary Nail 8*260mm Ti,Tibia Nails,Հատ,Без НДС,հատ,9021
00-00001678,Tibial Intramedullary Nail 8*280mm Ti ,Tibial Intramedullary Nail 8*280mm Ti ,4201.0828,Tibial Intramedullary Nail 8*280mm Ti ,Tibia Nails,Հատ,Без НДС,հատ,9021
00-00001679,Tibial Intramedullary Nail 8*300mm Ti,Tibial Intramedullary Nail 8*300mm Ti,4201.0830,Tibial Intramedullary Nail 8*300mm Ti,Tibia Nails,Հատ,Без НДС,հատ,9021
00-00001680,Tibial Intramedullary Nail 8*320mm Ti,Tibial Intramedullary Nail 8*320mm Ti,4201.0832,Tibial Intramedullary Nail 8*320mm Ti,Tibia Nails,Հատ,Без НДС,հատ,9021
00-00001681,Tibial Intramedullary Nail 8*340mm Ti,Tibial Intramedullary Nail 8*340mm Ti,4201.0834,Tibial Intramedullary Nail 8*340mm Ti,Tibia Nails,Հատ,Без НДС,հատ,9021
00-00001682,Tibial Intramedullary Nail 8*360mm Ti,Tibial Intramedullary Nail 8*360mm Ti,4201.0836,Tibial Intramedullary Nail 8*360mm Ti,Tibia Nails,Հատ,Без НДС,հատ,9021
00-00001683,Tibial Intramedullary Nail 9*240mm Ti,Tibial Intramedullary Nail 9*240mm Ti,4201.0924,Tibial Intramedullary Nail 9*240mm Ti,Tibia Nails,Հատ,Без НДС,հատ,9021
00-00001684,Tibial Intramedullary Nail 9*260mm Ti,Tibial Intramedullary Nail 9*260mm Ti,4201.0926,Tibial Intramedullary Nail 9*260mm Ti,Tibia Nails,Հատ,Без НДС,հատ,9021
00-00001685,Tibial Intramedullary Nail 9*280mm Ti,Tibial Intramedullary Nail 9*280mm Ti,4201.0928,Tibial Intramedullary Nail 9*280mm Ti,Tibia Nails,Հատ,Без НДС,հատ,9021
00-00001686,Tibial Intramedullary Nail 9*300mm Ti,Tibial Intramedullary Nail 9*300mm Ti,4201.0930,Tibial Intramedullary Nail 9*300mm Ti,Tibia Nails,Հատ,Без НДС,հատ,9021
00-00001687,Tibial Intramedullary Nail 9*320mm Ti,Tibial Intramedullary Nail 9*320mm Ti,4201.0932,Tibial Intramedullary Nail 9*320mm Ti,Tibia Nails,Հատ,Без НДС,հատ,9021
00-00001688,Tibial Intramedullary Nail 9*340mm Ti,Tibial Intramedullary Nail 9*340mm Ti,4201.0934,Tibial Intramedullary Nail 9*340mm Ti,Tibia Nails,Հատ,Без НДС,հատ,9021
00-00001689,Tibial Intramedullary Nail 9*360mm Ti,Tibial Intramedullary Nail 9*360mm Ti,4201.0936,Tibial Intramedullary Nail 9*360mm Ti,Tibia Nails,Հատ,Без НДС,հատ,9021
00-00001670,Tibial Intramedullary Nail 10*240mm Ti,Tibial Intramedullary Nail 10*240mm Ti,4201.1024,Tibial Intramedullary Nail 10*240mm Ti,Tibia Nails,Հատ,Без НДС,հատ,9021
00-00001671,Tibial Intramedullary Nail 10*260mm Ti,Tibial Intramedullary Nail 10*260mm Ti,4201.1026,Tibial Intramedullary Nail 10*260mm Ti,Tibia Nails,Հատ,Без НДС,հատ,9021
00-00001672,Tibial Intramedullary Nail 10*280mm Ti,Tibial Intramedullary Nail 10*280mm Ti,4201.1028,Tibial Intramedullary Nail 10*280mm Ti,Tibia Nails,Հատ,Без НДС,հատ,9021
00-00001673,Tibial Intramedullary Nail 10*300mm Ti,Tibial Intramedullary Nail 10*300mm Ti,4201.1030,Tibial Intramedullary Nail 10*300mm Ti,Tibia Nails,Հատ,Без НДС,հատ,9021
00-00001674,Tibial Intramedullary Nail 10*320mm Ti,Tibial Intramedullary Nail 10*320mm Ti,4201.1032,Tibial Intramedullary Nail 10*320mm Ti,Tibia Nails,Հատ,Без НДС,հատ,9021
00-00001675,Tibial Intramedullary Nail 10*340mm Ti,Tibial Intramedullary Nail 10*340mm Ti,4201.1034,Tibial Intramedullary Nail 10*340mm Ti,Tibia Nails,Հատ,Без НДС,հատ,9021
00-00001676,Tibial Intramedullary Nail 10*360mm Ti,Tibial Intramedullary Nail 10*360mm Ti,4201.1036,Tibial Intramedullary Nail 10*360mm Ti,Tibia Nails,Հատ,Без НДС,հատ,9021
00-00001631,Long PFNA right 9*240mm Ti,Long PFNA right 9*240mm Ti,4209.0924,Long PFNA right 9*240mm Ti,PFNA,Հատ,Без НДС,հատ,9021
00-00001632,Long PFNA right 9*280mm Ti,Long PFNA right 9*280mm Ti,4209.0928,Long PFNA right 9*280mm Ti,PFNA,Հատ,Без НДС,հատ,9021
00-00001633,Long PFNA right 9*320mm Ti,Long PFNA right 9*320mm Ti,4209.0932,Long PFNA right 9*320mm Ti,PFNA,Հատ,Без НДС,հատ,9021
00-00001621,Long PFNA right 10*240mm Ti,Long PFNA right 10*240mm Ti,4209.1024,Long PFNA right 10*240mm Ti,PFNA,Հատ,Без НДС,հատ,9021
00-00001622,Long PFNA right 10*280mm Ti,Long PFNA right 10*280mm Ti,4209.1028,Long PFNA right 10*280mm Ti,PFNA,Հատ,Без НДС,հատ,9021
00-00001623,Long PFNA right 10*320mm Ti,Long PFNA right 10*320mm Ti,4209.1032,Long PFNA right 10*320mm Ti,PFNA,Հատ,Без НДС,հատ,9021
00-00001624,Long PFNA right 10*360mm Ti,Long PFNA right 10*360mm Ti,4209.1036,Long PFNA right 10*360mm Ti,PFNA,Հատ,Без НДС,հատ,9021
00-00001625,Long PFNA right 10*380mm Ti,Long PFNA right 10*380mm Ti,4209.1038,Long PFNA right 10*380mm Ti,PFNA,Հատ,Без НДС,հատ,9021
00-00001626,Long PFNA right 11*240mm Ti,Long PFNA right 11*240mm Ti,4209.1124,Long PFNA right 11*240mm Ti,PFNA,Հատ,Без НДС,հատ,9021
00-00001627,Long PFNA right 11*280mm Ti,Long PFNA right 11*280mm Ti,4209.1128,Long PFNA right 11*280mm Ti,PFNA,Հատ,Без НДС,հատ,9021
00-00001628,Long PFNA right 11*320mm Ti,Long PFNA right 11*320mm Ti,4209.1132,Long PFNA right 11*320mm Ti,PFNA,Հատ,Без НДС,հատ,9021
00-00001629,Long PFNA right 11*360mm Ti,Long PFNA right 11*360mm Ti,4209.1136,Long PFNA right 11*360mm Ti,PFNA,Հատ,Без НДС,հատ,9021
00-00001630,Long PFNA right 11*380mm Ti,Long PFNA right 11*380mm Ti,4209.1138,Long PFNA right 11*380mm Ti,PFNA,Հատ,Без НДС,հատ,9021
00-00001618,Long PFNA left 9*240mm Ti,Long PFNA left 9*240mm Ti,4208.0924,Long PFNA left 9*240mm Ti,PFNA,Հատ,Без НДС,հատ,9021
00-00001619,Long PFNA left 9*280mm Ti,Long PFNA left 9*280mm Ti,4208.0928,Long PFNA left 9*280mm Ti,PFNA,Հատ,Без НДС,հատ,9021
00-00001620,Long PFNA left 9*320mm Ti,Long PFNA left 9*320mm Ti,4208.0932,Long PFNA left 9*320mm Ti,PFNA,Հատ,Без НДС,հատ,9021
00-00001608,Long PFNA left 10*240mm Ti,Long PFNA left 10*240mm Ti,4208.1024,Long PFNA left 10*240mm Ti,PFNA,Հատ,Без НДС,հատ,9021
00-00001609,Long PFNA left 10*280mm Ti,Long PFNA left 10*280mm Ti,4208.1028,Long PFNA left 10*280mm Ti,PFNA,Հատ,Без НДС,հատ,9021
00-00001610,Long PFNA left 10*320mm Ti,Long PFNA left 10*320mm Ti,4208.1032,Long PFNA left 10*320mm Ti,PFNA,Հատ,Без НДС,հատ,9021
00-00001611,Long PFNA left 10*360mm Ti,Long PFNA left 10*360mm Ti,4208.1036,Long PFNA left 10*360mm Ti,PFNA,Հատ,Без НДС,հատ,9021
00-00001612,Long PFNA left 10*380mm Ti,Long PFNA left 10*380mm Ti,4208.1038,Long PFNA left 10*380mm Ti,PFNA,Հատ,Без НДС,հատ,9021
00-00001613,Long PFNA left 11*240mm Ti,Long PFNA left 11*240mm Ti,4208.1124,Long PFNA left 11*240mm Ti,PFNA,Հատ,Без НДС,հատ,9021
00-00001614,Long PFNA left 11*280mm Ti,Long PFNA left 11*280mm Ti,4208.1128,Long PFNA left 11*280mm Ti,PFNA,Հատ,Без НДС,հատ,9021
00-00001615,Long PFNA left 11*320mm Ti,Long PFNA left 11*320mm Ti,4208.1132,Long PFNA left 11*320mm Ti,PFNA,Հատ,Без НДС,հատ,9021
00-00001616,Long PFNA left 11*360mm Ti,Long PFNA left 11*360mm Ti,4208.1136,Long PFNA left 11*360mm Ti,PFNA,Հատ,Без НДС,հատ,9021
00-00001617,Long PFNA left 11*380mm Ti,Long PFNA left 11*380mm Ti,4208.1138,Long PFNA left 11*380mm Ti,PFNA,Հատ,Без НДС,հատ,9021
00-00001640,PFNA 9*180mm Ti,PFNA 9*180mm Ti,4207.0918,PFNA 9*180mm Ti,PFNA,Հատ,Без НДС,հատ,9021
00-00001641,PFNA 9*200mm Ti,PFNA 9*200mm Ti,4207.0920,PFNA 9*200mm Ti,PFNA,Հատ,Без НДС,հատ,9021
00-00001642,PFNA 9*220mm Ti,PFNA 9*220mm Ti,4207.0922,PFNA 9*220mm Ti,PFNA,Հատ,Без НДС,հատ,9021
00-00001634,PFNA 10*180mm Ti,PFNA 10*180mm Ti,4207.1018,PFNA 10*180mm Ti,PFNA,Հատ,Без НДС,հատ,9021
00-00001635,PFNA 10*200mm Ti,PFNA 10*200mm Ti,4207.1020,PFNA 10*200mm Ti,PFNA,Հատ,Без НДС,հատ,9021
00-00001636,PFNA 10*220mm Ti,PFNA 10*220mm Ti,4207.1022,PFNA 10*220mm Ti,PFNA,Հատ,Без НДС,հատ,9021
00-00001637,PFNA 11*180mm Ti,PFNA 11*180mm Ti,4207.1118,PFNA 11*180mm Ti,PFNA,Հատ,Без НДС,հատ,9021
00-00001638,PFNA 11*200mm Ti ,PFNA 11*200mm Ti ,4207.1120,PFNA 11*200mm Ti ,PFNA,Հատ,Без НДС,հատ,9021
00-00001639,PFNA 11*220mm Ti,PFNA 11*220mm Ti,4207.1122,PFNA 11*220mm Ti,PFNA,Հատ,Без НДС,հատ,9021
00-00001646,PFNA blade 10*80mm Ti,PFNA blade 10*80mm Ti,4230.1080,PFNA blade 10*80mm Ti,PFNA,Հատ,Без НДС,հատ,9021
00-00001647,PFNA blade 10*85mm Ti,PFNA blade 10*85mm Ti,4230.1085,PFNA blade 10*85mm Ti,PFNA,Հատ,Без НДС,հատ,9021
00-00001648,PFNA blade 10*90mm Ti,PFNA blade 10*90mm Ti,4230.1090,PFNA blade 10*90mm Ti,PFNA,Հատ,Без НДС,հատ,9021
00-00001649,PFNA blade 10*95mm Ti,PFNA blade 10*95mm Ti,4230.1095,PFNA blade 10*95mm Ti,PFNA,Հատ,Без НДС,հատ,9021
00-00001643,PFNA blade 10*100mm Ti,PFNA blade 10*100mm Ti,4230.1000,PFNA blade 10*100mm Ti,PFNA,Հատ,Без НДС,հատ,9021
00-00001644,PFNA blade 10*105mm Ti,PFNA blade 10*105mm Ti,4230.1005,PFNA blade 10*105mm Ti,PFNA,Հատ,Без НДС,հատ,9021
00-00001645,PFNA blade 10*110mm Ti,PFNA blade 10*110mm Ti,4230.1010,PFNA blade 10*110mm Ti,PFNA,Հատ,Без НДС,հատ,9021
00-00001597,Locking Screw 4.8*35mm Ti,Locking Screw 4.8*35mm Ti,4214.4535,Locking Screw 4.8*35mm Ti,ZMD Screws,Հատ,Без НДС,հատ,9021
00-00001598,Locking Screw 4.8*40mm Ti,Locking Screw 4.8*40mm Ti,4214.4540,Locking Screw 4.8*40mm Ti,ZMD Screws,Հատ,Без НДС,հատ,9021
00-00001599,Locking Screw 4.8*45mm Ti,Locking Screw 4.8*45mm Ti,4214.4545,Locking Screw 4.8*45mm Ti,ZMD Screws,Հատ,Без НДС,հատ,9021
00-00001600,Locking Screw 4.8*50mm Ti,Locking Screw 4.8*50mm Ti,4214.4550,Locking Screw 4.8*50mm Ti,ZMD Screws,Հատ,Без НДС,հատ,9021
00-00001601,Locking Screw 4.8*55mm Ti,Locking Screw 4.8*55mm Ti,4214.4555,Locking Screw 4.8*55mm Ti,ZMD Screws,Հատ,Без НДС,հատ,9021
00-00001602,Locking Screw 4.8*60mm Ti,Locking Screw 4.8*60mm Ti,4214.4560,Locking Screw 4.8*60mm Ti,ZMD Screws,Հատ,Без НДС,հատ,9021
00-00001596,Locking Screw 4.8*65mm Ti,Locking Screw 4.8*65mm Ti,4214.4565,Locking Screw 4.8*65mm Ti,ZMD Screws,Հատ,Без НДС,հատ,9021
00-00001603,Locking Screw 4.8*70mm Ti,Locking Screw 4.8*70mm Ti,4214.4570,Locking Screw 4.8*70mm Ti,ZMD Screws,Հատ,Без НДС,հատ,9021
00-00001604,Locking Screw 4.8*75mm Ti,Locking Screw 4.8*75mm Ti,4214.4575,Locking Screw 4.8*75mm Ti,ZMD Screws,Հատ,Без НДС,հատ,9021
00-00001605,Locking Screw 4.8*80mm Ti,Locking Screw 4.8*80mm Ti,4214.4580,Locking Screw 4.8*80mm Ti,ZMD Screws,Հատ,Без НДС,հատ,9021
00-00001606,Locking Screw 4.8*85mm Ti,Locking Screw 4.8*85mm Ti,4214.4585,Locking Screw 4.8*85mm Ti,ZMD Screws,Հատ,Без НДС,հատ,9021
00-00001607,Locking Screw 4.8*90mm Ti,Locking Screw 4.8*90mm Ti,4214.4590,Locking Screw 4.8*90mm Ti,ZMD Screws,Հատ,Без НДС,հատ,9021
00-00001823,ZMD.Locking screw 4.8x35mm S.S,ZMD.Locking screw 4.8x35mm S.S,4114.4535,ZMD.Locking screw 4.8x35mm S.S,ZMD Screws,Հատ,Без НДС,հատ,9021
00-00001824,ZMD.Locking screw 4.8x40mm S.S,ZMD.Locking screw 4.8x40mm S.S,4114.4540,ZMD.Locking screw 4.8x40mm S.S,ZMD Screws,Հատ,Без НДС,հատ,9021
00-00001825,ZMD.Locking screw 4.8x45mm S.S,ZMD.Locking screw 4.8x45mm S.S,4114.4545,ZMD.Locking screw 4.8x45mm S.S,ZMD Screws,Հատ,Без НДС,հատ,9021
00-00001826,ZMD.Locking screw 4.8x50mm S.S,ZMD.Locking screw 4.8x50mm S.S,4114.4550,ZMD.Locking screw 4.8x50mm S.S,ZMD Screws,Հատ,Без НДС,հատ,9021
00-00001827,ZMD.Locking screw 4.8x55mm S.S,ZMD.Locking screw 4.8x55mm S.S,4114.4555,ZMD.Locking screw 4.8x55mm S.S,ZMD Screws,Հատ,Без НДС,հատ,9021
00-00001828,ZMD.Locking screw 4.8x60mm S.S,ZMD.Locking screw 4.8x60mm S.S,4114.4560,ZMD.Locking screw 4.8x60mm S.S,ZMD Screws,Հատ,Без НДС,հատ,9021
00-00001829,ZMD.Locking screw 4.8x65mm S.S,ZMD.Locking screw 4.8x65mm S.S,4114.4565,ZMD.Locking screw 4.8x65mm S.S,ZMD Screws,Հատ,Без НДС,հատ,9021
00-00001830,ZMD.Locking screw 4.8x70mm S.S,ZMD.Locking screw 4.8x70mm S.S,4114.4570,ZMD.Locking screw 4.8x70mm S.S,ZMD Screws,Հատ,Без НДС,հատ,9021
00-00001831,ZMD.Locking screw 4.8x75mm S.S,ZMD.Locking screw 4.8x75mm S.S,4114.4575,ZMD.Locking screw 4.8x75mm S.S,ZMD Screws,Հատ,Без НДС,հատ,9021
00-00001832,ZMD.Locking screw 4.8x80mm S.S,ZMD.Locking screw 4.8x80mm S.S,4114.4580,ZMD.Locking screw 4.8x80mm S.S,ZMD Screws,Հատ,Без НДС,հատ,9021
00-00001833,ZMD.Locking screw 4.8x85mm S.S,ZMD.Locking screw 4.8x85mm S.S,4114.4585,ZMD.Locking screw 4.8x85mm S.S,ZMD Screws,Հատ,Без НДС,հատ,9021
00-00001834,ZMD.Locking screw 4.8x90mm S.S,ZMD.Locking screw 4.8x90mm S.S,4114.4590,ZMD.Locking screw 4.8x90mm S.S,ZMD Screws,Հատ,Без НДС,հատ,9021
00-00001811,ZMD.St. Gamma Femoral Prox. Lock. I.N. 9*220mm S.S,ZMD.St. Gamma Femoral Prox. Lock. I.N. 9*220mm S.S,50204.9.220.S,ZMD.St. Gamma Femoral Prox. Lock. I.N. 9*220mm S.S,Gamma,Հատ,Без НДС,հատ,9021
00-00001812,ZMD.St. Gamma Femoral Prox. Lock. I.N. 9*240mm S.S,ZMD.St. Gamma Femoral Prox. Lock. I.N. 9*240mm S.S,50204.9.240.S,ZMD.St. Gamma Femoral Prox. Lock. I.N. 9*240mm S.S,Gamma,Հատ,Без НДС,հատ,9021
00-00001813,ZMD.St. Gamma Femoral Prox. Lock. I.N. 9*260mm S.S,ZMD.St. Gamma Femoral Prox. Lock. I.N. 9*260mm S.S,50204.9.260.S,ZMD.St. Gamma Femoral Prox. Lock. I.N. 9*260mm S.S,Gamma,Հատ,Без НДС,հատ,9021
00-00001814,ZMD.St. Gamma Femoral Prox. Lock. I.N. 9*280mm S.S,ZMD.St. Gamma Femoral Prox. Lock. I.N. 9*280mm S.S,50204.9.280.S,ZMD.St. Gamma Femoral Prox. Lock. I.N. 9*280mm S.S,Gamma,Հատ,Без НДС,հատ,9021
00-00001803,ZMD.St. Gamma Femoral Prox. Lock. I.N. 10*200mm S.S,ZMD.St. Gamma Femoral Prox. Lock. I.N. 10*200mm S.S,50204.10.200.S,ZMD.St. Gamma Femoral Prox. Lock. I.N. 10*200mm S.S,Gamma,Հատ,Без НДС,հատ,9021
00-00001804,ZMD.St. Gamma Femoral Prox. Lock. I.N. 10*220mm S.S,ZMD.St. Gamma Femoral Prox. Lock. I.N. 10*220mm S.S,50204.10.220.S,ZMD.St. Gamma Femoral Prox. Lock. I.N. 10*220mm S.S,Gamma,Հատ,Без НДС,հատ,9021
00-00001805,ZMD.St. Gamma Femoral Prox. Lock. I.N. 10*240mm S.S,ZMD.St. Gamma Femoral Prox. Lock. I.N. 10*240mm S.S,50204.10.240.S,ZMD.St. Gamma Femoral Prox. Lock. I.N. 10*240mm S.S,Gamma,Հատ,Без НДС,հատ,9021
00-00001806,ZMD.St. Gamma Femoral Prox. Lock. I.N. 10*260mm S.S,ZMD.St. Gamma Femoral Prox. Lock. I.N. 10*260mm S.S,50204.10.260.S,ZMD.St. Gamma Femoral Prox. Lock. I.N. 10*260mm S.S,Gamma,Հատ,Без НДС,հատ,9021
00-00001807,ZMD.St. Gamma Femoral Prox. Lock. I.N. 10*280mm S.S,ZMD.St. Gamma Femoral Prox. Lock. I.N. 10*280mm S.S,50204.10.280.S,ZMD.St. Gamma Femoral Prox. Lock. I.N. 10*280mm S.S,Gamma,Հատ,Без НДС,հատ,9021
00-00001808,ZMD.St. Gamma Femoral Prox. Lock. I.N. 11*200mm S.S,ZMD.St. Gamma Femoral Prox. Lock. I.N. 11*200mm S.S,50204.11.200.S,ZMD.St. Gamma Femoral Prox. Lock. I.N. 11*200mm S.S,Gamma,Հատ,Без НДС,հատ,9021
00-00001809,ZMD.St. Gamma Femoral Prox. Lock. I.N. 11*240mm S.S,ZMD.St. Gamma Femoral Prox. Lock. I.N. 11*240mm S.S,50204.11.240.S,ZMD.St. Gamma Femoral Prox. Lock. I.N. 11*240mm S.S,Gamma,Հատ,Без НДС,հատ,9021
00-00001810,ZMD.St. Gamma Femoral Prox. Lock. I.N. 11*260mm S.S,ZMD.St. Gamma Femoral Prox. Lock. I.N. 11*260mm S.S,50204.11.260.S,ZMD.St. Gamma Femoral Prox. Lock. I.N. 11*260mm S.S,Gamma,Հատ,Без НДС,հատ,9021
00-00001797,ZMD.Femoral Proximal Lockable Intr. Nail 9*320mm S.S,ZMD.Femoral Proximal Lockable Intr. Nail 9*320mm S.S,50202.9.320.S,ZMD.Femoral Proximal Lockable Intr. Nail 9*320mm S.S,Femoral Nails,Հատ,Без НДС,հատ,9021
00-00001798,ZMD.Femoral Proximal Lockable Intr. Nail 9*340mm S.S,ZMD.Femoral Proximal Lockable Intr. Nail 9*340mm S.S,50202.9.340.S,ZMD.Femoral Proximal Lockable Intr. Nail 9*340mm S.S,Femoral Nails,Հատ,Без НДС,հատ,9021
00-00001799,ZMD.Femoral Proximal Lockable Intr. Nail 9*360mm S.S,ZMD.Femoral Proximal Lockable Intr. Nail 9*360mm S.S,50202.9.360.S,ZMD.Femoral Proximal Lockable Intr. Nail 9*360mm S.S,Femoral Nails,Հատ,Без НДС,հատ,9021
00-00001800,ZMD.Femoral Proximal Lockable Intr. Nail 9*380mm S.S,ZMD.Femoral Proximal Lockable Intr. Nail 9*380mm S.S,4102.0938,ZMD.Femoral Proximal Lockable Intr. Nail 9*380mm S.S,Femoral Nails,Հատ,Без НДС,հատ,9021
00-00001801,ZMD.Femoral Proximal Lockable Intr. Nail 9*400mm S.S,ZMD.Femoral Proximal Lockable Intr. Nail 9*400mm S.S,50202.9.400.S,ZMD.Femoral Proximal Lockable Intr. Nail 9*400mm S.S,Femoral Nails,Հատ,Без НДС,հատ,9021
00-00001802,ZMD.Femoral Proximal Lockable Intr. Nail 9*420mm S.S,ZMD.Femoral Proximal Lockable Intr. Nail 9*420mm S.S,50202.9.420.S,ZMD.Femoral Proximal Lockable Intr. Nail 9*420mm S.S,Femoral Nails,Հատ,Без НДС,հատ,9021
00-00001785,ZMD.Femoral Proximal Lockable Intr. Nail 10*320mm S.S,ZMD.Femoral Proximal Lockable Intr. Nail 10*320mm S.S,50202.10.320.S,ZMD.Femoral Proximal Lockable Intr. Nail 10*320mm S.S,Femoral Nails,Հատ,Без НДС,հատ,9021
00-00001786,ZMD.Femoral Proximal Lockable Intr. Nail 10*340mm S.S,ZMD.Femoral Proximal Lockable Intr. Nail 10*340mm S.S,50202.10.340.S,ZMD.Femoral Proximal Lockable Intr. Nail 10*340mm S.S,Femoral Nails,Հատ,Без НДС,հատ,9021
00-00001787,ZMD.Femoral Proximal Lockable Intr. Nail 10*360mm S.S,ZMD.Femoral Proximal Lockable Intr. Nail 10*360mm S.S,50202.10.360.S,ZMD.Femoral Proximal Lockable Intr. Nail 10*360mm S.S,Femoral Nails,Հատ,Без НДС,հատ,9021
00-00001788,ZMD.Femoral Proximal Lockable Intr. Nail 10*380mm S.S,ZMD.Femoral Proximal Lockable Intr. Nail 10*380mm S.S,4102.1038,ZMD.Femoral Proximal Lockable Intr. Nail 10*380mm S.S,Femoral Nails,Հատ,Без НДС,հատ,9021
00-00001789,ZMD.Femoral Proximal Lockable Intr. Nail 10*400mm S.S,ZMD.Femoral Proximal Lockable Intr. Nail 10*400mm S.S,50202.10.400.S,ZMD.Femoral Proximal Lockable Intr. Nail 10*400mm S.S,Femoral Nails,Հատ,Без НДС,հատ,9021
00-00001790,ZMD.Femoral Proximal Lockable Intr. Nail 10*420mm S.S,ZMD.Femoral Proximal Lockable Intr. Nail 10*420mm S.S,50202.10.420.S,ZMD.Femoral Proximal Lockable Intr. Nail 10*420mm S.S,Femoral Nails,Հատ,Без НДС,հատ,9021
00-00001791,ZMD.Femoral Proximal Lockable Intr. Nail 11*320mm S.S,ZMD.Femoral Proximal Lockable Intr. Nail 11*320mm S.S,4202.1132,ZMD.Femoral Proximal Lockable Intr. Nail 11*320mm S.S,Femoral Nails,Հատ,Без НДС,հատ,9021
00-00001792,ZMD.Femoral Proximal Lockable Intr. Nail 11*340mm S.S,ZMD.Femoral Proximal Lockable Intr. Nail 11*340mm S.S,50202.11.340.S,ZMD.Femoral Proximal Lockable Intr. Nail 11*340mm S.S,Femoral Nails,Հատ,Без НДС,հատ,9021
00-00001793,ZMD.Femoral Proximal Lockable Intr. Nail 11*360mm S.S,ZMD.Femoral Proximal Lockable Intr. Nail 11*360mm S.S,50202.11.360.S,ZMD.Femoral Proximal Lockable Intr. Nail 11*360mm S.S,Femoral Nails,Հատ,Без НДС,հատ,9021
00-00001794,ZMD.Femoral Proximal Lockable Intr. Nail 11*380mm S.S,ZMD.Femoral Proximal Lockable Intr. Nail 11*380mm S.S,50202.11.380.S,ZMD.Femoral Proximal Lockable Intr. Nail 11*380mm S.S,Femoral Nails,Հատ,Без НДС,հատ,9021
00-00001795,ZMD.Femoral Proximal Lockable Intr. Nail 11*400mm S.S,ZMD.Femoral Proximal Lockable Intr. Nail 11*400mm S.S,50202.11.400.S,ZMD.Femoral Proximal Lockable Intr. Nail 11*400mm S.S,Femoral Nails,Հատ,Без НДС,հատ,9021
00-00001796,ZMD.Femoral Proximal Lockable Intr. Nail 11*420mm S.S,ZMD.Femoral Proximal Lockable Intr. Nail 11*420mm S.S,4102.1142,ZMD.Femoral Proximal Lockable Intr. Nail 11*420mm S.S,Femoral Nails,Հատ,Без НДС,հատ,9021
00-00001728,Humeral Self-Lockable Intr. Nail 7x180mm S.S,Humeral Self-Lockable Intr. Nail 7x180mm S.S,4106.0718,Humeral Self-Lockable Intr. Nail 7x180mm S.S,Humeral nails,Հատ,Без НДС,հատ,9021
00-00001729,Humeral Self-Lockable Intr. Nail 7x200mm S.S,Humeral Self-Lockable Intr. Nail 7x200mm S.S,4106.0720,Humeral Self-Lockable Intr. Nail 7x200mm S.S,Humeral nails,Հատ,Без НДС,հատ,9021
00-00001730,Humeral Self-Lockable Intr. Nail 7x220mm S.S,Humeral Self-Lockable Intr. Nail 7x220mm S.S,4106.0722,Humeral Self-Lockable Intr. Nail 7x220mm S.S,Humeral nails,Հատ,Без НДС,հատ,9021
00-00001731,Humeral Self-Lockable Intr. Nail 7x240mm S.S,Humeral Self-Lockable Intr. Nail 7x240mm S.S,4106.0724,Humeral Self-Lockable Intr. Nail 7x240mm S.S,Humeral nails,Հատ,Без НДС,հատ,9021
00-00001732,Humeral Self-Lockable Intr. Nail 7x260mm S.S,Humeral Self-Lockable Intr. Nail 7x260mm S.S,4106.0726,Humeral Self-Lockable Intr. Nail 7x260mm S.S,Humeral nails,Հատ,Без НДС,հատ,9021
00-00001733,Humeral Self-Lockable Intr. Nail 7x280mm S.S,Humeral Self-Lockable Intr. Nail 7x280mm S.S,4106.0728,Humeral Self-Lockable Intr. Nail 7x280mm S.S,Humeral nails,Հատ,Без НДС,հատ,9021
00-00001722,Humeral Self-Lockable Intr. Nail 7.5x180mm S.S,Humeral Self-Lockable Intr. Nail 7.5x180mm S.S,4106.0918,Humeral Self-Lockable Intr. Nail 7.5x180mm S.S,Humeral nails,Հատ,Без НДС,հատ,9021
00-00001723,Humeral Self-Lockable Intr. Nail 7.5x200mm S.S,Humeral Self-Lockable Intr. Nail 7.5x200mm S.S,4106.0920,Humeral Self-Lockable Intr. Nail 7.5x200mm S.S,Humeral nails,Հատ,Без НДС,հատ,9021
00-00001724,Humeral Self-Lockable Intr. Nail 7.5x220mm S.S,Humeral Self-Lockable Intr. Nail 7.5x220mm S.S,4106.0922,Humeral Self-Lockable Intr. Nail 7.5x220mm S.S,Humeral nails,Հատ,Без НДС,հատ,9021
00-00001725,Humeral Self-Lockable Intr. Nail 7.5x240mm S.S,Humeral Self-Lockable Intr. Nail 7.5x240mm S.S,4106.0924,Humeral Self-Lockable Intr. Nail 7.5x240mm S.S,Humeral nails,Հատ,Без НДС,հատ,9021
00-00001726,Humeral Self-Lockable Intr. Nail 7.5x260mm S.S,Humeral Self-Lockable Intr. Nail 7.5x260mm S.S,4106.0926,Humeral Self-Lockable Intr. Nail 7.5x260mm S.S,Humeral nails,Հատ,Без НДС,հատ,9021
00-00001727,Humeral Self-Lockable Intr. Nail 7.5x280mm S.S,Humeral Self-Lockable Intr. Nail 7.5x280mm S.S,4106.0928,Humeral Self-Lockable Intr. Nail 7.5x280mm S.S,Humeral nails,Հատ,Без НДС,հատ,9021
00-00001734,Humeral Self-Lockable Intr. Nail 8x180mm S.S,Humeral Self-Lockable Intr. Nail 8x180mm S.S,4106.0818,Humeral Self-Lockable Intr. Nail 8x180mm S.S,Humeral nails,Հատ,Без НДС,հատ,9021
00-00001735,Humeral Self-Lockable Intr. Nail 8x200mm S.S,Humeral Self-Lockable Intr. Nail 8x200mm S.S,4106.0820,Humeral Self-Lockable Intr. Nail 8x200mm S.S,Humeral nails,Հատ,Без НДС,հատ,9021
00-00001736,Humeral Self-Lockable Intr. Nail 8x220mm S.S,Humeral Self-Lockable Intr. Nail 8x220mm S.S,4106.0822,Humeral Self-Lockable Intr. Nail 8x220mm S.S,Humeral nails,Հատ,Без НДС,հատ,9021
00-00001737,Humeral Self-Lockable Intr. Nail 8x240mm S.S,Humeral Self-Lockable Intr. Nail 8x240mm S.S,4106.0824,Humeral Self-Lockable Intr. Nail 8x240mm S.S,Humeral nails,Հատ,Без НДС,հատ,9021
00-00001738,Humeral Self-Lockable Intr. Nail 8x260mm S.S,Humeral Self-Lockable Intr. Nail 8x260mm S.S,4106.0826,Humeral Self-Lockable Intr. Nail 8x260mm S.S,Humeral nails,Հատ,Без НДС,հատ,9021
00-00001739,Humeral Self-Lockable Intr. Nail 8x280mm S.S ,Humeral Self-Lockable Intr. Nail 8x280mm S.S ,4106.0828,Humeral Self-Lockable Intr. Nail 8x280mm S.S ,Humeral nails,Հատ,Без НДС,հատ,9021
00-00001766,Pulling screws for Gamma 6.5*90mm S.S,Pulling screws for Gamma 6.5*90mm S.S,50208.90.S,Pulling screws for Gamma 6.5*90mm S.S,Gamma,Հատ,Без НДС,հատ,9021
00-00001767,Pulling screws for Gamma 6.5*95mm S.S,Pulling screws for Gamma 6.5*95mm S.S,50208.95.S,Pulling screws for Gamma 6.5*95mm S.S,Gamma,Հատ,Без НДС,հատ,9021
00-00001765,Pulling screws for Gamma 6.0*85mm S.S,Pulling screws for Gamma 6.0*85mm S.S,50208.85.S,Pulling screws for Gamma 6.0*85mm S.S,Gamma,Հատ,Без НДС,հատ,9021
00-00001781,Zim.TEN 2.0x440mm Ti,Zim.TEN 2.0x440mm Ti,50209.2.440.T,Zim.TEN 2.0x440mm Ti,TEN,Հատ,Без НДС,հատ,9021
00-00001782,Zim.TEN 3.0x440mm Ti,Zim.TEN 3.0x440mm Ti,50209.3.440.T,Zim.TEN 3.0x440mm Ti,TEN,Հատ,Без НДС,հատ,9021
00-00001783,Zim.TEN 3.5x440mm Ti,Zim.TEN 3.5x440mm Ti,"50209.3,5.440.T",Zim.TEN 3.5x440mm Ti,TEN,Հատ,Без НДС,հատ,9021
00-00001784,Zim.TEN 4.0x440mm Ti,Zim.TEN 4.0x440mm Ti,50209.4.440.T,Zim.TEN 4.0x440mm Ti,TEN,Հատ,Без НДС,հատ,9021
00-00001697,BOI.TEN 3.0mm Ti,BOI.TEN 3.0mm Ti,BOI.9938.3.0.T,BOI.TEN 3.0mm Ti,TEN,Հատ,Без НДС,հատ,9021
00-00001699,BOI.TEN 4.0mm Ti,BOI.TEN 4.0mm Ti,BOI.9938.4.0.T,BOI.TEN 4.0mm Ti,TEN,Հատ,Без НДС,հատ,9021
00-00001698,BOI.TEN 3.5mm Ti,BOI.TEN 3.5mm Ti,BOI.9938.3.5.T,BOI.TEN 3.5mm Ti,TEN,Հատ,Без НДС,հատ,9021
00-00001700,DM.TEN 1.5x400mm Ti,DM.TEN 1.5x400mm Ti,DM.073520400.1.5.T,DM.TEN 1.5x400mm Ti,DOUBLE MDDICAL,Հատ,Без НДС,հատ,9021
00-00001701,DM.TEN 2.0x400mm Ti,DM.TEN 2.0x400mm Ti,DM.073520400.2.T,DM.TEN 2.0x400mm Ti,DOUBLE MDDICAL,Հատ,Без НДС,հատ,9021
00-00001702,DM.TEN 2.5x400mm Ti,DM.TEN 2.5x400mm Ti,DM.073520400.2.5.T,DM.TEN 2.5x400mm Ti,DOUBLE MDDICAL,Հատ,Без НДС,հատ,9021
00-00001691,DM.TEN 3.0x400mm Ti,DM.TEN 3.0x400mm Ti,DM.073520400.3.T,DM.TEN 3.0x400mm Ti,DOUBLE MDDICAL,Հատ,Без НДС,հատ,9021
00-00001703,DM.TEN 3.5x400mm Ti,DM.TEN 3.5x400mm Ti,DM.073520400.3.5.T,DM.TEN 3.5x400mm Ti,DOUBLE MDDICAL,Հատ,Без НДС,հատ,9021
00-00001704,DM.TEN 4.0x400mm Ti,DM.TEN 4.0x400mm Ti,DM.073520400.4.T,DM.TEN 4.0x400mm Ti,DOUBLE MDDICAL,Հատ,Без НДС,հատ,9021
00-00001692,BON.TEN 2.0x400mm Ti,BON.TEN 2.0x400mm Ti,BM.3052180400.2.T,BON.TEN 2.0x400mm Ti,Boneunion,Հատ,Без НДС,հատ,9021
00-00001693,BON.TEN 2.5x400mm Ti,BON.TEN 2.5x400mm Ti,BM.3052180400.2.5.T,BON.TEN 2.5x400mm Ti,Boneunion,Հատ,Без НДС,հատ,9021
00-00001694,BON.TEN 3.0x400mm Ti,BON.TEN 3.0x400mm Ti,BM.3052180400.2.T,BON.TEN 3.0x400mm Ti,Boneunion,Հատ,Без НДС,հատ,9021
00-00001695,BON.TEN 3.5x400mm Ti,BON.TEN 3.5x400mm Ti,BM.3052180400.2.T,BON.TEN 3.5x400mm Ti,Boneunion,Հատ,Без НДС,հատ,9021
00-00001696,BON.TEN 4.0x400mm Ti,BON.TEN 4.0x400mm Ti,BM.3052180400.2.T,BON.TEN 4.0x400mm Ti,Boneunion,Հատ,Без НДС,հատ,9021
00-00001754,Phalanx Locking plate Straight-tape 4h Ti,Phalanx Locking plate Straight-tape 4h Ti,20310.4H.T,Phalanx Locking plate Straight-tape 4h Ti,ZMD Plates,Հատ,Без НДС,հատ,9021
00-00001755,Phalanx Locking plate Straight-tape 5h Ti,Phalanx Locking plate Straight-tape 5h Ti,20310.5H.T,Phalanx Locking plate Straight-tape 5h Ti,ZMD Plates,Հատ,Без НДС,հատ,9021
00-00001756,Phalanx Locking plate Straight-tape 6h Ti,Phalanx Locking plate Straight-tape 6h Ti,20310.6H.T,Phalanx Locking plate Straight-tape 6h Ti,ZMD Plates,Հատ,Без НДС,հատ,9021
00-00001757,Phalanx Locking plate Straight-tape 7h Ti,Phalanx Locking plate Straight-tape 7h Ti,20310.7H.T,Phalanx Locking plate Straight-tape 7h Ti,ZMD Plates,Հատ,Без НДС,հատ,9021
00-00001758,Phalanx Locking plate Straight-tape 8h Ti,Phalanx Locking plate Straight-tape 8h Ti,20310.8H.T,Phalanx Locking plate Straight-tape 8h Ti,ZMD Plates,Հատ,Без НДС,հատ,9021
00-00001759,Phalanx Locking Plate T-type 3h Ti,Phalanx Locking Plate T-type 3h Ti,20311.3H.T,Phalanx Locking Plate T-type 3h Ti,ZMD Plates,Հատ,Без НДС,հատ,9021
00-00001760,Phalanx Locking Plate T-type 4h Ti,Phalanx Locking Plate T-type 4h Ti,20311.4H.T,Phalanx Locking Plate T-type 4h Ti,ZMD Plates,Հատ,Без НДС,հատ,9021
00-00001761,Phalanx Locking Plate T-type 5h Ti,Phalanx Locking Plate T-type 5h Ti,20311.5H.T,Phalanx Locking Plate T-type 5h Ti,ZMD Plates,Հատ,Без НДС,հատ,9021
00-00001762,Phalanx Locking Plate T-type 6h Ti,Phalanx Locking Plate T-type 6h Ti,20311.6H.T,Phalanx Locking Plate T-type 6h Ti,ZMD Plates,Հատ,Без НДС,հատ,9021
00-00001763,Phalanx Locking Plate T-type 7h Ti,Phalanx Locking Plate T-type 7h Ti,20311.7H.T,Phalanx Locking Plate T-type 7h Ti,ZMD Plates,Հատ,Без НДС,հատ,9021
00-00001764,Phalanx Locking Plate T-type 8h Ti,Phalanx Locking Plate T-type 8h Ti,20311.8H.T,Phalanx Locking Plate T-type 8h Ti,ZMD Plates,Հատ,Без НДС,հատ,9021
00-00001752,Phalanx Locking Plate L-type Right 3h Ti,Phalanx Locking Plate L-type Right 3h Ti,20311.3H.R.T,Phalanx Locking Plate L-type Right 3h Ti,ZMD Plates,Հատ,Без НДС,հատ,9021
00-00001753,Phalanx Locking Plate L-type Right 4h Ti,Phalanx Locking Plate L-type Right 4h Ti,20311.4H.R.T,Phalanx Locking Plate L-type Right 4h Ti,ZMD Plates,Հատ,Без НДС,հատ,9021
00-00001750,Phalanx Locking Plate L-type Left 3h Ti,Phalanx Locking Plate L-type Left 3h Ti,20311.3H.L.T,Phalanx Locking Plate L-type Left 3h Ti,ZMD Plates,Հատ,Без НДС,հատ,9021
00-00001751,Phalanx Locking Plate L-type Left 4h Ti,Phalanx Locking Plate L-type Left 4h Ti,20311.4H.L.T,Phalanx Locking Plate L-type Left 4h Ti,ZMD Plates,Հատ,Без НДС,հատ,9021
00-00001772,Straigհt bone plate phalangs 4h Ti,Straigհt bone plate phalangs 4h Ti,30230A.4H.T,Straigհt bone plate phalangs 4h Ti,ZMD Plates,Հատ,Без НДС,հատ,9021
00-00001773,Straigհt bone plate phalangs 5h Ti,Straigհt bone plate phalangs 5h Ti,30230A.5H.T,Straigհt bone plate phalangs 5h Ti,ZMD Plates,Հատ,Без НДС,հատ,9021
00-00001774,Straigհt bone plate phalangs 6h Ti,Straigհt bone plate phalangs 6h Ti,30230A.6H.T,Straigհt bone plate phalangs 6h Ti,ZMD Plates,Հատ,Без НДС,հատ,9021
00-00001775,Straigհt bone plate phalangs 7h Ti,Straigհt bone plate phalangs 7h Ti,30230A.7H.T,Straigհt bone plate phalangs 7h Ti,ZMD Plates,Հատ,Без НДС,հատ,9021
00-00001776,Straigհt bone plate phalangs 8h Ti,Straigհt bone plate phalangs 8h Ti,30230A.8H.T,Straigհt bone plate phalangs 8h Ti,ZMD Plates,Հատ,Без НДС,հատ,9021
00-00001705,Fibula distal plate 4h S.S,Fibula distal plate 4h S.S,1113.1804,Fibula distal plate 4h S.S,ZMD Plates,Հատ,Без НДС,հատ,9021
00-00001706,Fibula distal plate 5h S.S,Fibula distal plate 5h S.S,1113.1805,Fibula distal plate 5h S.S,ZMD Plates,Հատ,Без НДС,հատ,9021
00-00001707,Fibula distal plate 6h S.S,Fibula distal plate 6h S.S,1113.1806,Fibula distal plate 6h S.S,ZMD Plates,Հատ,Без НДС,հատ,9021
00-00001708,Fibula distal plate 7h S.S,Fibula distal plate 7h S.S,1113.1807,Fibula distal plate 7h S.S,ZMD Plates,Հատ,Без НДС,հատ,9021
00-00001709,Fibula distal plate 8h S.S,Fibula distal plate 8h S.S,1113.1808,Fibula distal plate 8h S.S,ZMD Plates,Հատ,Без НДС,հատ,9021
00-00001744,One‐third Tubular Plate 4h S.S,One‐third Tubular Plate 4h S.S,30211.4H.S,One‐third Tubular Plate 4h S.S,ZMD Plates,Հատ,Без НДС,հատ,9021
00-00001745,One‐third Tubular Plate 5h S.S,One‐third Tubular Plate 5h S.S,30211.5H.S,One‐third Tubular Plate 5h S.S,ZMD Plates,Հատ,Без НДС,հատ,9021
00-00001746,One‐third Tubular Plate 6h S.S,One‐third Tubular Plate 6h S.S,30211.6H.S,One‐third Tubular Plate 6h S.S,ZMD Plates,Հատ,Без НДС,հատ,9021
00-00001747,One‐third Tubular Plate 7h S.S,One‐third Tubular Plate 7h S.S,30211.7H.S,One‐third Tubular Plate 7h S.S,ZMD Plates,Հատ,Без НДС,հատ,9021
00-00001748,One‐third Tubular Plate 8h S.S,One‐third Tubular Plate 8h S.S,30211.8H.S,One‐third Tubular Plate 8h S.S,ZMD Plates,Հատ,Без НДС,հատ,9021
00-00001749,One‐third Tubular Plate 9h S.S,One‐third Tubular Plate 9h S.S,30211.9H.S,One‐third Tubular Plate 9h S.S,ZMD Plates,Հատ,Без НДС,հատ,9021
00-00001777,Tri-leaflet-headed plate 4h S.S,Tri-leaflet-headed plate 4h S.S,30205.4H.S,Tri-leaflet-headed plate 4h S.S,ZMD Plates,Հատ,Без НДС,հատ,9021
00-00001778,Tri-leaflet-headed plate 5h S.S,Tri-leaflet-headed plate 5h S.S,30205.5H.S,Tri-leaflet-headed plate 5h S.S,ZMD Plates,Հատ,Без НДС,հատ,9021
00-00001779,Tri-leaflet-headed plate 6h S.S,Tri-leaflet-headed plate 6h S.S,30205.6H.S,Tri-leaflet-headed plate 6h S.S,ZMD Plates,Հատ,Без НДС,հատ,9021
00-00001780,Tri-leaflet-headed plate 7h S.S,Tri-leaflet-headed plate 7h S.S,30205.7H.S,Tri-leaflet-headed plate 7h S.S,ZMD Plates,Հատ,Без НДС,հատ,9021
00-00001768,Radius Distal Small T Plate 4h S.S,Radius Distal Small T Plate 4h S.S,1113.1104,Radius Distal Small T Plate 4h S.S,ZMD Plates,Հատ,Без НДС,հատ,9021
00-00001769,Radius Distal Small T Plate 5h S.S,Radius Distal Small T Plate 5h S.S,1113.1105,Radius Distal Small T Plate 5h S.S,ZMD Plates,Հատ,Без НДС,հատ,9021
00-00001770,Radius Distal Small T Plate 7h S.S,Radius Distal Small T Plate 7h S.S,1113.1107,Radius Distal Small T Plate 7h S.S,ZMD Plates,Հատ,Без НДС,հատ,9021
00-00001771,Radius Distal Small T Plate 8h S.S,Radius Distal Small T Plate 8h S.S,1113.1108,Radius Distal Small T Plate 8h S.S,ZMD Plates,Հատ,Без НДС,հատ,9021
00-00001740,Oblique T-plate 4h Left S.S ,Oblique T-plate 4h Left S.S ,1111.1104,Oblique T-plate 4h Left S.S ,ZMD Plates,Հատ,Без НДС,հատ,9021
00-00001741,Oblique T-plate 4h Right S.S,Oblique T-plate 4h Right S.S,1112.1104,Oblique T-plate 4h Right S.S,ZMD Plates,Հատ,Без НДС,հատ,9021
00-00001742,Oblique T-plate 5h Left S.S,Oblique T-plate 5h Left S.S,1111.1105,Oblique T-plate 5h Left S.S,ZMD Plates,Հատ,Без НДС,հատ,9021
00-00001743,Oblique T-plate 5h Right S.S,Oblique T-plate 5h Right S.S,1112.1105,Oblique T-plate 5h Right S.S,ZMD Plates,Հատ,Без НДС,հատ,9021
00-00001711,Humeral Proximal Plate Left 4h S.S,Humeral Proximal Plate Left 4h S.S,1111.1704,Humeral Proximal Plate Left 4h S.S,ZMD Plates,Հատ,Без НДС,հատ,9021
00-00001717,Humeral Proximal Plate Right 4h S.S,Humeral Proximal Plate Right 4h S.S,1112.1704,Humeral Proximal Plate Right 4h S.S,ZMD Plates,Հատ,Без НДС,հատ,9021
00-00001712,Humeral Proximal Plate Left 5h S.S,Humeral Proximal Plate Left 5h S.S,1111.1705,Humeral Proximal Plate Left 5h S.S,ZMD Plates,Հատ,Без НДС,հատ,9021
00-00001718,Humeral Proximal Plate Right 5h S.S,Humeral Proximal Plate Right 5h S.S,1112.1705,Humeral Proximal Plate Right 5h S.S,ZMD Plates,Հատ,Без НДС,հատ,9021
00-00001713,Humeral Proximal Plate Left 6h S.S,Humeral Proximal Plate Left 6h S.S,1111.1706,Humeral Proximal Plate Left 6h S.S,ZMD Plates,Հատ,Без НДС,հատ,9021
00-00001719,Humeral Proximal Plate Right 6h S.S,Humeral Proximal Plate Right 6h S.S,1112.1706,Humeral Proximal Plate Right 6h S.S,ZMD Plates,Հատ,Без НДС,հատ,9021
00-00001714,Humeral Proximal Plate Left 7h S.S,Humeral Proximal Plate Left 7h S.S,1111.1707,Humeral Proximal Plate Left 7h S.S,ZMD Plates,Հատ,Без НДС,հատ,9021
00-00001720,Humeral Proximal Plate Right 7h S.S,Humeral Proximal Plate Right 7h S.S,1112.1707,Humeral Proximal Plate Right 7h S.S,ZMD Plates,Հատ,Без НДС,հատ,9021
00-00001715,Humeral Proximal Plate Left 8h S.S,Humeral Proximal Plate Left 8h S.S,1111.1708,Humeral Proximal Plate Left 8h S.S,ZMD Plates,Հատ,Без НДС,հատ,9021
00-00001721,Humeral Proximal Plate Right 8h S.S,Humeral Proximal Plate Right 8h S.S,1112.1708,Humeral Proximal Plate Right 8h S.S,ZMD Plates,Հատ,Без НДС,հատ,9021
00-00001710,Humeral Proximal Plate Left 10h S.S,Humeral Proximal Plate Left 10h S.S,1111.1710,Humeral Proximal Plate Left 10h S.S,ZMD Plates,Հատ,Без НДС,հատ,9021
00-00001716,Humeral Proximal Plate Right 10h S.S,Humeral Proximal Plate Right 10h S.S,1112.1710,Humeral Proximal Plate Right 10h S.S,ZMD Plates,Հատ,Без НДС,հատ,9021
00-00001835,Distal Femur LCP 6.5mm 5h L S.S,Distal Femur LCP 6.5mm 5h L S.S,BO.163.L.05.S,Distal Femur LCP 6.5mm 5h L S.S,Plates,Հատ,Без НДС,հատ,9021
00-00001836,Distal Femur LCP 6.5mm 7h L S.S,Distal Femur LCP 6.5mm 7h L S.S,BO.163.L.07.S,Distal Femur LCP 6.5mm 7h L S.S,Plates,Հատ,Без НДС,հատ,9021
00-00001837,Distal Femur LCP 6.5mm 9h L S.S,Distal Femur LCP 6.5mm 9h L S.S,BO.163.L.09.S,Distal Femur LCP 6.5mm 9h L S.S,Plates,Հատ,Без НДС,հատ,9021
00-00001838,Distal Femur LCP 6.5mm 11 L S.S,Distal Femur LCP 6.5mm 11 L S.S,BO.163.L.11.S,Distal Femur LCP 6.5mm 11 L S.S,Plates,Հատ,Без НДС,հատ,9021
00-00001839,Distal Femur LCP 6.5mm 13 L S.S,Distal Femur LCP 6.5mm 13 L S.S,BO.163.L.13.S,Distal Femur LCP 6.5mm 13 L S.S,Plates,Հատ,Без НДС,հատ,9021
00-00001840,"PRESSIO ICP MONITORING KIT, PARENCHYMAL WITH BOLT","PRESSIO ICP MONITORING KIT, PARENCHYMAL WITH BOLT",PSO-PB,"PRESSIO ICP MONITORING KIT, PARENCHYMAL WITH BOLT",SOPHYSA,Ժամկետով ապրանքներ,Без НДС,հատ,9021
00-00001843,"AC Butterfly Button, 10mm","AC Butterfly Button, 10mm",152000100S,"AC Butterfly Button, 10mm",DOUBLE MDDICAL,Ժամկետով ապրանքներ,Без НДС,հատ,9021
00-00001842,"Low Profile and Attachable Button, 14mm","Low Profile and Attachable Button, 14mm",152000140S,"Low Profile and Attachable Button, 14mm",DOUBLE MDDICAL,Ժամկետով ապրանքներ,Без НДС,հատ,9021
00-00001845,"Merit MFT Suture Anchor, Ф5.3x17mm, with two #2 sutures, 950mm Ф5.0mm","Merit MFT Suture Anchor, Ф5.3x17mm, with two #2 sutures, 950mm Ф5.0mm",151355317S,"Merit MFT Suture Anchor, Ф5.3x17mm, with two #2 sutures, 950mm Ф5.0mm",DOUBLE MDDICAL,Ժամկետով ապրանքներ,Без НДС,հատ,9021
00-00001844,"Knotless Syndesmosis CFLoop Button, 55mm","Knotless Syndesmosis CFLoop Button, 55mm",152040550S,"Knotless Syndesmosis CFLoop Button, 55mm",DOUBLE MDDICAL,Ժամկետով ապրանքներ,Без НДС,հատ,9021
00-00001846,"Low Profile and Attachable Button, 20mm","Low Profile and Attachable Button, 20mm",152000200S,"Low Profile and Attachable Button, 20mm",DOUBLE MDDICAL,Ժամկետով ապրանքներ,Без НДС,հատ,9021
00-00001847,All-inside and Attachable button 12mm,All-inside and Attachable button 12mm,152000120S,All-inside and Attachable button 12mm,DOUBLE MDDICAL,Ժամկետով ապրանքներ,Без НДС,հատ,9021
00-00001848," Non-absorbale Surgigal Suture Tape, Blue-with, 2-0#x950mm, "," Non-absorbale Surgigal Suture Tape, Blue-with, 2-0#x950mm, ",153210950S," Non-absorbale Surgigal Suture Tape, Blue-with, 2-0#x950mm, ",DOUBLE MDDICAL,Ժամկետով ապրանքներ,Без НДС,հատ,9021
00-00001849,"Merit MFT Suture Anchor 3,0mm","Merit MFT Suture Anchor 3,0mm",151173014S,"Merit MFT Suture Anchor 3,0mm",DOUBLE MDDICAL,Ժամկետով ապրանքներ,Без НДС,հատ,9021
00-00001850,"Peek Towar lock suture anchor 3.0x13mm,1/2#x950mm¶","Peek Towar lock suture anchor 3.0x13mm,1/2#x950mm¶",152060300S,"Peek Towar lock suture anchor 3.0x13mm,1/2#x950mm¶",DOUBLE MDDICAL,Ժամկետով ապրանքներ,Без НДС,հատ,9021
00-00001851,"CFLoop Adjustable Button, 50mm","CFLoop Adjustable Button, 50mm",157130500S,"CFLoop Adjustable Button, 50mm",DOUBLE MDDICAL,Ժամկետով ապրանքներ,Без НДС,հատ,9021
00-00001852,CFLoop Button System 35mm,CFLoop Button System 35mm,150110035S,CFLoop Button System 35mm,DOUBLE MDDICAL,Ժամկետով ապրանքներ,Без НДС,հատ,9021
00-00001856,GENESYS MATRYX INTERFERENCE SCREW 8.0 X25MM,GENESYS MATRYX INTERFERENCE SCREW 8.0 X25MM,238025M5,GENESYS MATRYX INTERFERENCE SCREW 8.0 X25MM,ConMed,Ժամկետով ապրանքներ,Без НДС,հատ,9021
00-00001862,REFERENCE TOE IMPLANT SIZER SIZE 1-4,REFERENCE TOE IMPLANT SIZER SIZE 1-4,M03 S0001,REFERENCE TOE IMPLANT SIZER SIZE 1-4,In2Bones,Ժամկետով ապրանքներ,Без НДС,հատ,9021
00-00001854,REFERENCE TOE 1ST MTP IMPLANT SIZE 1,REFERENCE TOE 1ST MTP IMPLANT SIZE 1,M30 SE010,REFERENCE TOE 1ST MTP IMPLANT SIZE 1,In2Bones,Ժամկետով ապրանքներ,Без НДС,հատ,9021
00-00001859,REFERENCE TOE 1ST MTP IMPLANTB SIZE 2,REFERENCE TOE 1ST MTP IMPLANTB SIZE 2,M30 SE020,REFERENCE TOE 1ST MTP IMPLANTB SIZE 2,In2Bones,Ժամկետով ապրանքներ,Без НДС,հատ,9021
00-00001857,REFERENCE TOE 1ST MTP IMPLANT SIZE 3,REFERENCE TOE 1ST MTP IMPLANT SIZE 3,M30 SE030,REFERENCE TOE 1ST MTP IMPLANT SIZE 3,In2Bones,Ժամկետով ապրանքներ,Без НДС,հատ,9021
00-00001858,REFERENCE TOE 1ST MTP IMPLANT SIZE 4,REFERENCE TOE 1ST MTP IMPLANT SIZE 4,M30 SE040,REFERENCE TOE 1ST MTP IMPLANT SIZE 4,In2Bones,Ժամկետով ապրանքներ,Без НДС,հատ,9021
00-00001860,REFERENCE TOE DISPOSABLE INSTR SIZE 1-2,REFERENCE TOE DISPOSABLE INSTR SIZE 1-2,M03 S0002,REFERENCE TOE DISPOSABLE INSTR SIZE 1-2,In2Bones,Ժամկետով ապրանքներ,Без НДС,հատ,9021
00-00001861,REFERENCE TOE DISPOSABLE INSTR SIZE 3-4,REFERENCE TOE DISPOSABLE INSTR SIZE 3-4,M03 S0003,REFERENCE TOE DISPOSABLE INSTR SIZE 3-4,In2Bones,Ժամկետով ապրանքներ,Без НДС,հատ,9021
00-00001855,BIOSCREW 8MM X 30MM SCREW,BIOSCREW 8MM X 30MM SCREW,C8039,BIOSCREW 8MM X 30MM SCREW,ConMed,Ժամկետով ապրանքներ,Без НДС,հատ,9021
00-00001884,"Միկրոխորը էլեկտրոդ 10 կոնտակտով, D08-10AM","Միկրոխորը էլեկտրոդ 10 կոնտակտով, D08-10AM",D08-10AM,"Միկրոխորը էլեկտրոդ 10 կոնտակտով, D08-10AM",DIXI MEDICAL,Հատ,Без НДС,հատ,9021
00-00001883,"Միկրոխորը էլեկտրոդ 18 կոնտակտով, D08-18AM","Միկրոխորը էլեկտրոդ 18 կոնտակտով, D08-18AM",D08-18AM,"Միկրոխորը էլեկտրոդ 18 կոնտակտով, D08-18AM",DIXI MEDICAL,Հատ,Без НДС,հատ,9021
00-00001887,"Միկրոխորը էլեկտրոդ 8 կոնտակտով, D08-08AM","Միկրոխորը էլեկտրոդ 8 կոնտակտով, D08-08AM",D08-08AM,"Միկրոխորը էլեկտրոդ 8 կոնտակտով, D08-08AM",DIXI MEDICAL,Հատ,Без НДС,հատ,9021
00-00001885,"Միկրոխորը էլեկտրոդ 12 կոնտակտով, D08-12AМ","Միկրոխորը էլեկտրոդ 12 կոնտակտով, D08-12AМ",D08-12AМ,"Միկրոխորը էլեկտրոդ 12 կոնտակտով, D08-12AМ",DIXI MEDICAL,Հատ,Без НДС,հատ,9021
00-00001886,"Միկրոխորը էլեկտրոդ 15 կոնտակտով, D08-15AM","Միկրոխորը էլեկտրոդ 15 կոնտակտով, D08-15AM",D08-15AM,"Միկրոխորը էլեկտրոդ 15 կոնտակտով, D08-15AM",DIXI MEDICAL,Հատ,Без НДС,հատ,9021
00-00001878,"Կոագուլացիոն էլեկտրոդ (մաշկի) արգելակիչով, KIP-ACS-605","Կոագուլացիոն էլեկտրոդ (մաշկի) արգելակիչով, KIP-ACS-605",KIP-ACS-605,"Կոագուլացիոն էլեկտրոդ (մաշկի) արգելակիչով, KIP-ACS-605",DIXI MEDICAL,Հատ,Без НДС,հատ,9021
00-00001877,"Կոագուլացիոն էլեկտրոդ (կարծրենու) արգելակիչով, KIP-ACS-600","Կոագուլացիոն էլեկտրոդ (կարծրենու) արգելակիչով, KIP-ACS-600",KIP-ACS-600,"Կոագուլացիոն էլեկտրոդ (կարծրենու) արգելակիչով, KIP-ACS-600",DIXI MEDICAL,Հատ,Без НДС,հատ,9021
00-00001879,"Հավաքածու 5 քափից,ACS-050S-5","Հավաքածու 5 քափից,ACS-050S-5",ACS-050S-5,"Հավաքածու 5 քափից,ACS-050S-5",DIXI MEDICAL,Հատ,Без НДС,հատ,9021
00-00001889,"Շաղափ արգելակիչով, KIP-ACS-515","Շաղափ արգելակիչով, KIP-ACS-515",KIP-ACS-515,"Շաղափ արգելակիչով, KIP-ACS-515",DIXI MEDICAL,Հատ,Без НДС,հատ,9021
00-00001866,"10 ուղղորդիչ պտուտակների հավաքածու L 15mm, ACS-015SMS-10","10 ուղղորդիչ պտուտակների հավաքածու L 15mm, ACS-015SMS-10",ACS-015SMS-10,"10 ուղղորդիչ պտուտակների հավաքածու L 15mm, ACS-015SMS-10",DIXI MEDICAL,Հատ,Без НДС,հատ,9021
00-00001867,"10 ուղղորդիչ պտուտակների հավաքածու L 20 mm, ACS-020SMS-10","10 ուղղորդիչ պտուտակների հավաքածու L 20 mm, ACS-020SMS-10",ACS-020SMS-10,"10 ուղղորդիչ պտուտակների հավաքածու L 20 mm, ACS-020SMS-10",DIXI MEDICAL,Հատ,Без НДС,հատ,9021
00-00001868,"10 ուղղորդիչ պտուտակների հավաքածու L 25 mm, ACS-025SMS-10","10 ուղղորդիչ պտուտակների հավաքածու L 25 mm, ACS-025SMS-10",ACS-025SMS-10,"10 ուղղորդիչ պտուտակների հավաքածու L 25 mm, ACS-025SMS-10",DIXI MEDICAL,Հատ,Без НДС,հատ,9021
00-00001873,"Էլեկտրոդի ուղին ձևավորող գործիք,ACS-770S-10","Էլեկտրոդի ուղին ձևավորող գործիք,ACS-770S-10",ACS-770S-10,"Էլեկտրոդի ուղին ձևավորող գործիք,ACS-770S-10",DIXI MEDICAL,Հատ,Без НДС,հատ,9021
00-00001872,"Երկար պտուտակահան, ACS-710","Երկար պտուտակահան, ACS-710",ACS-710,"Երկար պտուտակահան, ACS-710",DIXI MEDICAL,Հատ,Без НДС,հատ,9021
00-00001876,"Կարճ պտուտակահան, ACS-711","Կարճ պտուտակահան, ACS-711",ACS-711,"Կարճ պտուտակահան, ACS-711",DIXI MEDICAL,Հատ,Без НДС,հատ,9021
00-00001888,"Նշումներով փող,ACS-740","Նշումներով փող,ACS-740",ACS-740,"Նշումներով փող,ACS-740",DIXI MEDICAL,Հատ,Без НДС,հատ,9021
00-00001880,"Հորատումից առաջ մաշկը ծածկելու և գանգի ոսկրը նշելու գործակից, ACS-745","Հորատումից առաջ մաշկը ծածկելու և գանգի ոսկրը նշելու գործակից, ACS-745",ACS-745,"Հորատումից առաջ մաշկը ծածկելու և գանգի ոսկրը նշելու գործակից, ACS-745",DIXI MEDICAL,Հատ,Без НДС,հատ,9021
00-00001874,"Էլեկտրոդի չափիչ, АСS-750","Էլեկտրոդի չափիչ, АСS-750",АСS-750,"Էլեկտրոդի չափիչ, АСS-750",DIXI MEDICAL,Հատ,Без НДС,հատ,9021
00-00001875,"Խորության չափիչ, АСS-751","Խորության չափիչ, АСS-751",АСS-751,"Խորության չափիչ, АСS-751",DIXI MEDICAL,Հատ,Без НДС,հատ,9021
00-00001865,"Արգելակիչ, АСS-760","Արգելակիչ, АСS-760",АСS-760,"Արգելակիչ, АСS-760",DIXI MEDICAL,Հատ,Без НДС,հատ,9021
00-00001881,"Միացման մալուխ 10 կոնտակտ (L180), CBL-10/180","Միացման մալուխ 10 կոնտակտ (L180), CBL-10/180",CBL-10/180,"Միացման մալուխ 10 կոնտակտ (L180), CBL-10/180",DIXI MEDICAL,Հատ,Без НДС,հատ,9021
00-00001882,"Միացման մալուխ 12 կոնտակտ (L180), CBL-12/180","Միացման մալուխ 12 կոնտակտ (L180), CBL-12/180",CBL-12/180,"Միացման մալուխ 12 կոնտակտ (L180), CBL-12/180",DIXI MEDICAL,Հատ,Без НДС,հատ,9021
00-00001871,"Գործիքի ուղորդիչ, ACS-1300","Գործիքի ուղորդիչ, ACS-1300",ACS-1300,"Գործիքի ուղորդիչ, ACS-1300",DIXI MEDICAL,Հատ,Без НДС,հատ,9021
00-00001869,"Գլխուղեղի էլեկտրական ակտիվության հաղորդիչ 15 կոնտակտով (L180), CBL-15/180","Գլխուղեղի էլեկտրական ակտիվության հաղորդիչ 15 կոնտակտով (L180), CBL-15/180",CBL-15/180,"Գլխուղեղի էլեկտրական ակտիվության հաղորդիչ 15 կոնտակտով (L180), CBL-15/180",DIXI MEDICAL,Հատ,Без НДС,հատ,9021
00-00001870,"Գլխուղեղի էլեկտրական ակտիվության հաղորդիչ 18 կոնտակտով (L180), CBL-18/180","Գլխուղեղի էլեկտրական ակտիվության հաղորդիչ 18 կոնտակտով (L180), CBL-18/180",CBL-18/180,"Գլխուղեղի էլեկտրական ակտիվության հաղորդիչ 18 կոնտակտով (L180), CBL-18/180",DIXI MEDICAL,Հատ,Без НДС,հատ,9021
00-00002006,LC-DCP upper limbs plate 5h S.S,LC-DCP upper limbs plate 5h S.S,1113.0105,LC-DCP upper limbs plate 5h S.S,ZMD Plates,Հատ,Без НДС,հատ,9021
00-00002007,LC-DCP upper limbs plate 6h S.S,LC-DCP upper limbs plate 6h S.S,1113.0106,LC-DCP upper limbs plate 6h S.S,ZMD Plates,Հատ,Без НДС,հատ,9021
00-00002008,LC-DCP upper limbs plate 7h S.S,LC-DCP upper limbs plate 7h S.S,1113.0107,LC-DCP upper limbs plate 7h S.S,ZMD Plates,Հատ,Без НДС,հատ,9021
00-00002009,LC-DCP upper limbs plate 8h S.S,LC-DCP upper limbs plate 8h S.S,1113.0108,LC-DCP upper limbs plate 8h S.S,ZMD Plates,Հատ,Без НДС,հատ,9021
00-00002010,LC-DCP upper limbs plate 9h S.S,LC-DCP upper limbs plate 9h S.S,1113.0109,LC-DCP upper limbs plate 9h S.S,ZMD Plates,Հատ,Без НДС,հատ,9021
00-00002056,Straigjt bone plate phalangs 4h S.S,Straigjt bone plate phalangs 4h S.S,30230A.4H.S,Straigjt bone plate phalangs 4h S.S,ZMD Plates,Հատ,Без НДС,հատ,9021
00-00002057,Straigjt bone plate phalangs 5h S.S,Straigjt bone plate phalangs 5h S.S,30230A.5H.S,Straigjt bone plate phalangs 5h S.S,ZMD Plates,Հատ,Без НДС,հատ,9021
00-00002058,Straigjt bone plate phalangs 6h S.S,Straigjt bone plate phalangs 6h S.S,30230A.6H.S,Straigjt bone plate phalangs 6h S.S,ZMD Plates,Հատ,Без НДС,հատ,9021
00-00002095,T-Plate for Phalanx 4h S.S,T-Plate for Phalanx 4h S.S,30231A.4H.S,T-Plate for Phalanx 4h S.S,ZMD Plates,Հատ,Без НДС,հատ,9021
00-00002097,T-Plate for Phalanx 5h S.S,T-Plate for Phalanx 5h S.S,30231A.5H.S,T-Plate for Phalanx 5h S.S,ZMD Plates,Հատ,Без НДС,հատ,9021
00-00002099,T-Plate for Phalanx 6h S.S,T-Plate for Phalanx 6h S.S,30231A.6H.S,T-Plate for Phalanx 6h S.S,ZMD Plates,Հատ,Без НДС,հատ,9021
00-00002100,T-Plate for Phalanx 7h S.S,T-Plate for Phalanx 7h S.S,30231A.7H.S,T-Plate for Phalanx 7h S.S,ZMD Plates,Հատ,Без НДС,հատ,9021
00-00001909,Cortex screw 2.0*12mm S.S,Cortex screw 2.0*12mm S.S,30236.2.12.S,Cortex screw 2.0*12mm S.S,ZMD Screws,Հատ,Без НДС,հատ,9021
00-00001912,Cortex screw 2.0*14mm S.S,Cortex screw 2.0*14mm S.S,30236.2.14.S,Cortex screw 2.0*14mm S.S,ZMD Screws,Հատ,Без НДС,հատ,9021
00-00001915,Cortex screw 2.0*16mm S.S,Cortex screw 2.0*16mm S.S,30236.2.16.S,Cortex screw 2.0*16mm S.S,ZMD Screws,Հատ,Без НДС,հատ,9021
00-00001918,Cortex screw 2.0*18mm S.S,Cortex screw 2.0*18mm S.S,30236.2.18.S,Cortex screw 2.0*18mm S.S,ZMD Screws,Հատ,Без НДС,հատ,9021
00-00001921,Cortex screw 2.0*20mm S.S,Cortex screw 2.0*20mm S.S,30236.2.20.S,Cortex screw 2.0*20mm S.S,ZMD Screws,Հատ,Без НДС,հատ,9021
00-00001911,Cortex screw 2.0*12mm Ti (*),Cortex screw 2.0*12mm Ti (*),1204.2012,Cortex screw 2.0*12mm Ti (*),ZMD Screws,Հատ,Без НДС,հատ,9021
00-00001914,Cortex screw 2.0*14mm Ti (*),Cortex screw 2.0*14mm Ti (*),1204.2014,Cortex screw 2.0*14mm Ti (*),ZMD Screws,Հատ,Без НДС,հատ,9021
00-00001917,Cortex screw 2.0*16mm Ti (*),Cortex screw 2.0*16mm Ti (*),1204.2016,Cortex screw 2.0*16mm Ti (*),ZMD Screws,Հատ,Без НДС,հատ,9021
00-00001920,Cortex screw 2.0*18mm Ti (*),Cortex screw 2.0*18mm Ti (*),1204.2018,Cortex screw 2.0*18mm Ti (*),ZMD Screws,Հատ,Без НДС,հատ,9021
00-00001923,Cortex screw 2.0*20mm Ti (*),Cortex screw 2.0*20mm Ti (*),1204.2020,Cortex screw 2.0*20mm Ti (*),ZMD Screws,Հատ,Без НДС,հատ,9021
00-00001910,Cortex screw 2.0*12mm Ti (#),Cortex screw 2.0*12mm Ti (#),30236.2.12.T.1,Cortex screw 2.0*12mm Ti (#),ZMD Screws,Հատ,Без НДС,հատ,9021
00-00001913,Cortex screw 2.0*14mm Ti (#),Cortex screw 2.0*14mm Ti (#),30236.2.14.T.1,Cortex screw 2.0*14mm Ti (#),ZMD Screws,Հատ,Без НДС,հատ,9021
00-00001916,Cortex screw 2.0*16mm Ti (#),Cortex screw 2.0*16mm Ti (#),30236.2.16.T.1,Cortex screw 2.0*16mm Ti (#),ZMD Screws,Հատ,Без НДС,հատ,9021
00-00001919,Cortex screw 2.0*18mm Ti (#),Cortex screw 2.0*18mm Ti (#),30236.2.18.T.1,Cortex screw 2.0*18mm Ti (#),ZMD Screws,Հատ,Без НДС,հատ,9021
00-00001922,Cortex screw 2.0*20mm Ti (#),Cortex screw 2.0*20mm Ti (#),30236.2.20.T.1,Cortex screw 2.0*20mm Ti (#),ZMD Screws,Հատ,Без НДС,հատ,9021
00-00001892,2.0mm Locking screw 2.0*12mm Ti,2.0mm Locking screw 2.0*12mm Ti,2204.2012,2.0mm Locking screw 2.0*12mm Ti,Delated,Հատ,Без НДС,հատ,9021
00-00001893,2.0mm Locking screw 2.0*14mm Ti,2.0mm Locking screw 2.0*14mm Ti,2204.2014,2.0mm Locking screw 2.0*14mm Ti,ZMD Screws,Հատ,Без НДС,հատ,9021
00-00001894,2.0mm Locking screw 2.0*16mm Ti,2.0mm Locking screw 2.0*16mm Ti,2204.2016,2.0mm Locking screw 2.0*16mm Ti,ZMD Screws,Հատ,Без НДС,հատ,9021
00-00001895,2.0mm Locking screw 2.0*18mm Ti,2.0mm Locking screw 2.0*18mm Ti,2204.2018,2.0mm Locking screw 2.0*18mm Ti,ZMD Screws,Հատ,Без НДС,հատ,9021
00-00001896,2.0mm Locking screw 2.0*20mm Ti,2.0mm Locking screw 2.0*20mm Ti,2204.2020,2.0mm Locking screw 2.0*20mm Ti,ZMD Screws,Հատ,Без НДС,հատ,9021
00-00002037,S claviculare plate 6h Left S.S,S claviculare plate 6h Left S.S,1111.1406,S claviculare plate 6h Left S.S,ZMD Plates,Հատ,Без НДС,հատ,9021
00-00002038,S claviculare plate 6h Right S.S,S claviculare plate 6h Right S.S,1112.1406,S claviculare plate 6h Right S.S,ZMD Plates,Հատ,Без НДС,հատ,9021
00-00002039,S claviculare plate 7h Left S.S,S claviculare plate 7h Left S.S,1111.1407,S claviculare plate 7h Left S.S,ZMD Plates,Հատ,Без НДС,հատ,9021
00-00002040,S claviculare plate 7h Right S.S,S claviculare plate 7h Right S.S,1112.1407,S claviculare plate 7h Right S.S,ZMD Plates,Հատ,Без НДС,հատ,9021
00-00002041,S claviculare plate 8h Left S.S,S claviculare plate 8h Left S.S,1111.1408,S claviculare plate 8h Left S.S,ZMD Plates,Հատ,Без НДС,հատ,9021
00-00002042,S claviculare plate 8h Right S.S,S claviculare plate 8h Right S.S,1112.1408,S claviculare plate 8h Right S.S,ZMD Plates,Հատ,Без НДС,հատ,9021
00-00002043,S claviculare plate 9h Left S.S,S claviculare plate 9h Left S.S,1111.1409,S claviculare plate 9h Left S.S,ZMD Plates,Հատ,Без НДС,հատ,9021
00-00002044,S claviculare plate 9h Right S.S,S claviculare plate 9h Right S.S,1112.1409,S claviculare plate 9h Right S.S,ZMD Plates,Հատ,Без НДС,հատ,9021
00-00002035,S claviculare plate 12h Left S.S,S claviculare plate 12h Left S.S,1111.1412,S claviculare plate 12h Left S.S,ZMD Plates,Հատ,Без НДС,հատ,9021
00-00002036,S claviculare plate 12h Right S.S,S claviculare plate 12h Right S.S,1112.1412,S claviculare plate 12h Right S.S,ZMD Plates,Հատ,Без НДС,հատ,9021
00-00002101,T-shaped bone plate 4h S.S,T-shaped bone plate 4h S.S,30219.4H.S,T-shaped bone plate 4h S.S,ZMD Plates,Հատ,Без НДС,հատ,9021
00-00002102,T-shaped bone plate 5h S.S,T-shaped bone plate 5h S.S,30219.5H.S,T-shaped bone plate 5h S.S,ZMD Plates,Հատ,Без НДС,հատ,9021
00-00002103,T-shaped bone plate 6h S.S,T-shaped bone plate 6h S.S,30219.6H.S,T-shaped bone plate 6h S.S,ZMD Plates,Հատ,Без НДС,հատ,9021
00-00002104,T-shaped bone plate 7h S.S,T-shaped bone plate 7h S.S,30219.7H.S,T-shaped bone plate 7h S.S,ZMD Plates,Հատ,Без НДС,հատ,9021
00-00002105,T-shaped bone plate 8h S.S,T-shaped bone plate 8h S.S,30219.8H.S,T-shaped bone plate 8h S.S,ZMD Plates,Հատ,Без НДС,հատ,9021
00-00002013,L-shaped bone plate 6h Left S.S,L-shaped bone plate 6h Left S.S,30220.6H.L.S,L-shaped bone plate 6h Left S.S,ZMD Plates,Հատ,Без НДС,հատ,9021
00-00002014,L-shaped bone plate 6h Right S.S,L-shaped bone plate 6h Right S.S,30220.6H.R.S,L-shaped bone plate 6h Right S.S,ZMD Plates,Հատ,Без НДС,հատ,9021
00-00002012,L-shaped bone plate 4h Right S.S,L-shaped bone plate 4h Right S.S,30220.4H.R.S,L-shaped bone plate 4h Right S.S,ZMD Plates,Հատ,Без НДС,հատ,9021
00-00002011,L-shaped bone plate 4h Left S.S,L-shaped bone plate 4h Left S.S,30220.4L.R.S,L-shaped bone plate 4h Left S.S,ZMD Plates,Հատ,Без НДС,հատ,9021
00-00002016,L-shaped bone plate 8h Right (Proximal-3h) S.S,L-shaped bone plate 8h Right (Proximal-3h) S.S,30220.8H.R.S,L-shaped bone plate 8h Right (Proximal-3h) S.S,ZMD Plates,Հատ,Без НДС,հատ,9021
00-00002015,L-shaped bone plate 8h Left (Proximal-3h) S.S,L-shaped bone plate 8h Left (Proximal-3h) S.S,30220.8H.L.S,L-shaped bone plate 8h Left (Proximal-3h) S.S,ZMD Plates,Հատ,Без НДС,հատ,9021
00-00002096,T-Plate for Phalanx 4h Ti,T-Plate for Phalanx 4h Ti,30231A.4h.T,T-Plate for Phalanx 4h Ti,ZMD Plates,Հատ,Без НДС,հատ,9021
00-00002098,T-Plate for Phalanx 5h Ti,T-Plate for Phalanx 5h Ti,30231A.5h.T,T-Plate for Phalanx 5h Ti,ZMD Plates,Հատ,Без НДС,հատ,9021
00-00002033,Reconstructional plate 10հ S.S,Reconstructional plate 10հ S.S,30202.10H.S,Reconstructional plate 10հ S.S,ZMD Plates,Հատ,Без НДС,հատ,9021
00-00002034,Reconstructional plate 14h S.S,Reconstructional plate 14h S.S,30212.14H.S,Reconstructional plate 14h S.S,ZMD Plates,Հատ,Без НДС,հատ,9021
00-00001890,(Curved) Pelvic plate 10հ S.S,(Curved) Pelvic plate 10հ S.S,30225.10H.S,(Curved) Pelvic plate 10հ S.S,ZMD Plates,Հատ,Без НДС,հատ,9021
00-00001891,(Curved) Pelvic plate 12հ S.S,(Curved) Pelvic plate 12հ S.S,30225.12H.S,(Curved) Pelvic plate 12հ S.S,ZMD Plates,Հատ,Без НДС,հատ,9021
00-00001973,Humeral Distal Y-plate 4h left S.S,Humeral Distal Y-plate 4h left S.S,30204.4H.L.S,Humeral Distal Y-plate 4h left S.S,ZMD Plates,Հատ,Без НДС,հատ,9021
00-00001974,Humeral Distal Y-plate 4h right S.S,Humeral Distal Y-plate 4h right S.S,30204.4H.R.S,Humeral Distal Y-plate 4h right S.S,ZMD Plates,Հատ,Без НДС,հատ,9021
00-00001975,Humeral Distal Y-plate 5h left S.S,Humeral Distal Y-plate 5h left S.S,30204.5H.L.S,Humeral Distal Y-plate 5h left S.S,ZMD Plates,Հատ,Без НДС,հատ,9021
00-00001976,Humeral Distal Y-plate 5h right S.S,Humeral Distal Y-plate 5h right S.S,30204.5H.R.S,Humeral Distal Y-plate 5h right S.S,ZMD Plates,Հատ,Без НДС,հատ,9021
00-00001996,LC‐DCP for Tibia plate 6h S.S,LC‐DCP for Tibia plate 6h S.S,1113.0206,LC‐DCP for Tibia plate 6h S.S,ZMD Plates,Հատ,Без НДС,հատ,9021
00-00001997,LC‐DCP for Tibia plate 7h S.S,LC‐DCP for Tibia plate 7h S.S,1113.0207,LC‐DCP for Tibia plate 7h S.S,ZMD Plates,Հատ,Без НДС,հատ,9021
00-00001998,LC‐DCP for Tibia plate 8h S.S,LC‐DCP for Tibia plate 8h S.S,1113.0208,LC‐DCP for Tibia plate 8h S.S,ZMD Plates,Հատ,Без НДС,հատ,9021
00-00001999,LC‐DCP for Tibia plate 9h S.S,LC‐DCP for Tibia plate 9h S.S,1113.0209,LC‐DCP for Tibia plate 9h S.S,ZMD Plates,Հատ,Без НДС,հատ,9021
00-00001994,LC‐DCP for Tibia plate 10h S.S,LC‐DCP for Tibia plate 10h S.S,1113.0210,LC‐DCP for Tibia plate 10h S.S,ZMD Plates,Հատ,Без НДС,հատ,9021
00-00001995,LC‐DCP for Tibia plate 11h S.S,LC‐DCP for Tibia plate 11h S.S,1113.0211,LC‐DCP for Tibia plate 11h S.S,ZMD Plates,Հատ,Без НДС,հատ,9021
00-00002002,LC-DCP Humeral plate 6h S.S,LC-DCP Humeral plate 6h S.S,1113.4706,LC-DCP Humeral plate 6h S.S,ZMD Plates,Հատ,Без НДС,հատ,9021
00-00002003,LC-DCP Humeral plate 7h S.S,LC-DCP Humeral plate 7h S.S,1113.4707,LC-DCP Humeral plate 7h S.S,ZMD Plates,Հատ,Без НДС,հատ,9021
00-00002004,LC-DCP Humeral plate 8h S.S,LC-DCP Humeral plate 8h S.S,1113.4708,LC-DCP Humeral plate 8h S.S,ZMD Plates,Հատ,Без НДС,հատ,9021
00-00002005,LC-DCP Humeral plate 9h S.S,LC-DCP Humeral plate 9h S.S,1113.4709,LC-DCP Humeral plate 9h S.S,ZMD Plates,Հատ,Без НДС,հատ,9021
00-00002000,LC-DCP Humeral plate 10h S.S,LC-DCP Humeral plate 10h S.S,1113.4710,LC-DCP Humeral plate 10h S.S,ZMD Plates,Հատ,Без НДС,հատ,9021
00-00002001,LC-DCP Humeral plate 12h S.S,LC-DCP Humeral plate 12h S.S,1113.4712,LC-DCP Humeral plate 12h S.S,ZMD Plates,Հատ,Без НДС,հատ,9021
00-00001991,LC‐DCP Femoral Plate 7h S.S,LC‐DCP Femoral Plate 7h S.S,1113.0307,LC‐DCP Femoral Plate 7h S.S,ZMD Plates,Հատ,Без НДС,հատ,9021
00-00001992,LC‐DCP Femoral Plate 8h S.S,LC‐DCP Femoral Plate 8h S.S,1113.0308,LC‐DCP Femoral Plate 8h S.S,ZMD Plates,Հատ,Без НДС,հատ,9021
00-00001993,LC‐DCP Femoral Plate 9h S.S,LC‐DCP Femoral Plate 9h S.S,1113.0309,LC‐DCP Femoral Plate 9h S.S,ZMD Plates,Հատ,Без НДС,հատ,9021
00-00001987,LC‐DCP Femoral Plate 10h S.S,LC‐DCP Femoral Plate 10h S.S,1113.0310,LC‐DCP Femoral Plate 10h S.S,ZMD Plates,Հատ,Без НДС,հատ,9021
00-00001988,LC‐DCP Femoral Plate 11h S.S,LC‐DCP Femoral Plate 11h S.S,1113.0311,LC‐DCP Femoral Plate 11h S.S,ZMD Plates,Հատ,Без НДС,հատ,9021
00-00001989,LC‐DCP Femoral Plate 12h S.S,LC‐DCP Femoral Plate 12h S.S,1113.0312,LC‐DCP Femoral Plate 12h S.S,ZMD Plates,Հատ,Без НДС,հատ,9021
00-00001990,LC‐DCP Femoral Plate 14h S.S,LC‐DCP Femoral Plate 14h S.S,1113.0314,LC‐DCP Femoral Plate 14h S.S,ZMD Plates,Հատ,Без НДС,հատ,9021
00-00001925,DCS Plate 5h S.S,DCS Plate 5h S.S,30227.5H.S,DCS Plate 5h S.S,ZMD Plates,Հատ,Без НДС,հատ,9021
00-00001926,DCS Plate 6h S.S,DCS Plate 6h S.S,30227.6H.S,DCS Plate 6h S.S,ZMD Plates,Հատ,Без НДС,հատ,9021
00-00001927,DCS Plate 7h S.S,DCS Plate 7h S.S,30227.7H.S,DCS Plate 7h S.S,ZMD Plates,Հատ,Без НДС,հատ,9021
00-00001928,DCS Plate 8h S.S,DCS Plate 8h S.S,30227.8H.S,DCS Plate 8h S.S,ZMD Plates,Հատ,Без НДС,հատ,9021
00-00001924,DCS Plate 10h S.S,DCS Plate 10h S.S,30227.10H.S,DCS Plate 10h S.S,ZMD Plates,Հատ,Без НДС,հատ,9021
00-00001930,DHS Plate 4h S.S,DHS Plate 4h S.S,30226.4H.S,DHS Plate 4h S.S,ZMD Plates,Հատ,Без НДС,հատ,9021
00-00001931,DHS Plate 5h S.S,DHS Plate 5h S.S,30226.5H.S,DHS Plate 5h S.S,ZMD Plates,Հատ,Без НДС,հատ,9021
00-00001932,DHS Plate 6h S.S,DHS Plate 6h S.S,30226.6H.S,DHS Plate 6h S.S,ZMD Plates,Հատ,Без НДС,հատ,9021
00-00001933,DHS Plate 7h S.S,DHS Plate 7h S.S,30226.7H.S,DHS Plate 7h S.S,ZMD Plates,Հատ,Без НДС,հատ,9021
00-00001934,DHS Plate 8h S.S,DHS Plate 8h S.S,30226.8H.S,DHS Plate 8h S.S,ZMD Plates,Հատ,Без НДС,հատ,9021
00-00001935,DHS Plate 9h S.S,DHS Plate 9h S.S,30226.9H.S,DHS Plate 9h S.S,ZMD Plates,Հատ,Без НДС,հատ,9021
00-00001929,DHS Plate 10h S.S,DHS Plate 10h S.S,30226.10H.S,DHS Plate 10h S.S,ZMD Plates,Հատ,Без НДС,հատ,9021
00-00002048,"Screws, DHS / DCS 12*60mm S.S","Screws, DHS / DCS 12*60mm S.S",30239.12.60.S,"Screws, DHS / DCS 12*60mm S.S",ZMD Plates,Հատ,Без НДС,հատ,9021
00-00002049,"Screws, DHS / DCS 12*65mm S.S","Screws, DHS / DCS 12*65mm S.S",30239.12.65.S,"Screws, DHS / DCS 12*65mm S.S",ZMD Plates,Հատ,Без НДС,հատ,9021
00-00002050,"Screws, DHS / DCS 12*70mm S.S","Screws, DHS / DCS 12*70mm S.S",30239.12.70.S,"Screws, DHS / DCS 12*70mm S.S",ZMD Plates,Հատ,Без НДС,հատ,9021
00-00002051,"Screws, DHS / DCS 12*75mm S.S","Screws, DHS / DCS 12*75mm S.S",30239.12.75.S,"Screws, DHS / DCS 12*75mm S.S",ZMD Plates,Հատ,Без НДС,հատ,9021
00-00002052,"Screws, DHS / DCS 12*80mm S.S","Screws, DHS / DCS 12*80mm S.S",30239.12.80.S,"Screws, DHS / DCS 12*80mm S.S",ZMD Plates,Հատ,Без НДС,հատ,9021
00-00002053,"Screws, DHS / DCS 12*85mm S.S","Screws, DHS / DCS 12*85mm S.S",30239.12.85.S,"Screws, DHS / DCS 12*85mm S.S",ZMD Plates,Հատ,Без НДС,հատ,9021
00-00002054,"Screws, DHS / DCS 12*90mm S.S","Screws, DHS / DCS 12*90mm S.S",30239.12.90.S,"Screws, DHS / DCS 12*90mm S.S",ZMD Plates,Հատ,Без НДС,հատ,9021
00-00002055,"Screws, DHS / DCS 12*95mm S.S","Screws, DHS / DCS 12*95mm S.S",30239.12.95.S,"Screws, DHS / DCS 12*95mm S.S",ZMD Plates,Հատ,Без НДС,հատ,9021
00-00002045,"Screws, DHS / DCS 12*100mm S.S","Screws, DHS / DCS 12*100mm S.S",30239.12.100.S,"Screws, DHS / DCS 12*100mm S.S",ZMD Plates,Հատ,Без НДС,հատ,9021
00-00002046,"Screws, DHS / DCS 12*105mm S.S","Screws, DHS / DCS 12*105mm S.S",30239.12.105.S,"Screws, DHS / DCS 12*105mm S.S",ZMD Plates,Հատ,Без НДС,հատ,9021
00-00002047,"Screws, DHS / DCS 12*110mm S.S","Screws, DHS / DCS 12*110mm S.S",30239.12.110.S,"Screws, DHS / DCS 12*110mm S.S",ZMD Plates,Հատ,Без НДС,հատ,9021
00-00002075,Tibial proximal lateral lock-plate combination 3h L TI,Tibial proximal lateral lock-plate combination 3h L TI,4211.0703,Tibial proximal lateral lock-plate combination 3h L TI,ZMD Plates,Հատ,Без НДС,հատ,9021
00-00002077,Tibial proximal lateral lock-plate combination 5h L TI,Tibial proximal lateral lock-plate combination 5h L TI,4211.0705,Tibial proximal lateral lock-plate combination 5h L TI,ZMD Plates,Հատ,Без НДС,հատ,9021
00-00002079,Tibial proximal lateral lock-plate combination 7h L TI,Tibial proximal lateral lock-plate combination 7h L TI,4211.0707,Tibial proximal lateral lock-plate combination 7h L TI,ZMD Plates,Հատ,Без НДС,հատ,9021
00-00002081,Tibial proximal lateral lock-plate combination 9h L TI,Tibial proximal lateral lock-plate combination 9h L TI,4211.0709,Tibial proximal lateral lock-plate combination 9h L TI,ZMD Plates,Հատ,Без НДС,հատ,9021
00-00002073,Tibial proximal lateral lock-plate combination 11h L TI,Tibial proximal lateral lock-plate combination 11h L TI,4211.0711,Tibial proximal lateral lock-plate combination 11h L TI,ZMD Plates,Հատ,Без НДС,հատ,9021
00-00002076,Tibial proximal lateral lock-plate combination 3h R TI,Tibial proximal lateral lock-plate combination 3h R TI,4212.0703,Tibial proximal lateral lock-plate combination 3h R TI,ZMD Plates,Հատ,Без НДС,հատ,9021
00-00002078,Tibial proximal lateral lock-plate combination 5h R TI,Tibial proximal lateral lock-plate combination 5h R TI,4212.0705,Tibial proximal lateral lock-plate combination 5h R TI,ZMD Plates,Հատ,Без НДС,հատ,9021
00-00002080,Tibial proximal lateral lock-plate combination 7h R TI,Tibial proximal lateral lock-plate combination 7h R TI,4212.0707,Tibial proximal lateral lock-plate combination 7h R TI,ZMD Plates,Հատ,Без НДС,հատ,9021
00-00002082,Tibial proximal lateral lock-plate combination 9h R TI,Tibial proximal lateral lock-plate combination 9h R TI,4212.0709,Tibial proximal lateral lock-plate combination 9h R TI,ZMD Plates,Հատ,Без НДС,հատ,9021
00-00002074,Tibial proximal lateral lock-plate combination 11h R TI,Tibial proximal lateral lock-plate combination 11h R TI,4212.0711,Tibial proximal lateral lock-plate combination 11h R TI,ZMD Plates,Հատ,Без НДС,հատ,9021
00-00002087,Tibial proximal medial locking plate combination 3h L Ti,Tibial proximal medial locking plate combination 3h L Ti,4211.0803,Tibial proximal medial locking plate combination 3h L Ti,ZMD Plates,Հատ,Без НДС,հատ,9021
00-00002089,Tibial proximal medial locking plate combination 5h L Ti,Tibial proximal medial locking plate combination 5h L Ti,4211.0805,Tibial proximal medial locking plate combination 5h L Ti,ZMD Plates,Հատ,Без НДС,հատ,9021
00-00002091,Tibial proximal medial locking plate combination 7h L Ti,Tibial proximal medial locking plate combination 7h L Ti,4211.0807,Tibial proximal medial locking plate combination 7h L Ti,ZMD Plates,Հատ,Без НДС,հատ,9021
00-00002093,Tibial proximal medial locking plate combination 9h L Ti,Tibial proximal medial locking plate combination 9h L Ti,4211.0809,Tibial proximal medial locking plate combination 9h L Ti,ZMD Plates,Հատ,Без НДС,հատ,9021
00-00002083,Tibial proximal medial locking plate combination 11h L Ti,Tibial proximal medial locking plate combination 11h L Ti,4211.0811,Tibial proximal medial locking plate combination 11h L Ti,ZMD Plates,Հատ,Без НДС,հատ,9021
00-00002085,Tibial proximal medial locking plate combination 13h L Ti,Tibial proximal medial locking plate combination 13h L Ti,4211.0813,Tibial proximal medial locking plate combination 13h L Ti,ZMD Plates,Հատ,Без НДС,հատ,9021
00-00002088,Tibial proximal medial locking plate combination 3h R Ti,Tibial proximal medial locking plate combination 3h R Ti,4212.0803,Tibial proximal medial locking plate combination 3h R Ti,ZMD Plates,Հատ,Без НДС,հատ,9021
00-00002090,Tibial proximal medial locking plate combination 5h R Ti,Tibial proximal medial locking plate combination 5h R Ti,4212.0805,Tibial proximal medial locking plate combination 5h R Ti,ZMD Plates,Հատ,Без НДС,հատ,9021
00-00002092,Tibial proximal medial locking plate combination 7h R Ti,Tibial proximal medial locking plate combination 7h R Ti,4212.0807,Tibial proximal medial locking plate combination 7h R Ti,ZMD Plates,Հատ,Без НДС,հատ,9021
00-00002094,Tibial proximal medial locking plate combination 9h R Ti,Tibial proximal medial locking plate combination 9h R Ti,4212.0809,Tibial proximal medial locking plate combination 9h R Ti,ZMD Plates,Հատ,Без НДС,հատ,9021
00-00002084,Tibial proximal medial locking plate combination 11h R Ti,Tibial proximal medial locking plate combination 11h R Ti,4212.0811,Tibial proximal medial locking plate combination 11h R Ti,ZMD Plates,Հատ,Без НДС,հատ,9021
00-00002086,Tibial proximal medial locking plate combination 13h R Ti,Tibial proximal medial locking plate combination 13h R Ti,4212.0813,Tibial proximal medial locking plate combination 13h R Ti,ZMD Plates,Հատ,Без НДС,հատ,9021
00-00001898,Calcaneal plate 8h S.S,Calcaneal plate 8h S.S,1113.1508,Calcaneal plate 8h S.S,ZMD Plates,Հատ,Без НДС,հատ,9021
00-00001897,Calcaneal plate 10h S.S,Calcaneal plate 10h S.S,1113.1510,Calcaneal plate 10h S.S,ZMD Plates,Հատ,Без НДС,հատ,9021
00-00001968,Fibula Distal Locking Plate combination 4h Ti,Fibula Distal Locking Plate combination 4h Ti,4213.1804,Fibula Distal Locking Plate combination 4h Ti,ZMD Plates,Հատ,Без НДС,հատ,9021
00-00001969,Fibula Distal Locking Plate combination 5h Ti,Fibula Distal Locking Plate combination 5h Ti,4213.1805,Fibula Distal Locking Plate combination 5h Ti,ZMD Plates,Հատ,Без НДС,հատ,9021
00-00001970,Fibula Distal Locking Plate combination 6h Ti,Fibula Distal Locking Plate combination 6h Ti,4213.1806,Fibula Distal Locking Plate combination 6h Ti,ZMD Plates,Հատ,Без НДС,հատ,9021
00-00001971,Fibula Distal Locking Plate combination 7h Ti,Fibula Distal Locking Plate combination 7h Ti,4213.1807,Fibula Distal Locking Plate combination 7h Ti,ZMD Plates,Հատ,Без НДС,հատ,9021
00-00001972,Fibula Distal Locking Plate combination 8h Ti,Fibula Distal Locking Plate combination 8h Ti,4213.1808,Fibula Distal Locking Plate combination 8h Ti,ZMD Plates,Հատ,Без НДС,հատ,9021
00-00002068,Tibia Distal Medial Combinated Locking plate-II 5h R Ti,Tibia Distal Medial Combinated Locking plate-II 5h R Ti,2212.0505,Tibia Distal Medial Combinated Locking plate-II 5h R Ti,ZMD Plates,Հատ,Без НДС,հատ,9021
00-00002067,Tibia Distal Medial Combinated Locking plate-II 5h L Ti,Tibia Distal Medial Combinated Locking plate-II 5h L Ti,2211.0505,Tibia Distal Medial Combinated Locking plate-II 5h L Ti,ZMD Plates,Հատ,Без НДС,հատ,9021
00-00002070,Tibia Distal Medial Combinated Locking plate-II 7h R Ti,Tibia Distal Medial Combinated Locking plate-II 7h R Ti,2212.0507,Tibia Distal Medial Combinated Locking plate-II 7h R Ti,ZMD Plates,Հատ,Без НДС,հատ,9021
00-00002069,Tibia Distal Medial Combinated Locking plate-II 7h L Ti,Tibia Distal Medial Combinated Locking plate-II 7h L Ti,2211.0507,Tibia Distal Medial Combinated Locking plate-II 7h L Ti,ZMD Plates,Հատ,Без НДС,հատ,9021
00-00002072,Tibia Distal Medial Combinated Locking plate-II 9h R Ti,Tibia Distal Medial Combinated Locking plate-II 9h R Ti,2212.0509,Tibia Distal Medial Combinated Locking plate-II 9h R Ti,ZMD Plates,Հատ,Без НДС,հատ,9021
00-00002071,Tibia Distal Medial Combinated Locking plate-II 9h L Ti,Tibia Distal Medial Combinated Locking plate-II 9h L Ti,2211.0509,Tibia Distal Medial Combinated Locking plate-II 9h L Ti,ZMD Plates,Հատ,Без НДС,հատ,9021
00-00002059,Tibia Distal Medial Combinated Locking plate 3h L Ti,Tibia Distal Medial Combinated Locking plate 3h L Ti,4211.0503,Tibia Distal Medial Combinated Locking plate 3h L Ti,ZMD Plates,Հատ,Без НДС,հատ,9021
00-00002060,Tibia Distal Medial Combinated Locking plate 3h R Ti,Tibia Distal Medial Combinated Locking plate 3h R Ti,4212.0503,Tibia Distal Medial Combinated Locking plate 3h R Ti,ZMD Plates,Հատ,Без НДС,հատ,9021
00-00002061,Tibia Distal Medial Combinated Locking plate 5h L Ti,Tibia Distal Medial Combinated Locking plate 5h L Ti,4211.0505,Tibia Distal Medial Combinated Locking plate 5h L Ti,ZMD Plates,Հատ,Без НДС,հատ,9021
00-00002062,Tibia Distal Medial Combinated Locking plate 5h R Ti,Tibia Distal Medial Combinated Locking plate 5h R Ti,4212.0505,Tibia Distal Medial Combinated Locking plate 5h R Ti,ZMD Plates,Հատ,Без НДС,հատ,9021
00-00002063,Tibia Distal Medial Combinated Locking plate 7h L Ti,Tibia Distal Medial Combinated Locking plate 7h L Ti,4211.0507,Tibia Distal Medial Combinated Locking plate 7h L Ti,ZMD Plates,Հատ,Без НДС,հատ,9021
00-00002064,Tibia Distal Medial Combinated Locking plate 7h R Ti,Tibia Distal Medial Combinated Locking plate 7h R Ti,4212.0507,Tibia Distal Medial Combinated Locking plate 7h R Ti,ZMD Plates,Հատ,Без НДС,հատ,9021
00-00002065,Tibia Distal Medial Combinated Locking plate 9h L Ti,Tibia Distal Medial Combinated Locking plate 9h L Ti,4211.0509,Tibia Distal Medial Combinated Locking plate 9h L Ti,ZMD Plates,Հատ,Без НДС,հատ,9021
00-00002066,Tibia Distal Medial Combinated Locking plate 9h R Ti,Tibia Distal Medial Combinated Locking plate 9h R Ti,4212.0509,Tibia Distal Medial Combinated Locking plate 9h R Ti,ZMD Plates,Հատ,Без НДС,հատ,9021
00-00001900,Clavicular Hook Locking Plate Combination 2h R Ti,Clavicular Hook Locking Plate Combination 2h R Ti,4212.1902,Clavicular Hook Locking Plate Combination 2h R Ti,ZMD Plates,Հատ,Без НДС,հատ,9021
00-00001902,Clavicular Hook Locking Plate Combination 3h R Ti,Clavicular Hook Locking Plate Combination 3h R Ti,4212.1903,Clavicular Hook Locking Plate Combination 3h R Ti,ZMD Plates,Հատ,Без НДС,հատ,9021
00-00001904,Clavicular Hook Locking Plate Combination 4h R Ti,Clavicular Hook Locking Plate Combination 4h R Ti,4212.1904,Clavicular Hook Locking Plate Combination 4h R Ti,ZMD Plates,Հատ,Без НДС,հատ,9021
00-00001906,Clavicular Hook Locking Plate Combination 5h R Ti,Clavicular Hook Locking Plate Combination 5h R Ti,4212.1905,Clavicular Hook Locking Plate Combination 5h R Ti,ZMD Plates,Հատ,Без НДС,հատ,9021
00-00001908,Clavicular Hook Locking Plate Combination 6h R Ti,Clavicular Hook Locking Plate Combination 6h R Ti,4212.1906,Clavicular Hook Locking Plate Combination 6h R Ti,ZMD Plates,Հատ,Без НДС,հատ,9021
00-00001899,Clavicular Hook Locking Plate Combination 2h L Ti,Clavicular Hook Locking Plate Combination 2h L Ti,4211.1902,Clavicular Hook Locking Plate Combination 2h L Ti,ZMD Plates,Հատ,Без НДС,հատ,9021
00-00001901,Clavicular Hook Locking Plate Combination 3h L Ti,Clavicular Hook Locking Plate Combination 3h L Ti,4211.1903,Clavicular Hook Locking Plate Combination 3h L Ti,ZMD Plates,Հատ,Без НДС,հատ,9021
00-00001903,Clavicular Hook Locking Plate Combination 4h L Ti,Clavicular Hook Locking Plate Combination 4h L Ti,4211.1904,Clavicular Hook Locking Plate Combination 4h L Ti,ZMD Plates,Հատ,Без НДС,հատ,9021
00-00001905,Clavicular Hook Locking Plate Combination 5h L Ti,Clavicular Hook Locking Plate Combination 5h L Ti,4211.1905,Clavicular Hook Locking Plate Combination 5h L Ti,ZMD Plates,Հատ,Без НДС,հատ,9021
00-00001907,Clavicular Hook Locking Plate Combination 6h L Ti,Clavicular Hook Locking Plate Combination 6h L Ti,4211.1906,Clavicular Hook Locking Plate Combination 6h L Ti,ZMD Plates,Հատ,Без НДС,հատ,9021
00-00002113,Upper Limbs Locking plate Combination 5h Ti,Upper Limbs Locking plate Combination 5h Ti,4213.0105,Upper Limbs Locking plate Combination 5h Ti,ZMD Plates,Հատ,Без НДС,հատ,9021
00-00002114,Upper Limbs Locking plate Combination 6h Ti,Upper Limbs Locking plate Combination 6h Ti,4213.0106,Upper Limbs Locking plate Combination 6h Ti,ZMD Plates,Հատ,Без НДС,հատ,9021
00-00002115,Upper Limbs Locking plate Combination 7h Ti,Upper Limbs Locking plate Combination 7h Ti,4213.0107,Upper Limbs Locking plate Combination 7h Ti,ZMD Plates,Հատ,Без НДС,հատ,9021
00-00002116,Upper Limbs Locking plate Combination 9h Ti,Upper Limbs Locking plate Combination 9h Ti,4213.0109,Upper Limbs Locking plate Combination 9h Ti,ZMD Plates,Հատ,Без НДС,հատ,9021
00-00002112,Upper Limbs Locking plate Combination 10h Ti,Upper Limbs Locking plate Combination 10h Ti,4213.0110,Upper Limbs Locking plate Combination 10h Ti,ZMD Plates,Հատ,Без НДС,հատ,9021
00-00001979,Humeral proximal locking plate combination 3h Ti,Humeral proximal locking plate combination 3h Ti,4213.1703,Humeral proximal locking plate combination 3h Ti,ZMD Plates,Հատ,Без НДС,հատ,9021
00-00001980,Humeral proximal locking plate combination 4h Ti,Humeral proximal locking plate combination 4h Ti,4213.1704,Humeral proximal locking plate combination 4h Ti,ZMD Plates,Հատ,Без НДС,հատ,9021
00-00001981,Humeral proximal locking plate combination 6h Ti,Humeral proximal locking plate combination 6h Ti,4213.1706,Humeral proximal locking plate combination 6h Ti,ZMD Plates,Հատ,Без НДС,հատ,9021
00-00001982,Humeral proximal locking plate combination 8h Ti,Humeral proximal locking plate combination 8h Ti,4213.1708,Humeral proximal locking plate combination 8h Ti,ZMD Plates,Հատ,Без НДС,հատ,9021
00-00001977,Humeral proximal locking plate combination 10 Ti,Humeral proximal locking plate combination 10 Ti,4213.1710,Humeral proximal locking plate combination 10 Ti,ZMD Plates,Հատ,Без НДС,հատ,9021
00-00001978,Humeral proximal locking plate combination 12 Ti,Humeral proximal locking plate combination 12 Ti,4213.1712,Humeral proximal locking plate combination 12 Ti,ZMD Plates,Հատ,Без НДС,հատ,9021
00-00001984,Humeral proximal plate 4h R Ti,Humeral proximal plate 4h R Ti,1212.1704,Humeral proximal plate 4h R Ti,ZMD Plates,Հատ,Без НДС,հատ,9021
00-00001983,Humeral proximal plate 4h L Ti,Humeral proximal plate 4h L Ti,1211.1704,Humeral proximal plate 4h L Ti,ZMD Plates,Հատ,Без НДС,հատ,9021
00-00001986,Humeral proximal plate 5h R Ti,Humeral proximal plate 5h R Ti,1212.1705,Humeral proximal plate 5h R Ti,ZMD Plates,Հատ,Без НДС,հատ,9021
00-00001985,Humeral proximal plate 5h L Ti,Humeral proximal plate 5h L Ti,1211.1705,Humeral proximal plate 5h L Ti,ZMD Plates,Հատ,Без НДС,հատ,9021
00-00002106,Ulna Olecranon Locking Plate Combination 3h L Ti,Ulna Olecranon Locking Plate Combination 3h L Ti,4211.4503,Ulna Olecranon Locking Plate Combination 3h L Ti,ZMD Plates,Հատ,Без НДС,հատ,9021
00-00002108,Ulna Olecranon Locking Plate Combination 5h L Ti,Ulna Olecranon Locking Plate Combination 5h L Ti,4211.4505,Ulna Olecranon Locking Plate Combination 5h L Ti,ZMD Plates,Հատ,Без НДС,հատ,9021
00-00002110,Ulna Olecranon Locking Plate Combination 7h L Ti,Ulna Olecranon Locking Plate Combination 7h L Ti,4211.4507,Ulna Olecranon Locking Plate Combination 7h L Ti,ZMD Plates,Հատ,Без НДС,հատ,9021
00-00002107,Ulna Olecranon Locking Plate Combination 3h R Ti,Ulna Olecranon Locking Plate Combination 3h R Ti,4212.4503,Ulna Olecranon Locking Plate Combination 3h R Ti,ZMD Plates,Հատ,Без НДС,հատ,9021
00-00002109,Ulna Olecranon Locking Plate Combination 5h R Ti,Ulna Olecranon Locking Plate Combination 5h R Ti,4212.4505,Ulna Olecranon Locking Plate Combination 5h R Ti,ZMD Plates,Հատ,Без НДС,հատ,9021
00-00002111,Ulna Olecranon Locking Plate Combination 7h R Ti,Ulna Olecranon Locking Plate Combination 7h R Ti,4212.4507,Ulna Olecranon Locking Plate Combination 7h R Ti,ZMD Plates,Հատ,Без НДС,հատ,9021
00-00002018,Oblique T-Locking Plate 4h R Ti,Oblique T-Locking Plate 4h R Ti,2212.1204,Oblique T-Locking Plate 4h R Ti,ZMD Plates,Հատ,Без НДС,հատ,9021
00-00002020,Oblique T-Locking Plate 5h R Ti,Oblique T-Locking Plate 5h R Ti,2212.1205,Oblique T-Locking Plate 5h R Ti,ZMD Plates,Հատ,Без НДС,հատ,9021
00-00002017,Oblique T-Locking Plate 4h L Ti,Oblique T-Locking Plate 4h L Ti,2211.1204,Oblique T-Locking Plate 4h L Ti,ZMD Plates,Հատ,Без НДС,հատ,9021
00-00002019,Oblique T-Locking Plate 5h L Ti,Oblique T-Locking Plate 5h L Ti,2211.1205,Oblique T-Locking Plate 5h L Ti,ZMD Plates,Հատ,Без НДС,հատ,9021
00-00001936,"DM Locking screw (K) 3.5mm, 20mm Ti ","DM Locking screw (K) 3.5mm, 20mm Ti ",DM.04007000.20.CL,"DM Locking screw (K) 3.5mm, 20mm Ti ",Boneunion,Հատ,Без НДС,հատ,9021
00-00001937,"DM Locking screw (K) 3.5mm, 24mm Ti ","DM Locking screw (K) 3.5mm, 24mm Ti ",DM.04007000.24.CL,"DM Locking screw (K) 3.5mm, 24mm Ti ",Boneunion,Հատ,Без НДС,հատ,9021
00-00001938,"DM Locking screw (K) 3.5mm, 26mm Ti","DM Locking screw (K) 3.5mm, 26mm Ti",DM.04007000.26.CL,"DM Locking screw (K) 3.5mm, 26mm Ti",Boneunion,Հատ,Без НДС,հատ,9021
00-00001939,"DM Locking screw (K) 3.5mm, 28mm Ti","DM Locking screw (K) 3.5mm, 28mm Ti",DM.04007000.28.CL,"DM Locking screw (K) 3.5mm, 28mm Ti",Boneunion,Հատ,Без НДС,հատ,9021
00-00001940,"DM Locking screw (K) 3.5mm, 32mm Ti","DM Locking screw (K) 3.5mm, 32mm Ti",DM.04007000.32.CL,"DM Locking screw (K) 3.5mm, 32mm Ti",Boneunion,Հատ,Без НДС,հատ,9021
00-00001941,"DM Locking screw (K) 3.5mm, 34mm Ti","DM Locking screw (K) 3.5mm, 34mm Ti",DM.04007000.34.CL,"DM Locking screw (K) 3.5mm, 34mm Ti",Boneunion,Հատ,Без НДС,հատ,9021
00-00001942,"DM Locking screw (K) 3.5mm, 36mm Ti","DM Locking screw (K) 3.5mm, 36mm Ti",DM.04007000.36.CL,"DM Locking screw (K) 3.5mm, 36mm Ti",Boneunion,Հատ,Без НДС,հատ,9021
00-00001943,"DM Locking screw (K) 3.5mm, 38mm Ti","DM Locking screw (K) 3.5mm, 38mm Ti",DM.04007000.38.CL,"DM Locking screw (K) 3.5mm, 38mm Ti",Boneunion,Հատ,Без НДС,հատ,9021
00-00001944,"DM Locking screw (K) 3.5mm, 40mm Ti","DM Locking screw (K) 3.5mm, 40mm Ti",DM.04007000.40.CL,"DM Locking screw (K) 3.5mm, 40mm Ti",Boneunion,Հատ,Без НДС,հատ,9021
00-00001945,"DM Locking screw (K) 3.5mm, 42mm Ti","DM Locking screw (K) 3.5mm, 42mm Ti",DM.04007000.42.CL,"DM Locking screw (K) 3.5mm, 42mm Ti",Boneunion,Հատ,Без НДС,հատ,9021
00-00001946,"DM Locking screw 3.5mm, 14mm Ti","DM Locking screw 3.5mm, 14mm Ti",DM.04007000.14,"DM Locking screw 3.5mm, 14mm Ti",Boneunion,Հատ,Без НДС,հատ,9021
00-00001947,"DM Locking screw 3.5mm, 16mm Ti","DM Locking screw 3.5mm, 16mm Ti",DM.04007000.16,"DM Locking screw 3.5mm, 16mm Ti",Boneunion,Հատ,Без НДС,հատ,9021
00-00001948,"DM Locking screw 3.5mm, 18mm Ti","DM Locking screw 3.5mm, 18mm Ti",DM.04007000.18,"DM Locking screw 3.5mm, 18mm Ti",Boneunion,Հատ,Без НДС,հատ,9021
00-00001949,"DM Locking screw 3.5mm, 20mm Ti","DM Locking screw 3.5mm, 20mm Ti",DM.04007000.20,"DM Locking screw 3.5mm, 20mm Ti",Boneunion,Հատ,Без НДС,հատ,9021
00-00001950,"DM Locking screw 3.5mm, 22mm Ti","DM Locking screw 3.5mm, 22mm Ti",DM.04007000.22,"DM Locking screw 3.5mm, 22mm Ti",Boneunion,Հատ,Без НДС,հատ,9021
00-00001951,"DM Locking screw 3.5mm, 24mm Ti","DM Locking screw 3.5mm, 24mm Ti",DM.04007000.24,"DM Locking screw 3.5mm, 24mm Ti",Boneunion,Հատ,Без НДС,հատ,9021
00-00001952,"3.5mm Locking Screw, torxdrive, self-tapping, 26mm Ti","3.5mm Locking Screw, torxdrive, self-tapping, 26mm Ti",3070090026,"3.5mm Locking Screw, torxdrive, self-tapping, 26mm Ti",Boneunion,Հատ,Без НДС,հատ,9021
00-00001953,"3.5mm Locking Screw, torxdrive, self-tapping, 28mm Ti","3.5mm Locking Screw, torxdrive, self-tapping, 28mm Ti",3070090028,"3.5mm Locking Screw, torxdrive, self-tapping, 28mm Ti",Boneunion,Հատ,Без НДС,հատ,9021
00-00001954,"3.5mm Locking Screw, torxdrive, self-tapping, 30mm Ti","3.5mm Locking Screw, torxdrive, self-tapping, 30mm Ti",3070090030,"3.5mm Locking Screw, torxdrive, self-tapping, 30mm Ti",Boneunion,Հատ,Без НДС,հատ,9021
00-00001955,"3.5mm Locking Screw, torxdrive, self-tapping, 32mm Ti","3.5mm Locking Screw, torxdrive, self-tapping, 32mm Ti",3070090032,"3.5mm Locking Screw, torxdrive, self-tapping, 32mm Ti",Boneunion,Հատ,Без НДС,հատ,9021
00-00001956,"3.5mm Locking Screw, torxdrive, self-tapping, 34mm Ti","3.5mm Locking Screw, torxdrive, self-tapping, 34mm Ti",3070090034,"3.5mm Locking Screw, torxdrive, self-tapping, 34mm Ti",Boneunion,Հատ,Без НДС,հատ,9021
00-00001957,"3.5mm Locking Screw, torxdrive, self-tapping, 36mm Ti","3.5mm Locking Screw, torxdrive, self-tapping, 36mm Ti",3070090036,"3.5mm Locking Screw, torxdrive, self-tapping, 36mm Ti",Boneunion,Հատ,Без НДС,հատ,9021
00-00001958,"3.5mm Locking Screw, torxdrive, self-tapping, 38mm Ti","3.5mm Locking Screw, torxdrive, self-tapping, 38mm Ti",3070090038,"3.5mm Locking Screw, torxdrive, self-tapping, 38mm Ti",Boneunion,Հատ,Без НДС,հատ,9021
00-00001959,"3.5mm Locking Screw, torxdrive, self-tapping, 40mm Ti","3.5mm Locking Screw, torxdrive, self-tapping, 40mm Ti",3070090040,"3.5mm Locking Screw, torxdrive, self-tapping, 40mm Ti",Boneunion,Հատ,Без НДС,հատ,9021
00-00001960,"3.5mm Locking Screw, torxdrive, self-tapping, 42mm Ti","3.5mm Locking Screw, torxdrive, self-tapping, 42mm Ti",3070090042,"3.5mm Locking Screw, torxdrive, self-tapping, 42mm Ti",Boneunion,Հատ,Без НДС,հատ,9021
00-00001961,"3.5mm Locking Screw, torxdrive, self-tapping, 44mm Ti","3.5mm Locking Screw, torxdrive, self-tapping, 44mm Ti",3070090044,"3.5mm Locking Screw, torxdrive, self-tapping, 44mm Ti",Boneunion,Հատ,Без НДС,հատ,9021
00-00001962,"3.5mm Locking Screw, torxdrive, self-tapping, 46mm Ti","3.5mm Locking Screw, torxdrive, self-tapping, 46mm Ti",3070090046,"3.5mm Locking Screw, torxdrive, self-tapping, 46mm Ti",Boneunion,Հատ,Без НДС,հատ,9021
00-00001963,"3.5mm Locking Screw, torxdrive, self-tapping, 48mm Ti","3.5mm Locking Screw, torxdrive, self-tapping, 48mm Ti",3070090048,"3.5mm Locking Screw, torxdrive, self-tapping, 48mm Ti",Boneunion,Հատ,Без НДС,հատ,9021
00-00001964,"3.5mm Locking Screw, torxdrive, self-tapping, 50mm Ti","3.5mm Locking Screw, torxdrive, self-tapping, 50mm Ti",3070090050,"3.5mm Locking Screw, torxdrive, self-tapping, 50mm Ti",Boneunion,Հատ,Без НДС,հատ,9021
00-00001965,"DM Locking screw 3.5mm, 52mm Ti","DM Locking screw 3.5mm, 52mm Ti",DM.04007000.52,"DM Locking screw 3.5mm, 52mm Ti",Boneunion,Հատ,Без НДС,հատ,9021
00-00001966,"3.5mm Locking Screw, torxdrive, self-tapping, 54mm Ti","3.5mm Locking Screw, torxdrive, self-tapping, 54mm Ti",3070090054,"3.5mm Locking Screw, torxdrive, self-tapping, 54mm Ti",Boneunion,Հատ,Без НДС,հատ,9021
00-00001967,"3.5mm Locking Screw, torxdrive, self-tapping, 56mm Ti","3.5mm Locking Screw, torxdrive, self-tapping, 56mm Ti",3070090056,"3.5mm Locking Screw, torxdrive, self-tapping, 56mm Ti",Boneunion,Հատ,Без НДС,հատ,9021
00-00002194,"ZM Locking screw 3.5mm, 12mm Ti","ZM Locking screw 3.5mm, 12mm Ti",2201.3512,"ZM Locking screw 3.5mm, 12mm Ti",ZMD Screws,Հատ,Без НДС,հատ,9021
00-00002195,"ZM Locking screw 3.5mm, 14mm Ti","ZM Locking screw 3.5mm, 14mm Ti",2201.3514,"ZM Locking screw 3.5mm, 14mm Ti",ZMD Screws,Հատ,Без НДС,հատ,9021
00-00002196,"ZM Locking screw 3.5mm, 16mm Ti","ZM Locking screw 3.5mm, 16mm Ti",2201.3516,"ZM Locking screw 3.5mm, 16mm Ti",ZMD Screws,Հատ,Без НДС,հատ,9021
00-00002197,"ZM Locking screw 3.5mm, 18mm Ti","ZM Locking screw 3.5mm, 18mm Ti",2201.3518,"ZM Locking screw 3.5mm, 18mm Ti",ZMD Screws,Հատ,Без НДС,հատ,9021
00-00002198,"ZM Locking screw 3.5mm, 20mm Ti","ZM Locking screw 3.5mm, 20mm Ti",2201.3520,"ZM Locking screw 3.5mm, 20mm Ti",ZMD Screws,Հատ,Без НДС,հատ,9021
00-00002199,"ZM Locking screw 3.5mm, 22mm Ti","ZM Locking screw 3.5mm, 22mm Ti",2201.3522,"ZM Locking screw 3.5mm, 22mm Ti",ZMD Screws,Հատ,Без НДС,հատ,9021
00-00002200,"ZM Locking screw 3.5mm, 24mm Ti","ZM Locking screw 3.5mm, 24mm Ti",2201.3524,"ZM Locking screw 3.5mm, 24mm Ti",ZMD Screws,Հատ,Без НДС,հատ,9021
00-00002201,"ZM Locking screw 3.5mm, 26mm Ti","ZM Locking screw 3.5mm, 26mm Ti",2201.3526,"ZM Locking screw 3.5mm, 26mm Ti",ZMD Screws,Հատ,Без НДС,հատ,9021
00-00002202,"ZM Locking screw 3.5mm, 28mm Ti","ZM Locking screw 3.5mm, 28mm Ti",2201.3528,"ZM Locking screw 3.5mm, 28mm Ti",ZMD Screws,Հատ,Без НДС,հատ,9021
00-00002203,"ZM Locking screw 3.5mm, 30mm Ti","ZM Locking screw 3.5mm, 30mm Ti",2201.3530,"ZM Locking screw 3.5mm, 30mm Ti",ZMD Screws,Հատ,Без НДС,հատ,9021
00-00002204,"ZM Locking screw 3.5mm, 32mm Ti","ZM Locking screw 3.5mm, 32mm Ti",2201.3532,"ZM Locking screw 3.5mm, 32mm Ti",ZMD Screws,Հատ,Без НДС,հատ,9021
00-00002205,"ZM Locking screw 3.5mm, 34mm Ti","ZM Locking screw 3.5mm, 34mm Ti",2201.3534,"ZM Locking screw 3.5mm, 34mm Ti",ZMD Screws,Հատ,Без НДС,հատ,9021
00-00002206,"ZM Locking screw 3.5mm, 36mm Ti","ZM Locking screw 3.5mm, 36mm Ti",2201.3536,"ZM Locking screw 3.5mm, 36mm Ti",ZMD Screws,Հատ,Без НДС,հատ,9021
00-00002207,"ZM Locking screw 3.5mm, 38mm Ti","ZM Locking screw 3.5mm, 38mm Ti",2201.3538,"ZM Locking screw 3.5mm, 38mm Ti",ZMD Screws,Հատ,Без НДС,հատ,9021
00-00002208,"ZM Locking screw 3.5mm, 40mm Ti","ZM Locking screw 3.5mm, 40mm Ti",2201.3540,"ZM Locking screw 3.5mm, 40mm Ti",ZMD Screws,Հատ,Без НДС,հատ,9021
00-00002209,"ZM Locking screw 3.5mm, 42mm Ti","ZM Locking screw 3.5mm, 42mm Ti",2201.3542,"ZM Locking screw 3.5mm, 42mm Ti",ZMD Screws,Հատ,Без НДС,հատ,9021
00-00002210,"ZM Locking screw 3.5mm, 44mm Ti","ZM Locking screw 3.5mm, 44mm Ti",2201.3544,"ZM Locking screw 3.5mm, 44mm Ti",ZMD Screws,Հատ,Без НДС,հատ,9021
00-00002211,"ZM Locking screw 3.5mm, 46mm Ti","ZM Locking screw 3.5mm, 46mm Ti",2201.3546,"ZM Locking screw 3.5mm, 46mm Ti",ZMD Screws,Հատ,Без НДС,հատ,9021
00-00002212,"ZM Locking screw 3.5mm, 48mm Ti","ZM Locking screw 3.5mm, 48mm Ti",2201.3548,"ZM Locking screw 3.5mm, 48mm Ti",ZMD Screws,Հատ,Без НДС,հատ,9021
00-00002213,"ZM Locking screw 3.5mm, 50mm Ti","ZM Locking screw 3.5mm, 50mm Ti",2201.3550,"ZM Locking screw 3.5mm, 50mm Ti",ZMD Screws,Հատ,Без НДС,հատ,9021
00-00002158,"ZM Cortex screw 3.5mm, 12mm Ti","ZM Cortex screw 3.5mm, 12mm Ti",1201.3512,"ZM Cortex screw 3.5mm, 12mm Ti",ZMD Screws,Հատ,Без НДС,հատ,9021
00-00002159,"ZM Cortex screw 3.5mm, 14mm Ti","ZM Cortex screw 3.5mm, 14mm Ti",1201.3514,"ZM Cortex screw 3.5mm, 14mm Ti",ZMD Screws,Հատ,Без НДС,հատ,9021
00-00002160,"ZM Cortex screw 3.5mm, 16mm Ti","ZM Cortex screw 3.5mm, 16mm Ti",1201.3516,"ZM Cortex screw 3.5mm, 16mm Ti",ZMD Screws,Հատ,Без НДС,հատ,9021
00-00002161,"ZM Cortex screw 3.5mm, 18mm Ti","ZM Cortex screw 3.5mm, 18mm Ti",1201.3518,"ZM Cortex screw 3.5mm, 18mm Ti",ZMD Screws,Հատ,Без НДС,հատ,9021
00-00002162,"ZM Cortex screw 3.5mm, 20mm Ti","ZM Cortex screw 3.5mm, 20mm Ti",1201.3520,"ZM Cortex screw 3.5mm, 20mm Ti",ZMD Screws,Հատ,Без НДС,հատ,9021
00-00002163,"ZM Cortex screw 3.5mm, 22mm Ti","ZM Cortex screw 3.5mm, 22mm Ti",1201.3522,"ZM Cortex screw 3.5mm, 22mm Ti",ZMD Screws,Հատ,Без НДС,հատ,9021
00-00002164,"ZM Cortex screw 3.5mm, 24mm Ti","ZM Cortex screw 3.5mm, 24mm Ti",1201.3524,"ZM Cortex screw 3.5mm, 24mm Ti",ZMD Screws,Հատ,Без НДС,հատ,9021
00-00002165,"ZM Cortex screw 3.5mm, 26mm Ti","ZM Cortex screw 3.5mm, 26mm Ti",1201.3526,"ZM Cortex screw 3.5mm, 26mm Ti",ZMD Screws,Հատ,Без НДС,հատ,9021
00-00002166,"ZM Cortex screw 3.5mm, 28mm Ti","ZM Cortex screw 3.5mm, 28mm Ti",1201.3528,"ZM Cortex screw 3.5mm, 28mm Ti",ZMD Screws,Հատ,Без НДС,հատ,9021
00-00002167,"ZM Cortex screw 3.5mm, 30mm Ti","ZM Cortex screw 3.5mm, 30mm Ti",1201.3530,"ZM Cortex screw 3.5mm, 30mm Ti",ZMD Screws,Հատ,Без НДС,հատ,9021
00-00002168,"ZM Cortex screw 3.5mm, 32mm Ti","ZM Cortex screw 3.5mm, 32mm Ti",1201.3532,"ZM Cortex screw 3.5mm, 32mm Ti",ZMD Screws,Հատ,Без НДС,հատ,9021
00-00002169,"ZM Cortex screw 3.5mm, 34mm Ti","ZM Cortex screw 3.5mm, 34mm Ti",1201.3534,"ZM Cortex screw 3.5mm, 34mm Ti",ZMD Screws,Հատ,Без НДС,հատ,9021
00-00002170,"ZM Cortex screw 3.5mm, 36mm Ti","ZM Cortex screw 3.5mm, 36mm Ti",1201.3536,"ZM Cortex screw 3.5mm, 36mm Ti",ZMD Screws,Հատ,Без НДС,հատ,9021
00-00002171,"ZM Cortex screw 3.5mm, 38mm Ti","ZM Cortex screw 3.5mm, 38mm Ti",1201.3538,"ZM Cortex screw 3.5mm, 38mm Ti",ZMD Screws,Հատ,Без НДС,հատ,9021
00-00002172,"ZM Cortex screw 3.5mm, 40mm Ti","ZM Cortex screw 3.5mm, 40mm Ti",1201.3540,"ZM Cortex screw 3.5mm, 40mm Ti",ZMD Screws,Հատ,Без НДС,հատ,9021
00-00002173,"ZM Cortex screw 3.5mm, 42mm Ti","ZM Cortex screw 3.5mm, 42mm Ti",1201.3542,"ZM Cortex screw 3.5mm, 42mm Ti",ZMD Screws,Հատ,Без НДС,հատ,9021
00-00002174,"ZM Cortex screw 3.5mm, 44mm Ti","ZM Cortex screw 3.5mm, 44mm Ti",1201.3544,"ZM Cortex screw 3.5mm, 44mm Ti",ZMD Screws,Հատ,Без НДС,հատ,9021
00-00002175,"ZM Cortex screw 3.5mm, 46mm Ti","ZM Cortex screw 3.5mm, 46mm Ti",1201.3546,"ZM Cortex screw 3.5mm, 46mm Ti",ZMD Screws,Հատ,Без НДС,հատ,9021
00-00002176,"ZM Cortex screw 3.5mm, 48mm Ti","ZM Cortex screw 3.5mm, 48mm Ti",1201.3548,"ZM Cortex screw 3.5mm, 48mm Ti",ZMD Screws,Հատ,Без НДС,հատ,9021
00-00002177,"ZM Cortex screw 3.5mm, 50mm Ti","ZM Cortex screw 3.5mm, 50mm Ti",1201.3550,"ZM Cortex screw 3.5mm, 50mm Ti",ZMD Screws,Հատ,Без НДС,հատ,9021
00-00002178,"ZM Cortex screw 3.5mm, 54mm Ti","ZM Cortex screw 3.5mm, 54mm Ti",1201.3554,"ZM Cortex screw 3.5mm, 54mm Ti",ZMD Screws,Հատ,Без НДС,հատ,9021
00-00002179,"ZM Cortex screw 3.5mm, 55mm Ti","ZM Cortex screw 3.5mm, 55mm Ti",1201.3555,"ZM Cortex screw 3.5mm, 55mm Ti",ZMD Screws,Հատ,Без НДС,հատ,9021
00-00002136,"ZM Cortex Cancellous screw 1/2 4.0mm,20mm Ti ","ZM Cortex Cancellous screw 1/2 4.0mm,20mm Ti ",1202.4020,"ZM Cortex Cancellous screw 1/2 4.0mm,20mm Ti ",ZMD Screws,Հատ,Без НДС,հատ,9021
00-00002137,"ZM Cortex Cancellous screw 1/2 4.0mm,25mm Ti ","ZM Cortex Cancellous screw 1/2 4.0mm,25mm Ti ",1202.4025,"ZM Cortex Cancellous screw 1/2 4.0mm,25mm Ti ",ZMD Screws,Հատ,Без НДС,հատ,9021
00-00002138,"ZM Cortex Cancellous screw 1/2 4.0mm,30mm Ti","ZM Cortex Cancellous screw 1/2 4.0mm,30mm Ti",1202.4030,"ZM Cortex Cancellous screw 1/2 4.0mm,30mm Ti",ZMD Screws,Հատ,Без НДС,հատ,9021
00-00002139,"ZM Cortex Cancellous screw 1/2 4.0mm,35mm Ti","ZM Cortex Cancellous screw 1/2 4.0mm,35mm Ti",1202.4035,"ZM Cortex Cancellous screw 1/2 4.0mm,35mm Ti",ZMD Screws,Հատ,Без НДС,հատ,9021
00-00002140,"ZM Cortex Cancellous screw 1/2 4.0mm,40mm Ti","ZM Cortex Cancellous screw 1/2 4.0mm,40mm Ti",1202.4040,"ZM Cortex Cancellous screw 1/2 4.0mm,40mm Ti",ZMD Screws,Հատ,Без НДС,հատ,9021
00-00002141,"ZM Cortex Cancellous screw 1/2 4.0mm,45mm Ti","ZM Cortex Cancellous screw 1/2 4.0mm,45mm Ti",1202.4045,"ZM Cortex Cancellous screw 1/2 4.0mm,45mm Ti",ZMD Screws,Հատ,Без НДС,հատ,9021
00-00002142,"ZM Cortex Cancellous screw 1/2 4.0mm,50mm Ti","ZM Cortex Cancellous screw 1/2 4.0mm,50mm Ti",1202.4050,"ZM Cortex Cancellous screw 1/2 4.0mm,50mm Ti",ZMD Screws,Հատ,Без НДС,հատ,9021
00-00002143,"ZM Cortex Cancellous screw 4.0mm,12mm Ti","ZM Cortex Cancellous screw 4.0mm,12mm Ti",30238-40.12,"ZM Cortex Cancellous screw 4.0mm,12mm Ti",ZMD Screws,Հատ,Без НДС,հատ,9021
00-00002144,"ZM Cortex Cancellous screw 4.0mm,14mm Ti","ZM Cortex Cancellous screw 4.0mm,14mm Ti",30238-40.14,"ZM Cortex Cancellous screw 4.0mm,14mm Ti",ZMD Screws,Հատ,Без НДС,հատ,9021
00-00002145,"ZM Cortex Cancellous screw 4.0mm,16mm Ti","ZM Cortex Cancellous screw 4.0mm,16mm Ti",30238-40.16,"ZM Cortex Cancellous screw 4.0mm,16mm Ti",ZMD Screws,Հատ,Без НДС,հատ,9021
00-00002146,"ZM Cortex Cancellous screw 4.0mm,18mm Ti","ZM Cortex Cancellous screw 4.0mm,18mm Ti",30238-40.18,"ZM Cortex Cancellous screw 4.0mm,18mm Ti",ZMD Screws,Հատ,Без НДС,հատ,9021
00-00002147,"ZM Cortex Cancellous screw 4.0mm,20mm Ti","ZM Cortex Cancellous screw 4.0mm,20mm Ti",30238-40.20,"ZM Cortex Cancellous screw 4.0mm,20mm Ti",ZMD Screws,Հատ,Без НДС,հատ,9021
00-00002148,"ZM Cortex Cancellous screw 4.0mm,22mm Ti","ZM Cortex Cancellous screw 4.0mm,22mm Ti",30238-40.22,"ZM Cortex Cancellous screw 4.0mm,22mm Ti",ZMD Screws,Հատ,Без НДС,հատ,9021
00-00002149,"ZM Cortex Cancellous screw 4.0mm,24mm Ti","ZM Cortex Cancellous screw 4.0mm,24mm Ti",30238-40.24,"ZM Cortex Cancellous screw 4.0mm,24mm Ti",ZMD Screws,Հատ,Без НДС,հատ,9021
00-00002150,"ZM Cortex Cancellous screw 4.0mm,26mm Ti","ZM Cortex Cancellous screw 4.0mm,26mm Ti",30238-40.26,"ZM Cortex Cancellous screw 4.0mm,26mm Ti",ZMD Screws,Հատ,Без НДС,հատ,9021
00-00002151,"ZM Cortex Cancellous screw 4.0mm,28mm Ti","ZM Cortex Cancellous screw 4.0mm,28mm Ti",30238-40.28,"ZM Cortex Cancellous screw 4.0mm,28mm Ti",ZMD Screws,Հատ,Без НДС,հատ,9021
00-00002152,"ZM Cortex Cancellous screw 4.0mm,30mm Ti","ZM Cortex Cancellous screw 4.0mm,30mm Ti",30238-40.30,"ZM Cortex Cancellous screw 4.0mm,30mm Ti",ZMD Screws,Հատ,Без НДС,հատ,9021
00-00002153,"ZM Cortex Cancellous screw 4.0mm,32mm Ti","ZM Cortex Cancellous screw 4.0mm,32mm Ti",30238-40.32,"ZM Cortex Cancellous screw 4.0mm,32mm Ti",ZMD Screws,Հատ,Без НДС,հատ,9021
00-00002154,"ZM Cortex Cancellous screw 4.0mm,34mm Ti","ZM Cortex Cancellous screw 4.0mm,34mm Ti",30238-40.34,"ZM Cortex Cancellous screw 4.0mm,34mm Ti",ZMD Screws,Հատ,Без НДС,հատ,9021
00-00002155,"ZM Cortex Cancellous screw 4.0mm,36mm Ti","ZM Cortex Cancellous screw 4.0mm,36mm Ti",30238-40.36,"ZM Cortex Cancellous screw 4.0mm,36mm Ti",ZMD Screws,Հատ,Без НДС,հատ,9021
00-00002156,"ZM Cortex Cancellous screw 4.0mm,38mm Ti","ZM Cortex Cancellous screw 4.0mm,38mm Ti",30238-40.38,"ZM Cortex Cancellous screw 4.0mm,38mm Ti",ZMD Screws,Հատ,Без НДС,հատ,9021
00-00002157,"ZM Cortex Cancellous screw 4.0mm,40mm Ti","ZM Cortex Cancellous screw 4.0mm,40mm Ti",30238-40.40,"ZM Cortex Cancellous screw 4.0mm,40mm Ti",ZMD Screws,Հատ,Без НДС,հատ,9021
00-00002180,"ZM Cortex screw 4.5mm,24mm Ti","ZM Cortex screw 4.5mm,24mm Ti",1201.4524,"ZM Cortex screw 4.5mm,24mm Ti",ZMD Screws,Հատ,Без НДС,հատ,9021
00-00002181,"ZM Cortex screw 4.5mm,26mm Ti","ZM Cortex screw 4.5mm,26mm Ti",1201.4526,"ZM Cortex screw 4.5mm,26mm Ti",ZMD Screws,Հատ,Без НДС,հատ,9021
00-00002182,"ZM Cortex screw 4.5mm,28mm Ti","ZM Cortex screw 4.5mm,28mm Ti",1201.4528,"ZM Cortex screw 4.5mm,28mm Ti",ZMD Screws,Հատ,Без НДС,հատ,9021
00-00002183,"ZM Cortex screw 4.5mm,30mm Ti","ZM Cortex screw 4.5mm,30mm Ti",1201.4530,"ZM Cortex screw 4.5mm,30mm Ti",ZMD Screws,Հատ,Без НДС,հատ,9021
00-00002184,"ZM Cortex screw 4.5mm,32mm Ti","ZM Cortex screw 4.5mm,32mm Ti",1201.4532,"ZM Cortex screw 4.5mm,32mm Ti",ZMD Screws,Հատ,Без НДС,հատ,9021
00-00002185,"ZM Cortex screw 4.5mm,34mm Ti","ZM Cortex screw 4.5mm,34mm Ti",1201.4534,"ZM Cortex screw 4.5mm,34mm Ti",ZMD Screws,Հատ,Без НДС,հատ,9021
00-00002186,"ZM Cortex screw 4.5mm,36mm Ti","ZM Cortex screw 4.5mm,36mm Ti",1201.4536,"ZM Cortex screw 4.5mm,36mm Ti",ZMD Screws,Հատ,Без НДС,հատ,9021
00-00002187,"ZM Cortex screw 4.5mm,38mm Ti","ZM Cortex screw 4.5mm,38mm Ti",1201.4538,"ZM Cortex screw 4.5mm,38mm Ti",ZMD Screws,Հատ,Без НДС,հատ,9021
00-00002188,"ZM Cortex screw 4.5mm,40mm Ti","ZM Cortex screw 4.5mm,40mm Ti",1201.4540,"ZM Cortex screw 4.5mm,40mm Ti",ZMD Screws,Հատ,Без НДС,հատ,9021
00-00002189,"ZM Cortex screw 4.5mm,42mm Ti","ZM Cortex screw 4.5mm,42mm Ti",1201.4542,"ZM Cortex screw 4.5mm,42mm Ti",ZMD Screws,Հատ,Без НДС,հատ,9021
00-00002190,"ZM Cortex screw 4.5mm,44mm Ti","ZM Cortex screw 4.5mm,44mm Ti",1201.4544,"ZM Cortex screw 4.5mm,44mm Ti",ZMD Screws,Հատ,Без НДС,հատ,9021
00-00002191,"ZM Cortex screw 4.5mm,46mm Ti","ZM Cortex screw 4.5mm,46mm Ti",1201.4546,"ZM Cortex screw 4.5mm,46mm Ti",ZMD Screws,Հատ,Без НДС,հատ,9021
00-00002192,"ZM Cortex screw 4.5mm,48mm Ti","ZM Cortex screw 4.5mm,48mm Ti",1201.4548,"ZM Cortex screw 4.5mm,48mm Ti",ZMD Screws,Հատ,Без НДС,հատ,9021
00-00002193,"ZM Cortex screw 4.5mm,50mm Ti","ZM Cortex screw 4.5mm,50mm Ti",1201.4550,"ZM Cortex screw 4.5mm,50mm Ti",ZMD Screws,Հատ,Без НДС,հատ,9021
00-00002214,"ZM Locking screw 5.0mm,24mm Ti","ZM Locking screw 5.0mm,24mm Ti",2201.5024,"ZM Locking screw 5.0mm,24mm Ti",ZMD Screws,Հատ,Без НДС,հատ,9021
00-00002215,"ZM Locking screw 5.0mm,26mm Ti","ZM Locking screw 5.0mm,26mm Ti",2201.5026,"ZM Locking screw 5.0mm,26mm Ti",ZMD Screws,Հատ,Без НДС,հատ,9021
00-00002216,"ZM Locking screw 5.0mm,28mm Ti","ZM Locking screw 5.0mm,28mm Ti",2201.5028,"ZM Locking screw 5.0mm,28mm Ti",ZMD Screws,Հատ,Без НДС,հատ,9021
00-00002217,"ZM Locking screw 5.0mm,30mm Ti","ZM Locking screw 5.0mm,30mm Ti",2201.5030,"ZM Locking screw 5.0mm,30mm Ti",ZMD Screws,Հատ,Без НДС,հատ,9021
00-00002218,"ZM Locking screw 5.0mm,32mm Ti","ZM Locking screw 5.0mm,32mm Ti",2201.5032,"ZM Locking screw 5.0mm,32mm Ti",ZMD Screws,Հատ,Без НДС,հատ,9021
00-00002219,"ZM Locking screw 5.0mm,34mm Ti","ZM Locking screw 5.0mm,34mm Ti",2201.5034,"ZM Locking screw 5.0mm,34mm Ti",ZMD Screws,Հատ,Без НДС,հատ,9021
00-00002220,"ZM Locking screw 5.0mm,36mm Ti","ZM Locking screw 5.0mm,36mm Ti",2201.5036,"ZM Locking screw 5.0mm,36mm Ti",ZMD Screws,Հատ,Без НДС,հատ,9021
00-00002221,"ZM Locking screw 5.0mm,38mm Ti","ZM Locking screw 5.0mm,38mm Ti",2201.5038,"ZM Locking screw 5.0mm,38mm Ti",ZMD Screws,Հատ,Без НДС,հատ,9021
00-00002222,"ZM Locking screw 5.0mm,40mm Ti","ZM Locking screw 5.0mm,40mm Ti",2201.5040,"ZM Locking screw 5.0mm,40mm Ti",ZMD Screws,Հատ,Без НДС,հատ,9021
00-00002223,"ZM Locking screw 5.0mm,42mm Ti","ZM Locking screw 5.0mm,42mm Ti",2201.5042,"ZM Locking screw 5.0mm,42mm Ti",ZMD Screws,Հատ,Без НДС,հատ,9021
00-00002224,"ZM Locking screw 5.0mm,44mm Ti","ZM Locking screw 5.0mm,44mm Ti",2201.5044,"ZM Locking screw 5.0mm,44mm Ti",ZMD Screws,Հատ,Без НДС,հատ,9021
00-00002225,"ZM Locking screw 5.0mm,46mm Ti","ZM Locking screw 5.0mm,46mm Ti",2201.5046,"ZM Locking screw 5.0mm,46mm Ti",ZMD Screws,Հատ,Без НДС,հատ,9021
00-00002226,"ZM Locking screw 5.0mm,48mm Ti","ZM Locking screw 5.0mm,48mm Ti",2201.5048,"ZM Locking screw 5.0mm,48mm Ti",ZMD Screws,Հատ,Без НДС,հատ,9021
00-00002227,"ZM Locking screw 5.0mm,50mm Ti","ZM Locking screw 5.0mm,50mm Ti",2201.5050,"ZM Locking screw 5.0mm,50mm Ti",ZMD Screws,Հատ,Без НДС,հատ,9021
00-00002228,"ZM Locking screw 5.0mm,55mm Ti","ZM Locking screw 5.0mm,55mm Ti",2201.5055,"ZM Locking screw 5.0mm,55mm Ti",ZMD Screws,Հատ,Без НДС,հատ,9021
00-00002229,"ZM Locking screw 5.0mm,60mm Ti","ZM Locking screw 5.0mm,60mm Ti",2201.5060,"ZM Locking screw 5.0mm,60mm Ti",ZMD Screws,Հատ,Без НДС,հատ,9021
00-00002230,"ZM Locking screw 5.0mm,65mm Ti","ZM Locking screw 5.0mm,65mm Ti",2201.5065,"ZM Locking screw 5.0mm,65mm Ti",ZMD Screws,Հատ,Без НДС,հատ,9021
00-00002231,"ZM Locking screw 5.0mm,70mm Ti","ZM Locking screw 5.0mm,70mm Ti",2201.5070,"ZM Locking screw 5.0mm,70mm Ti",ZMD Screws,Հատ,Без НДС,հատ,9021
00-00002232,"ZM Locking screw 5.0mm,75mm Ti","ZM Locking screw 5.0mm,75mm Ti",2201.5075,"ZM Locking screw 5.0mm,75mm Ti",ZMD Screws,Հատ,Без НДС,հատ,9021
00-00002233,"ZM Locking screw 5.0mm,80mm Ti","ZM Locking screw 5.0mm,80mm Ti",2201.5080,"ZM Locking screw 5.0mm,80mm Ti",ZMD Screws,Հատ,Без НДС,հատ,9021
00-00002234,"ZM Locking screw 5.0mm,85mm Ti","ZM Locking screw 5.0mm,85mm Ti",2201.5085,"ZM Locking screw 5.0mm,85mm Ti",ZMD Screws,Հատ,Без НДС,հատ,9021
00-00002235,"ZM Locking screw 5.0mm,90mm Ti","ZM Locking screw 5.0mm,90mm Ti",2201.5090,"ZM Locking screw 5.0mm,90mm Ti",ZMD Screws,Հատ,Без НДС,հատ,9021
00-00002128,"ZM Cortex Cancellous Full screw 6.5mm,45mm S.S","ZM Cortex Cancellous Full screw 6.5mm,45mm S.S",30238-65.S.45,"ZM Cortex Cancellous Full screw 6.5mm,45mm S.S",ZMD Screws,Հատ,Без НДС,հատ,9021
00-00002129,"ZM Cortex Cancellous Full screw 6.5mm,55mm S.S","ZM Cortex Cancellous Full screw 6.5mm,55mm S.S",30238-65.S.55,"ZM Cortex Cancellous Full screw 6.5mm,55mm S.S",ZMD Screws,Հատ,Без НДС,հատ,9021
00-00002130,"ZM Cortex Cancellous Full screw 6.5mm,65mm S.S","ZM Cortex Cancellous Full screw 6.5mm,65mm S.S",30238-65.S.65,"ZM Cortex Cancellous Full screw 6.5mm,65mm S.S",ZMD Screws,Հատ,Без НДС,հատ,9021
00-00002131,"ZM Cortex Cancellous Full screw 6.5mm,70mm S.S","ZM Cortex Cancellous Full screw 6.5mm,70mm S.S",30238-65.S.70,"ZM Cortex Cancellous Full screw 6.5mm,70mm S.S",ZMD Screws,Հատ,Без НДС,հատ,9021
00-00002132,"ZM Cortex Cancellous Full screw 6.5mm,75mm S.S","ZM Cortex Cancellous Full screw 6.5mm,75mm S.S",30238-65.S.75,"ZM Cortex Cancellous Full screw 6.5mm,75mm S.S",ZMD Screws,Հատ,Без НДС,հատ,9021
00-00002133,"ZM Cortex Cancellous Full screw 6.5mm,80mm S.S","ZM Cortex Cancellous Full screw 6.5mm,80mm S.S",30238-65.S.80,"ZM Cortex Cancellous Full screw 6.5mm,80mm S.S",ZMD Screws,Հատ,Без НДС,հատ,9021
00-00002134,"ZM Cortex Cancellous Full screw 6.5mm,85mm S.S","ZM Cortex Cancellous Full screw 6.5mm,85mm S.S",30238-65.S.85,"ZM Cortex Cancellous Full screw 6.5mm,85mm S.S",ZMD Screws,Հատ,Без НДС,հատ,9021
00-00002135,"ZM Cortex Cancellous Full screw 6.5mm,90mm S.S","ZM Cortex Cancellous Full screw 6.5mm,90mm S.S",30238-65.S.90,"ZM Cortex Cancellous Full screw 6.5mm,90mm S.S",ZMD Screws,Հատ,Без НДС,հատ,9021
00-00002117,"ZM Cortex Cancellous 1/2 screw 6.5mm,40mm S.S","ZM Cortex Cancellous 1/2 screw 6.5mm,40mm S.S",30237-65.S.40,"ZM Cortex Cancellous 1/2 screw 6.5mm,40mm S.S",ZMD Screws,Հատ,Без НДС,հատ,9021
00-00002118,"ZM Cortex Cancellous 1/2 screw 6.5mm,45mm S.S","ZM Cortex Cancellous 1/2 screw 6.5mm,45mm S.S",30237-65.S.45,"ZM Cortex Cancellous 1/2 screw 6.5mm,45mm S.S",ZMD Screws,Հատ,Без НДС,հատ,9021
00-00002119,"ZM Cortex Cancellous 1/2 screw 6.5mm,50mm S.S","ZM Cortex Cancellous 1/2 screw 6.5mm,50mm S.S",30237-65.S.50,"ZM Cortex Cancellous 1/2 screw 6.5mm,50mm S.S",ZMD Screws,Հատ,Без НДС,հատ,9021
00-00002120,"ZM Cortex Cancellous 1/2 screw 6.5mm,55mm S.S","ZM Cortex Cancellous 1/2 screw 6.5mm,55mm S.S",30237-65.S.55,"ZM Cortex Cancellous 1/2 screw 6.5mm,55mm S.S",ZMD Screws,Հատ,Без НДС,հատ,9021
00-00002121,"ZM Cortex Cancellous 1/2 screw 6.5mm,60mm S.S","ZM Cortex Cancellous 1/2 screw 6.5mm,60mm S.S",30237-65.S.60,"ZM Cortex Cancellous 1/2 screw 6.5mm,60mm S.S",ZMD Screws,Հատ,Без НДС,հատ,9021
00-00002122,"ZM Cortex Cancellous 1/2 screw 6.5mm,65mm S.S","ZM Cortex Cancellous 1/2 screw 6.5mm,65mm S.S",30237-65.S.65,"ZM Cortex Cancellous 1/2 screw 6.5mm,65mm S.S",ZMD Screws,Հատ,Без НДС,հատ,9021
00-00002123,"ZM Cortex Cancellous 1/2 screw 6.5mm,70mm S.S","ZM Cortex Cancellous 1/2 screw 6.5mm,70mm S.S",30237-65.S.70,"ZM Cortex Cancellous 1/2 screw 6.5mm,70mm S.S",ZMD Screws,Հատ,Без НДС,հատ,9021
00-00002124,"ZM Cortex Cancellous 1/2 screw 6.5mm,75mm S.S","ZM Cortex Cancellous 1/2 screw 6.5mm,75mm S.S",30237-65.S.75,"ZM Cortex Cancellous 1/2 screw 6.5mm,75mm S.S",ZMD Screws,Հատ,Без НДС,հատ,9021
00-00002125,"ZM Cortex Cancellous 1/2 screw 6.5mm,80mm S.S","ZM Cortex Cancellous 1/2 screw 6.5mm,80mm S.S",30237-65.S.80,"ZM Cortex Cancellous 1/2 screw 6.5mm,80mm S.S",ZMD Screws,Հատ,Без НДС,հատ,9021
00-00002126,"ZM Cortex Cancellous 1/2 screw 6.5mm,85mm S.S","ZM Cortex Cancellous 1/2 screw 6.5mm,85mm S.S",30237-65.S.85,"ZM Cortex Cancellous 1/2 screw 6.5mm,85mm S.S",ZMD Screws,Հատ,Без НДС,հատ,9021
00-00002127,"ZM Cortex Cancellous 1/2 screw 6.5mm,90mm S.S","ZM Cortex Cancellous 1/2 screw 6.5mm,90mm S.S",30237-65.S.90,"ZM Cortex Cancellous 1/2 screw 6.5mm,90mm S.S",ZMD Screws,Հատ,Без НДС,հատ,9021
00-00002292,"ZM Cortex screw 3.5mm,12mm S.S","ZM Cortex screw 3.5mm,12mm S.S",1101.3512,"ZM Cortex screw 3.5mm,12mm S.S",ZMD Screws,Հատ,Без НДС,հատ,9021
00-00002293,"ZM Cortex screw 3.5mm,14mm S.S","ZM Cortex screw 3.5mm,14mm S.S",1101.3514,"ZM Cortex screw 3.5mm,14mm S.S",ZMD Screws,Հատ,Без НДС,հատ,9021
00-00002294,"ZM Cortex screw 3.5mm,16mm S.S","ZM Cortex screw 3.5mm,16mm S.S",1101.3516,"ZM Cortex screw 3.5mm,16mm S.S",ZMD Screws,Հատ,Без НДС,հատ,9021
00-00002295,"ZM Cortex screw 3.5mm,18mm S.S","ZM Cortex screw 3.5mm,18mm S.S",1101.3518,"ZM Cortex screw 3.5mm,18mm S.S",ZMD Screws,Հատ,Без НДС,հատ,9021
00-00002296,"ZM Cortex screw 3.5mm,20mm S.S","ZM Cortex screw 3.5mm,20mm S.S",1101.3520,"ZM Cortex screw 3.5mm,20mm S.S",ZMD Screws,Հատ,Без НДС,հատ,9021
00-00002297,"ZM Cortex screw 3.5mm,22mm S.S","ZM Cortex screw 3.5mm,22mm S.S",1101.3522,"ZM Cortex screw 3.5mm,22mm S.S",ZMD Screws,Հատ,Без НДС,հատ,9021
00-00002298,"ZM Cortex screw 3.5mm,24mm S.S","ZM Cortex screw 3.5mm,24mm S.S",1101.3524,"ZM Cortex screw 3.5mm,24mm S.S",ZMD Screws,Հատ,Без НДС,հատ,9021
00-00002299,"ZM Cortex screw 3.5mm,26mm S.S","ZM Cortex screw 3.5mm,26mm S.S",1101.3526,"ZM Cortex screw 3.5mm,26mm S.S",ZMD Screws,Հատ,Без НДС,հատ,9021
00-00002300,"ZM Cortex screw 3.5mm,28mm S.S","ZM Cortex screw 3.5mm,28mm S.S",1101.3528,"ZM Cortex screw 3.5mm,28mm S.S",ZMD Screws,Հատ,Без НДС,հատ,9021
00-00002301,"ZM Cortex screw 3.5mm,30mm S.S","ZM Cortex screw 3.5mm,30mm S.S",1101.3530,"ZM Cortex screw 3.5mm,30mm S.S",ZMD Screws,Հատ,Без НДС,հատ,9021
00-00002302,"ZM Cortex screw 3.5mm,32mm S.S","ZM Cortex screw 3.5mm,32mm S.S",1101.3532,"ZM Cortex screw 3.5mm,32mm S.S",ZMD Screws,Հատ,Без НДС,հատ,9021
00-00002303,"ZM Cortex screw 3.5mm,34mm S.S","ZM Cortex screw 3.5mm,34mm S.S",1101.3534,"ZM Cortex screw 3.5mm,34mm S.S",ZMD Screws,Հատ,Без НДС,հատ,9021
00-00002304,"ZM Cortex screw 3.5mm,36mm S.S","ZM Cortex screw 3.5mm,36mm S.S",1101.3536,"ZM Cortex screw 3.5mm,36mm S.S",ZMD Screws,Հատ,Без НДС,հատ,9021
00-00002305,"ZM Cortex screw 3.5mm,38mm S.S","ZM Cortex screw 3.5mm,38mm S.S",1101.3538,"ZM Cortex screw 3.5mm,38mm S.S",ZMD Screws,Հատ,Без НДС,հատ,9021
00-00002306,"ZM Cortex screw 3.5mm,40mm S.S","ZM Cortex screw 3.5mm,40mm S.S",1101.3540,"ZM Cortex screw 3.5mm,40mm S.S",ZMD Screws,Հատ,Без НДС,հատ,9021
00-00002307,"ZM Cortex screw 3.5mm,42mm S.S","ZM Cortex screw 3.5mm,42mm S.S",1101.3542,"ZM Cortex screw 3.5mm,42mm S.S",ZMD Screws,Հատ,Без НДС,հատ,9021
00-00002308,"ZM Cortex screw 3.5mm,44mm S.S","ZM Cortex screw 3.5mm,44mm S.S",1101.3544,"ZM Cortex screw 3.5mm,44mm S.S",ZMD Screws,Հատ,Без НДС,հատ,9021
00-00002309,"ZM Cortex screw 3.5mm,46mm S.S","ZM Cortex screw 3.5mm,46mm S.S",1101.3546,"ZM Cortex screw 3.5mm,46mm S.S",ZMD Screws,Հատ,Без НДС,հատ,9021
00-00002310,"ZM Cortex screw 3.5mm,48mm S.S","ZM Cortex screw 3.5mm,48mm S.S",1101.3548,"ZM Cortex screw 3.5mm,48mm S.S",ZMD Screws,Հատ,Без НДС,հատ,9021
00-00002311,"ZM Cortex screw 3.5mm,50mm S.S","ZM Cortex screw 3.5mm,50mm S.S",1101.3550,"ZM Cortex screw 3.5mm,50mm S.S",ZMD Screws,Հատ,Без НДС,հատ,9021
00-00002279,"ZM Cortex  screw 1/2 4.0mm,28mm S.S","ZM Cortex  screw 1/2 4.0mm,28mm S.S",300240.4.0.28.S.S,"ZM Cortex  screw 1/2 4.0mm,28mm S.S",ZMD Screws,Հատ,Без НДС,հատ,9021
00-00002280,"ZM Cortex  screw 1/2 4.0mm,30mm S.S","ZM Cortex  screw 1/2 4.0mm,30mm S.S",300240.4.0.30.S.S,"ZM Cortex  screw 1/2 4.0mm,30mm S.S",ZMD Screws,Հատ,Без НДС,հատ,9021
00-00002281,"ZM Cortex  screw 1/2 4.0mm,32mm S.S","ZM Cortex  screw 1/2 4.0mm,32mm S.S",300240.4.0.28.S.S,"ZM Cortex  screw 1/2 4.0mm,32mm S.S",ZMD Screws,Հատ,Без НДС,հատ,9021
00-00002282,"ZM Cortex  screw 1/2 4.0mm,34mm S.S","ZM Cortex  screw 1/2 4.0mm,34mm S.S",300240.4.0.28.S.S,"ZM Cortex  screw 1/2 4.0mm,34mm S.S",ZMD Screws,Հատ,Без НДС,հատ,9021
00-00002283,"ZM Cortex  screw 1/2 4.0mm,36mm S.S","ZM Cortex  screw 1/2 4.0mm,36mm S.S",300240.4.0.28.S.S,"ZM Cortex  screw 1/2 4.0mm,36mm S.S",ZMD Screws,Հատ,Без НДС,հատ,9021
00-00002284,"ZM Cortex  screw 1/2 4.0mm,38mm S.S","ZM Cortex  screw 1/2 4.0mm,38mm S.S",300240.4.0.28.S.S,"ZM Cortex  screw 1/2 4.0mm,38mm S.S",ZMD Screws,Հատ,Без НДС,հատ,9021
00-00002285,"ZM Cortex  screw 1/2 4.0mm,40mm S.S","ZM Cortex  screw 1/2 4.0mm,40mm S.S",300240.4.0.28.S.S,"ZM Cortex  screw 1/2 4.0mm,40mm S.S",ZMD Screws,Հատ,Без НДС,հատ,9021
00-00002286,"ZM Cortex  screw 1/2 4.0mm,42mm S.S","ZM Cortex  screw 1/2 4.0mm,42mm S.S",300240.4.0.28.S.S,"ZM Cortex  screw 1/2 4.0mm,42mm S.S",ZMD Screws,Հատ,Без НДС,հատ,9021
00-00002287,"ZM Cortex  screw 1/2 4.0mm,44mm S.S","ZM Cortex  screw 1/2 4.0mm,44mm S.S",300240.4.0.28.S.S,"ZM Cortex  screw 1/2 4.0mm,44mm S.S",ZMD Screws,Հատ,Без НДС,հատ,9021
00-00002288,"ZM Cortex  screw 1/2 4.0mm,46mm S.S","ZM Cortex  screw 1/2 4.0mm,46mm S.S",300240.4.0.28.S.S,"ZM Cortex  screw 1/2 4.0mm,46mm S.S",ZMD Screws,Հատ,Без НДС,հատ,9021
00-00002289,"ZM Cortex  screw 1/2 4.0mm,48mm S.S","ZM Cortex  screw 1/2 4.0mm,48mm S.S",300240.4.0.28.S.S,"ZM Cortex  screw 1/2 4.0mm,48mm S.S",ZMD Screws,Հատ,Без НДС,հատ,9021
00-00002290,"ZM Cortex  screw 1/2 4.0mm,50mm S.S","ZM Cortex  screw 1/2 4.0mm,50mm S.S",300240.4.0.28.S.S,"ZM Cortex  screw 1/2 4.0mm,50mm S.S",ZMD Screws,Հատ,Без НДС,հատ,9021
00-00002291,"ZM Cortex  screw 1/2 4.0mm,55mm S.S","ZM Cortex  screw 1/2 4.0mm,55mm S.S",300240.4.0.28.S.S,"ZM Cortex  screw 1/2 4.0mm,55mm S.S",ZMD Screws,Հատ,Без НДС,հատ,9021
00-00002323,"ZM Herbert Screw, 3.0/14mm Ti","ZM Herbert Screw, 3.0/14mm Ti",3201.3014,"ZM Herbert Screw, 3.0/14mm Ti",ZMD Screws,Հատ,Без НДС,հատ,9021
00-00002313,"ZM Herbert Screw, 3.0/34mm Ti","ZM Herbert Screw, 3.0/34mm Ti",3201.3034,"ZM Herbert Screw, 3.0/34mm Ti",ZMD Screws,Հատ,Без НДС,հատ,9021
00-00002318,"ZM Herbert Screw, 3.0/24mm Ti","ZM Herbert Screw, 3.0/24mm Ti",3201.3024,"ZM Herbert Screw, 3.0/24mm Ti",ZMD Screws,Հատ,Без НДС,հատ,9021
00-00002322,"ZM Herbert Screw, 3.0/16mm Ti","ZM Herbert Screw, 3.0/16mm Ti",3201.3016,"ZM Herbert Screw, 3.0/16mm Ti",ZMD Screws,Հատ,Без НДС,հատ,9021
00-00002321,"ZM Herbert Screw, 3.0/18mm, Ti","ZM Herbert Screw, 3.0/18mm, Ti",3201.3018,"ZM Herbert Screw, 3.0/18mm, Ti",ZMD Screws,Հատ,Без НДС,հատ,9021
00-00002320,"ZM Herbert Screw, 3.0/20mm Ti","ZM Herbert Screw, 3.0/20mm Ti",3201.3020,"ZM Herbert Screw, 3.0/20mm Ti",ZMD Screws,Հատ,Без НДС,հատ,9021
00-00002319,"ZM Herbert Screw, 3.0/22mm Ti","ZM Herbert Screw, 3.0/22mm Ti",3201.3022,"ZM Herbert Screw, 3.0/22mm Ti",ZMD Screws,Հատ,Без НДС,հատ,9021
00-00002314,"ZM Herbert Screw, 3.0/32mm Ti","ZM Herbert Screw, 3.0/32mm Ti",3201.3032,"ZM Herbert Screw, 3.0/32mm Ti",ZMD Screws,Հատ,Без НДС,հատ,9021
00-00002315,"ZM Herbert Screw, 3.0/30mm Ti","ZM Herbert Screw, 3.0/30mm Ti",3201.3030,"ZM Herbert Screw, 3.0/30mm Ti",ZMD Screws,Հատ,Без НДС,հատ,9021
00-00002316,"ZM Herbert Screw, 3.0/28mm Ti","ZM Herbert Screw, 3.0/28mm Ti",3201.3028,"ZM Herbert Screw, 3.0/28mm Ti",ZMD Screws,Հատ,Без НДС,հատ,9021
00-00002317,"ZM Herbert Screw, 3.0/26mm Ti","ZM Herbert Screw, 3.0/26mm Ti",3201.3026,"ZM Herbert Screw, 3.0/26mm Ti",ZMD Screws,Հատ,Без НДС,հատ,9021
00-00002312,ZM K-wire for Herbert ,ZM K-wire for Herbert,9000.0624,ZM K-wire for Herbert ,ZMD Screws,Հատ,Без НДС,հատ,9021
00-00002268,ZM Cannulated Single -headed Comp. Screws SS 7.3mm/60mm,ZM Cannulated Single -headed Comp. Screws SS 7.3mm/60mm,3102.7360,ZM Cannulated Single -headed Comp. Screws SS 7.3mm/60mm,ZMD Screws,Հատ,Без НДС,հատ,9021
00-00002269,ZM Cannulated Single -headed Comp. Screws SS 7.3mm/65mm,ZM Cannulated Single -headed Comp. Screws SS 7.3mm/65mm,3102.7365,ZM Cannulated Single -headed Comp. Screws SS 7.3mm/65mm,ZMD Screws,Հատ,Без НДС,հատ,9021
00-00002270,ZM Cannulated Single -headed Comp. Screws SS 7.3mm/70mm,ZM Cannulated Single -headed Comp. Screws SS 7.3mm/70mm,3102.7370,ZM Cannulated Single -headed Comp. Screws SS 7.3mm/70mm,ZMD Screws,Հատ,Без НДС,հատ,9021
00-00002271,ZM Cannulated Single -headed Comp. Screws SS 7.3mm/75mm,ZM Cannulated Single -headed Comp. Screws SS 7.3mm/75mm,3102.7375,ZM Cannulated Single -headed Comp. Screws SS 7.3mm/75mm,ZMD Screws,Հատ,Без НДС,հատ,9021
00-00002272,ZM Cannulated Single -headed Comp. Screws SS 7.3mm/80mm,ZM Cannulated Single -headed Comp. Screws SS 7.3mm/80mm,3102.7380,ZM Cannulated Single -headed Comp. Screws SS 7.3mm/80mm,ZMD Screws,Հատ,Без НДС,հատ,9021
00-00002262,ZM Cannulated  Screws 7.3mm/85mm SS,ZM Cannulated  Screws 7.3mm/85mm SS,30243.7.3.85,ZM Cannulated  Screws 7.3mm/85mm SS,ZMD Screws,Հատ,Без НДС,հատ,9021
00-00002264,ZM Cannulated  Screws 7.3mm/95 mm SS,ZM Cannulated  Screws 7.3mm/95 mm SS,30243.7.3.95,ZM Cannulated  Screws 7.3mm/95 mm SS,ZMD Screws,Հատ,Без НДС,հատ,9021
00-00002261,ZM Cannulated  Screws 7.3mm/105mm SS,ZM Cannulated  Screws 7.3mm/105mm SS,30243.7.3.105,ZM Cannulated  Screws 7.3mm/105mm SS,ZMD Screws,Հատ,Без НДС,հատ,9021
00-00002260,ZM Cannulated  Screws 7.3mm/100 mm SS,ZM Cannulated  Screws 7.3mm/100 mm SS,30243.7.3.100,ZM Cannulated  Screws 7.3mm/100 mm SS,ZMD Screws,Հատ,Без НДС,հատ,9021
00-00002263,ZM Cannulated  Screws 7.3mm/90 mm SS ,ZM Cannulated  Screws 7.3mm/90 mm SS ,30243.7.3.90,ZM Cannulated  Screws 7.3mm/90 mm SS ,ZMD Screws,Հատ,Без НДС,հատ,9021
00-00002259,washer for cannulated screw 7.3 mm ,washer for cannulated screw 7.3 mm ,"30243,1",washer for cannulated screw 7.3 mm ,BOMBAY,Հատ,Без НДС,հատ,9021
00-00002334,"DM Snap-off Screw, 2.0 mm/12mm","DM Snap-off Screw, 2.0 mm/12mm",042892012,"DM Snap-off Screw, 2.0 mm/12mm",DOUBLE MDDICAL,Հատ,Без НДС,հատ,9021
00-00002336,"DM Snap-off Screw, 2.0 mm/14mm","DM Snap-off Screw, 2.0 mm/14mm",042892014,"DM Snap-off Screw, 2.0 mm/14mm",DOUBLE MDDICAL,Հատ,Без НДС,հատ,9021
00-00002339,"DM Snap-off Screw, 2.7 mm/14mm","DM Snap-off Screw, 2.7 mm/14mm",042902714,"DM Snap-off Screw, 2.7 mm/14mm",DOUBLE MDDICAL,Հատ,Без НДС,հատ,9021
00-00002337,"DM Snap-off Screw, 2.7 mm/12mm","DM Snap-off Screw, 2.7 mm/12mm",042902712,"DM Snap-off Screw, 2.7 mm/12mm",DOUBLE MDDICAL,Հատ,Без НДС,հատ,9021
00-00002338,"DM Snap-off Screw, 2.7 mm/13mm ","DM Snap-off Screw, 2.7 mm/13mm ",0429027713,"DM Snap-off Screw, 2.7 mm/13mm ",DOUBLE MDDICAL,Հատ,Без НДС,հատ,9021
00-00002335,"DM Snap-off Screw, 2.0 mm/13mm","DM Snap-off Screw, 2.0 mm/13mm",042892013,"DM Snap-off Screw, 2.0 mm/13mm",DOUBLE MDDICAL,Հատ,Без НДС,հատ,9021
00-00002332,"DM Laminoplasty Mini Plate, T-shaped, narrow mouth Ti, 10mm","DM Laminoplasty Mini Plate, T-shaped, narrow mouth Ti, 10mm",030740010,"DM Laminoplasty Mini Plate, T-shaped, narrow mouth Ti, 10mm",DOUBLE MDDICAL,Հատ,Без НДС,հատ,9021
00-00002333,"DM Laminoplasty Mini Plate, T-shaped, narrow mouth Ti, 14mm","DM Laminoplasty Mini Plate, T-shaped, narrow mouth Ti, 14mm",030740014,"DM Laminoplasty Mini Plate, T-shaped, narrow mouth Ti, 14mm",DOUBLE MDDICAL,Հատ,Без НДС,հատ,9021
00-00002331,"Bon M., Laminoplasty Plate, T-shaped, narrow mouth Ti, 10mm","Bon M., Laminoplasty Plate, T-shaped, narrow mouth Ti, 10mm",3245452610,"Bon M., Laminoplasty Plate, T-shaped, narrow mouth Ti, 10mm",Plates,Հատ,Без НДС,հատ,9021
00-00002266,"ZM Cannulated Screw, 4.5/50mm  Ti","ZM Cannulated Screw, 4.5/50mm  Ti",30243.4.5.50,"ZM Cannulated Screw, 4.5/50mm  Ti",ZMD Screws,Հատ,Без НДС,հատ,9021
00-00002265,"ZM Cannulated Screw, 4.5/46mm Ti","ZM Cannulated Screw, 4.5/46mm Ti",30243.4.5.46,"ZM Cannulated Screw, 4.5/46mm Ti",ZMD Screws,Հատ,Без НДС,հատ,9021
00-00002267,"ZM Cannulated Screw, 4.5/56mm Ti","ZM Cannulated Screw, 4.5/56mm Ti",30243.4.5.56,"ZM Cannulated Screw, 4.5/56mm Ti",ZMD Screws,Հատ,Без НДС,հատ,9021
00-00002277,"ZM Cannulated Single -headed Comp. Screws Ti, 4.0/38mm","ZM Cannulated Single -headed Comp. Screws Ti, 4.0/38mm",3202.4038,"ZM Cannulated Single -headed Comp. Screws Ti, 4.0/38mm",ZMD Screws,Հատ,Без НДС,հատ,9021
00-00002276,"ZM Cannulated Single -headed Comp. Screws Ti, 4.0/36mm","ZM Cannulated Single -headed Comp. Screws Ti, 4.0/36mm",3202.4036,"ZM Cannulated Single -headed Comp. Screws Ti, 4.0/36mm",ZMD Screws,Հատ,Без НДС,հատ,9021
00-00002275,"ZM Cannulated Single -headed Comp. Screws Ti, 4.0/34mm","ZM Cannulated Single -headed Comp. Screws Ti, 4.0/34mm",3202.4034,"ZM Cannulated Single -headed Comp. Screws Ti, 4.0/34mm",ZMD Screws,Հատ,Без НДС,հատ,9021
00-00002274,"ZM Cannulated Single -headed Comp. Screws Ti, 4.0/32mm","ZM Cannulated Single -headed Comp. Screws Ti, 4.0/32mm",3202.4032,"ZM Cannulated Single -headed Comp. Screws Ti, 4.0/32mm",ZMD Screws,Հատ,Без НДС,հատ,9021
00-00002273,"ZM Cannulated Single -headed Comp. Screws Ti, 4.0/30mm","ZM Cannulated Single -headed Comp. Screws Ti, 4.0/30mm",3202.4030,"ZM Cannulated Single -headed Comp. Screws Ti, 4.0/30mm",ZMD Screws,Հատ,Без НДС,հատ,9021
00-00002278,"ZM Cannulated Single -headed Comp. Screws Ti, 4.0/40mm","ZM Cannulated Single -headed Comp. Screws Ti, 4.0/40mm",3202.4040,"ZM Cannulated Single -headed Comp. Screws Ti, 4.0/40mm",ZMD Screws,Հատ,Без НДС,հատ,9021
00-00002258,"BOMBAY, washer for cannulated screw 4.0/4.5","BOMBAY, washer for cannulated screw 4.0/4.5",30243.1,"BOMBAY, washer for cannulated screw 4.0/4.5",BOMBAY,Հատ,Без НДС,հատ,9021
00-00002242,"ZM K-wire, 0.8/250mm SS","ZM K-wire, 0.8/250mm SS",30248.08.250,"ZM K-wire, 0.8/250mm SS",ZMD Wire,Հատ,Без НДС,հատ,9021
00-00002245,"ZM K-wire, 1.2/250mm SS","ZM K-wire, 1.2/250mm SS",30248.08.1.2.250,"ZM K-wire, 1.2/250mm SS",ZMD Wire,Հատ,Без НДС,հատ,9021
00-00002244,"ZM K-wire, 1.0/300mm SS","ZM K-wire, 1.0/300mm SS",30248.1.0.300,"ZM K-wire, 1.0/300mm SS",ZMD Wire,Հատ,Без НДС,հատ,9021
00-00002243,"ZM K-wire, 1.0/230mm SS","ZM K-wire, 1.0/230mm SS",30248.1.0.230,"ZM K-wire, 1.0/230mm SS",ZMD Wire,Հատ,Без НДС,հատ,9021
00-00002246,"ZM K-wire, 1.2/300 mm SS","ZM K-wire, 1.2/300 mm SS",30248.1.2.300,"ZM K-wire, 1.2/300 mm SS",ZMD Wire,Հատ,Без НДС,հատ,9021
00-00002247,"ZM K-wire, 1.5/300 mm SS","ZM K-wire, 1.5/300 mm SS",30248.1.5.300,"ZM K-wire, 1.5/300 mm SS",ZMD Wire,Հատ,Без НДС,հատ,9021
00-00002248,"ZM K-wire, 2.0/300mm SS","ZM K-wire, 2.0/300mm SS",30248.2.0.300,"ZM K-wire, 2.0/300mm SS",ZMD Wire,Հատ,Без НДС,հատ,9021
00-00002249,"ZM K-wire, 2.5/250mm SS","ZM K-wire, 2.5/250mm SS",30248.2.5.250,"ZM K-wire, 2.5/250mm SS",ZMD Wire,Հատ,Без НДС,հատ,9021
00-00002250,"ZM K-wire, 2.5/300mm SS","ZM K-wire, 2.5/300mm SS",30248.2.5.300,"ZM K-wire, 2.5/300mm SS",ZMD Wire,Հատ,Без НДС,հատ,9021
00-00002241,"ZM K-wire, 3.0/300mm SS","ZM K-wire, 3.0/300mm SS",30248.3.0.300,"ZM K-wire, 3.0/300mm SS",ZMD Wire,Հատ,Без НДС,հատ,9021
00-00002251,"ZM K-wire, 3.0/250mm SS","ZM K-wire, 3.0/250mm SS",30248.3.0.250,"ZM K-wire, 3.0/250mm SS",ZMD Wire,Հատ,Без НДС,հատ,9021
00-00002253,"ZM K-wire, 4.0/250mm SS","ZM K-wire, 4.0/250mm SS",30248.4.0.250,"ZM K-wire, 4.0/250mm SS",ZMD Wire,Հատ,Без НДС,հատ,9021
00-00002252,"ZM K-wire, 4.0/200mm SS","ZM K-wire, 4.0/200mm SS",30248.4.0.200,"ZM K-wire, 4.0/200mm SS",ZMD Wire,Հատ,Без НДС,հատ,9021
00-00002254,ZM Suture Wire 5m 0.6 mm SS,ZM Suture Wire 5m 0.6 mm SS,9000.0411,ZM Suture Wire 5m 0.6 mm SS,ZMD Wire,Հատ,Без НДС,հատ,9021
00-00002255,ZM Suture Wire 5m 0.8 mm SS,ZM Suture Wire 5m 0.8 mm SS,9000.0410,ZM Suture Wire 5m 0.8 mm SS,ZMD Wire,Հատ,Без НДС,հատ,9021
00-00002256,ZM Suture Wire 5m 1.0 mm SS,ZM Suture Wire 5m 1.0 mm SS,9000.0412,ZM Suture Wire 5m 1.0 mm SS,ZMD Wire,Հատ,Без НДС,հատ,9021
00-00002257,ZM Suture Wire 5m 1.2 mm SS,ZM Suture Wire 5m 1.2 mm SS,9000.0413,ZM Suture Wire 5m 1.2 mm SS,ZMD Wire,Հատ,Без НДС,հատ,9021
00-00002328,"BOM Distal Lateral Tibial Locking Plate, right, 5 Holes Ti","BOM Distal Lateral Tibial Locking Plate, right, 5 Holes Ti",3010262005B,"BOM Distal Lateral Tibial Locking Plate, right, 5 Holes Ti",Plates,Հատ,Без НДС,հատ,9021
00-00002329,"BOM Distal Lateral Tibial Locking Plate, right, 7 Holes Ti","BOM Distal Lateral Tibial Locking Plate, right, 7 Holes Ti",3010262007B,"BOM Distal Lateral Tibial Locking Plate, right, 7 Holes Ti",Plates,Հատ,Без НДС,հատ,9021
00-00002324,"BOM Distal Lateral Tibial Locking Plate, left, 11 Holes Ti","BOM Distal Lateral Tibial Locking Plate, left, 11 Holes Ti",3010261011B,"BOM Distal Lateral Tibial Locking Plate, left, 11 Holes Ti",Plates,Հատ,Без НДС,հատ,9021
00-00002330,"BOM Distal Lateral Tibial Locking Plate, right, 9 Holes Ti","BOM Distal Lateral Tibial Locking Plate, right, 9 Holes Ti",3010262009B,"BOM Distal Lateral Tibial Locking Plate, right, 9 Holes Ti",Plates,Հատ,Без НДС,հատ,9021
00-00002348,"KALEIDO NEURO Burr Hole Cover Plate, Thickness 0.6mm, 6 Holes, Φ17.0mm (HS9021108004)","KALEIDO NEURO Burr Hole Cover Plate, Thickness 0.6mm, 6 Holes, Φ17.0mm (HS9021108004)",2A1112060603,"KALEIDO NEURO Burr Hole Cover Plate, Thickness 0.6mm, 6 Holes, Φ17.0mm (HS9021108004)",World Surgery,Հատ,Без НДС,հատ,9021
00-00002349,"KALEIDO NEURO Burr Hole Cover Plate, Thickness 0.6mm, 6 Holes, Φ24.0mm (HS9021108004)","KALEIDO NEURO Burr Hole Cover Plate, Thickness 0.6mm, 6 Holes, Φ24.0mm (HS9021108004)",2A1112060604,"KALEIDO NEURO Burr Hole Cover Plate, Thickness 0.6mm, 6 Holes, Φ24.0mm (HS9021108004)",World Surgery,Հատ,Без НДС,հատ,9021
00-00002347,"KALEIDO NEURO Burr Hole Cover for Shunt or Drainage,Thickness0.6mm, 5Holes,Φ24mm (HS9021108004)","KALEIDO NEURO Burr Hole Cover for Shunt or Drainage,Thickness0.6mm, 5Holes,Φ24mm (HS9021108004)",2A1112070604,"KALEIDO NEURO Burr Hole Cover for Shunt or Drainage,Thickness0.6mm, 5Holes,Φ24mm (HS9021108004)",World Surgery,Հատ,Без НДС,հատ,9021
00-00002350,"KALEIDO NEURO Straight Plate, 3.2*12.2mm, Thickness 0.6mm, 2 Holes (HS9021108004)","KALEIDO NEURO Straight Plate, 3.2*12.2mm, Thickness 0.6mm, 2 Holes (HS9021108004)",2A1113020601,"KALEIDO NEURO Straight Plate, 3.2*12.2mm, Thickness 0.6mm, 2 Holes (HS9021108004)",World Surgery,Հատ,Без НДС,հատ,9021
00-00002342,"KALEIDO 1.5mm Screw, self-drilling, 4mm (HS9021108004)","KALEIDO 1.5mm Screw, self-drilling, 4mm (HS9021108004)",2A2220211504,"KALEIDO 1.5mm Screw, self-drilling, 4mm (HS9021108004)",World Surgery,Հատ,Без НДС,հատ,9021
00-00002346,"KALEIDO Drill Bit, Ф1.1mm, drilling depth 4mm, Hexagonal Coupling (HS 9018908409)","KALEIDO Drill Bit, Ф1.1mm, drilling depth 4mm, Hexagonal Coupling (HS 9018908409)",WDTO00381,"KALEIDO Drill Bit, Ф1.1mm, drilling depth 4mm, Hexagonal Coupling (HS 9018908409)",World Surgery,Հատ,Без НДС,հատ,9021
00-00002353,"KALEIDO Screwdriver Shaft, Φ1.5mm, cruciform, length 52mm, Hexagonal Coupling (HS 9018908409)","KALEIDO Screwdriver Shaft, Φ1.5mm, cruciform, length 52mm, Hexagonal Coupling (HS 9018908409)",WDTO02103,"KALEIDO Screwdriver Shaft, Φ1.5mm, cruciform, length 52mm, Hexagonal Coupling (HS 9018908409)",World Surgery,Հատ,Без НДС,հատ,9021
00-00002360,"Screwdriver Handle with Hexagonal Coupling, small(HS 9018908409)","Screwdriver Handle with Hexagonal Coupling, small(HS 9018908409)",WDTO02107,"Screwdriver Handle with Hexagonal Coupling, small(HS 9018908409)",World Surgery,Հատ,Без НДС,հատ,9021
00-00002359,NEURO Plate/Screw Case (HS 9018908409),NEURO Plate/Screw Case (HS 9018908409),WDTO01025,NEURO Plate/Screw Case (HS 9018908409),World Surgery,Հատ,Без НДС,հատ,9021
00-00002354,Measuring Scale (HS 9018908409) 150*100mm,Measuring Scale (HS 9018908409) 150*100mm,WDTO01013,Measuring Scale (HS 9018908409) 150*100mm,World Surgery,Հատ,Без НДС,հատ,9021
00-00002358,Modeling Trough (HS 9018908409) 100mm,Modeling Trough (HS 9018908409) 100mm,WDTO01007,Modeling Trough (HS 9018908409) 100mm,World Surgery,Հատ,Без НДС,հատ,9021
00-00002357,Modeling Hammer (HS 9018908409) 260mm,Modeling Hammer (HS 9018908409) 260mm,WDTO01022,Modeling Hammer (HS 9018908409) 260mm,World Surgery,Հատ,Без НДС,հատ,9021
00-00002366,Trimming Hammer (HS 9018908409) 300mm,Trimming Hammer (HS 9018908409) 300mm,WDTO01023,Trimming Hammer (HS 9018908409) 300mm,World Surgery,Հատ,Без НДС,հատ,9021
00-00002356,Modeling Forcep (HS 9018908409) 230mm,Modeling Forcep (HS 9018908409) 230mm,WDTO01006,Modeling Forcep (HS 9018908409) 230mm,World Surgery,Հատ,Без НДС,հատ,9021
00-00002355,Mesh Cutter (HS 9018908409) 135mm,Mesh Cutter (HS 9018908409) 135mm,WDTO01021,Mesh Cutter (HS 9018908409) 135mm,World Surgery,Հատ,Без НДС,հատ,9021
00-00002361,"Titanium Mesh, Rectangular haped, Thickness 0.6mm (HS9021108004) 100*100*0.6mm","Titanium Mesh, Rectangular haped, Thickness 0.6mm (HS9021108004) 100*100*0.6mm",121105161010,"Titanium Mesh, Rectangular haped, Thickness 0.6mm (HS9021108004) 100*100*0.6mm",World Surgery,Հատ,Без НДС,հատ,9021
00-00002362,"Titanium Mesh, Rectangular shaped, Thickness 0.6mm (HS9021108004) 150*150*0.6mm","Titanium Mesh, Rectangular shaped, Thickness 0.6mm (HS9021108004) 150*150*0.6mm",121105161515,"Titanium Mesh, Rectangular shaped, Thickness 0.6mm (HS9021108004) 150*150*0.6mm",World Surgery,Հատ,Без НДС,հատ,9021
00-00002363,"Titanium Mesh, Y shaped, Thickness 0.6mm (HS9021108004) 100*100*0.6mm","Titanium Mesh, Y shaped, Thickness 0.6mm (HS9021108004) 100*100*0.6mm",121103161010,"Titanium Mesh, Y shaped, Thickness 0.6mm (HS9021108004) 100*100*0.6mm",World Surgery,Հատ,Без НДС,հատ,9021
00-00002364,"Titanium Mesh, Y shaped, Thickness 0.6mm (HS9021108004) 150*150*0.6mm","Titanium Mesh, Y shaped, Thickness 0.6mm (HS9021108004) 150*150*0.6mm",121103161515,"Titanium Mesh, Y shaped, Thickness 0.6mm (HS9021108004) 150*150*0.6mm",World Surgery,Հատ,Без НДС,հատ,9021
00-00002365,"Titanium Mesh, Y shaped, Thickness 0.6mm (HS9021108004) 180*180*0.6mm","Titanium Mesh, Y shaped, Thickness 0.6mm (HS9021108004) 180*180*0.6mm",121103161818,"Titanium Mesh, Y shaped, Thickness 0.6mm (HS9021108004) 180*180*0.6mm",World Surgery,Հատ,Без НДС,հատ,9021
00-00002344,"KALEIDO 1.5mm Screw, self-drilling, 6mm (HS9021108004) Ф1.5*6.0mm","KALEIDO 1.5mm Screw, self-drilling, 6mm (HS9021108004) Ф1.5*6.0mm",2A2220211506,"KALEIDO 1.5mm Screw, self-drilling, 6mm (HS9021108004) Ф1.5*6.0mm",World Surgery,Հատ,Без НДС,հատ,9021
00-00002352,"KALEIDO NEURO Straight Plate, 3.2*15.2mm, Thickness 0.6mm, 2 Holes (HS9021108004) ","KALEIDO NEURO Straight Plate, 3.2*15.2mm, Thickness 0.6mm, 2 Holes (HS9021108004) ",2A1113020602,"KALEIDO NEURO Straight Plate, 3.2*15.2mm, Thickness 0.6mm, 2 Holes (HS9021108004) ",World Surgery,Հատ,Без НДС,հատ,9021
00-00002367,Ti Pedical HOOK,Ti Pedical HOOK,BO.135.04.Ti,Ti Pedical HOOK,BOMBAY,Հատ,Без НДС,հատ,9021
00-00002368,"ZMD.Broken-type Multi-Axial U-shaped Screws 5.0*35mm,Ti","ZMD.Broken-type Multi-Axial U-shaped Screws 5.0*35mm,Ti",40304.5.0.35,"ZMD.Broken-type Multi-Axial U-shaped Screws 5.0*35mm,Ti",Zimede,Հատ,Без НДС,հատ,9021
00-00002369,"ZMD.Broken-type Multi-Axial U-shaped Screws 6.5*45mm,Ti","ZMD.Broken-type Multi-Axial U-shaped Screws 6.5*45mm,Ti",40304.6.5.45,"ZMD.Broken-type Multi-Axial U-shaped Screws 6.5*45mm,Ti",Zimede,Հատ,Без НДС,հատ,9021
00-00002370,"ZMD.Broken-type Multi-Axial U-shaped Screws 5.5*45mm,Ti","ZMD.Broken-type Multi-Axial U-shaped Screws 5.5*45mm,Ti",40304.5.5.45,"ZMD.Broken-type Multi-Axial U-shaped Screws 5.5*45mm,Ti",Zimede,Հատ,Без НДС,հատ,9021
00-00002371,"ZMD, Broken-type Multi-Axial U-shaped Screws, 5.5mm*40mm, Ti","ZMD, Broken-type Multi-Axial U-shaped Screws, 5.5mm*40mm, Ti",40304.5.5.40,"ZMD, Broken-type Multi-Axial U-shaped Screws, 5.5mm*40mm, Ti",Zimede,Հատ,Без НДС,հատ,9021
00-00002372,"ZMD, Broken-type Multi-Axial U-shaped Screws, 5.0mm*40mm, Ti","ZMD, Broken-type Multi-Axial U-shaped Screws, 5.0mm*40mm, Ti",40304.5.0.40,"ZMD, Broken-type Multi-Axial U-shaped Screws, 5.0mm*40mm, Ti",Zimede,Հատ,Без НДС,հատ,9021
00-00002373,BOM.ECO CAGE DIA. 12mm length 90mm,BOM.ECO CAGE DIA. 12mm length 90mm,BO.145.12.90.T,BOM.ECO CAGE DIA. 12mm length 90mm,BOMBAY,Հատ,Без НДС,հատ,9021
00-00002374,BOM.ECO CAGE DIA. 14mm length 90mm,BOM.ECO CAGE DIA. 14mm length 90mm,BO.145.14.90.T,BOM.ECO CAGE DIA. 14mm length 90mm,BOMBAY,Հատ,Без НДС,հատ,9021
00-00002375,Mesh Cage 12*100,Mesh Cage 12*100,8501.12.100,Mesh Cage 12*100,Gather,Հատ,Без НДС,հատ,9021
00-00002376,Mesh Cage 14*100,Mesh Cage 14*100,8501.14.100,Mesh Cage 14*100,Gather,Հատ,Без НДС,հատ,9021
00-00002377,Mesh Cage 12*90,Mesh Cage 12*90,8501.12.90,Mesh Cage 12*90,Gather,Հատ,Без НДС,հատ,9021
00-00002378,"BOMBAY, DHS plate 130degree, 3 hole, S.S., ","BOMBAY, DHS plate 130degree, 3 hole, S.S., ",BOI.139.130.03.S,"BOMBAY, DHS plate 130degree, 3 hole, S.S., ",Plates,Հատ,Без НДС,հատ,9021
00-00002379,"BOMBAY, DCS plate 95degree, 4 hole, S.S","BOMBAY, DCS plate 95degree, 4 hole, S.S",BOI.141.04.S,"BOMBAY, DCS plate 95degree, 4 hole, S.S",Plates,Հատ,Без НДС,հատ,9021
00-00002380,"BOMBAY, Straight Pelvic Reconstruction plate 3.5mm 8 hole, S.S","BOMBAY, Straight Pelvic Reconstruction plate 3.5mm 8 hole, S.S",BOI.205.08.S,"BOMBAY, Straight Pelvic Reconstruction plate 3.5mm 8 hole, S.S",Plates,Հատ,Без НДС,հատ,9021
00-00002381,"BOMBAY, Straight Pelvic Reconstruction plate 3.5mm 10 hole, S.S","BOMBAY, Straight Pelvic Reconstruction plate 3.5mm 10 hole, S.S",BOI.205.10.S,"BOMBAY, Straight Pelvic Reconstruction plate 3.5mm 10 hole, S.S",Plates,Հատ,Без НДС,հատ,9021
00-00002382,"BOMBAY, Straight Pelvic Reconstruction plate 3.5mm 20 hole, S.S","BOMBAY, Straight Pelvic Reconstruction plate 3.5mm 20 hole, S.S",BOI.206.20.S,"BOMBAY, Straight Pelvic Reconstruction plate 3.5mm 20 hole, S.S",Plates,Հատ,Без НДС,հատ,9021
00-00002383,"BOMBAY, CAP FOR (SY) FEMUR NAIL","BOMBAY, CAP FOR (SY) FEMUR NAIL",BO.06.710.25.S,"BOMBAY, CAP FOR (SY) FEMUR NAIL",Femoral nail ,Հատ,Без НДС,հատ,9021
00-00002384,"BOMBAY, TI CAP FOR (SY) FEMUR NAIL","BOMBAY, TI CAP FOR (SY) FEMUR NAIL",BO.06.710.25.T,"BOMBAY, TI CAP FOR (SY) FEMUR NAIL",Femoral nail ,Հատ,Без НДС,հատ,9021
00-00002385,"BOMBAY, TI ANCHOR SUTURE DIA. 5.0MM","BOMBAY, TI ANCHOR SUTURE DIA. 5.0MM",BOI.217.5.0.T,"BOMBAY, TI ANCHOR SUTURE DIA. 5.0MM",BOMBAY,Հատ,Без НДС,հատ,9021
00-00002386,"BOMBAY, TI ANCHOR SUTURE WITH LOOP DIA. 5.0MM","BOMBAY, TI ANCHOR SUTURE WITH LOOP DIA. 5.0MM",BOI.01.217.5.0.T,"BOMBAY, TI ANCHOR SUTURE WITH LOOP DIA. 5.0MM",BOMBAY,Ժամկետով ապրանքներ,Без НДС,հատ,9021
00-00002387,"Locking screw 3.5mm,56mm S.S.","Locking screw 3.5mm,56mm S.S.",BO.168.56.S,"Locking screw 3.5mm,56mm S.S.",Screws,Հատ,Без НДС,հատ,9021
00-00002388,"BOMBAY, TI WASHER FOR CANCELLOUS SCREW DIA. 13MM","BOMBAY, TI WASHER FOR CANCELLOUS SCREW DIA. 13MM",BOI.216.13.T,"BOMBAY, TI WASHER FOR CANCELLOUS SCREW DIA. 13MM",BOMBAY,Հատ,Без НДС,հատ,9021
00-00002389,"BOMBAY, WASHER FOR CANCELLOUS SCREW DIA. 7.0MM ","BOMBAY, WASHER FOR CANCELLOUS SCREW DIA. 7.0MM ",BOI.216.07.T,"BOMBAY, WASHER FOR CANCELLOUS SCREW DIA. 7.0MM ",BOMBAY,Հատ,Без НДС,հատ,9021
00-00002390,"BOMBAY, 3.5MM DEPTH GAUGE ","BOMBAY, 3.5MM DEPTH GAUGE ",BO.0201.12.I,"BOMBAY, 3.5MM DEPTH GAUGE ",BOMBAY,Հատ,Без НДС,հատ,9021
00-00002391,"BOMBAY, 4.5MM DEPTH GAUGE","BOMBAY, 4.5MM DEPTH GAUGE",BO.0201.13.I,"BOMBAY, 4.5MM DEPTH GAUGE",BOMBAY,Հատ,Без НДС,հատ,9021
00-00002392,"Cortex screw 3.5mm,16mm Ti","Cortex screw 3.5mm,16mm Ti",BOI.103.16.T,"Cortex screw 3.5mm,16mm Ti",Screws,Հատ,Без НДС,հատ,9021
00-00002393,"BOMBAY, WASHER FOR CANCELLOUS SCREW DIA. 7.0MM S.S","BOMBAY, WASHER FOR CANCELLOUS SCREW DIA. 7.0MM S.S",BOI.216.07.S,"BOMBAY, WASHER FOR CANCELLOUS SCREW DIA. 7.0MM S.S",BOMBAY,Հատ,Без НДС,հատ,9021
00-00002394,"BOMBAY,  WASHER FOR CANCELLOUS SCREW DIA. 13MM","BOMBAY,  WASHER FOR CANCELLOUS SCREW DIA. 13MM",BOI.216.13.S,"BOMBAY,  WASHER FOR CANCELLOUS SCREW DIA. 13MM",BOMBAY,Հատ,Без НДС,հատ,9021
00-00002396,RENOVA SPINE™ KYPHOPLASTY KIT 8G CLASSIC,RENOVA SPINE™ KYPHOPLASTY KIT 8G CLASSIC,RES0812101J15L,RENOVA SPINE™ KYPHOPLASTY KIT 8G CLASSIC,BPB,Ժամկետով ապրանքներ,Без НДС,հատ,9021
00-00002397,VERTEBROPLASTIC™ 11G X 12CM BEVEL STERILE DM1-1330102,VERTEBROPLASTIC™ 11G X 12CM BEVEL STERILE DM1-1330102,KRVT1112200CBP-A,VERTEBROPLASTIC™ 11G X 12CM BEVEL STERILE DM1-1330102,BPB,Ժամկետով ապրանքներ,Без НДС,հատ,9021
00-00002400,"ZMD, Straight Bone Plate for Metacarpal 6 Holes","ZMD, Straight Bone Plate for Metacarpal 6 Holes",M30230A.6H.S,"ZMD, Straight Bone Plate for Metacarpal 6 Holes",Metacarpal,Հատ,Без НДС,հատ,9021
00-00002401,"ZMD, T-Plate for Metacarpal 4 holes","ZMD, T-Plate for Metacarpal 4 holes",M30231A.4H.S,"ZMD, T-Plate for Metacarpal 4 holes",Metacarpal,Հատ,Без НДС,հատ,9021
00-00002402,"ZMD, T-Plate for Metacarpal 5 holes","ZMD, T-Plate for Metacarpal 5 holes",M30231A.5H.S,"ZMD, T-Plate for Metacarpal 5 holes",Metacarpal,Հատ,Без НДС,հատ,9021
00-00002407,Straight Locking Plate  2.0mm Phalanx Locking plate 4 Holes,Straight Locking Plate  2.0mm Phalanx Locking plate 4 Holes,8213.0804,Straight Locking Plate  2.0mm Phalanx Locking plate 4 Holes,ZMD Plates,Հատ,Без НДС,հատ,9021
00-00002408,Straight Locking Plate  2.0mm Phalanx Locking plate 5 Holes,Straight Locking Plate  2.0mm Phalanx Locking plate 5 Holes,8213.0805,Straight Locking Plate  2.0mm Phalanx Locking plate 5 Holes,ZMD Plates,Հատ,Без НДС,հատ,9021
00-00002409,Straight Locking Plate  2.0mm Phalanx Locking plate 6 Holes,Straight Locking Plate  2.0mm Phalanx Locking plate 6 Holes,8213.0806,Straight Locking Plate  2.0mm Phalanx Locking plate 6 Holes,ZMD Plates,Հատ,Без НДС,հատ,9021
00-00002412,T Locking Plate (2 Holes) 2.0mm Phalanx Locking plate 5 Holes,T Locking Plate (2 Holes) 2.0mm Phalanx Locking plate 5 Holes,8213.1005,T Locking Plate (2 Holes) 2.0mm Phalanx Locking plate 5 Holes,ZMD Plates,Հատ,Без НДС,հատ,9021
00-00002413,T Locking Plate (2 Holes) 2.0mm Phalanx Locking plate 6 Holes,T Locking Plate (2 Holes) 2.0mm Phalanx Locking plate 6 Holes,8213.1006,T Locking Plate (2 Holes) 2.0mm Phalanx Locking plate 6 Holes,ZMD Plates,Հատ,Без НДС,հատ,9021
00-00002414,T Locking Plate (2 Holes) 2.0mm Phalanx Locking plate 7 Holes,T Locking Plate (2 Holes) 2.0mm Phalanx Locking plate 7 Holes,8213.1007,T Locking Plate (2 Holes) 2.0mm Phalanx Locking plate 7 Holes,ZMD Plates,Հատ,Без НДС,հատ,9021
00-00002415,T Locking Plate (2 Holes) 2.0mm Phalanx Locking plate 8 Holes,T Locking Plate (2 Holes) 2.0mm Phalanx Locking plate 8 Holes,8213.1008,T Locking Plate (2 Holes) 2.0mm Phalanx Locking plate 8 Holes,ZMD Plates,Հատ,Без НДС,հատ,9021
00-00002405,L Locking Plate 2.7mm Phalanx Locking plate Right 3 Holes,L Locking Plate 2.7mm Phalanx Locking plate Right 3 Holes,20311.R.3H.T,L Locking Plate 2.7mm Phalanx Locking plate Right 3 Holes,ZMD Plates,Հատ,Без НДС,հատ,9021
00-00002406,L Locking Plate 2.7mm Phalanx Locking plate Right 4 Holes,L Locking Plate 2.7mm Phalanx Locking plate Right 4 Holes,20311.R.4H.T,L Locking Plate 2.7mm Phalanx Locking plate Right 4 Holes,ZMD Plates,Հատ,Без НДС,հատ,9021
00-00002403,L Locking Plate 2.7mm Phalanx Locking plate Left 3 Holes,L Locking Plate 2.7mm Phalanx Locking plate Left 3 Holes,20311.L.3H.T,L Locking Plate 2.7mm Phalanx Locking plate Left 3 Holes,ZMD Plates,Հատ,Без НДС,հատ,9021
00-00002404,L Locking Plate 2.7mm Phalanx Locking plate Left 4 Holes,L Locking Plate 2.7mm Phalanx Locking plate Left 4 Holes,20311.L.4H.T,L Locking Plate 2.7mm Phalanx Locking plate Left 4 Holes,ZMD Plates,Հատ,Без НДС,հատ,9021
00-00002411,Straight Locking Plate 2.4mm 5 Holes,Straight Locking Plate 2.4mm 5 Holes,8213.1405,Straight Locking Plate 2.4mm 5 Holes,ZMD Plates,Հատ,Без НДС,հատ,9021
00-00002410,Straight Locking Plate 2.4mm 6 Holes,Straight Locking Plate 2.4mm 6 Holes,8213.1406,Straight Locking Plate 2.4mm 6 Holes,ZMD Plates,Հատ,Без НДС,հատ,9021
00-00002416,T Locking Plate (2 Holes) 2.4mm 3 Holes,T Locking Plate (2 Holes) 2.4mm 3 Holes,8213.1603,T Locking Plate (2 Holes) 2.4mm 3 Holes,ZMD Plates,Հատ,Без НДС,հատ,9021
00-00002417,T Locking Plate (2 Holes) 2.4mm 5 Holes,T Locking Plate (2 Holes) 2.4mm 5 Holes,8213.1605,T Locking Plate (2 Holes) 2.4mm 5 Holes,ZMD Plates,Հատ,Без НДС,հատ,9021
00-00002418,T Locking Plate (2 Holes) 2.4mm 7 Holes,T Locking Plate (2 Holes) 2.4mm 7 Holes,8213.1607,T Locking Plate (2 Holes) 2.4mm 7 Holes,ZMD Plates,Հատ,Без НДС,հատ,9021
00-00002419,Cortex screw 2.4*12mm T,Cortex screw 2.4*12mm T,1204.2412,Cortex screw 2.4*12mm T,ZMD Screws,Հատ,Без НДС,հատ,9021
00-00002420,Cortex screw 2.4*14mm T,Cortex screw 2.4*14mm T,1204.2414,Cortex screw 2.4*14mm T,ZMD Screws,Հատ,Без НДС,հատ,9021
00-00002421,Cortex screw 2.4*16mm T,Cortex screw 2.4*16mm T,1204.2416,Cortex screw 2.4*16mm T,ZMD Screws,Հատ,Без НДС,հատ,9021
00-00002422,Cortex screw 2.4*18mm,Cortex screw 2.4*18mm,1204.2418,Cortex screw 2.4*18mm,ZMD Screws,Հատ,Без НДС,հատ,9021
00-00002423,Cortex screw 2.4*20mm,Cortex screw 2.4*20mm,1204.2420,Cortex screw 2.4*20mm,ZMD Screws,Հատ,Без НДС,հատ,9021
00-00002700,Locking Screw 2.4*12mm,Locking Screw 2.4*12mm,2204.2412,Locking Screw 2.4*12mm,ZMD Screws,Հատ,Без НДС,հատ,9021
00-00002424,Locking Screw 2.4*14mm,Locking Screw 2.4*14mm,2204.2414,Locking Screw 2.4*14mm,ZMD Screws,Հատ,Без НДС,հատ,9021
00-00002425,Locking Screw 2.4*16mm,Locking Screw 2.4*16mm,2204.2416,Locking Screw 2.4*16mm,ZMD Screws,Հատ,Без НДС,հատ,9021
00-00002426,Locking Screw 2.4*18mm,Locking Screw 2.4*18mm,2204.2418,Locking Screw 2.4*18mm,ZMD Screws,Հատ,Без НДС,հատ,9021
00-00002427,Locking Screw 2.4*20mm,Locking Screw 2.4*20mm,2204.2420,Locking Screw 2.4*20mm,ZMD Screws,Հատ,Без НДС,հատ,9021
00-00002461,"Laminoplasty Plate, T-shaped, narrow mouth  10mm","Laminoplasty Plate, T-shaped, narrow mouth  10mm",3245452610,"Laminoplasty Plate, T-shaped, narrow mouth  10mm",Boneunion,Հատ,Без НДС,հատ,9021
00-00002430,"2.6mm Cortex Screw for Laminoplasty Plate, torxdrive, self-drilling  8mm","2.6mm Cortex Screw for Laminoplasty Plate, torxdrive, self-drilling  8mm",3246702606,"2.6mm Cortex Screw for Laminoplasty Plate, torxdrive, self-drilling  8mm",Boneunion,Հատ,Без НДС,հատ,9021
00-00002463,"Pediatric Hip Locking Plate 3.5, 110 (Small) 3 holes","Pediatric Hip Locking Plate 3.5, 110 (Small) 3 holes",3010290003,"Pediatric Hip Locking Plate 3.5, 110 (Small) 3 holes",Boneunion,Հատ,Без НДС,հատ,9021
00-00002462,"Pediatric Hip Locking Plate 3.5, 110 (Large)  3 holes","Pediatric Hip Locking Plate 3.5, 110 (Large)  3 holes",3010300003,"Pediatric Hip Locking Plate 3.5, 110 (Large)  3 holes",Boneunion,Հատ,Без НДС,հատ,9021
00-00002464,"Pediatric Hip Locking Plate 3.5, 120 3 holes","Pediatric Hip Locking Plate 3.5, 120 3 holes",3010310003,"Pediatric Hip Locking Plate 3.5, 120 3 holes",Boneunion,Հատ,Без НДС,հատ,9021
00-00002434,"3.5mm Locking Screw, torxdrive, self-tapping 14mm","3.5mm Locking Screw, torxdrive, self-tapping 10mm",3070090010,"3.5mm Locking Screw, torxdrive, self-tapping 14mm",Boneunion,Հատ,Без НДС,հատ,9021
00-00002429,"3.5mm Locking Screw, torxdrive, self-tapping 52mm","3.5mm Locking Screw, torxdrive, self-tapping 52mm",3070090052,"3.5mm Locking Screw, torxdrive, self-tapping 52mm",Boneunion,Հատ,Без НДС,հատ,9021
00-00002475,"Sleeve for 3,5mm locking screws Double Drill Guide, 2.5/3.5","Sleeve for 3,5mm locking screws Double Drill Guide, 2.5/3.5",4800100500,"Sleeve for 3,5mm locking screws Double Drill Guide, 2.5/3.5",Boneunion,Հատ,Без НДС,հատ,9021
00-00002474,"Screwdriver, torxdrive, T15 Screwdriver, torxdrive, T15","Screwdriver, torxdrive, T15 Screwdriver, torxdrive, T15",4950403000,"Screwdriver, torxdrive, T15 Screwdriver, torxdrive, T15",Boneunion,Հատ,Без НДС,հատ,9021
00-00002431,"2.7mm Locking Screw, torxdrive, self-tapping, 20mm ","2.7mm Locking Screw, torxdrive, self-tapping, 20mm ",3070080020,"2.7mm Locking Screw, torxdrive, self-tapping, 20mm ",Boneunion,Հատ,Без НДС,հատ,9021
00-00002432,"2.7mm Locking Screw, torxdrive, self-tapping, 35mm ","2.7mm Locking Screw, torxdrive, self-tapping, 35mm ",3070080035,"2.7mm Locking Screw, torxdrive, self-tapping, 35mm ",Boneunion,Հատ,Без НДС,հատ,9021
00-00002433,"2.7mm Locking Screw, torxdrive, self-tapping, 40mm ","2.7mm Locking Screw, torxdrive, self-tapping, 40mm ",3070080040,"2.7mm Locking Screw, torxdrive, self-tapping, 40mm ",Boneunion,Հատ,Без НДС,հատ,9021
00-00002465,Proximal Humeral Locking Plate 3holes,Proximal Humeral Locking Plate 3holes,3010460003,Proximal Humeral Locking Plate 3holes,Boneunion,Հատ,Без НДС,հատ,9021
00-00002454,Distal Lateral Tibial Locking Plate LEFT 5holes,Distal Lateral Tibial Locking Plate LEFT 5holes,3010261005,Distal Lateral Tibial Locking Plate LEFT 5holes,Boneunion,Հատ,Без НДС,հատ,9021
00-00002455,Distal Lateral Tibial Locking Plate LEFT 7holes,Distal Lateral Tibial Locking Plate LEFT 7holes,3010261007,Distal Lateral Tibial Locking Plate LEFT 7holes,Boneunion,Հատ,Без НДС,հատ,9021
00-00002456,Distal Lateral Tibial Locking Plate LEFT 9holes,Distal Lateral Tibial Locking Plate LEFT 9holes,3010261009,Distal Lateral Tibial Locking Plate LEFT 9holes,Boneunion,Հատ,Без НДС,հատ,9021
00-00002453,Distal Lateral Tibial Locking Plate LEFT 11holes,Distal Lateral Tibial Locking Plate LEFT 11holes,3010261011,Distal Lateral Tibial Locking Plate LEFT 11holes,Boneunion,Հատ,Без НДС,հատ,9021
00-00002468,Proximal Medial Tibial T-Locking Plate 4 H Left,Proximal Medial Tibial T-Locking Plate 4 H Left,3010051004,Proximal Medial Tibial T-Locking Plate 4 H Left,Boneunion,Հատ,Без НДС,հատ,9021
00-00002470,Proximal Medial Tibial T-Locking Plate 6 H Left,Proximal Medial Tibial T-Locking Plate 6 H Left,3010051006,Proximal Medial Tibial T-Locking Plate 6 H Left,Boneunion,Հատ,Без НДС,հատ,9021
00-00002472,Proximal Medial Tibial T-Locking Plate 8 H Left,Proximal Medial Tibial T-Locking Plate 8 H Left,3010051008,Proximal Medial Tibial T-Locking Plate 8 H Left,Boneunion,Հատ,Без НДС,հատ,9021
00-00002466,Proximal Medial Tibial T-Locking Plate 10 H Left,Proximal Medial Tibial T-Locking Plate 10 H Left,3010051010,Proximal Medial Tibial T-Locking Plate 10 H Left,Boneunion,Հատ,Без НДС,հատ,9021
00-00002469,Proximal Medial Tibial T-Locking Plate 4 H Right,Proximal Medial Tibial T-Locking Plate 4 H Right,3010052004,Proximal Medial Tibial T-Locking Plate 4 H Right,Boneunion,Հատ,Без НДС,հատ,9021
00-00002471,Proximal Medial Tibial T-Locking Plate 6 H Right,Proximal Medial Tibial T-Locking Plate 6 H Right,3010052006,Proximal Medial Tibial T-Locking Plate 6 H Right,Boneunion,Հատ,Без НДС,հատ,9021
00-00002473,Proximal Medial Tibial T-Locking Plate 8 H Right,Proximal Medial Tibial T-Locking Plate 8 H Right,3010052008,Proximal Medial Tibial T-Locking Plate 8 H Right,Boneunion,Հատ,Без НДС,հատ,9021
00-00002467,Proximal Medial Tibial T-Locking Plate 10 H Right,Proximal Medial Tibial T-Locking Plate 10 H Right,3010052010,Proximal Medial Tibial T-Locking Plate 10 H Right,Boneunion,Հատ,Без НДС,հատ,9021
00-00002498,Tarsal Sinus Screw 7mm,Tarsal Sinus Screw 7mm,3081440720,Tarsal Sinus Screw 7mm,Boneunion,Հատ,Без НДС,հատ,9021
00-00002499,Tarsal Sinus Screw 8mm,Tarsal Sinus Screw 8mm,3081440821,Tarsal Sinus Screw 8mm,Boneunion,Հատ,Без НДС,հատ,9021
00-00002500,Tarsal Sinus Screw 9mm,Tarsal Sinus Screw 9mm,3081450920,Tarsal Sinus Screw 9mm,Boneunion,Հատ,Без НДС,հատ,9021
00-00002497,Tarsal Sinus Screw 10mm,Tarsal Sinus Screw 10mm,3081451021,Tarsal Sinus Screw 10mm,Boneunion,Հատ,Без НДС,հատ,9021
00-00002496,Suprapatellar Tibial Nail Instrument Set ,Suprapatellar Tibial Nail Instrument Set ,4803200001,Suprapatellar Tibial Nail Instrument Set ,Boneunion,Հատ,Без НДС,հատ,9021
00-00002483,Suprapatellar Tibial Nail 8*260mm,Suprapatellar Tibial Nail 8*260mm,3050500260,Suprapatellar Tibial Nail 8*260mm,Boneunion,Հատ,Без НДС,հատ,9021
00-00002484,Suprapatellar Tibial Nail 8*280mm,Suprapatellar Tibial Nail 8*280mm,3050500280,Suprapatellar Tibial Nail 8*280mm,Boneunion,Հատ,Без НДС,հատ,9021
00-00002485,Suprapatellar Tibial Nail 8*300mm,Suprapatellar Tibial Nail 8*300mm,3050500300,Suprapatellar Tibial Nail 8*300mm,Boneunion,Հատ,Без НДС,հատ,9021
00-00002486,Suprapatellar Tibial Nail 8*320mm,Suprapatellar Tibial Nail 8*320mm,3050500320,Suprapatellar Tibial Nail 8*320mm,Boneunion,Հատ,Без НДС,հատ,9021
00-00002487,Suprapatellar Tibial Nail 8*340mm,Suprapatellar Tibial Nail 8*340mm,3050500340,Suprapatellar Tibial Nail 8*340mm,Boneunion,Հատ,Без НДС,հատ,9021
00-00002488,Suprapatellar Tibial Nail 8*360mm,Suprapatellar Tibial Nail 8*360mm,3050500360,Suprapatellar Tibial Nail 8*360mm,Boneunion,Հատ,Без НДС,հատ,9021
00-00002489,Suprapatellar Tibial Nail 9*240mm,Suprapatellar Tibial Nail 9*240mm,3050510240,Suprapatellar Tibial Nail 9*240mm,Boneunion,Հատ,Без НДС,հատ,9021
00-00002490,Suprapatellar Tibial Nail 9*260mm,Suprapatellar Tibial Nail 9*260mm,3050510260,Suprapatellar Tibial Nail 9*260mm,Boneunion,Հատ,Без НДС,հատ,9021
00-00002491,Suprapatellar Tibial Nail 9*280mm,Suprapatellar Tibial Nail 9*280mm,3050510280,Suprapatellar Tibial Nail 9*280mm,Boneunion,Հատ,Без НДС,հատ,9021
00-00002492,Suprapatellar Tibial Nail 9*300mm,Suprapatellar Tibial Nail 9*300mm,3050510300,Suprapatellar Tibial Nail 9*300mm,Boneunion,Հատ,Без НДС,հատ,9021
00-00002493,Suprapatellar Tibial Nail 9*320mm,Suprapatellar Tibial Nail 9*320mm,3050510320,Suprapatellar Tibial Nail 9*320mm,Boneunion,Հատ,Без НДС,հատ,9021
00-00002494,Suprapatellar Tibial Nail 9*340mm,Suprapatellar Tibial Nail 9*340mm,3050510340,Suprapatellar Tibial Nail 9*340mm,Boneunion,Հատ,Без НДС,հատ,9021
00-00002495,Suprapatellar Tibial Nail 9*360mm,Suprapatellar Tibial Nail 9*360mm,3050510360,Suprapatellar Tibial Nail 9*360mm,Boneunion,Հատ,Без НДС,հատ,9021
00-00002476,Suprapatellar Tibial Nail 10*240mm,Suprapatellar Tibial Nail 10*240mm,3050520240,Suprapatellar Tibial Nail 10*240mm,Boneunion,Հատ,Без НДС,հատ,9021
00-00002477,Suprapatellar Tibial Nail 10*260mm,Suprapatellar Tibial Nail 10*260mm,3050520260,Suprapatellar Tibial Nail 10*260mm,Boneunion,Հատ,Без НДС,հատ,9021
00-00002478,Suprapatellar Tibial Nail 10*280mm,Suprapatellar Tibial Nail 10*280mm,3050520280,Suprapatellar Tibial Nail 10*280mm,Boneunion,Հատ,Без НДС,հատ,9021
00-00002479,Suprapatellar Tibial Nail 10*300mm,Suprapatellar Tibial Nail 10*300mm,3050520300,Suprapatellar Tibial Nail 10*300mm,Boneunion,Հատ,Без НДС,հատ,9021
00-00002480,Suprapatellar Tibial Nail 10*320mm,Suprapatellar Tibial Nail 10*320mm,3050520320,Suprapatellar Tibial Nail 10*320mm,Boneunion,Հատ,Без НДС,հատ,9021
00-00002481,Suprapatellar Tibial Nail 10*340mm,Suprapatellar Tibial Nail 10*340mm,3050520340,Suprapatellar Tibial Nail 10*340mm,Boneunion,Հատ,Без НДС,հատ,9021
00-00002482,Suprapatellar Tibial Nail 10*360mm,Suprapatellar Tibial Nail 10*360mm,3050520360,Suprapatellar Tibial Nail 10*360mm,Boneunion,Հատ,Без НДС,հատ,9021
00-00002443,"5.0mm Locking Screw for Suprapatellar Tibial Nail 5,0x34","5.0mm Locking Screw for Suprapatellar Tibial Nail 5,0x34",3050550034,"5.0mm Locking Screw for Suprapatellar Tibial Nail 5,0x34",Boneunion,Հատ,Без НДС,հատ,9021
00-00002444,"5.0mm Locking Screw for Suprapatellar Tibial Nail 5,0x38","5.0mm Locking Screw for Suprapatellar Tibial Nail 5,0x38",3050550038,"5.0mm Locking Screw for Suprapatellar Tibial Nail 5,0x38",Boneunion,Հատ,Без НДС,հատ,9021
00-00002445,"5.0mm Locking Screw for Suprapatellar Tibial Nail 5,0x42","5.0mm Locking Screw for Suprapatellar Tibial Nail 5,0x42",3050550042,"5.0mm Locking Screw for Suprapatellar Tibial Nail 5,0x42",Boneunion,Հատ,Без НДС,հատ,9021
00-00002446,"5.0mm Locking Screw for Suprapatellar Tibial Nail 5,0x46","5.0mm Locking Screw for Suprapatellar Tibial Nail 5,0x46",3050550046,"5.0mm Locking Screw for Suprapatellar Tibial Nail 5,0x46",Boneunion,Հատ,Без НДС,հատ,9021
00-00002447,"5.0mm Locking Screw for Suprapatellar Tibial Nail 5,0x50","5.0mm Locking Screw for Suprapatellar Tibial Nail 5,0x50",3050550050,"5.0mm Locking Screw for Suprapatellar Tibial Nail 5,0x50",Boneunion,Հատ,Без НДС,հատ,9021
00-00002448,"5.0mm Locking Screw for Suprapatellar Tibial Nail 5,0x54","5.0mm Locking Screw for Suprapatellar Tibial Nail 5,0x54",3050550054,"5.0mm Locking Screw for Suprapatellar Tibial Nail 5,0x54",Boneunion,Հատ,Без НДС,հատ,9021
00-00002449,"5.0mm Locking Screw for Suprapatellar Tibial Nail 5,0x58","5.0mm Locking Screw for Suprapatellar Tibial Nail 5,0x58",3050550058,"5.0mm Locking Screw for Suprapatellar Tibial Nail 5,0x58",Boneunion,Հատ,Без НДС,հատ,9021
00-00002450,"5.0mm Locking Screw for Suprapatellar Tibial Nail 5,0x62","5.0mm Locking Screw for Suprapatellar Tibial Nail 5,0x62",3050550062,"5.0mm Locking Screw for Suprapatellar Tibial Nail 5,0x62",Boneunion,Հատ,Без НДС,հատ,9021
00-00002451,"5.0mm Locking Screw for Suprapatellar Tibial Nail 5,0x68","5.0mm Locking Screw for Suprapatellar Tibial Nail 5,0x68",3050550068,"5.0mm Locking Screw for Suprapatellar Tibial Nail 5,0x68",Boneunion,Հատ,Без НДС,հատ,9021
00-00002452,"5.0mm Locking Screw for Suprapatellar Tibial Nail 5,0x72","5.0mm Locking Screw for Suprapatellar Tibial Nail 5,0x72",3050550072,"5.0mm Locking Screw for Suprapatellar Tibial Nail 5,0x72",Boneunion,Հատ,Без НДС,հատ,9021
00-00002435,"4.5mm Locking Screw for Suprapatellar Tibial Nail 4,5x32","4.5mm Locking Screw for Suprapatellar Tibial Nail 4,5x32",3050540032,"4.5mm Locking Screw for Suprapatellar Tibial Nail 4,5x32",Boneunion,Հատ,Без НДС,հատ,9021
00-00002436,"4.5mm Locking Screw for Suprapatellar Tibial Nail 4,5x36","4.5mm Locking Screw for Suprapatellar Tibial Nail 4,5x36",3050540036,"4.5mm Locking Screw for Suprapatellar Tibial Nail 4,5x36",Boneunion,Հատ,Без НДС,հատ,9021
00-00002437,"4.5mm Locking Screw for Suprapatellar Tibial Nail 4,5x40","4.5mm Locking Screw for Suprapatellar Tibial Nail 4,5x40",3050540040,"4.5mm Locking Screw for Suprapatellar Tibial Nail 4,5x40",Boneunion,Հատ,Без НДС,հատ,9021
00-00002438,"4.5mm Locking Screw for Suprapatellar Tibial Nail 4,5x44","4.5mm Locking Screw for Suprapatellar Tibial Nail 4,5x44",3050540044,"4.5mm Locking Screw for Suprapatellar Tibial Nail 4,5x44",Boneunion,Հատ,Без НДС,հատ,9021
00-00002439,"4.5mm Locking Screw for Suprapatellar Tibial Nail 4,5x48","4.5mm Locking Screw for Suprapatellar Tibial Nail 4,5x48",3050540048,"4.5mm Locking Screw for Suprapatellar Tibial Nail 4,5x48",Boneunion,Հատ,Без НДС,հատ,9021
00-00002440,"4.5mm Locking Screw for Suprapatellar Tibial Nail 4,5x52","4.5mm Locking Screw for Suprapatellar Tibial Nail 4,5x52",3050540052,"4.5mm Locking Screw for Suprapatellar Tibial Nail 4,5x52",Boneunion,Հատ,Без НДС,հատ,9021
00-00002441,"4.5mm Locking Screw for Suprapatellar Tibial Nail 4,5x54","4.5mm Locking Screw for Suprapatellar Tibial Nail 4,5x54",3050540054,"4.5mm Locking Screw for Suprapatellar Tibial Nail 4,5x54",Boneunion,Հատ,Без НДС,հատ,9021
00-00002442,"4.5mm Locking Screw for Suprapatellar Tibial Nail 4,5x58","4.5mm Locking Screw for Suprapatellar Tibial Nail 4,5x58",3050540058,"4.5mm Locking Screw for Suprapatellar Tibial Nail 4,5x58",Boneunion,Հատ,Без НДС,հատ,9021
00-00002457,End Cap for Suprapatellar Tibial Nail 0mm,End Cap for Suprapatellar Tibial Nail 0mm,3050560000,End Cap for Suprapatellar Tibial Nail 0mm,Boneunion,Հատ,Без НДС,հատ,9021
00-00002460,End Cap for Suprapatellar Tibial Nail 5mm,End Cap for Suprapatellar Tibial Nail 5mm,3050560005,End Cap for Suprapatellar Tibial Nail 5mm,Boneunion,Հատ,Без НДС,հատ,9021
00-00002458,End Cap for Suprapatellar Tibial Nail 10mm,End Cap for Suprapatellar Tibial Nail 10mm,3050560010,End Cap for Suprapatellar Tibial Nail 10mm,Boneunion,Հատ,Без НДС,հատ,9021
00-00002459,End Cap for Suprapatellar Tibial Nail 15mm,End Cap for Suprapatellar Tibial Nail 15mm,3050560015,End Cap for Suprapatellar Tibial Nail 15mm,Boneunion,Հատ,Без НДС,հատ,9021
00-00002501,Distal Lateral Tibial Locking Plate RIGHT 7holes,Distal Lateral Tibial Locking Plate RIGHT 7holes,3010262007,Distal Lateral Tibial Locking Plate RIGHT 7holes,Boneunion,Հատ,Без НДС,հատ,9021
00-00002502,Distal Lateral Tibial Locking Plate RIGHT 5holes,Distal Lateral Tibial Locking Plate RIGHT 5holes,3010262005,Distal Lateral Tibial Locking Plate RIGHT 5holes,Boneunion,Հատ,Без НДС,հատ,9021
00-00002503,Distal Lateral Tibial Locking Plate RIGHT 9holes,Distal Lateral Tibial Locking Plate RIGHT 9holes,3010262009,Distal Lateral Tibial Locking Plate RIGHT 9holes,Boneunion,Հատ,Без НДС,հատ,9021
00-00002504,Distal Lateral Tibial Locking Plate RIGHT 11holes,Distal Lateral Tibial Locking Plate RIGHT 11holes,3010262011,Distal Lateral Tibial Locking Plate RIGHT 11holes,Boneunion,Հատ,Без НДС,հատ,9021
00-00002505,"FA Calcaneal Locking Plate, small,right ","FA Calcaneal Locking Plate, small,right ",3010512060,"FA Calcaneal Locking Plate, small,right ",Boneunion,Հատ,Без НДС,հատ,9021
00-00002506,"FA Calcaneal Locking Plate, large,right ","FA Calcaneal Locking Plate, large,right ",3010532072,"FA Calcaneal Locking Plate, large,right ",Boneunion,Հատ,Без НДС,հատ,9021
00-00002507,"FA MIS Calcaneal Locking Plate, medium,left  ","FA MIS Calcaneal Locking Plate, medium,left  ",3010621059.L,"FA MIS Calcaneal Locking Plate, medium,left  ",Boneunion,Հատ,Без НДС,հատ,9021
00-00002508,"FA Calcaneal Locking Plate, large,left ","FA Calcaneal Locking Plate, large,left ",3010531072,"FA Calcaneal Locking Plate, large,left ",Boneunion,Հատ,Без НДС,հատ,9021
00-00002509,"FA Calcaneal Locking Plate, medium,right ","FA Calcaneal Locking Plate, medium,right ",3010622059,"FA Calcaneal Locking Plate, medium,right ",Boneunion,Հատ,Без НДС,հատ,9021
00-00002510,"FA Calcaneal Locking Plate, small,left ","FA Calcaneal Locking Plate, small,left ",3010511060,"FA Calcaneal Locking Plate, small,left ",Boneunion,Հատ,Без НДС,հատ,9021
00-00002554,Screw - 6/40,Screw - 6/40,3146-60400,Screw - 6/40,Chunli Hip,Ժամկետով ապրանքներ,Без НДС,հատ,9021
00-00002555,Femoral Stem-BC4 8,Femoral Stem-BC4 8,3514-02080,Femoral Stem-BC4 8,Chunli Hip,Ժամկետով ապրանքներ,Без НДС,հատ,9021
00-00002556,Femoral Stem-BC4 9,Femoral Stem-BC4 9,3514-02090,Femoral Stem-BC4 9,Chunli Hip,Ժամկետով ապրանքներ,Без НДС,հատ,9021
00-00002557,Femoral Stem-BC4 11,Femoral Stem-BC4 11,3514-02110,Femoral Stem-BC4 11,Chunli Hip,Ժամկետով ապրանքներ,Без НДС,հատ,9021
00-00002558,Femoral Stem-BC4 12,Femoral Stem-BC4 12,3514-02120,Femoral Stem-BC4 12,Chunli Hip,Ժամկետով ապրանքներ,Без НДС,հատ,9021
00-00002559,Femoral Stem-BC4 13,Femoral Stem-BC4 13,3514-02130,Femoral Stem-BC4 13,Chunli Hip,Ժամկետով ապրանքներ,Без НДС,հատ,9021
00-00002560,WAGNER Femoral Stem-130 - 205mm 10,WAGNER Femoral Stem-130 - 205mm 10,3205-10044,WAGNER Femoral Stem-130 - 205mm 10,Chunli Hip,Ժամկետով ապրանքներ,Без НДС,հատ,9021
00-00002561,WAGNER Femoral Stem-130 - 205mm 11,WAGNER Femoral Stem-130 - 205mm 11,3205-11044,WAGNER Femoral Stem-130 - 205mm 11,Chunli Hip,Ժամկետով ապրանքներ,Без НДС,հատ,9021
00-00002562,WAGNER Femoral Stem-130 - 205mm 12,WAGNER Femoral Stem-130 - 205mm 12,3205-12044,WAGNER Femoral Stem-130 - 205mm 12,Chunli Hip,Ժամկետով ապրանքներ,Без НДС,հատ,9021
00-00002563,WAGNER Femoral Stem-130 - 205mm 13,WAGNER Femoral Stem-130 - 205mm 13,3205-13044,WAGNER Femoral Stem-130 - 205mm 13,Chunli Hip,Ժամկետով ապրանքներ,Без НДС,հատ,9021
00-00002564,WAGNER Femoral Stem-130 -205mm 14,WAGNER Femoral Stem-130 -205mm 14,3205-14044,WAGNER Femoral Stem-130 -205mm 14,Chunli Hip,Ժամկետով ապրանքներ,Без НДС,հատ,9021
00-00002565,WAGNER Femoral Stem-130-205mm 15,WAGNER Femoral Stem-130-205mm 15,3205-15044,WAGNER Femoral Stem-130-205mm 15,Chunli Hip,Ժամկետով ապրանքներ,Без НДС,հատ,9021
00-00002566,WAGNER Femoral Stem-130-205mm 16,WAGNER Femoral Stem-130-205mm 16,3205-16044,WAGNER Femoral Stem-130-205mm 16,Chunli Hip,Ժամկետով ապրանքներ,Без НДС,հատ,9021
00-00002567,WAGNER Femoral Stem-130-250mm 10,WAGNER Femoral Stem-130-250mm 10,3250-10044,WAGNER Femoral Stem-130-250mm 10,Chunli Hip,Ժամկետով ապրանքներ,Без НДС,հատ,9021
00-00002568,WAGNER Femoral Stem-130-250mm 11,WAGNER Femoral Stem-130-250mm 11,3250-11044,WAGNER Femoral Stem-130-250mm 11,Chunli Hip,Ժամկետով ապրանքներ,Без НДС,հատ,9021
00-00002569,WAGNER Femoral Stem-130-250mm 12,WAGNER Femoral Stem-130-250mm 12,3250-12044,WAGNER Femoral Stem-130-250mm 12,Chunli Hip,Ժամկետով ապրանքներ,Без НДС,հատ,9021
00-00002570,WAGNER Femoral Stem-130-250mm 13,WAGNER Femoral Stem-130-250mm 13,3250-13044,WAGNER Femoral Stem-130-250mm 13,Chunli Hip,Ժամկետով ապրանքներ,Без НДС,հատ,9021
00-00002571,WAGNER Femoral Stem-130-250mm 14,WAGNER Femoral Stem-130-250mm 14,3250-14044,WAGNER Femoral Stem-130-250mm 14,Chunli Hip,Ժամկետով ապրանքներ,Без НДС,հատ,9021
00-00002572,WAGNER Femoral Stem-130-250mm 15,WAGNER Femoral Stem-130-250mm 15,3250-15044,WAGNER Femoral Stem-130-250mm 15,Chunli Hip,Ժամկետով ապրանքներ,Без НДС,հատ,9021
00-00002573,WAGNER Femoral Stem-130-250mm 16,WAGNER Femoral Stem-130-250mm 16,3250-16044,WAGNER Femoral Stem-130-250mm 16,Chunli Hip,Ժամկետով ապրանքներ,Без НДС,հատ,9021
00-00002574,Femoral Head-T 22/0,Femoral Head-T 22/0,3210-10220,Femoral Head-T 22/0,Chunli Hip,Ժամկետով ապրանքներ,Без НДС,հատ,9021
00-00002575,Femoral Head-T - 22/3,Femoral Head-T - 22/3,3210-13220,Femoral Head-T - 22/3,Chunli Hip,Ժամկետով ապրանքներ,Без НДС,հատ,9021
00-00002576,Femoral Head-T 22/6,Femoral Head-T 22/6,3210-16220,Femoral Head-T 22/6,Chunli Hip,Ժամկետով ապրանքներ,Без НДС,հատ,9021
00-00002577,64 Cup 48,64 Cup 48,3154-05480,64 Cup 48,Chunli Hip,Ժամկետով ապրանքներ,Без НДС,հատ,9021
00-00002578,64 Cup 50,64 Cup 50,3154-05500,64 Cup 50,Chunli Hip,Ժամկետով ապրանքներ,Без НДС,հատ,9021
00-00002579,64 Cup 52,64 Cup 52,3154-05520,64 Cup 52,Chunli Hip,Ժամկետով ապրանքներ,Без НДС,հատ,9021
00-00002580,64 Cup 54,64 Cup 54,3154-05540,64 Cup 54,Chunli Hip,Ժամկետով ապրանքներ,Без НДС,հատ,9021
00-00002581,64 Cup 56,64 Cup 56,3154-05560,64 Cup 56,Chunli Hip,Ժամկետով ապրանքներ,Без НДС,հատ,9021
00-00002582,64 Cup 58,64 Cup 58,3154-05580,64 Cup 58,Chunli Hip,Ժամկետով ապրանքներ,Без НДС,հատ,9021
00-00002583,64 Cup 60,64 Cup 60,3154-05600,64 Cup 60,Chunli Hip,Ժամկետով ապրանքներ,Без НДС,հատ,9021
00-00002584,64 Cup 62,64 Cup 62,3154-05620,64 Cup 62,Chunli Hip,Ժամկետով ապրանքներ,Без НДС,հատ,9021
00-00002585,64 Liner 48 (working with cup size of 48),64 Liner 48 (working with cup size of 48),3154-22481,64 Liner 48 (working with cup size of 48),Chunli Hip,Ժամկետով ապրանքներ,Без НДС,հատ,9021
00-00002586,"64 Liner 50 (working with cup size of 50,52)","64 Liner 50 (working with cup size of 50,52)",3154-22501,"64 Liner 50 (working with cup size of 50,52)",Chunli Hip,Ժամկետով ապրանքներ,Без НДС,հատ,9021
00-00002587,"64 Liner 54 (working with cup size of 54,56)","64 Liner 54 (working with cup size of 54,56)",3154-22541,"64 Liner 54 (working with cup size of 54,56)",Chunli Hip,Ժամկետով ապրանքներ,Без НДС,հատ,9021
00-00002588,"64 Liner 58 (working with cup size of 58,60)","64 Liner 58 (working with cup size of 58,60)",3154-22581,"64 Liner 58 (working with cup size of 58,60)",Chunli Hip,Ժամկետով ապրանքներ,Без НДС,հատ,9021
00-00002589,"64 Liner 62 (working with cup size of 62,64)","64 Liner 62 (working with cup size of 62,64)",3154-22621,"64 Liner 62 (working with cup size of 62,64)",Chunli Hip,Ժամկետով ապրանքներ,Без НДС,հատ,9021
00-00002590,Cemented Cup-HXLPE with 32head 46,Cemented Cup-HXLPE with 32head 46,3170-28460,Cemented Cup-HXLPE with 32head 46,Chunli Hip,Ժամկետով ապրանքներ,Без НДС,հատ,9021
00-00002591,Cemented Cup-HXLPE with 32head 48,Cemented Cup-HXLPE with 32head 48,3170-28480,Cemented Cup-HXLPE with 32head 48,Chunli Hip,Ժամկետով ապրանքներ,Без НДС,հատ,9021
00-00002592,Cemented Cup-HXLPE with 32head 50,Cemented Cup-HXLPE with 32head 50,3170-28500,Cemented Cup-HXLPE with 32head 50,Chunli Hip,Ժամկետով ապրանքներ,Без НДС,հատ,9021
00-00002593,Cemented Cup-HXLPE with 32head 52,Cemented Cup-HXLPE with 32head 52,3170-28520,Cemented Cup-HXLPE with 32head 52,Chunli Hip,Ժամկետով ապրանքներ,Без НДС,հատ,9021
00-00002594,Cemented Cup-HXLPE with 32head 54,Cemented Cup-HXLPE with 32head 54,3170-28540,Cemented Cup-HXLPE with 32head 54,Chunli Hip,Ժամկետով ապրանքներ,Без НДС,հատ,9021
00-00002595,Cemented Cup-HXLPE with 32head 56,Cemented Cup-HXLPE with 32head 56,3170-28560,Cemented Cup-HXLPE with 32head 56,Chunli Hip,Ժամկետով ապրանքներ,Без НДС,հատ,9021
00-00002598,Screw - 6/45,Screw - 6/45,3146-60450,Screw - 6/45,Chunli Hip,Ժամկետով ապրանքներ,Без НДС,հատ,9021
00-00002596,Revision Cementless Cage 46 B 52L,Revision Cementless Cage 46 B 52L,3111-02522,Revision Cementless Cage 46 B 52L,Chunli Hip,Ժամկետով ապրանքներ,Без НДС,հատ,9021
00-00002597,Revision Cementless Cage 46 B 52R,Revision Cementless Cage 46 B 52R,3111-12522,Revision Cementless Cage 46 B 52R,Chunli Hip,Ժամկետով ապրանքներ,Без НДС,հատ,9021
00-00002601,TTC Nail 9x18,TTC Nail 9x18,BOI.9930.0918,TTC Nail 9x18,TTC Nail,Հատ,Без НДС,հատ,9021
00-00002602,TTC Nail 9x21,TTC Nail 9x21,BOI.9930.0921,TTC Nail 9x21,TTC Nail,Հատ,Без НДС,հատ,9021
00-00002603,TTC Nail 9x24,TTC Nail 9x24,BOI.9930.0924,TTC Nail 9x24,TTC Nail,Հատ,Без НДС,հատ,9021
00-00002604,TTC Nail 10x18,TTC Nail 10x18,BOI.9930.1018,TTC Nail 10x18,TTC Nail,Հատ,Без НДС,հատ,9021
00-00002605,TTC Nail 10x21,TTC Nail 10x21,BOI.9930.1021,TTC Nail 10x21,TTC Nail,Հատ,Без НДС,հատ,9021
00-00002606,TTC Nail 10x24,TTC Nail 10x24,BOI.9930.1024,TTC Nail 10x24,TTC Nail,Հատ,Без НДС,հատ,9021
00-00002600,TTC Nail 11x18,TTC Nail 11x18,BOI.9930.1118,TTC Nail 11x18,TTC Nail,Հատ,Без НДС,հատ,9021
00-00002607,TTC Nail 11x21,TTC Nail 11x21,BOI.9930.1121,TTC Nail 11x21,TTC Nail,Հատ,Без НДС,հատ,9021
00-00002608,TTC Nail 11x24,TTC Nail 11x24,BOI.9930.1124,TTC Nail 11x24,TTC Nail,Հատ,Без НДС,հատ,9021
00-00002609,"InterLocking Bolt for TTC Nail 3,9X36","InterLocking Bolt for TTC Nail 3,9X36",BOI.3936,"InterLocking Bolt for TTC Nail 3,9X36",TTC Nail,Հատ,Без НДС,հատ,9021
00-00002610,"InterLocking Bolt for TTC Nail 3,9X40","InterLocking Bolt for TTC Nail 3,9X40",BOI.3940,"InterLocking Bolt for TTC Nail 3,9X40",TTC Nail,Հատ,Без НДС,հատ,9021
00-00002611,"InterLocking Bolt for TTC Nail 3,9X46","InterLocking Bolt for TTC Nail 3,9X46",BOI.3946,"InterLocking Bolt for TTC Nail 3,9X46",TTC Nail,Հատ,Без НДС,հատ,9021
00-00002612,"InterLocking Bolt for TTC Nail 3,9X50","InterLocking Bolt for TTC Nail 3,9X50",BOI.3950,"InterLocking Bolt for TTC Nail 3,9X50",TTC Nail,Հատ,Без НДС,հատ,9021
00-00002613,"InterLocking Bolt for TTC Nail 3,9X56","InterLocking Bolt for TTC Nail 3,9X56",BOI.3956,"InterLocking Bolt for TTC Nail 3,9X56",TTC Nail,Հատ,Без НДС,հատ,9021
00-00002614,"InterLocking Bolt for TTC Nail 3,9X60","InterLocking Bolt for TTC Nail 3,9X60",BOI.3960,"InterLocking Bolt for TTC Nail 3,9X60",TTC Nail,Հատ,Без НДС,հատ,9021
00-00002615,"InterLocking Bolt for TTC Nail 3,9X65","InterLocking Bolt for TTC Nail 3,9X65",BOI.3965,"InterLocking Bolt for TTC Nail 3,9X65",TTC Nail,Հատ,Без НДС,հատ,9021
00-00002616,Crosslinks 5.5mm System - 60mm,Crosslinks 5.5mm System - 60mm,8006.5560,Crosslinks 5.5mm System - 60mm,Gather,Հատ,Без НДС,հատ,9021
00-00002617,Crosslinks 5.5mm System - 80mm,Crosslinks 5.5mm System - 80mm,8006.5580,Crosslinks 5.5mm System - 80mm,Gather,Հատ,Без НДС,հատ,9021
00-00002619,Acetabular Reaming drill,Acetabular Reaming drill,50.45.34.1,Acetabular Reaming drill,Drill,Հատ,Без НДС,հատ,9021
00-00002620,Canulated drill,Canulated drill,50.45.34.2,Canulated drill,Drill,Հատ,Без НДС,հատ,9021
00-00002621,Ostillating Saw,Ostillating Saw,50.45.34.3,Ostillating Saw,Drill,Հատ,Без НДС,հատ,9021
00-00002622,Micro Oscillating Saw,Micro Oscillating Saw,50.45.34.4,Micro Oscillating Saw,Drill,Հատ,Без НДС,հատ,9021
00-00002623,Saw Blade for Micro,Saw Blade for Micro,50.45.34.5,Saw Blade for Micro,Drill,Հատ,Без НДС,հատ,9021
00-00002624,Saw Blade for Ostillating Saw,Saw Blade for Ostillating Saw,50.45.34.6,Saw Blade for Ostillating Saw,Drill,Հատ,Без НДС,հատ,9021
00-00002626,Guardian-MD mix,Guardian-MD mix,BMK-MD.1,Guardian-MD mix,BMK,Ժամկետով ապրանքներ,Без НДС,հատ,9021
00-00002627,Connector,Connector,BMD-MD.2,Connector,BMK,Ժամկետով ապրանքներ,Без НДС,հատ,9021
00-00002628,BMD-VP GUARDIAN Needle,BMD-VP GUARDIAN Needle,BMK-VP,BMD-VP GUARDIAN Needle,BMK,Ժամկետով ապրանքներ,Без НДС,հատ,9021
00-00002660,PFNA1,PFNA1,1001,PFNA1,Instruments,Հատ,Без НДС,հատ,9021
00-00002659,PFNA2,PFNA2,1002,PFNA2,Instruments,Հատ,Без НДС,հատ,9021
00-00002658,PFNA3,PFNA3,1003,PFNA3,Instruments,Հատ,Без НДС,հատ,9021
00-00002657,PFNA4,PFNA4,1004,PFNA4,Instruments,Հատ,Без НДС,հատ,9021
00-00002687,BO Humeral nail1 ,BO Humeral nail1 ,1005,BO Humeral nail1 ,Instruments,Հատ,Без НДС,հատ,9021
00-00002686,BO Humeral nail2,BO Humeral nail2,1006,BO Humeral nail2,Instruments,Հատ,Без НДС,հատ,9021
00-00002637,Tibia nail ZMD1,Tibia nail ZMD1,1007,Tibia nail ZMD1,Instruments,Հատ,Без НДС,հատ,9021
00-00002638,Tibia nail Extraarticular BU,Tibia nail Extraarticular BU,1008,Tibia nail Extraarticular BU,Instruments,Հատ,Без НДС,հատ,9021
00-00002676,DHS instrument set1,DHS instrument set1,1009,DHS instrument set1,Instruments,Հատ,Без НДС,հատ,9021
00-00002675,DHS instrument set2,DHS instrument set2,1010,DHS instrument set2,Instruments,Հատ,Без НДС,հատ,9021
00-00002672,Herbert1,Herbert1,1011,Herbert1,Instruments,Հատ,Без НДС,հատ,9021
00-00002671,Herbert2,Herbert2,1012,Herbert2,Instruments,Հատ,Без НДС,հատ,9021
00-00002670,Herbert3,Herbert3,1013,Herbert3,Instruments,Հատ,Без НДС,հատ,9021
00-00002635,Wagner stem 2,Wagner stem 2,1014.2,Wagner stem 2,Instruments,Հատ,Без НДС,հատ,9021
00-00002679,Chunli Hip 1,Chunli Hip 1,1015,Chunli Hip 1,Instruments,Հատ,Без НДС,հատ,9021
00-00002678,Chunli Hip 2,Chunli Hip 2,1016,Chunli Hip 2,Instruments,Հատ,Без НДС,հատ,9021
00-00002680,Chunli Dual Mobiliti1,Chunli Dual Mobiliti1,1017,Chunli Dual Mobiliti1,Instruments,Հատ,Без НДС,հատ,9021
00-00002677,Chunli Knee1,Chunli Knee1,1018,Chunli Knee1,Instruments,Հատ,Без НДС,հատ,9021
00-00002669,Peddicular 1,Peddicular 1,1019,Peddicular 1,Instruments,Հատ,Без НДС,հատ,9021
00-00002668,Peddicular 2,Peddicular 2,1020,Peddicular 2,Instruments,Հատ,Без НДС,հատ,9021
00-00002667,Peddicular 3,Peddicular 3,1021,Peddicular 3,Instruments,Հատ,Без НДС,հատ,9021
00-00002691,Bipolar1,Bipolar1,1022,Bipolar1,Instruments,Հատ,Без НДС,հատ,9021
00-00002690,Bipolar2,Bipolar2,1023,Bipolar2,Instruments,Հատ,Без НДС,հատ,9021
00-00002689,Bipolar3,Bipolar3,1024,Bipolar3,Instruments,Հատ,Без НДС,հատ,9021
00-00002674,Femur BO nail1,Femur BO nail1,1025,Femur BO nail1,Instruments,Հատ,Без НДС,հատ,9021
00-00002673,Femur Zim nail1,Femur Zim nail1,1026,Femur Zim nail1,Instruments,Հատ,Без НДС,հատ,9021
00-00002664,Permedica Hip non cement1,Permedica Hip non cement1,1027,Permedica Hip non cement1,Instruments,Հատ,Без НДС,հատ,9021
00-00002663,Permedica Hip non cement2,Permedica Hip non cement2,1028,Permedica Hip non cement2,Instruments,Հատ,Без НДС,հատ,9021
00-00002666,Permedica hip cement1,Permedica hip cement1,1029,Permedica hip cement1,Instruments,Հատ,Без НДС,հատ,9021
00-00002665,Permedica hip cement2,Permedica hip cement2,1030,Permedica hip cement2,Instruments,Հատ,Без НДС,հատ,9021
00-00002662,Permedica Knee1,Permedica Knee1,1031,Permedica Knee1,Instruments,Հատ,Без НДС,հատ,9021
00-00002661,Permedica Knee2,Permedica Knee2,1032,Permedica Knee2,Instruments,Հատ,Без НДС,հատ,9021
00-00002655,Reamer rent1,Reamer rent1,1033,Reamer rent1,Instruments,Հատ,Без НДС,հատ,9021
00-00002654,Saw rent1,Saw rent1,1034,Saw rent1,Instruments,Հատ,Без НДС,հատ,9021
00-00002639,Snap-Off1,Snap-Off1,1035,Snap-Off1,Instruments,Հատ,Без НДС,հատ,9021
00-00002652,Screwbox small,Screwbox small,1036,Screwbox small,Instruments,Հատ,Без НДС,հատ,9021
00-00002653,Screwbox big,Screwbox big,1037,Screwbox big,Instruments,Հատ,Без НДС,հատ,9021
00-00002650,"Screwdriver for 3,5mm screws","Screwdriver for 3,5mm screws",BO.1035,"Screwdriver for 3,5mm screws",Instruments,Հատ,Без НДС,հատ,9021
00-00002643,"Screwdriver ZMD 3,5mm","Screwdriver ZMD 3,5mm",1039,"Screwdriver ZMD 3,5mm",Instruments,Հատ,Без НДС,հատ,9021
00-00002649,"Screwdriver for 4,5mm screws","Screwdriver for 4,5mm screws",BO.1045,"Screwdriver for 4,5mm screws",Instruments,Հատ,Без НДС,հատ,9021
00-00002641,"Screwdriver ZMD 4,5mm","Screwdriver ZMD 4,5mm",1041,"Screwdriver ZMD 4,5mm",Instruments,Հատ,Без НДС,հատ,9021
00-00002651,Screwdriver for 2.4/2.7mm screws,Screwdriver for 2.4/2.7mm screws,BO.1042,Screwdriver for 2.4/2.7mm screws,Instruments,Հատ,Без НДС,հատ,9021
00-00002688,Screwdriver for Suture anchor,Screwdriver for Suture anchor,BO.1043,Screwdriver for Suture anchor,Instruments,Հատ,Без НДС,հատ,9021
00-00002642,"Screwdriver ZMD 4,0mm cannul+non cannul","Screwdriver ZMD 4,0mm cannul+non cannul",1044,"Screwdriver ZMD 4,0mm cannul+non cannul",Instruments,Հատ,Без НДС,հատ,9021
00-00002640,"Screwdriver ZMD 7,3mm cannulated","Screwdriver ZMD 7,3mm cannulated",1045,"Screwdriver ZMD 7,3mm cannulated",Instruments,Հատ,Без НДС,հատ,9021
00-00002644,"Screwdriver ZMD 2,0mm phalang 2*/hex","Screwdriver ZMD 2,0mm phalang 2*/hex",1046,"Screwdriver ZMD 2,0mm phalang 2*/hex",Instruments,Հատ,Без НДС,հատ,9021
00-00002656,Phalang mesh tap drill/sleeve/mesh/hendle,Phalang mesh tap drill/sleeve/mesh/hendle,1047,Phalang mesh tap drill/sleeve/mesh/hendle,Instruments,Հատ,Без НДС,հատ,9021
00-00002646,"Screwdriver BU T8 2,0mm *","Screwdriver BU T8 2,0mm *",1048,"Screwdriver BU T8 2,0mm *",Instruments,Հատ,Без НДС,հատ,9021
00-00002645,"Screwdriver BU T8 2,7mm *","Screwdriver BU T8 2,7mm *",1049,"Screwdriver BU T8 2,7mm *",Instruments,Հատ,Без НДС,հատ,9021
00-00002647,"Screwdriver BU T153,5mm *","Screwdriver BU T153,5mm *",1050,"Screwdriver BU T153,5mm *",Instruments,Հատ,Без НДС,հատ,9021
00-00002648,"Screwdriver BU SW2,5 3,5mm cannul hex","Screwdriver BU SW2,5 3,5mm cannul hex",1051,"Screwdriver BU SW2,5 3,5mm cannul hex",Instruments,Հատ,Без НДС,հատ,9021
00-00002636,Tibiofibular Syndesmosis instrumen set REF115260000,Tibiofibular Syndesmosis instrumen set REF115260000,1052,Tibiofibular Syndesmosis instrumen set REF115260000,Instruments,Հատ,Без НДС,հատ,9021
00-00002684,"Sleeve for 3,5mm locking screws","Sleeve for 3,5mm locking screws",BO.1053,"Sleeve for 3,5mm locking screws",Instruments,Հատ,Без НДС,հատ,9021
00-00002685,"Sleeve for 2,4mm locking screws","Sleeve for 2,4mm locking screws",BO.1054,"Sleeve for 2,4mm locking screws",Instruments,Հատ,Без НДС,հատ,9021
00-00002683,"Sleeve for 5,0mm locking screws","Sleeve for 5,0mm locking screws",BO.1055,"Sleeve for 5,0mm locking screws",Instruments,Հատ,Без НДС,հատ,9021
00-00002682,"Sleeve for 6,5mm locking screws","Sleeve for 6,5mm locking screws",BO.1056,"Sleeve for 6,5mm locking screws",Instruments,Հատ,Без НДС,հատ,9021
00-00002633,"ZMD Sleeve 3,5mm","ZMD Sleeve 3,5mm",1057,"ZMD Sleeve 3,5mm",Instruments,Հատ,Без НДС,հատ,9021
00-00002632,"ZMD Sleeve 5,0mm","ZMD Sleeve 5,0mm",1058,"ZMD Sleeve 5,0mm",Instruments,Հատ,Без НДС,հատ,9021
00-00002631,"ZMD Sleeve 6,0mm","ZMD Sleeve 6,0mm",1059,"ZMD Sleeve 6,0mm",Instruments,Հատ,Без НДС,հատ,9021
00-00002630,"ZMD Sleeve 2,4mm","ZMD Sleeve 2,4mm",1060,"ZMD Sleeve 2,4mm",Instruments,Հատ,Без НДС,հատ,9021
00-00002634,"ZMD Sleeve 2,0mm","ZMD Sleeve 2,0mm",1061,"ZMD Sleeve 2,0mm",Instruments,Հատ,Без НДС,հատ,9021
00-00002681,"BU Sleeve 3,5mm","BU Sleeve 3,5mm",1062,"BU Sleeve 3,5mm",Instruments,Հատ,Без НДС,հատ,9021
00-00002692,CHUNLI Hip Instrument Set N1/2,CHUNLI Hip Instrument Set N1/2,10010.2,CHUNLI Hip Instrument Set N1/2,CHUNLI,Հատ,Без НДС,հատ,9021
00-00002693,CHUNLI Hip Instrument Set N2/1,CHUNLI Hip Instrument Set N2/1,10002.1,CHUNLI Hip Instrument Set N2/1,CHUNLI,Հատ,Без НДС,հատ,9021
00-00002694,CHUNLI Knee Instrument Set 2,CHUNLI Knee Instrument Set 2,10002,CHUNLI Knee Instrument Set 2,CHUNLI,Հատ,Без НДС,հատ,9021
00-00002695,CHUNLI Knee Instrument Set 3,CHUNLI Knee Instrument Set 3,10003,CHUNLI Knee Instrument Set 3,CHUNLI,Հատ,Без НДС,հատ,9021
00-00002696,CHUNLI Knee Instrument Set 4,CHUNLI Knee Instrument Set 4,10004,CHUNLI Knee Instrument Set 4,CHUNLI,Հատ,Без НДС,հատ,9021
00-00002697,CHUNLI Knee Instrument Set 5,CHUNLI Knee Instrument Set 5,10005,CHUNLI Knee Instrument Set 5,CHUNLI,Հատ,Без НДС,հատ,9021
00-00002698,CHUNLI Hip Instrument Set N3/1,CHUNLI Hip Instrument Set N3/1,10003.1,CHUNLI Hip Instrument Set N3/1,CHUNLI,Հատ,Без НДС,հատ,9021
00-00002699,CHUNLI Hip Instrument Set N3/2,CHUNLI Hip Instrument Set N3/2,10003.2,CHUNLI Hip Instrument Set N3/2,CHUNLI,Հատ,Без НДС,հատ,9021
00-00002701,Bipolar4,Bipolar4,1025,Bipolar4,Instruments,Հատ,Без НДС,հատ,9021
00-00002704,Tibia Distal Medial Combinated Locking plate 11h R Ti,Tibia Distal Medial Combinated Locking plate 11h R Ti,4212.0511,Tibia Distal Medial Combinated Locking plate 11h R Ti,ZMD Plates,Հատ,Без НДС,հատ,9021
00-00002705,Tibia Distal Medial Combinated Locking plate 11h L Ti,Tibia Distal Medial Combinated Locking plate 11h L Ti,4211.0511,Tibia Distal Medial Combinated Locking plate 11h L Ti,ZMD Plates,Հատ,Без НДС,հատ,9021
00-00002706,Tibia Distal Medial Combinated Locking plate 13h R Ti,Tibia Distal Medial Combinated Locking plate 13h R Ti,4212.0513,Tibia Distal Medial Combinated Locking plate 13h R Ti,ZMD Plates,Հատ,Без НДС,հատ,9021
00-00002707,Tibia Distal Medial Combinated Locking plate 13h L Ti,Tibia Distal Medial Combinated Locking plate 13h L Ti,4211.0513,Tibia Distal Medial Combinated Locking plate 13h L Ti,ZMD Plates,Հատ,Без НДС,հատ,9021
00-00002708,Tibia Distal Medial Combinated Locking plate-II 11h R Ti,Tibia Distal Medial Combinated Locking plate-II 11h R Ti,2212.0511,Tibia Distal Medial Combinated Locking plate-II 11h R Ti,ZMD Plates,Հատ,Без НДС,հատ,9021
00-00002709,Tibia Distal Medial Combinated Locking plate-II 11h L Ti,Tibia Distal Medial Combinated Locking plate-II 11h L Ti,2211.0511,Tibia Distal Medial Combinated Locking plate-II 11h L Ti,ZMD Plates,Հատ,Без НДС,հատ,9021
00-00002710,Tibia Distal Medial Combinated Locking plate-II 13h R Ti,Tibia Distal Medial Combinated Locking plate-II 13h R Ti,2212.0513,Tibia Distal Medial Combinated Locking plate-II 13h R Ti,ZMD Plates,Հատ,Без НДС,հատ,9021
00-00002711,Tibia Distal Medial Combinated Locking plate-II 13h L Ti,Tibia Distal Medial Combinated Locking plate-II 13h L Ti,2211.0513,Tibia Distal Medial Combinated Locking plate-II 13h L Ti,ZMD Plates,Հատ,Без НДС,հատ,9021
00-00002712,Radius Distal Small T Locking Plate 4h T,Radius Distal Small T Locking Plate 4h T,2213.1104,Radius Distal Small T Locking Plate 4h T,ZMD Plates,Հատ,Без НДС,հատ,9021
00-00002713,Radius Distal Small T Locking Plate 5h T,Radius Distal Small T Locking Plate 5h T,2213.1105,Radius Distal Small T Locking Plate 5h T,ZMD Plates,Հատ,Без НДС,հատ,9021
00-00002714,JUST Hip Instrument Set N2․1,JUST Hip Instrument Set N2․1,10005․1,JUST Hip Instrument Set N2․1,JUST,Հատ,Без НДС,հատ,9021
00-00002715,JUST Hip Instrument Set N3․1,JUST Hip Instrument Set N3․1,10006․1,JUST Hip Instrument Set N3․1,JUST,Հատ,Без НДС,հատ,9021
00-00002717,Distal Lateral Tibial Locking Plate LEFT 13holes,Distal Lateral Tibial Locking Plate LEFT 13holes,3010261013,Distal Lateral Tibial Locking Plate LEFT 13holes,Boneunion,Հատ,Без НДС,հատ,9021
00-00002718,Femoral Stem-BC4 10,Femoral Stem-BC4 10,3514-02100,Femoral Stem-BC4 10,Chunli Hip,Ժամկետով ապրանքներ,Без НДС,հատ,9021
00-00002719,Femoral Stem-BC4 14,Femoral Stem-BC4 14,3514-02140,Femoral Stem-BC4 14,Chunli Hip,Ժամկետով ապրանքներ,Без НДС,հատ,9021
00-00002720,Acetabular cup G-20 - 62,Acetabular cup G-20 - 62,3149-01620,Acetabular cup G-20 - 62,Chunli Hip,Ժամկետով ապրանքներ,Без НДС,հատ,9021
00-00002721,Acetabular cup G-20 - 64,Acetabular cup G-20 - 64,3149-01640,Acetabular cup G-20 - 64,Chunli Hip,Ժամկետով ապրանքներ,Без НДС,հատ,9021
00-00002722,Cemented Cup-HXLPE with 32head 58,Cemented Cup-HXLPE with 32head 58,3170-28580,Cemented Cup-HXLPE with 32head 58,Chunli Hip,Ժամկետով ապրանքներ,Без НДС,հատ,9021
00-00002723,Cemented Cup-HXLPE with 32head 60,Cemented Cup-HXLPE with 32head 60,3170-28600,Cemented Cup-HXLPE with 32head 60,Chunli Hip,Ժամկետով ապրանքներ,Без НДС,հատ,9021
00-00002724,Femoral Head-T 22/9,Femoral Head-T 22/9,3210-19220,Femoral Head-T 22/9,Chunli Hip,Ժամկետով ապրանքներ,Без НДС,հատ,9021
00-00002832,Tibial Tray-XN(R) 2#,Tibial Tray-XN(R) 2#,5171-01020,Tibial Tray-XN(R) 2#,Chunli Knee,Ժամկետով ապրանքներ,Без НДС,հատ,9021
00-00002833,Tibial Tray-XN(R) 3#,Tibial Tray-XN(R) 3#,5171-01030,Tibial Tray-XN(R) 3#,Chunli Knee,Ժամկետով ապրանքներ,Без НДС,հատ,9021
00-00002834,Tibial Tray-XN(R) 4#,Tibial Tray-XN(R) 4#,5171-01040,Tibial Tray-XN(R) 4#,Chunli Knee,Ժամկետով ապրանքներ,Без НДС,հատ,9021
00-00002835,Tibial Tray-XN(R) 5#,Tibial Tray-XN(R) 5#,5171-01050,Tibial Tray-XN(R) 5#,Chunli Knee,Ժամկետով ապրանքներ,Без НДС,հատ,9021
00-00002836,Tibial Tray-XN(R) 6#,Tibial Tray-XN(R) 6#,5171-01060,Tibial Tray-XN(R) 6#,Chunli Knee,Ժամկետով ապրանքներ,Без НДС,հատ,9021
00-00002837,Tibial Tray-XN(R) 7#,Tibial Tray-XN(R) 7#,5171-01070,Tibial Tray-XN(R) 7#,Chunli Knee,Ժամկետով ապրանքներ,Без НДС,հատ,9021
00-00002819,Tibial Insert-XN(R-CCK) 2#3#4#-9mm,Tibial Insert-XN(R-CCK) 2#3#4#-9mm,5271-09031,Tibial Insert-XN(R-CCK) 2#3#4#-9mm,Chunli Knee,Ժամկետով ապրանքներ,Без НДС,հատ,9021
00-00002814,Tibial Insert-XN(R-CCK) 2#3#4#-11mm,Tibial Insert-XN(R-CCK) 2#3#4#-11mm,5271-11031,Tibial Insert-XN(R-CCK) 2#3#4#-11mm,Chunli Knee,Ժամկետով ապրանքներ,Без НДС,հատ,9021
00-00002815,Tibial Insert-XN(R-CCK) 2#3#4#-13mm,Tibial Insert-XN(R-CCK) 2#3#4#-13mm,5271-13031,Tibial Insert-XN(R-CCK) 2#3#4#-13mm,Chunli Knee,Ժամկետով ապրանքներ,Без НДС,հատ,9021
00-00002816,Tibial Insert-XN(R-CCK) 2#3#4#-15mm,Tibial Insert-XN(R-CCK) 2#3#4#-15mm,5271-15031,Tibial Insert-XN(R-CCK) 2#3#4#-15mm,Chunli Knee,Ժամկետով ապրանքներ,Без НДС,հատ,9021
00-00002817,Tibial Insert-XN(R-CCK) 2#3#4#-17mm,Tibial Insert-XN(R-CCK) 2#3#4#-17mm,5271-17031,Tibial Insert-XN(R-CCK) 2#3#4#-17mm,Chunli Knee,Ժամկետով ապրանքներ,Без НДС,հատ,9021
00-00002818,Tibial Insert-XN(R-CCK) 2#3#4#-19mm,Tibial Insert-XN(R-CCK) 2#3#4#-19mm,5271-19031,Tibial Insert-XN(R-CCK) 2#3#4#-19mm,Chunli Knee,Ժամկետով ապրանքներ,Без НДС,հատ,9021
00-00002825,Tibial Insert-XN(R-CCK) 5#6#-9mm,Tibial Insert-XN(R-CCK) 5#6#-9mm,5271-09051,Tibial Insert-XN(R-CCK) 5#6#-9mm,Chunli Knee,Ժամկետով ապրանքներ,Без НДС,հատ,9021
00-00002820,Tibial Insert-XN(R-CCK) 5#6#-11mm,Tibial Insert-XN(R-CCK) 5#6#-11mm,5271-11051,Tibial Insert-XN(R-CCK) 5#6#-11mm,Chunli Knee,Ժամկետով ապրանքներ,Без НДС,հատ,9021
00-00002821,Tibial Insert-XN(R-CCK) 5#6#-13mm,Tibial Insert-XN(R-CCK) 5#6#-13mm,5271-13051,Tibial Insert-XN(R-CCK) 5#6#-13mm,Chunli Knee,Ժամկետով ապրանքներ,Без НДС,հատ,9021
00-00002822,Tibial Insert-XN(R-CCK) 5#6#-15mm,Tibial Insert-XN(R-CCK) 5#6#-15mm,5271-15051,Tibial Insert-XN(R-CCK) 5#6#-15mm,Chunli Knee,Ժամկետով ապրանքներ,Без НДС,հատ,9021
00-00002823,Tibial Insert-XN(R-CCK) 5#6#-17mm,Tibial Insert-XN(R-CCK) 5#6#-17mm,5271-17051,Tibial Insert-XN(R-CCK) 5#6#-17mm,Chunli Knee,Ժամկետով ապրանքներ,Без НДС,հատ,9021
00-00002824,Tibial Insert-XN(R-CCK) 5#6#-19mm,Tibial Insert-XN(R-CCK) 5#6#-19mm,5271-19051,Tibial Insert-XN(R-CCK) 5#6#-19mm,Chunli Knee,Ժամկետով ապրանքներ,Без НДС,հատ,9021
00-00002831,Tibial Insert-XN(R-CCK) 7#-9mm,Tibial Insert-XN(R-CCK) 7#-9mm,5271-09071,Tibial Insert-XN(R-CCK) 7#-9mm,Chunli Knee,Ժամկետով ապրանքներ,Без НДС,հատ,9021
00-00002826,Tibial Insert-XN(R-CCK) 7#-11mm,Tibial Insert-XN(R-CCK) 7#-11mm,5271-11071,Tibial Insert-XN(R-CCK) 7#-11mm,Chunli Knee,Ժամկետով ապրանքներ,Без НДС,հատ,9021
00-00002827,Tibial Insert-XN(R-CCK) 7#-13mm,Tibial Insert-XN(R-CCK) 7#-13mm,5271-13071,Tibial Insert-XN(R-CCK) 7#-13mm,Chunli Knee,Ժամկետով ապրանքներ,Без НДС,հատ,9021
00-00002828,Tibial Insert-XN(R-CCK) 7#-15mm,Tibial Insert-XN(R-CCK) 7#-15mm,5271-15071,Tibial Insert-XN(R-CCK) 7#-15mm,Chunli Knee,Ժամկետով ապրանքներ,Без НДС,հատ,9021
00-00002829,Tibial Insert-XN(R-CCK) 7#-17mm,Tibial Insert-XN(R-CCK) 7#-17mm,5271-17071,Tibial Insert-XN(R-CCK) 7#-17mm,Chunli Knee,Ժամկետով ապրանքներ,Без НДС,հատ,9021
00-00002830,Tibial Insert-XN(R-CCK) 7#-19mm,Tibial Insert-XN(R-CCK) 7#-19mm,5271-19071,Tibial Insert-XN(R-CCK) 7#-19mm,Chunli Knee,Ժամկետով ապրանքներ,Без НДС,հատ,9021
00-00002743,Knee stem-ST  9-60mm,Knee stem-ST  9-60mm,5273-09060,Knee stem-ST  9-60mm,Chunli Knee,Ժամկետով ապրանքներ,Без НДС,հատ,9021
00-00002746,Knee stem-ST 10-60mm,Knee stem-ST 10-60mm,5273-10060,Knee stem-ST 10-60mm,Chunli Knee,Ժամկետով ապրանքներ,Без НДС,հատ,9021
00-00002749,Knee stem-ST 11-60mm,Knee stem-ST 11-60mm,5273-11060,Knee stem-ST 11-60mm,Chunli Knee,Ժամկետով ապրանքներ,Без НДС,հատ,9021
00-00002752,Knee stem-ST 12-60mm,Knee stem-ST 12-60mm,5273-12060,Knee stem-ST 12-60mm,Chunli Knee,Ժամկետով ապրանքներ,Без НДС,հատ,9021
00-00002755,Knee stem-ST 13-60mm,Knee stem-ST 13-60mm,5273-13060,Knee stem-ST 13-60mm,Chunli Knee,Ժամկետով ապրանքներ,Без НДС,հատ,9021
00-00002758,Knee stem-ST 14-60mm,Knee stem-ST 14-60mm,5273-14060,Knee stem-ST 14-60mm,Chunli Knee,Ժամկետով ապրանքներ,Без НДС,հատ,9021
00-00002760,Knee stem-ST 15-60mm,Knee stem-ST 15-60mm,5273-15060,Knee stem-ST 15-60mm,Chunli Knee,Ժամկետով ապրանքներ,Без НДС,հատ,9021
00-00002764,Knee stem-ST 16-60mm,Knee stem-ST 16-60mm,5273-16060,Knee stem-ST 16-60mm,Chunli Knee,Ժամկետով ապրանքներ,Без НДС,հատ,9021
00-00002741,Knee stem-ST  9-100mm,Knee stem-ST  9-100mm,5273-09100,Knee stem-ST  9-100mm,Chunli Knee,Ժամկետով ապրանքներ,Без НДС,հատ,9021
00-00002744,Knee stem-ST 10-100mm,Knee stem-ST 10-100mm,5273-10100,Knee stem-ST 10-100mm,Chunli Knee,Ժամկետով ապրանքներ,Без НДС,հատ,9021
00-00002747,Knee stem-ST 11-100mm,Knee stem-ST 11-100mm,5273-11100,Knee stem-ST 11-100mm,Chunli Knee,Ժամկետով ապրանքներ,Без НДС,հատ,9021
00-00002750,Knee stem-ST 12-100mm,Knee stem-ST 12-100mm,5273-12100,Knee stem-ST 12-100mm,Chunli Knee,Ժամկետով ապրանքներ,Без НДС,հատ,9021
00-00002753,Knee stem-ST 13-100mm,Knee stem-ST 13-100mm,5273-13100,Knee stem-ST 13-100mm,Chunli Knee,Ժամկետով ապրանքներ,Без НДС,հատ,9021
00-00002756,Knee stem-ST 14-100mm,Knee stem-ST 14-100mm,5273-14100,Knee stem-ST 14-100mm,Chunli Knee,Ժամկետով ապրանքներ,Без НДС,հատ,9021
00-00002759,Knee stem-ST 15-100mm,Knee stem-ST 15-100mm,5273-15100,Knee stem-ST 15-100mm,Chunli Knee,Ժամկետով ապրանքներ,Без НДС,հատ,9021
00-00002762,Knee stem-ST 16-100mm,Knee stem-ST 16-100mm,5273-16100,Knee stem-ST 16-100mm,Chunli Knee,Ժամկետով ապրանքներ,Без НДС,հատ,9021
00-00002742,Knee stem-ST  9-130mm,Knee stem-ST  9-130mm,5273-09130,Knee stem-ST  9-130mm,Chunli Knee,Ժամկետով ապրանքներ,Без НДС,հատ,9021
00-00002745,Knee stem-ST 10-130mm,Knee stem-ST 10-130mm,5273-10130,Knee stem-ST 10-130mm,Chunli Knee,Ժամկետով ապրանքներ,Без НДС,հատ,9021
00-00002748,Knee stem-ST 11-130mm,Knee stem-ST 11-130mm,5273-11130,Knee stem-ST 11-130mm,Chunli Knee,Ժամկետով ապրանքներ,Без НДС,հատ,9021
00-00002751,Knee stem-ST 12-130mm,Knee stem-ST 12-130mm,5273-12130,Knee stem-ST 12-130mm,Chunli Knee,Ժամկետով ապրանքներ,Без НДС,հատ,9021
00-00002754,Knee stem-ST 13-130mm,Knee stem-ST 13-130mm,5273-13130,Knee stem-ST 13-130mm,Chunli Knee,Ժամկետով ապրանքներ,Без НДС,հատ,9021
00-00002757,Knee stem-ST 14-130mm,Knee stem-ST 14-130mm,5273-14130,Knee stem-ST 14-130mm,Chunli Knee,Ժամկետով ապրանքներ,Без НДС,հատ,9021
00-00002761,Knee stem-ST 15-130mm,Knee stem-ST 15-130mm,5273-15130,Knee stem-ST 15-130mm,Chunli Knee,Ժամկետով ապրանքներ,Без НДС,հատ,9021
00-00002763,Knee stem-ST 16-130mm,Knee stem-ST 16-130mm,5273-16130,Knee stem-ST 16-130mm,Chunli Knee,Ժամկետով ապրանքներ,Без НДС,հատ,9021
00-00002725,Knee stem-OT  9-100mm,Knee stem-OT  9-100mm,5273-09103,Knee stem-OT  9-100mm,Chunli Knee,Ժամկետով ապրանքներ,Без НДС,հատ,9021
00-00002727,Knee stem-OT 10-100mm,Knee stem-OT 10-100mm,5273-10103,Knee stem-OT 10-100mm,Chunli Knee,Ժամկետով ապրանքներ,Без НДС,հատ,9021
00-00002729,Knee stem-OT 11-100mm,Knee stem-OT 11-100mm,5273-11103,Knee stem-OT 11-100mm,Chunli Knee,Ժամկետով ապրանքներ,Без НДС,հատ,9021
00-00002731,Knee stem-OT 12-100mm,Knee stem-OT 12-100mm,5273-12103,Knee stem-OT 12-100mm,Chunli Knee,Ժամկետով ապրանքներ,Без НДС,հատ,9021
00-00002733,Knee stem-OT 13-100mm,Knee stem-OT 13-100mm,5273-13103,Knee stem-OT 13-100mm,Chunli Knee,Ժամկետով ապրանքներ,Без НДС,հատ,9021
00-00002735,Knee stem-OT 14-100mm,Knee stem-OT 14-100mm,5273-14103,Knee stem-OT 14-100mm,Chunli Knee,Ժամկետով ապրանքներ,Без НДС,հատ,9021
00-00002737,Knee stem-OT 15-100mm,Knee stem-OT 15-100mm,5273-15103,Knee stem-OT 15-100mm,Chunli Knee,Ժամկետով ապրանքներ,Без НДС,հատ,9021
00-00002739,Knee stem-OT 16-100mm,Knee stem-OT 16-100mm,5273-16103,Knee stem-OT 16-100mm,Chunli Knee,Ժամկետով ապրանքներ,Без НДС,հատ,9021
00-00002726,Knee stem-OT  9-130mm,Knee stem-OT  9-130mm,5273-09133,Knee stem-OT  9-130mm,Chunli Knee,Ժամկետով ապրանքներ,Без НДС,հատ,9021
00-00002728,Knee stem-OT 10-130mm,Knee stem-OT 10-130mm,5273-10133,Knee stem-OT 10-130mm,Chunli Knee,Ժամկետով ապրանքներ,Без НДС,հատ,9021
00-00002730,Knee stem-OT 11-130mm,Knee stem-OT 11-130mm,5273-11133,Knee stem-OT 11-130mm,Chunli Knee,Ժամկետով ապրանքներ,Без НДС,հատ,9021
00-00002732,Knee stem-OT 12-130mm,Knee stem-OT 12-130mm,5273-12133,Knee stem-OT 12-130mm,Chunli Knee,Ժամկետով ապրանքներ,Без НДС,հատ,9021
00-00002734,Knee stem-OT 13-130mm,Knee stem-OT 13-130mm,5273-13133,Knee stem-OT 13-130mm,Chunli Knee,Ժամկետով ապրանքներ,Без НДС,հատ,9021
00-00002736,Knee stem-OT 14-130mm,Knee stem-OT 14-130mm,5273-14133,Knee stem-OT 14-130mm,Chunli Knee,Ժամկետով ապրանքներ,Без НДС,հատ,9021
00-00002738,Knee stem-OT 15-130mm,Knee stem-OT 15-130mm,5273-15133,Knee stem-OT 15-130mm,Chunli Knee,Ժամկետով ապրանքներ,Без НДС,հատ,9021
00-00002740,Knee stem-OT 16-130mm,Knee stem-OT 16-130mm,5273-16133,Knee stem-OT 16-130mm,Chunli Knee,Ժամկետով ապրանքներ,Без НДС,հատ,9021
00-00002778,"Tibial Half Block(16°) 10mm, 2#, Left","Tibial Half Block(16°) 10mm, 2#, Left",5277-10021,"Tibial Half Block(16°) 10mm, 2#, Left",Chunli Knee,Ժամկետով ապրանքներ,Без НДС,հատ,9021
00-00002779,"Tibial Half Block(16°) 10mm, 2#, Right","Tibial Half Block(16°) 10mm, 2#, Right",5277-10022,"Tibial Half Block(16°) 10mm, 2#, Right",Chunli Knee,Ժամկետով ապրանքներ,Без НДС,հատ,9021
00-00002780,"Tibial Half Block(16°) 10mm, 3#, Left","Tibial Half Block(16°) 10mm, 3#, Left",5277-10031,"Tibial Half Block(16°) 10mm, 3#, Left",Chunli Knee,Ժամկետով ապրանքներ,Без НДС,հատ,9021
00-00002781,"Tibial Half Block(16°) 10mm, 3#, Right","Tibial Half Block(16°) 10mm, 3#, Right",5277-10032,"Tibial Half Block(16°) 10mm, 3#, Right",Chunli Knee,Ժամկետով ապրանքներ,Без НДС,հատ,9021
00-00002782,"Tibial Half Block(16°) 10mm, 4#, Left","Tibial Half Block(16°) 10mm, 4#, Left",5277-10041,"Tibial Half Block(16°) 10mm, 4#, Left",Chunli Knee,Ժամկետով ապրանքներ,Без НДС,հատ,9021
00-00002783,"Tibial Half Block(16°) 10mm, 4#, Right","Tibial Half Block(16°) 10mm, 4#, Right",5277-10042,"Tibial Half Block(16°) 10mm, 4#, Right",Chunli Knee,Ժամկետով ապրանքներ,Без НДС,հատ,9021
00-00002784,"Tibial Half Block(16°) 10mm, 5#, Left","Tibial Half Block(16°) 10mm, 5#, Left",5277-10051,"Tibial Half Block(16°) 10mm, 5#, Left",Chunli Knee,Ժամկետով ապրանքներ,Без НДС,հատ,9021
00-00002785,"Tibial Half Block(16°) 10mm, 5#, Right","Tibial Half Block(16°) 10mm, 5#, Right",5277-10052,"Tibial Half Block(16°) 10mm, 5#, Right",Chunli Knee,Ժամկետով ապրանքներ,Без НДС,հատ,9021
00-00002786,"Tibial Half Block(16°) 10mm, 6#, Left","Tibial Half Block(16°) 10mm, 6#, Left",5277-10061,"Tibial Half Block(16°) 10mm, 6#, Left",Chunli Knee,Ժամկետով ապրանքներ,Без НДС,հատ,9021
00-00002787,"Tibial Half Block(16°) 10mm, 6#, Right","Tibial Half Block(16°) 10mm, 6#, Right",5277-10062,"Tibial Half Block(16°) 10mm, 6#, Right",Chunli Knee,Ժամկետով ապրանքներ,Без НДС,հատ,9021
00-00002788,"Tibial Half Block(16°) 10mm, 7#, Left","Tibial Half Block(16°) 10mm, 7#, Left",5277-10071,"Tibial Half Block(16°) 10mm, 7#, Left",Chunli Knee,Ժամկետով ապրանքներ,Без НДС,հատ,9021
00-00002789,"Tibial Half Block(16°) 10mm, 7#, Right","Tibial Half Block(16°) 10mm, 7#, Right",5277-10072,"Tibial Half Block(16°) 10mm, 7#, Right",Chunli Knee,Ժամկետով ապրանքներ,Без НДС,հատ,9021
00-00002801,"Tibial Half Block(flat) 5mm, 2#, Left","Tibial Half Block(flat) 5mm, 2#, Left",5278-05021,"Tibial Half Block(flat) 5mm, 2#, Left",Chunli Knee,Ժամկետով ապրանքներ,Без НДС,հատ,9021
00-00002804,"Tibial Half Block(flat) 5mm, 3#, Left","Tibial Half Block(flat) 5mm, 3#, Left",5278-05031,"Tibial Half Block(flat) 5mm, 3#, Left",Chunli Knee,Ժամկետով ապրանքներ,Без НДС,հատ,9021
00-00002806,"Tibial Half Block(flat) 5mm, 4#, Left","Tibial Half Block(flat) 5mm, 4#, Left",5278-05041,"Tibial Half Block(flat) 5mm, 4#, Left",Chunli Knee,Ժամկետով ապրանքներ,Без НДС,հատ,9021
00-00002808,"Tibial Half Block(flat) 5mm, 5#, Left","Tibial Half Block(flat) 5mm, 5#, Left",5278-05051,"Tibial Half Block(flat) 5mm, 5#, Left",Chunli Knee,Ժամկետով ապրանքներ,Без НДС,հատ,9021
00-00002810,"Tibial Half Block(flat) 5mm, 6#, Left","Tibial Half Block(flat) 5mm, 6#, Left",5278-05061,"Tibial Half Block(flat) 5mm, 6#, Left",Chunli Knee,Ժամկետով ապրանքներ,Без НДС,հատ,9021
00-00002812,"Tibial Half Block(flat) 5mm, 7#, Left","Tibial Half Block(flat) 5mm, 7#, Left",5278-05071,"Tibial Half Block(flat) 5mm, 7#, Left",Chunli Knee,Ժամկետով ապրանքներ,Без НДС,հատ,9021
00-00002803,"Tibial Half Block(flat) 5mm, 2#, Right","Tibial Half Block(flat) 5mm, 2#, Right",5278-05022,"Tibial Half Block(flat) 5mm, 2#, Right",Chunli Knee,Ժամկետով ապրանքներ,Без НДС,հատ,9021
00-00002805,"Tibial Half Block(flat) 5mm, 3#, Right","Tibial Half Block(flat) 5mm, 3#, Right",5278-05032,"Tibial Half Block(flat) 5mm, 3#, Right",Chunli Knee,Ժամկետով ապրանքներ,Без НДС,հատ,9021
00-00002807,"Tibial Half Block(flat) 5mm, 4#, Right","Tibial Half Block(flat) 5mm, 4#, Right",5278-05042,"Tibial Half Block(flat) 5mm, 4#, Right",Chunli Knee,Ժամկետով ապրանքներ,Без НДС,հատ,9021
00-00002809,"Tibial Half Block(flat) 5mm, 5#, Right","Tibial Half Block(flat) 5mm, 5#, Right",5278-05052,"Tibial Half Block(flat) 5mm, 5#, Right",Chunli Knee,Ժամկետով ապրանքներ,Без НДС,հատ,9021
00-00002811,"Tibial Half Block(flat) 5mm, 6#, Right","Tibial Half Block(flat) 5mm, 6#, Right",5278-05062,"Tibial Half Block(flat) 5mm, 6#, Right",Chunli Knee,Ժամկետով ապրանքներ,Без НДС,հատ,9021
00-00002813,"Tibial Half Block(flat) 5mm, 7#, Right","Tibial Half Block(flat) 5mm, 7#, Right",5278-05072,"Tibial Half Block(flat) 5mm, 7#, Right",Chunli Knee,Ժամկետով ապրանքներ,Без НДС,հատ,9021
00-00002790,"Tibial Half Block(flat) 10mm, 2#, Left","Tibial Half Block(flat) 10mm, 2#, Left",5278-10021,"Tibial Half Block(flat) 10mm, 2#, Left",Chunli Knee,Ժամկետով ապրանքներ,Без НДС,հատ,9021
00-00002792,"Tibial Half Block(flat) 10mm, 3#, Left","Tibial Half Block(flat) 10mm, 3#, Left",5278-10031,"Tibial Half Block(flat) 10mm, 3#, Left",Chunli Knee,Ժամկետով ապրանքներ,Без НДС,հատ,9021
00-00002794,"Tibial Half Block(flat) 10mm, 4#, Left","Tibial Half Block(flat) 10mm, 4#, Left",5278-10041,"Tibial Half Block(flat) 10mm, 4#, Left",Chunli Knee,Ժամկետով ապրանքներ,Без НДС,հատ,9021
00-00002796,"Tibial Half Block(flat) 10mm, 5#, Left","Tibial Half Block(flat) 10mm, 5#, Left",5278-10051,"Tibial Half Block(flat) 10mm, 5#, Left",Chunli Knee,Ժամկետով ապրանքներ,Без НДС,հատ,9021
00-00002798,"Tibial Half Block(flat) 10mm, 6#, Left","Tibial Half Block(flat) 10mm, 6#, Left",5278-10061,"Tibial Half Block(flat) 10mm, 6#, Left",Chunli Knee,Ժամկետով ապրանքներ,Без НДС,հատ,9021
00-00002800,"Tibial Half Block(flat) 10mm, 7#, Left","Tibial Half Block(flat) 10mm, 7#, Left",5278-10071,"Tibial Half Block(flat) 10mm, 7#, Left",Chunli Knee,Ժամկետով ապրանքներ,Без НДС,հատ,9021
00-00002791,"Tibial Half Block(flat) 10mm, 2#, Right","Tibial Half Block(flat) 10mm, 2#, Right",5278-10022,"Tibial Half Block(flat) 10mm, 2#, Right",Chunli Knee,Ժամկետով ապրանքներ,Без НДС,հատ,9021
00-00002793,"Tibial Half Block(flat) 10mm, 3#, Right","Tibial Half Block(flat) 10mm, 3#, Right",5278-10032,"Tibial Half Block(flat) 10mm, 3#, Right",Chunli Knee,Ժամկետով ապրանքներ,Без НДС,հատ,9021
00-00002795,"Tibial Half Block(flat) 10mm, 4#, Right","Tibial Half Block(flat) 10mm, 4#, Right",5278-10042,"Tibial Half Block(flat) 10mm, 4#, Right",Chunli Knee,Ժամկետով ապրանքներ,Без НДС,հատ,9021
00-00002797,"Tibial Half Block(flat) 10mm, 5#, Right","Tibial Half Block(flat) 10mm, 5#, Right",5278-10052,"Tibial Half Block(flat) 10mm, 5#, Right",Chunli Knee,Ժամկետով ապրանքներ,Без НДС,հատ,9021
00-00002799,"Tibial Half Block(flat) 10mm, 6#, Right","Tibial Half Block(flat) 10mm, 6#, Right",5278-10062,"Tibial Half Block(flat) 10mm, 6#, Right",Chunli Knee,Ժամկետով ապրանքներ,Без НДС,հատ,9021
00-00002802,"Tibial Half Block(flat) 10mm, 7#, Right","Tibial Half Block(flat) 10mm, 7#, Right",5278-10072,"Tibial Half Block(flat) 10mm, 7#, Right",Chunli Knee,Ժամկետով ապրանքներ,Без НДС,հատ,9021
00-00002766,"Tibial Full Bloack(7°) 12mm, 2#, Left","Tibial Full Bloack(7°) 12mm, 2#, Left",5276-12021,"Tibial Full Bloack(7°) 12mm, 2#, Left",Chunli Knee,Ժամկետով ապրանքներ,Без НДС,հատ,9021
00-00002768,"Tibial Full Bloack(7°) 12mm, 3#, Left","Tibial Full Bloack(7°) 12mm, 3#, Left",5276-12031,"Tibial Full Bloack(7°) 12mm, 3#, Left",Chunli Knee,Ժամկետով ապրանքներ,Без НДС,հատ,9021
00-00002770,"Tibial Full Bloack(7°) 12mm, 4#, Left","Tibial Full Bloack(7°) 12mm, 4#, Left",5276-12041,"Tibial Full Bloack(7°) 12mm, 4#, Left",Chunli Knee,Ժամկետով ապրանքներ,Без НДС,հատ,9021
00-00002772,"Tibial Full Bloack(7°) 12mm, 5#, Left","Tibial Full Bloack(7°) 12mm, 5#, Left",5276-12051,"Tibial Full Bloack(7°) 12mm, 5#, Left",Chunli Knee,Ժամկետով ապրանքներ,Без НДС,հատ,9021
00-00002774,"Tibial Full Bloack(7°) 12mm, 6#, Left","Tibial Full Bloack(7°) 12mm, 6#, Left",5276-12061,"Tibial Full Bloack(7°) 12mm, 6#, Left",Chunli Knee,Ժամկետով ապրանքներ,Без НДС,հատ,9021
00-00002776,"Tibial Full Bloack(7°) 12mm, 7#, Left","Tibial Full Bloack(7°) 12mm, 7#, Left",5276-12071,"Tibial Full Bloack(7°) 12mm, 7#, Left",Chunli Knee,Ժամկետով ապրանքներ,Без НДС,հատ,9021
00-00002767,"Tibial Full Bloack(7°) 12mm, 2#, Right","Tibial Full Bloack(7°) 12mm, 2#, Right",5276-12022,"Tibial Full Bloack(7°) 12mm, 2#, Right",Chunli Knee,Ժամկետով ապրանքներ,Без НДС,հատ,9021
00-00002769,"Tibial Full Bloack(7°) 12mm, 3#, Right","Tibial Full Bloack(7°) 12mm, 3#, Right",5276-12032,"Tibial Full Bloack(7°) 12mm, 3#, Right",Chunli Knee,Ժամկետով ապրանքներ,Без НДС,հատ,9021
00-00002771,"Tibial Full Bloack(7°) 12mm, 4#, Right","Tibial Full Bloack(7°) 12mm, 4#, Right",5276-12042,"Tibial Full Bloack(7°) 12mm, 4#, Right",Chunli Knee,Ժամկետով ապրանքներ,Без НДС,հատ,9021
00-00002773,"Tibial Full Bloack(7°) 12mm, 5#, Right","Tibial Full Bloack(7°) 12mm, 5#, Right",5276-12052,"Tibial Full Bloack(7°) 12mm, 5#, Right",Chunli Knee,Ժամկետով ապրանքներ,Без НДС,հատ,9021
00-00002775,"Tibial Full Bloack(7°) 12mm, 6#, Right","Tibial Full Bloack(7°) 12mm, 6#, Right",5276-12062,"Tibial Full Bloack(7°) 12mm, 6#, Right",Chunli Knee,Ժամկետով ապրանքներ,Без НДС,հատ,9021
00-00002777,"Tibial Full Bloack(7°) 12mm, 7#, Right","Tibial Full Bloack(7°) 12mm, 7#, Right",5276-12072,"Tibial Full Bloack(7°) 12mm, 7#, Right",Chunli Knee,Ժամկետով ապրանքներ,Без НДС,հատ,9021
00-00002765,M5 Fasten Screw 33.5mm,M5 Fasten Screw 33.5mm,5279-53350,M5 Fasten Screw 33.5mm,Chunli Knee,Ժամկետով ապրանքներ,Без НДС,հատ,9021
00-00002838,Femoral Condyle-XN(R-CCK) 2L#,Femoral Condyle-XN(R-CCK) 2L#,5270-01021,Femoral Condyle-XN(R-CCK) 2L#,Chunli Knee,Ժամկետով ապրանքներ,Без НДС,հատ,9021
00-00002839,Femoral Condyle-XN(R-CCK) 2R#,Femoral Condyle-XN(R-CCK) 2R#,5270-01022,Femoral Condyle-XN(R-CCK) 2R#,Chunli Knee,Ժամկետով ապրանքներ,Без НДС,հատ,9021
00-00002840,Femoral Condyle-XN(R-CCK) 3L#,Femoral Condyle-XN(R-CCK) 3L#,5270-01031,Femoral Condyle-XN(R-CCK) 3L#,Chunli Knee,Ժամկետով ապրանքներ,Без НДС,հատ,9021
00-00002841,Femoral Condyle-XN(R-CCK) 3R#,Femoral Condyle-XN(R-CCK) 3R#,5270-01032,Femoral Condyle-XN(R-CCK) 3R#,Chunli Knee,Ժամկետով ապրանքներ,Без НДС,հատ,9021
00-00002842,Femoral Condyle-XN(R-CCK) 4L#,Femoral Condyle-XN(R-CCK) 4L#,5270-01041,Femoral Condyle-XN(R-CCK) 4L#,Chunli Knee,Ժամկետով ապրանքներ,Без НДС,հատ,9021
00-00002843,Femoral Condyle-XN(R-CCK) 4R#,Femoral Condyle-XN(R-CCK) 4R#,5270-01042,Femoral Condyle-XN(R-CCK) 4R#,Chunli Knee,Ժամկետով ապրանքներ,Без НДС,հատ,9021
00-00002844,Femoral Condyle-XN(R-CCK) 5L#,Femoral Condyle-XN(R-CCK) 5L#,5270-01051,Femoral Condyle-XN(R-CCK) 5L#,Chunli Knee,Ժամկետով ապրանքներ,Без НДС,հատ,9021
00-00002845,Femoral Condyle-XN(R-CCK) 5R#,Femoral Condyle-XN(R-CCK) 5R#,5270-01052,Femoral Condyle-XN(R-CCK) 5R#,Chunli Knee,Ժամկետով ապրանքներ,Без НДС,հատ,9021
00-00002846,Femoral Condyle-XN(R-CCK) 6L#,Femoral Condyle-XN(R-CCK) 6L#,5270-01061,Femoral Condyle-XN(R-CCK) 6L#,Chunli Knee,Ժամկետով ապրանքներ,Без НДС,հատ,9021
00-00002847,Femoral Condyle-XN(R-CCK) 6R#,Femoral Condyle-XN(R-CCK) 6R#,5270-01062,Femoral Condyle-XN(R-CCK) 6R#,Chunli Knee,Ժամկետով ապրանքներ,Без НДС,հատ,9021
00-00002848,Femoral Condyle-XN(R-CCK) 7L#,Femoral Condyle-XN(R-CCK) 7L#,5270-01071,Femoral Condyle-XN(R-CCK) 7L#,Chunli Knee,Ժամկետով ապրանքներ,Без НДС,հատ,9021
00-00002849,Femoral Condyle-XN(R-CCK) 7R#,Femoral Condyle-XN(R-CCK) 7R#,5270-01072,Femoral Condyle-XN(R-CCK) 7R#,Chunli Knee,Ժամկետով ապրանքներ,Без НДС,հատ,9021
00-00002851,Augment of distal condylar 2#-5mm,Augment of distal condylar 2#-5mm,5272-05023,Augment of distal condylar 2#-5mm,Chunli Knee,Ժամկետով ապրանքներ,Без НДС,հատ,9021
00-00002850,Augment of distal condylar 2#-10mm,Augment of distal condylar 2#-10mm,5272-10023,Augment of distal condylar 2#-10mm,Chunli Knee,Ժամկետով ապրանքներ,Без НДС,հատ,9021
00-00002852,Augment of distal condylar 3#-5mm,Augment of distal condylar 3#-5mm,5272-05033,Augment of distal condylar 3#-5mm,Chunli Knee,Ժամկետով ապրանքներ,Без НДС,հատ,9021
00-00002854,Augment of distal condylar 4#-5mm,Augment of distal condylar 4#-5mm,5272-05043,Augment of distal condylar 4#-5mm,Chunli Knee,Ժամկետով ապրանքներ,Без НДС,հատ,9021
00-00002853,Augment of distal condylar 4#-10mm,Augment of distal condylar 4#-10mm,5272-10043,Augment of distal condylar 4#-10mm,Chunli Knee,Ժամկետով ապրանքներ,Без НДС,հատ,9021
00-00002856,Augment of distal condylar 5#-5mm,Augment of distal condylar 5#-5mm,5272-05053,Augment of distal condylar 5#-5mm,Chunli Knee,Ժամկետով ապրանքներ,Без НДС,հատ,9021
00-00002855,Augment of distal condylar 5#-10mm,Augment of distal condylar 5#-10mm,5272-10053,Augment of distal condylar 5#-10mm,Chunli Knee,Ժամկետով ապրանքներ,Без НДС,հատ,9021
00-00002858,Augment of distal condylar 6#-5mm,Augment of distal condylar 6#-5mm,5272-05063,Augment of distal condylar 6#-5mm,Chunli Knee,Ժամկետով ապրանքներ,Без НДС,հատ,9021
00-00002857,Augment of distal condylar 6#-10mm,Augment of distal condylar 6#-10mm,5272-10063,Augment of distal condylar 6#-10mm,Chunli Knee,Ժամկետով ապրանքներ,Без НДС,հատ,9021
00-00002860,Augment of distal condylar 7#-5mm,Augment of distal condylar 7#-5mm,5272-05073,Augment of distal condylar 7#-5mm,Chunli Knee,Ժամկետով ապրանքներ,Без НДС,հատ,9021
00-00002859,Augment of distal condylar 7#-10mm,Augment of distal condylar 7#-10mm,5272-10073,Augment of distal condylar 7#-10mm,Chunli Knee,Ժամկետով ապրանքներ,Без НДС,հատ,9021
00-00002862,Augment of posterior condylar 2#-5mm,Augment of posterior condylar 2#-5mm,5272-05024,Augment of posterior condylar 2#-5mm,Chunli Knee,Ժամկետով ապրանքներ,Без НДС,հատ,9021
00-00002861,Augment of posterior condylar 2#-10mm,Augment of posterior condylar 2#-10mm,5272-10024,Augment of posterior condylar 2#-10mm,Chunli Knee,Ժամկետով ապրանքներ,Без НДС,հատ,9021
00-00002864,Augment of posterior condylar 3#-5mm,Augment of posterior condylar 3#-5mm,5272-05034,Augment of posterior condylar 3#-5mm,Chunli Knee,Ժամկետով ապրանքներ,Без НДС,հատ,9021
00-00002863,Augment of posterior condylar 3#-10mm,Augment of posterior condylar 3#-10mm,5272-05044,Augment of posterior condylar 3#-10mm,Chunli Knee,Ժամկետով ապրանքներ,Без НДС,հատ,9021
00-00002865,Augment of posterior condylar 4#-5mm,Augment of posterior condylar 4#-5mm,5272-10044,Augment of posterior condylar 4#-5mm,Chunli Knee,Ժամկետով ապրանքներ,Без НДС,հատ,9021
00-00002867,Augment of posterior condylar 5#-5mm,Augment of posterior condylar 5#-5mm,5272-05054,Augment of posterior condylar 5#-5mm,Chunli Knee,Ժամկետով ապրանքներ,Без НДС,հատ,9021
00-00002866,Augment of posterior condylar 5#-10mm,Augment of posterior condylar 5#-10mm,5272-10054,Augment of posterior condylar 5#-10mm,Chunli Knee,Ժամկետով ապրանքներ,Без НДС,հատ,9021
00-00002869,Augment of posterior condylar 6#-5mm,Augment of posterior condylar 6#-5mm,5272-05064,Augment of posterior condylar 6#-5mm,Chunli Knee,Ժամկետով ապրանքներ,Без НДС,հատ,9021
00-00002868,Augment of posterior condylar 6#-10mm,Augment of posterior condylar 6#-10mm,5272-10064,Augment of posterior condylar 6#-10mm,Chunli Knee,Ժամկետով ապրանքներ,Без НДС,հատ,9021
00-00002871,Augment of posterior condylar 7#-5mm,Augment of posterior condylar 7#-5mm,5272-05074,Augment of posterior condylar 7#-5mm,Chunli Knee,Ժամկետով ապրանքներ,Без НДС,հատ,9021
00-00002870,Augment of posterior condylar 7#-10mm,Augment of posterior condylar 7#-10mm,5272-10074,Augment of posterior condylar 7#-10mm,Chunli Knee,Ժամկետով ապրանքներ,Без НДС,հատ,9021
00-00002872,Screw for tibial part - M5 6mm,Screw for tibial part - M5 6mm,5279-00600,Screw for tibial part - M5 6mm,Chunli Knee,Ժամկետով ապրանքներ,Без НДС,հատ,9021
00-00002873,Screw for tibial part - M5 7mm,Screw for tibial part - M5 7mm,5279-00700,Screw for tibial part - M5 7mm,Chunli Knee,Ժամկետով ապրանքներ,Без НДС,հատ,9021
00-00002874,CHUNLI Hip Instrument Set N4/2,CHUNLI Hip Instrument Set N4/2,10004.2,CHUNLI Hip Instrument Set N4/2,CHUNLI,Հատ,Без НДС,հատ,9021
00-00002875,CHUNLI Hip Instrument Set N4/1,CHUNLI Hip Instrument Set N4/1,10004.1,CHUNLI Hip Instrument Set N4/1,CHUNLI,Հատ,Без НДС,հատ,9021
00-00002876,Femur BO nail2,Femur BO nail2,1025.2,Femur BO nail2,Instruments,Հատ,Без НДС,հատ,9021
00-00002883,"Cannulated Screw 6.5mm,65mm (32mm thread)S.S","Cannulated Screw 6.5mm,65mm (32mm thread)S.S",BOI.115.65.S,"Cannulated Screw 6.5mm,65mm (32mm thread)S.S",Screws,Հատ,Без НДС,հատ,9021
00-00002882,"Cannulated Screw 6.5mm,70mm (32mm thread)S.S","Cannulated Screw 6.5mm,70mm (32mm thread)S.S",BOI.115.70.S,"Cannulated Screw 6.5mm,70mm (32mm thread)S.S",Screws,Հատ,Без НДС,հատ,9021
00-00002881,"Cannulated Screw 6.5mm,75mm (32mm thread)S.S","Cannulated Screw 6.5mm,75mm (32mm thread)S.S",BOI.115.75.S,"Cannulated Screw 6.5mm,75mm (32mm thread)S.S",Screws,Հատ,Без НДС,հատ,9021
00-00002880,"Cannulated Screw 6.5mm,80mm (32mm thread)S.S","Cannulated Screw 6.5mm,80mm (32mm thread)S.S",BOI.115.80.S,"Cannulated Screw 6.5mm,80mm (32mm thread)S.S",Screws,Հատ,Без НДС,հատ,9021
00-00002879,"Cannulated Screw 6.5mm,85mm (32mm thread)S.S","Cannulated Screw 6.5mm,85mm (32mm thread)S.S",BOI.115.85.S,"Cannulated Screw 6.5mm,85mm (32mm thread)S.S",Screws,Հատ,Без НДС,հատ,9021
00-00002878,"Cannulated Screw 6.5mm,90mm (32mm thread)S.S","Cannulated Screw 6.5mm,90mm (32mm thread)S.S",BOI.115.90.S,"Cannulated Screw 6.5mm,90mm (32mm thread)S.S",Screws,Հատ,Без НДС,հատ,9021
00-00002877,"Cannulated Screw 6.5mm,95mm (32mm thread)S.S","Cannulated Screw 6.5mm,95mm (32mm thread)S.S",BOI.115.95.S,"Cannulated Screw 6.5mm,95mm (32mm thread)S.S",Screws,Հատ,Без НДС,հատ,9021
00-00002886,"Cannulated Screw 6.5mm,100mm (32mm thread)S.S","Cannulated Screw 6.5mm,100mm (32mm thread)S.S",BOI.115.100.S,"Cannulated Screw 6.5mm,100mm (32mm thread)S.S",Screws,Հատ,Без НДС,հատ,9021
00-00002885,"Cannulated Screw 6.5mm,105mm (32mm thread)S.S","Cannulated Screw 6.5mm,105mm (32mm thread)S.S",BOI.115.105.S,"Cannulated Screw 6.5mm,105mm (32mm thread)S.S",Screws,Հատ,Без НДС,հատ,9021
00-00002884,"Cannulated Screw 6.5mm,110mm (32mm thread)S.S","Cannulated Screw 6.5mm,110mm (32mm thread)S.S",BOI.115.110.S,"Cannulated Screw 6.5mm,110mm (32mm thread)S.S",Screws,Հատ,Без НДС,հատ,9021
00-00002887,"Cannulated Screw 6.5mm,30mm (32mm thread)Ti","Cannulated Screw 6.5mm,30mm (32mm thread)Ti",BOI.115.30.Ti,"Cannulated Screw 6.5mm,30mm (32mm thread)Ti",Screws,Հատ,Без НДС,հատ,9021
00-00002888,"Cannulated Screw 6.5mm,35mm (32mm thread)Ti","Cannulated Screw 6.5mm,35mm (32mm thread)Ti",BOI.115.35.Ti,"Cannulated Screw 6.5mm,35mm (32mm thread)Ti",Screws,Հատ,Без НДС,հատ,9021
00-00002889,"Cannulated Screw 6.5mm,40mm (32mm thread)Ti","Cannulated Screw 6.5mm,40mm (32mm thread)Ti",BOI.115.40.Ti,"Cannulated Screw 6.5mm,40mm (32mm thread)Ti",Screws,Հատ,Без НДС,հատ,9021
00-00002890,"Cannulated Screw 6.5mm,45mm (32mm thread)Ti","Cannulated Screw 6.5mm,45mm (32mm thread)Ti",BOI.115.45.Ti,"Cannulated Screw 6.5mm,45mm (32mm thread)Ti",Screws,Հատ,Без НДС,հատ,9021
00-00002891,"Cannulated Screw 6.5mm,50mm (32mm thread)Ti","Cannulated Screw 6.5mm,50mm (32mm thread)Ti",BOI.115.50.Ti,"Cannulated Screw 6.5mm,50mm (32mm thread)Ti",Screws,Հատ,Без НДС,հատ,9021
00-00002892,"Cannulated Screw 6.5mm,55mm (32mm thread)Ti","Cannulated Screw 6.5mm,55mm (32mm thread)Ti",BOI.115.55.Ti,"Cannulated Screw 6.5mm,55mm (32mm thread)Ti",Screws,Հատ,Без НДС,հատ,9021
00-00002893,"Cannulated Screw 6.5mm,60mm (32mm thread)Ti","Cannulated Screw 6.5mm,60mm (32mm thread)Ti",BOI.115.60.Ti,"Cannulated Screw 6.5mm,60mm (32mm thread)Ti",Screws,Հատ,Без НДС,հատ,9021
00-00002894,"Cannulated Screw 6.5mm,65mm (32mm thread)Ti","Cannulated Screw 6.5mm,65mm (32mm thread)Ti",BOI.115.65.Ti,"Cannulated Screw 6.5mm,65mm (32mm thread)Ti",Screws,Հատ,Без НДС,հատ,9021
00-00002895,"Cannulated Screw 6.5mm,70mm (32mm thread)Ti","Cannulated Screw 6.5mm,70mm (32mm thread)Ti",BOI.115.70.Ti,"Cannulated Screw 6.5mm,70mm (32mm thread)Ti",Screws,Հատ,Без НДС,հատ,9021
00-00002896,"Cannulated Screw 6.5mm,75mm (32mm thread)Ti","Cannulated Screw 6.5mm,75mm (32mm thread)Ti",BOI.115.75.Ti,"Cannulated Screw 6.5mm,75mm (32mm thread)Ti",Screws,Հատ,Без НДС,հատ,9021
00-00002897,"Cannulated Screw 6.5mm,80mm (32mm thread)Ti","Cannulated Screw 6.5mm,80mm (32mm thread)Ti",BOI.115.80.Ti,"Cannulated Screw 6.5mm,80mm (32mm thread)Ti",Screws,Հատ,Без НДС,հատ,9021
00-00002898,"Cannulated Screw 6.5mm,85mm (32mm thread)Ti","Cannulated Screw 6.5mm,85mm (32mm thread)Ti",BOI.115.85.Ti,"Cannulated Screw 6.5mm,85mm (32mm thread)Ti",Screws,Հատ,Без НДС,հատ,9021
00-00002899,"Cannulated Screw 6.5mm,90mm (32mm thread)Ti","Cannulated Screw 6.5mm,90mm (32mm thread)Ti",BOI.115.90.Ti,"Cannulated Screw 6.5mm,90mm (32mm thread)Ti",Screws,Հատ,Без НДС,հատ,9021
00-00002900,"Cannulated Screw 6.5mm,95mm (32mm thread)Ti","Cannulated Screw 6.5mm,95mm (32mm thread)Ti",BOI.115.95.Ti,"Cannulated Screw 6.5mm,95mm (32mm thread)Ti",Screws,Հատ,Без НДС,հատ,9021
00-00002901,"Cannulated Screw 6.5mm,100mm (32mm thread)Ti","Cannulated Screw 6.5mm,100mm (32mm thread)Ti",BOI.115.100.Ti,"Cannulated Screw 6.5mm,100mm (32mm thread)Ti",Screws,Հատ,Без НДС,հատ,9021
00-00002902,"Cannulated Screw 6.5mm,105mm (32mm thread)Ti","Cannulated Screw 6.5mm,105mm (32mm thread)Ti",BOI.115.105.Ti,"Cannulated Screw 6.5mm,105mm (32mm thread)Ti",Screws,Հատ,Без НДС,հատ,9021
00-00002903,"Cannulated Screw 6.5mm,110mm (32mm thread)Ti","Cannulated Screw 6.5mm,110mm (32mm thread)Ti",BOI.115.110.Ti,"Cannulated Screw 6.5mm,110mm (32mm thread)Ti",Screws,Հատ,Без НДС,հատ,9021
00-00002904,"Cannulated Screw DIA. 4.0mm,65mm (short Thread) S.S","Cannulated Screw DIA. 4.0mm,65mm (short Thread) S.S",BOI.106.65.S,"Cannulated Screw DIA. 4.0mm,65mm (short Thread) S.S",Screws,Հատ,Без НДС,հատ,9021
00-00002905,"Cannulated Screw DIA. 4.0mm,70mm (short Thread) S.S","Cannulated Screw DIA. 4.0mm,70mm (short Thread) S.S",BOI.106.70.S,"Cannulated Screw DIA. 4.0mm,70mm (short Thread) S.S",Screws,Հատ,Без НДС,հատ,9021
00-00002906,"Cannulated Screw DIA. 4.0mm,75mm (short Thread) S.S","Cannulated Screw DIA. 4.0mm,75mm (short Thread) S.S",BOI.106.75.S,"Cannulated Screw DIA. 4.0mm,75mm (short Thread) S.S",Screws,Հատ,Без НДС,հատ,9021
00-00002907,"Cannulated Screw DIA. 4.0mm,30mm (short Thread) Ti","Cannulated Screw DIA. 4.0mm,30mm (short Thread) Ti",BOI.106.30.Ti,"Cannulated Screw DIA. 4.0mm,30mm (short Thread) Ti",Screws,Հատ,Без НДС,հատ,9021
00-00002908,"Cannulated Screw DIA. 4.0mm,35mm (short Thread) Ti","Cannulated Screw DIA. 4.0mm,35mm (short Thread) Ti",BOI.106.35.Ti,"Cannulated Screw DIA. 4.0mm,35mm (short Thread) Ti",Screws,Հատ,Без НДС,հատ,9021
00-00002909,"Cannulated Screw DIA. 4.0mm,40mm (short Thread) Ti","Cannulated Screw DIA. 4.0mm,40mm (short Thread) Ti",BOI.106.40.Ti,"Cannulated Screw DIA. 4.0mm,40mm (short Thread) Ti",Screws,Հատ,Без НДС,հատ,9021
00-00002910,"Cannulated Screw DIA. 4.0mm,45mm (short Thread) Ti","Cannulated Screw DIA. 4.0mm,45mm (short Thread) Ti",BOI.106.45.Ti,"Cannulated Screw DIA. 4.0mm,45mm (short Thread) Ti",Screws,Հատ,Без НДС,հատ,9021
00-00002911,"Cannulated Screw DIA. 4.0mm,50mm (short Thread) Ti","Cannulated Screw DIA. 4.0mm,50mm (short Thread) Ti",BOI.106.50.Ti,"Cannulated Screw DIA. 4.0mm,50mm (short Thread) Ti",Screws,Հատ,Без НДС,հատ,9021
00-00002912,"Cannulated Screw DIA. 4.0mm,55mm (short Thread) Ti","Cannulated Screw DIA. 4.0mm,55mm (short Thread) Ti",BOI.106.55.Ti,"Cannulated Screw DIA. 4.0mm,55mm (short Thread) Ti",Screws,Հատ,Без НДС,հատ,9021
00-00002913,"Cannulated Screw DIA. 4.0mm,60mm (short Thread) Ti","Cannulated Screw DIA. 4.0mm,60mm (short Thread) Ti",BOI.106.60.Ti,"Cannulated Screw DIA. 4.0mm,60mm (short Thread) Ti",Screws,Հատ,Без НДС,հատ,9021
00-00002914,"Cannulated Screw DIA. 4.0mm,65mm (short Thread) Ti","Cannulated Screw DIA. 4.0mm,65mm (short Thread) Ti",BOI.106.65.Ti,"Cannulated Screw DIA. 4.0mm,65mm (short Thread) Ti",Screws,Հատ,Без НДС,հատ,9021
00-00002915,"Cannulated Screw DIA. 4.0mm,70mm (short Thread) Ti","Cannulated Screw DIA. 4.0mm,70mm (short Thread) Ti",BOI.106.70.Ti,"Cannulated Screw DIA. 4.0mm,70mm (short Thread) Ti",Screws,Հատ,Без НДС,հատ,9021
00-00002916,"Cannulated Screw DIA. 4.0mm,75mm (short Thread) Ti","Cannulated Screw DIA. 4.0mm,75mm (short Thread) Ti",BOI.106.75.Ti,"Cannulated Screw DIA. 4.0mm,75mm (short Thread) Ti",Screws,Հատ,Без НДС,հատ,9021
00-00002917,"Anterior cervical plate - II SYS Ti, 23mm","Anterior cervical plate - II SYS Ti, 23mm",BO.149.23.T,"Anterior cervical plate - II SYS Ti, 23mm",Plates,Հատ,Без НДС,հատ,9021
00-00002918,"Anterior cervical plate - II SYS Ti, 25mm","Anterior cervical plate - II SYS Ti, 25mm",BO.149.25.T,"Anterior cervical plate - II SYS Ti, 25mm",Plates,Հատ,Без НДС,հատ,9021
00-00002919,"Anterior cervical plate - II SYS Ti, 27mm","Anterior cervical plate - II SYS Ti, 27mm",BO.149.27.T,"Anterior cervical plate - II SYS Ti, 27mm",Plates,Հատ,Без НДС,հատ,9021
00-00002920,"Anterior cervical plate - II SYS Ti, 29mm","Anterior cervical plate - II SYS Ti, 29mm",BO.149.29.T,"Anterior cervical plate - II SYS Ti, 29mm",Plates,Հատ,Без НДС,հատ,9021
00-00002921,"Anterior cervical plate - II SYS Ti, 32mm","Anterior cervical plate - II SYS Ti, 32mm",BO.149.32.T,"Anterior cervical plate - II SYS Ti, 32mm",Plates,Հատ,Без НДС,հատ,9021
00-00002922,"Anterior cervical plate - II SYS Ti, 35mm","Anterior cervical plate - II SYS Ti, 35mm",BO.149.35.T,"Anterior cervical plate - II SYS Ti, 35mm",Plates,Հատ,Без НДС,հատ,9021
00-00002923,"Anterior cervical plate - II SYS Ti, 38mm","Anterior cervical plate - II SYS Ti, 38mm",BO.149.38.T,"Anterior cervical plate - II SYS Ti, 38mm",Plates,Հատ,Без НДС,հատ,9021
00-00002924,"Anterior cervical plate - II SYS Ti, 41mm","Anterior cervical plate - II SYS Ti, 41mm",BO.149.41.T,"Anterior cervical plate - II SYS Ti, 41mm",Plates,Հատ,Без НДС,հատ,9021
00-00002925,"Anterior cervical plate - II SYS Ti, 44mm","Anterior cervical plate - II SYS Ti, 44mm",BO.149.44.T,"Anterior cervical plate - II SYS Ti, 44mm",Plates,Հատ,Без НДС,հատ,9021
00-00002926,"Anterior cervical plate - II SYS Ti, 47mm","Anterior cervical plate - II SYS Ti, 47mm",BO.149.47.T,"Anterior cervical plate - II SYS Ti, 47mm",Plates,Հատ,Без НДС,հատ,9021
00-00002927,"Anterior cervical plate - II SYS Ti, 50mm","Anterior cervical plate - II SYS Ti, 50mm",BO.149.50.T,"Anterior cervical plate - II SYS Ti, 50mm",Plates,Հատ,Без НДС,հատ,9021
00-00002928,"Anterior cervical plate - II SYS Ti, 53mm","Anterior cervical plate - II SYS Ti, 53mm",BO.149.53.T,"Anterior cervical plate - II SYS Ti, 53mm",Plates,Հատ,Без НДС,հատ,9021
00-00002929,"TI ANTERIOR CERVICAL SCREW DIA. 4,0MM, LENGTH 16MM","TI ANTERIOR CERVICAL SCREW DIA. 4,0MM, LENGTH 16MM",BO.143.16.T,"TI ANTERIOR CERVICAL SCREW DIA. 4,0MM, LENGTH 16MM",Plates,Հատ,Без НДС,հատ,9021
00-00002930,"TI ANTERIOR CERVICAL SCREW DIA. 4,0MM, LENGTH 18MM","TI ANTERIOR CERVICAL SCREW DIA. 4,0MM, LENGTH 18MM",BO.143.18.T,"TI ANTERIOR CERVICAL SCREW DIA. 4,0MM, LENGTH 18MM",Plates,Հատ,Без НДС,հատ,9021
00-00002931,CLAVICAL SUPERIOR ANTERIOR DIVIDE LOCKING PLATE WITH LATERAL EXTENSION LEFT - 4h,CLAVICAL SUPERIOR ANTERIOR DIVIDE LOCKING PLATE WITH LATERAL EXTENSION LEFT - 4h,BO.501.04,CLAVICAL SUPERIOR ANTERIOR DIVIDE LOCKING PLATE WITH LATERAL EXTENSION LEFT - 4h,Plates,Հատ,Без НДС,հատ,9021
00-00002932,CLAVICAL SUPERIOR ANTERIOR DIVIDE LOCKING PLATE WITH LATERAL EXTENSION LEFT  - 5h,CLAVICAL SUPERIOR ANTERIOR DIVIDE LOCKING PLATE WITH LATERAL EXTENSION LEFT  - 5h,BO.501.05,CLAVICAL SUPERIOR ANTERIOR DIVIDE LOCKING PLATE WITH LATERAL EXTENSION LEFT  - 5h,Plates,Հատ,Без НДС,հատ,9021
00-00002933,CLAVICAL SUPERIOR ANTERIOR DIVIDE LOCKING PLATE WITH LATERAL EXTENSION LEFT - 6h,CLAVICAL SUPERIOR ANTERIOR DIVIDE LOCKING PLATE WITH LATERAL EXTENSION LEFT - 6h,BO.501.06,CLAVICAL SUPERIOR ANTERIOR DIVIDE LOCKING PLATE WITH LATERAL EXTENSION LEFT - 6h,Plates,Հատ,Без НДС,հատ,9021
00-00002934,CLAVICAL SUPERIOR ANTERIOR DIVIDE LOCKING PLATE WITH LATERAL EXTENSION RIGHT - 4h,CLAVICAL SUPERIOR ANTERIOR DIVIDE LOCKING PLATE WITH LATERAL EXTENSION RIGHT - 4h,BO.502.04,CLAVICAL SUPERIOR ANTERIOR DIVIDE LOCKING PLATE WITH LATERAL EXTENSION RIGHT - 4h,Plates,Հատ,Без НДС,հատ,9021
00-00002935,CLAVICAL SUPERIOR ANTERIOR DIVIDE LOCKING PLATE WITH LATERAL EXTENSION RIGHT - 5h,CLAVICAL SUPERIOR ANTERIOR DIVIDE LOCKING PLATE WITH LATERAL EXTENSION RIGHT - 5h,BO.502.05,CLAVICAL SUPERIOR ANTERIOR DIVIDE LOCKING PLATE WITH LATERAL EXTENSION RIGHT - 5h,Plates,Հատ,Без НДС,հատ,9021
00-00002936,CLAVICAL SUPERIOR ANTERIOR - DIVIDE LOCKING PLATE WITH LATERAL EXTENSION RIGHT - 6h,CLAVICAL SUPERIOR ANTERIOR - DIVIDE LOCKING PLATE WITH LATERAL EXTENSION RIGHT - 6h,BO.502.06,CLAVICAL SUPERIOR ANTERIOR - DIVIDE LOCKING PLATE WITH LATERAL EXTENSION RIGHT - 6h,Plates,Հատ,Без НДС,հատ,9021
00-00002937,"BOMBAY, S.S. CAP FOR (SY) FEMUR NAIL","BOMBAY, S.S. CAP FOR (SY) FEMUR NAIL",BO.06.710.25.S,"BOMBAY, S.S. CAP FOR (SY) FEMUR NAIL",BOMBAY,Հատ,Без НДС,հատ,9021
00-00002938,"BOMBAY, InterLocking Bolt 4.9x72mm, S.S","BOMBAY, InterLocking Bolt 4.9x72mm, S.S",BOI.152.72.S,"BOMBAY, InterLocking Bolt 4.9x72mm, S.S",BOMBAY,Հատ,Без НДС,հատ,9021
00-00002939,"BOMBAY, InterLocking Bolt 4.9x72mm, Ti","BOMBAY, InterLocking Bolt 4.9x72mm, Ti",BOI.152.72.T,"BOMBAY, InterLocking Bolt 4.9x72mm, Ti",BOMBAY,Հատ,Без НДС,հատ,9021
00-00002940,"16G  / 1,65mm * 3metr","16G  / 1,65mm * 3metr",BOI.237.16,"16G  / 1,65mm * 3metr",BOMBAY,Հատ,Без НДС,հատ,9021
00-00002941,"18G  / 1,25mm * 3metr","18G  / 1,25mm * 3metr",BOI.237.18,"18G  / 1,25mm * 3metr",BOMBAY,Հատ,Без НДС,հատ,9021
00-00002942,"20G / 0,9mm * 3metr","20G / 0,9mm * 3metr",BOI.237.20,"20G / 0,9mm * 3metr",BOMBAY,Հատ,Без НДС,հատ,9021
00-00002943,"22G  / 0,7mm * 3metr","22G  / 0,7mm * 3metr",BOI.237.22,"22G  / 0,7mm * 3metr",BOMBAY,Հատ,Без НДС,հատ,9021
00-00002944,"24G  / 0,5mm * 3metr","24G  / 0,5mm * 3metr",BOI.237.24,"24G  / 0,5mm * 3metr",BOMBAY,Հատ,Без НДС,հատ,9021
00-00002945,"26G  / 0,45mm * 3metr","26G  / 0,45mm * 3metr",BOI.237.26,"26G  / 0,45mm * 3metr",BOMBAY,Հատ,Без НДС,հատ,9021
00-00002946,End Cup for TTC nail,End Cup for TTC nail,BO.04.389.T,End Cup for TTC nail,,Հատ,Без НДС,հատ,9021
00-00002947,Reconstruction Locking Plate 3.5mm Dynamic hole 15h Ti,Reconstruction Locking Plate 3.5mm Dynamic hole 15h Ti,BO.9912.15.T,Reconstruction Locking Plate 3.5mm Dynamic hole 15h Ti,Plates,Հատ,Без НДС,հատ,9021
00-00002948,"Radial Head LCP RIM plate 2,4mm  2H","Radial Head LCP RIM plate 2,4mm  2H",Bo.182 T,"Radial Head LCP RIM plate 2,4mm  2H",BOMBAY,Հատ,Без НДС,հատ,9021
00-00002949,"Radial Head LCP RIM plate 2,4mm  3H","Radial Head LCP RIM plate 2,4mm  3H",Bo.182 T,"Radial Head LCP RIM plate 2,4mm  3H",BOMBAY,Հատ,Без НДС,հատ,9021
00-00002950,"Radial Head LCP RIM plate 2,4mm  4H","Radial Head LCP RIM plate 2,4mm  4H",Bo.182 T,"Radial Head LCP RIM plate 2,4mm  4H",BOMBAY,Հատ,Без НДС,հատ,9021
00-00002951,"Radial Head LCP RIM plate 2,4mm  5H","Radial Head LCP RIM plate 2,4mm  5H",Bo.182 T,"Radial Head LCP RIM plate 2,4mm  5H",BOMBAY,Հատ,Без НДС,հատ,9021
00-00002952,"Radial Head LCP RIM plate 2,4mm  6H","Radial Head LCP RIM plate 2,4mm  6H",Bo.182 T,"Radial Head LCP RIM plate 2,4mm  6H",BOMBAY,Հատ,Без НДС,հատ,9021
00-00002953,"Radial Head LCP RIM plate 2,4mm  7H","Radial Head LCP RIM plate 2,4mm  7H",Bo.182 T,"Radial Head LCP RIM plate 2,4mm  7H",BOMBAY,Հատ,Без НДС,հատ,9021
00-00002954,"Radial Head LCP 2,4mm Right 2H","Radial Head LCP 2,4mm Right 2H",Bo.183 T,"Radial Head LCP 2,4mm Right 2H",BOMBAY,Հատ,Без НДС,հատ,9021
00-00002955,"Radial Head LCP 2,4mm Right 3H","Radial Head LCP 2,4mm Right 3H",Bo.183 T,"Radial Head LCP 2,4mm Right 3H",BOMBAY,Հատ,Без НДС,հատ,9021
00-00002956,"Radial Head LCP 2,4mm Right 4H","Radial Head LCP 2,4mm Right 4H",Bo.183 T,"Radial Head LCP 2,4mm Right 4H",BOMBAY,Հատ,Без НДС,հատ,9021
00-00002957,"Radial Head LCP 2,4mm Left 2H","Radial Head LCP 2,4mm Left 2H",Bo.183 T,"Radial Head LCP 2,4mm Left 2H",BOMBAY,Հատ,Без НДС,հատ,9021
00-00002958,"Radial Head LCP 2,4mm Left 3H","Radial Head LCP 2,4mm Left 3H",Bo.183 T,"Radial Head LCP 2,4mm Left 3H",BOMBAY,Հատ,Без НДС,հատ,9021
00-00002959,"Radial Head LCP 2,4mm Left 4H","Radial Head LCP 2,4mm Left 4H",Bo.183 T,"Radial Head LCP 2,4mm Left 4H",BOMBAY,Հատ,Без НДС,հատ,9021
00-00002960,"Ankle and Foot bone (First MTP Fusion plate 5), medium","Ankle and Foot bone (First MTP Fusion plate 5), medium",BO.531,"Ankle and Foot bone (First MTP Fusion plate 5), medium",BOMBAY,Հատ,Без НДС,հատ,9021
00-00002961,"Ankle and Foot bone (First TMT Fusion ), standard","Ankle and Foot bone (First TMT Fusion ), standard",BO.532,"Ankle and Foot bone (First TMT Fusion ), standard",BOMBAY,Հատ,Без НДС,հատ,9021
00-00002962,Ankle and Foot bone (second TMT Fusion ),Ankle and Foot bone (second TMT Fusion ),BOI.533,Ankle and Foot bone (second TMT Fusion ),BOMBAY,Հատ,Без НДС,հատ,9021
00-00002963,Ankle and Foot bone (X) LOCKING plate medium,Ankle and Foot bone (X) LOCKING plate medium,BOI.537,Ankle and Foot bone (X) LOCKING plate medium,BOMBAY,Հատ,Без НДС,հատ,9021
00-00002964,"Cortex screw 3.5mm,12mm Ti","Cortex screw 3.5mm,12mm Ti",BOI.103.12.T,"Cortex screw 3.5mm,12mm Ti",Screws,Հատ,Без НДС,հատ,9021
00-00002965,"Cortex screw 3.5mm,20mm Ti","Cortex screw 3.5mm,20mm Ti",BOI.103.20.T,"Cortex screw 3.5mm,20mm Ti",Screws,Հատ,Без НДС,հատ,9021
00-00002966,"Cortex screw 3.5mm,22mm Ti","Cortex screw 3.5mm,22mm Ti",BOI.103.22.T,"Cortex screw 3.5mm,22mm Ti",Screws,Հատ,Без НДС,հատ,9021
00-00002967,"Cortex screw 3.5mm,30mm Ti","Cortex screw 3.5mm,30mm Ti",BOI.103.30.T,"Cortex screw 3.5mm,30mm Ti",Screws,Հատ,Без НДС,հատ,9021
00-00002968,"Cortex screw 3.5mm,32mm Ti","Cortex screw 3.5mm,32mm Ti",BOI.103.32.T,"Cortex screw 3.5mm,32mm Ti",Screws,Հատ,Без НДС,հատ,9021
00-00002969,"Cortex screw 3.5mm,36mm Ti","Cortex screw 3.5mm,36mm Ti",BOI.103.36.T,"Cortex screw 3.5mm,36mm Ti",Screws,Հատ,Без НДС,հատ,9021
00-00002970,"Cortex screw 3.5mm,38mm Ti","Cortex screw 3.5mm,38mm Ti",BOI.103.38.T,"Cortex screw 3.5mm,38mm Ti",Screws,Հատ,Без НДС,հատ,9021
00-00002971,"Cortex screw 3.5mm,40mm Ti","Cortex screw 3.5mm,40mm Ti",BOI.103.40.T,"Cortex screw 3.5mm,40mm Ti",Screws,Հատ,Без НДС,հատ,9021
00-00002972,"Cortex screw 3.5mm,42mm Ti","Cortex screw 3.5mm,42mm Ti",BOI.103.42.T,"Cortex screw 3.5mm,42mm Ti",Screws,Հատ,Без НДС,հատ,9021
00-00002973,"Cortex screw 3.5mm,44mm Ti","Cortex screw 3.5mm,44mm Ti",BOI.103.44.T,"Cortex screw 3.5mm,44mm Ti",Screws,Հատ,Без НДС,հատ,9021
00-00002974,"Cortex screw 3.5mm,46mm Ti","Cortex screw 3.5mm,46mm Ti",BOI.103.46.T,"Cortex screw 3.5mm,46mm Ti",Screws,Հատ,Без НДС,հատ,9021
00-00002975,"Cortex screw 3.5mm,48mm Ti","Cortex screw 3.5mm,48mm Ti",BOI.103.48.T,"Cortex screw 3.5mm,48mm Ti",Screws,Հատ,Без НДС,հատ,9021
00-00002976,"Cortex screw 3.5mm,50mm Ti","Cortex screw 3.5mm,50mm Ti",BOI.103.50.T,"Cortex screw 3.5mm,50mm Ti",Screws,Հատ,Без НДС,հատ,9021
00-00002977,"Cortex screw 3.5mm,54mm Ti","Cortex screw 3.5mm,54mm Ti",BOI.103.54.T,"Cortex screw 3.5mm,54mm Ti",Screws,Հատ,Без НДС,հատ,9021
00-00002978,"Cortex screw 3.5mm,56mm Ti","Cortex screw 3.5mm,56mm Ti",BOI.103.56.T,"Cortex screw 3.5mm,56mm Ti",Screws,Հատ,Без НДС,հատ,9021
00-00002979,"Cortex screw 3.5mm,60mm Ti","Cortex screw 3.5mm,60mm Ti",BOI.103.60.T,"Cortex screw 3.5mm,60mm Ti",Screws,Հատ,Без НДС,հատ,9021
00-00002981,Cannulateed Drill Bit 2.7,Cannulateed Drill Bit 2.7,BO.704.006,Cannulateed Drill Bit 2.7,Drill,Հատ,Без НДС,հատ,9021
00-00002982,Cannulateed Drill Bit 3.5,Cannulateed Drill Bit 3.5,BO.704.007,Cannulateed Drill Bit 3.5,Drill,Հատ,Без НДС,հատ,9021
00-00002980,Cannulateed Drill Bit 4.5,Cannulateed Drill Bit 4.5,BO.703.01,Cannulateed Drill Bit 4.5,Drill,Հատ,Без НДС,հատ,9021
00-00002985,Drill Bit 2.5mmx250mm,Drill Bit 2.5mmx250mm,BO.711.005,Drill Bit 2.5mmx250mm,Drill,Հատ,Без НДС,հատ,9021
00-00002984,Drill Bit 3.2mmx250mm,Drill Bit 3.2mmx250mm,BO.710.006,Drill Bit 3.2mmx250mm,Drill,Հատ,Без НДС,հատ,9021
00-00002983,Drill Bit 4.0mmx250mm,Drill Bit 4.0mmx250mm,BO.710.005,Drill Bit 4.0mmx250mm,Drill,Հատ,Без НДС,հատ,9021
00-00002986,"CANNULATED SCREWDRIVER FOR 6,5MM CANNULATED SCREWS","CANNULATED SCREWDRIVER FOR 6,5MM CANNULATED SCREWS",BO.1064,"CANNULATED SCREWDRIVER FOR 6,5MM CANNULATED SCREWS",Instruments,Հատ,Без НДС,հատ,9021
00-00002987,"CANNULATED SCREWDRIVER FOR 4,5MM CANNULATED SCREWS","CANNULATED SCREWDRIVER FOR 4,5MM CANNULATED SCREWS",BO.1063,"CANNULATED SCREWDRIVER FOR 4,5MM CANNULATED SCREWS",Instruments,Հատ,Без НДС,հատ,9021
00-00002988,Screwdriver (instrument)  for block the screws on the Cervical plate,Screwdriver (instrument)  for block the screws on the Cervical plate,BO.1065,Screwdriver (instrument)  for block the screws on the Cervical plate,Instruments,Հատ,Без НДС,հատ,9021
00-00002989,64 Cup 46,64 Cup 46,3154-05460,64 Cup 46,Chunli Hip,Ժամկետով ապրանքներ,Без НДС,հատ,9021
00-00002990,64 Liner 46 (working with cup size of 46),64 Liner 46 (working with cup size of 46),3154-22461,64 Liner 46 (working with cup size of 46),Chunli Hip,Ժամկետով ապրանքներ,Без НДС,հատ,9021
00-00002991,"ZM Herbert Screw, 3.0/36mm Ti","ZM Herbert Screw, 3.0/36mm Ti",3201.3036,"ZM Herbert Screw, 3.0/36mm Ti",ZMD Screws,Հատ,Без НДС,հատ,9021
00-00002992,T Locking Plate (2 Holes) 2.0mm Phalanx Locking plate 3 Holes,T Locking Plate (2 Holes) 2.0mm Phalanx Locking plate 3 Holes,8213.1003,T Locking Plate (2 Holes) 2.0mm Phalanx Locking plate 3 Holes,ZMD Plates,Հատ,Без НДС,հատ,9021
00-00002993,T Locking Plate (2 Holes) 2.0mm Phalanx Locking plate 4 Holes,T Locking Plate (2 Holes) 2.0mm Phalanx Locking plate 4 Holes,8213.1004,T Locking Plate (2 Holes) 2.0mm Phalanx Locking plate 4 Holes,ZMD Plates,Հատ,Без НДС,հատ,9021
00-00002994,Straight Locking Plate  2.0mm Phalanx Locking plate 7 Holes,Straight Locking Plate  2.0mm Phalanx Locking plate 7 Holes,8213.0807,Straight Locking Plate  2.0mm Phalanx Locking plate 7 Holes,ZMD Plates,Հատ,Без НДС,հատ,9021
00-00002995,Straight Locking Plate  2.0mm Phalanx Locking plate 8 Holes,Straight Locking Plate  2.0mm Phalanx Locking plate 8 Holes,8213.0808,Straight Locking Plate  2.0mm Phalanx Locking plate 8 Holes,ZMD Plates,Հատ,Без НДС,հատ,9021
00-00002996,ZM Cannulated Single -headed Comp. Screws SS 7.3mm/85mm,ZM Cannulated Single -headed Comp. Screws SS 7.3mm/85mm,3102.7385,ZM Cannulated Single -headed Comp. Screws SS 7.3mm/85mm,ZMD Screws,Հատ,Без НДС,հատ,9021
00-00002997,ZM Cannulated Single -headed Comp. Screws SS 7.3mm/90mm,ZM Cannulated Single -headed Comp. Screws SS 7.3mm/90mm,3102.7390,ZM Cannulated Single -headed Comp. Screws SS 7.3mm/90mm,ZMD Screws,Հատ,Без НДС,հատ,9021
00-00002998,ZM Cannulated Single -headed Comp. Screws SS 7.3mm/95mm,ZM Cannulated Single -headed Comp. Screws SS 7.3mm/95mm,3102.7395,ZM Cannulated Single -headed Comp. Screws SS 7.3mm/95mm,ZMD Screws,Հատ,Без НДС,հատ,9021
00-00002999,ZM Cannulated Single -headed Comp. Screws SS 7.3mm/100mm,ZM Cannulated Single -headed Comp. Screws SS 7.3mm/100mm,3102.7300,ZM Cannulated Single -headed Comp. Screws SS 7.3mm/100mm,ZMD Screws,Հատ,Без НДС,հատ,9021
00-00003000,ZM Cannulated Single -headed Comp. Screws SS 7.3mm/105mm,ZM Cannulated Single -headed Comp. Screws SS 7.3mm/105mm,3102.7305,ZM Cannulated Single -headed Comp. Screws SS 7.3mm/105mm,ZMD Screws,Հատ,Без НДС,հատ,9021
00-00003001,ZM Cannulated Single -headed Comp. Screws SS 7.3mm/110mm,ZM Cannulated Single -headed Comp. Screws SS 7.3mm/110mm,3102.7310,ZM Cannulated Single -headed Comp. Screws SS 7.3mm/110mm,ZMD Screws,Հատ,Без НДС,հատ,9021
00-00003002,"ZM Cannulated Single -headed Comp. Screws Ti, 4.0/44mm","ZM Cannulated Single -headed Comp. Screws Ti, 4.0/44mm",3202.4044,"ZM Cannulated Single -headed Comp. Screws Ti, 4.0/44mm",ZMD Screws,Հատ,Без НДС,հատ,9021
00-00003003,"ZM Cannulated Single -headed Comp. Screws Ti, 4.0/50mm","ZM Cannulated Single -headed Comp. Screws Ti, 4.0/50mm",3202.4050,"ZM Cannulated Single -headed Comp. Screws Ti, 4.0/50mm",ZMD Screws,Հատ,Без НДС,հատ,9021
00-00003004,"ZM Cannulated Single -headed Comp. Screws Ti, 4.0/54mm","ZM Cannulated Single -headed Comp. Screws Ti, 4.0/54mm",3202.4054,"ZM Cannulated Single -headed Comp. Screws Ti, 4.0/54mm",ZMD Screws,Հատ,Без НДС,հատ,9021
00-00003005,"ZM Cannulated Single -headed Comp. Screws Ti, 4.0/60mm","ZM Cannulated Single -headed Comp. Screws Ti, 4.0/60mm",3202.4060,"ZM Cannulated Single -headed Comp. Screws Ti, 4.0/60mm",ZMD Screws,Հատ,Без НДС,հատ,9021
00-00003006,"ZM Cannulated Single -headed Comp. Screws Ti, 4.5/44mm","ZM Cannulated Single -headed Comp. Screws Ti, 4.5/44mm",3202.4544,"ZM Cannulated Single -headed Comp. Screws Ti, 4.5/44mm",ZMD Screws,Հատ,Без НДС,հատ,9021
00-00003007,"ZM Cannulated Single -headed Comp. Screws Ti, 4.5/50mm","ZM Cannulated Single -headed Comp. Screws Ti, 4.5/50mm",3202.4550,"ZM Cannulated Single -headed Comp. Screws Ti, 4.5/50mm",ZMD Screws,Հատ,Без НДС,հատ,9021
00-00003008,"ZM Cannulated Single -headed Comp. Screws Ti, 4.5/54mm","ZM Cannulated Single -headed Comp. Screws Ti, 4.5/54mm",3202.4554,"ZM Cannulated Single -headed Comp. Screws Ti, 4.5/54mm",ZMD Screws,Հատ,Без НДС,հատ,9021
00-00003009,"ZM Cannulated Single -headed Comp. Screws Ti, 4.5/60mm","ZM Cannulated Single -headed Comp. Screws Ti, 4.5/60mm",3202.4560,"ZM Cannulated Single -headed Comp. Screws Ti, 4.5/60mm",ZMD Screws,Հատ,Без НДС,հատ,9021
00-00003030,3.5mm Lockable Screw 3.5*28mm S.S,3.5mm Lockable Screw 3.5*28mm S.S,4114.3528,3.5mm Lockable Screw 3.5*28mm S.S,ZMD Screws,Հատ,Без НДС,հատ,9021
00-00003029,3.5mm Lockable Screw 3.5*30mm S.S,3.5mm Lockable Screw 3.5*30mm S.S,4114.3530,3.5mm Lockable Screw 3.5*30mm S.S,ZMD Screws,Հատ,Без НДС,հատ,9021
00-00003028,3.5mm Lockable Screw 3.5*32mm S.S,3.5mm Lockable Screw 3.5*32mm S.S,4114.3532,3.5mm Lockable Screw 3.5*32mm S.S,ZMD Screws,Հատ,Без НДС,հատ,9021
00-00003027,3.5mm Lockable Screw 3.5*36mm S.S,3.5mm Lockable Screw 3.5*36mm S.S,4114.3536,3.5mm Lockable Screw 3.5*36mm S.S,ZMD Screws,Հատ,Без НДС,հատ,9021
00-00003026,3.5mm Lockable Screw 3.5*38mm S.S,3.5mm Lockable Screw 3.5*38mm S.S,4114.3538,3.5mm Lockable Screw 3.5*38mm S.S,ZMD Screws,Հատ,Без НДС,հատ,9021
00-00003025,3.5mm Lockable Screw 3.5*40mm S.S,3.5mm Lockable Screw 3.5*40mm S.S,4114.3540,3.5mm Lockable Screw 3.5*40mm S.S,ZMD Screws,Հատ,Без НДС,հատ,9021
00-00003024,3.5mm Lockable Screw 3.5*44mm S.S,3.5mm Lockable Screw 3.5*44mm S.S,4114.3544,3.5mm Lockable Screw 3.5*44mm S.S,ZMD Screws,Հատ,Без НДС,հատ,9021
00-00003023,3.5mm Lockable Screw 3.5*50mm S.S,3.5mm Lockable Screw 3.5*50mm S.S,4114.3550,3.5mm Lockable Screw 3.5*50mm S.S,ZMD Screws,Հատ,Без НДС,հատ,9021
00-00003022,3.5mm Lockable Screw 3.5*55mm S.S,3.5mm Lockable Screw 3.5*55mm S.S,4114.3555,3.5mm Lockable Screw 3.5*55mm S.S,ZMD Screws,Հատ,Без НДС,հատ,9021
00-00003031,S-Clavicular Combinated Locking Plate 7 Holes Right Ti,S-Clavicular Combinated Locking Plate 7 Holes Right Ti,4212.1407,S-Clavicular Combinated Locking Plate 7 Holes Right Ti,ZMD Plates,Հատ,Без НДС,հատ,9021
00-00003032,S-Clavicular Combinated Locking Plate 8 Holes Right Ti,S-Clavicular Combinated Locking Plate 8 Holes Right Ti,4212.1408,S-Clavicular Combinated Locking Plate 8 Holes Right Ti,ZMD Plates,Հատ,Без НДС,հատ,9021
00-00003033,S-Clavicular Combinated Locking Plate 9 Holes Right Ti,S-Clavicular Combinated Locking Plate 9 Holes Right Ti,4212.1409,S-Clavicular Combinated Locking Plate 9 Holes Right Ti,ZMD Plates,Հատ,Без НДС,հատ,9021
00-00003034,S-Clavicular Combinated Locking Plate 10 Holes Right Ti,S-Clavicular Combinated Locking Plate 10 Holes Right Ti,4212.1410,S-Clavicular Combinated Locking Plate 10 Holes Right Ti,ZMD Plates,Հատ,Без НДС,հատ,9021
00-00003035,S-Clavicular Combinated Locking Plate 12 Holes Right Ti,S-Clavicular Combinated Locking Plate 12 Holes Right Ti,4212.1412,S-Clavicular Combinated Locking Plate 12 Holes Right Ti,ZMD Plates,Հատ,Без НДС,հատ,9021
00-00003036,S-Clavicular Combinated Locking Plate 7 Holes Left Ti,S-Clavicular Combinated Locking Plate 7 Holes Left Ti,4211.1407,S-Clavicular Combinated Locking Plate 7 Holes Left Ti,ZMD Plates,Հատ,Без НДС,հատ,9021
00-00003037,S-Clavicular Combinated Locking Plate 8 Holes Left Ti,S-Clavicular Combinated Locking Plate 8 Holes Left Ti,4211.1408,S-Clavicular Combinated Locking Plate 8 Holes Left Ti,ZMD Plates,Հատ,Без НДС,հատ,9021
00-00003038,S-Clavicular Combinated Locking Plate 9 Holes Left Ti,S-Clavicular Combinated Locking Plate 9 Holes Left Ti,4211.1409,S-Clavicular Combinated Locking Plate 9 Holes Left Ti,ZMD Plates,Հատ,Без НДС,հատ,9021
00-00003039,S-Clavicular Combinated Locking Plate 10 Holes Left Ti,S-Clavicular Combinated Locking Plate 10 Holes Left Ti,4211.1410,S-Clavicular Combinated Locking Plate 10 Holes Left Ti,ZMD Plates,Հատ,Без НДС,հատ,9021
00-00003040,S-Clavicular Combinated Locking Plate 12 Holes Left Ti,S-Clavicular Combinated Locking Plate 12 Holes Left Ti,4211.1412,S-Clavicular Combinated Locking Plate 12 Holes Left Ti,ZMD Plates,Հատ,Без НДС,հատ,9021
00-00003041,Calcaneal Locking Plate 11 Holes Right Ti,Calcaneal Locking Plate 11 Holes Right Ti,2212.1511,Calcaneal Locking Plate 11 Holes Right Ti,ZMD Plates,Հատ,Без НДС,հատ,9021
00-00003042,Calcaneal Locking Plate 13 Holes Right Ti,Calcaneal Locking Plate 13 Holes Right Ti,2212.1513,Calcaneal Locking Plate 13 Holes Right Ti,ZMD Plates,Հատ,Без НДС,հատ,9021
00-00003043,Calcaneal Locking Plate 11 Holes Left Ti,Calcaneal Locking Plate 11 Holes Left Ti,2211.1511,Calcaneal Locking Plate 11 Holes Left Ti,ZMD Plates,Հատ,Без НДС,հատ,9021
00-00003044,Calcaneal Locking Plate 13 Holes Left Ti,Calcaneal Locking Plate 13 Holes Left Ti,2211.1513,Calcaneal Locking Plate 13 Holes Left Ti,ZMD Plates,Հատ,Без НДС,հատ,9021
00-00003045,Calcaneal Locking Plate III M Right Ti,Calcaneal Locking Plate III M Right Ti,2212.1505,Calcaneal Locking Plate III M Right Ti,ZMD Plates,Հատ,Без НДС,հատ,9021
00-00003046,Calcaneal Locking Plate III L Right Ti,Calcaneal Locking Plate III L Right Ti,2212.1506,Calcaneal Locking Plate III L Right Ti,ZMD Plates,Հատ,Без НДС,հատ,9021
00-00003047,Calcaneal Locking Plate III M Left Ti,Calcaneal Locking Plate III M Left Ti,2211.1505,Calcaneal Locking Plate III M Left Ti,ZMD Plates,Հատ,Без НДС,հատ,9021
00-00003048,Calcaneal Locking Plate III L Left Ti,Calcaneal Locking Plate III L Left Ti,2211.1506,Calcaneal Locking Plate III L Left Ti,ZMD Plates,Հատ,Без НДС,հատ,9021
00-00003021,6.5mm Cancellous Screw (Partial-Threaded) 6.5*35mm Ti,6.5mm Cancellous Screw (Partial-Threaded) 6.5*35mm Ti,1202.6535,6.5mm Cancellous Screw (Partial-Threaded) 6.5*35mm Ti,ZMD Screws,Հատ,Без НДС,հատ,9021
00-00003020,6.5mm Cancellous Screw (Partial-Threaded) 6.5*40mm Ti,6.5mm Cancellous Screw (Partial-Threaded) 6.5*40mm Ti,1202.6540,6.5mm Cancellous Screw (Partial-Threaded) 6.5*40mm Ti,ZMD Screws,Հատ,Без НДС,հատ,9021
00-00003019,6.5mm Cancellous Screw (Partial-Threaded) 6.5*45mm Ti,6.5mm Cancellous Screw (Partial-Threaded) 6.5*45mm Ti,1202.6545,6.5mm Cancellous Screw (Partial-Threaded) 6.5*45mm Ti,ZMD Screws,Հատ,Без НДС,հատ,9021
00-00003018,6.5mm Cancellous Screw (Partial-Threaded) 6.5*50mm Ti,6.5mm Cancellous Screw (Partial-Threaded) 6.5*50mm Ti,1202.6550,6.5mm Cancellous Screw (Partial-Threaded) 6.5*50mm Ti,ZMD Screws,Հատ,Без НДС,հատ,9021
00-00003017,6.5mm Cancellous Screw (Partial-Threaded) 6.5*55mm Ti,6.5mm Cancellous Screw (Partial-Threaded) 6.5*55mm Ti,1202.6555,6.5mm Cancellous Screw (Partial-Threaded) 6.5*55mm Ti,ZMD Screws,Հատ,Без НДС,հատ,9021
00-00003016,6.5mm Cancellous Screw (Partial-Threaded) 6.5*60mm Ti,6.5mm Cancellous Screw (Partial-Threaded) 6.5*60mm Ti,1202.6560,6.5mm Cancellous Screw (Partial-Threaded) 6.5*60mm Ti,ZMD Screws,Հատ,Без НДС,հատ,9021
00-00003015,6.5mm Cancellous Screw (Partial-Threaded) 6.5*65mm Ti,6.5mm Cancellous Screw (Partial-Threaded) 6.5*65mm Ti,1202.6565,6.5mm Cancellous Screw (Partial-Threaded) 6.5*65mm Ti,ZMD Screws,Հատ,Без НДС,հատ,9021
00-00003014,6.5mm Cancellous Screw (Partial-Threaded) 6.5*70mm Ti,6.5mm Cancellous Screw (Partial-Threaded) 6.5*70mm Ti,1202.6570,6.5mm Cancellous Screw (Partial-Threaded) 6.5*70mm Ti,ZMD Screws,Հատ,Без НДС,հատ,9021
00-00003013,6.5mm Cancellous Screw (Partial-Threaded) 6.5*75mm Ti,6.5mm Cancellous Screw (Partial-Threaded) 6.5*75mm Ti,1202.6575,6.5mm Cancellous Screw (Partial-Threaded) 6.5*75mm Ti,ZMD Screws,Հատ,Без НДС,հատ,9021
00-00003012,6.5mm Cancellous Screw (Partial-Threaded) 6.5*80mm Ti,6.5mm Cancellous Screw (Partial-Threaded) 6.5*80mm Ti,1202.6580,6.5mm Cancellous Screw (Partial-Threaded) 6.5*80mm Ti,ZMD Screws,Հատ,Без НДС,հատ,9021
00-00003011,6.5mm Cancellous Screw (Partial-Threaded) 6.5*85mm Ti,6.5mm Cancellous Screw (Partial-Threaded) 6.5*85mm Ti,1202.6585,6.5mm Cancellous Screw (Partial-Threaded) 6.5*85mm Ti,ZMD Screws,Հատ,Без НДС,հատ,9021
00-00003010,6.5mm Cancellous Screw (Partial-Threaded) 6.5*90mm Ti,6.5mm Cancellous Screw (Partial-Threaded) 6.5*90mm Ti,1202.6590,6.5mm Cancellous Screw (Partial-Threaded) 6.5*90mm Ti,ZMD Screws,Հատ,Без НДС,հատ,9021
00-00003049,3.5mm Lockable Screw 3.5*26mm S.S,3.5mm Lockable Screw 3.5*26mm S.S,4114.3526,3.5mm Lockable Screw 3.5*26mm S.S,ZMD Screws,Հատ,Без НДС,հատ,9021
00-00003050,Степлер,Степлер,GCPFB-35W,Степлер,,Հատ,Без НДС,հատ,9021
00-00003051,Степлер հեռացման գործիք,Степлер հեռացման գործիք,GCPFB-35W.1,Степлер հեռացման գործիք,,Հատ,Без НДС,հատ,9021
00-00003052,Drip,Drip,631,Drip,,Ժամկետով ապրանքներ,Без НДС,հատ,9021
00-00003053,Cannulated Drill Bit 2.0*150mm for 3.0 herbert screw ,Cannulated Drill Bit 2.0*150mm for 3.0 herbert screw ,9000.0100,Cannulated Drill Bit 2.0*150mm for 3.0 herbert screw ,Zimede,Հատ,Без НДС,հատ,9021
00-00003055,Cannulated Screwdriver(Handle) for 3.0 herbert screw 2,Cannulated Drill Bit 2.0*150mm for 3.0 herbert screw 2,9000.0694.2,Cannulated Screwdriver(Handle) for 3.0 herbert screw 2,Zimede,Հատ,Без НДС,հատ,9021
00-00003056,Cannulated Screwdriver(Handle) for 3.0 herbert screw 1,Cannulated Screwdriver(Handle) for 3.0 herbert screw 1,9000.0694.1,Cannulated Screwdriver(Handle) for 3.0 herbert screw 1,Zimede,Հատ,Без НДС,հատ,9021
00-00003057,Hex Screwdriver (Handle) SW2.0 1,Hex Screwdriver (Handle) SW2.0 1,9000.0384.1,Hex Screwdriver (Handle) SW2.0 1,Zimede,Հատ,Без НДС,հատ,9021
00-00003058,Hex Screwdriver (Handle) SW2.0 2,Hex Screwdriver (Handle) SW2.0 2,9000.0384.2,Hex Screwdriver (Handle) SW2.0 2,Zimede,Հատ,Без НДС,հատ,9021
00-00003059,Opening ScrewDriver-T8 2.4 mini system (Blue) 1,Opening ScrewDriver-T8 2.4 mini system (Blue) 1,9000.0286.1,Opening ScrewDriver-T8 2.4 mini system (Blue) 1,Zimede,Հատ,Без НДС,հատ,9021
00-00003060,Opening ScrewDriver-T8 2.4 mini system (Blue) 2,Opening ScrewDriver-T8 2.4 mini system (Blue) 2,9000.0286.2,Opening ScrewDriver-T8 2.4 mini system (Blue) 2,Zimede,Հատ,Без НДС,հատ,9021
00-00003061,Non-Opening ScrewDriver-T8 2.7 mini system (Yellow) 1,Non-Opening ScrewDriver-T8 2.7 mini system (Yellow) 1,9000.0291,Non-Opening ScrewDriver-T8 2.7 mini system (Yellow) 1,Zimede,Հատ,Без НДС,հատ,9021
00-00003062,Non-Opening ScrewDriver-T8 2.7 mini system (Yellow) 2,Non-Opening ScrewDriver-T8 2.7 mini system (Yellow) 2,9000.0292,Non-Opening ScrewDriver-T8 2.7 mini system (Yellow) 2,Zimede,Հատ,Без НДС,հատ,9021
00-00003063,Straight quick coupling handle(wooden) 1,Straight quick coupling handle(wooden) 1,9000.0917,Straight quick coupling handle(wooden) 1,Zimede,Հատ,Без НДС,հատ,9021
00-00003064,Straight quick coupling handle(wooden) 2,Straight quick coupling handle(wooden) 2,9000.0927,Straight quick coupling handle(wooden) 2,Zimede,Հատ,Без НДС,հատ,9021
00-00003065,Cannulated Screwdriver(Handle) SW4.0 1,Cannulated Screwdriver(Handle) SW4.0 1,9000.0698.1,Cannulated Screwdriver(Handle) SW4.0 1,Zimede,Հատ,Без НДС,հատ,9021
00-00003066,Cannulated Screwdriver(Handle) SW4.0 2,Cannulated Screwdriver(Handle) SW4.0 2,9000.0698.2,Cannulated Screwdriver(Handle) SW4.0 2,Zimede,Հատ,Без НДС,հատ,9021
00-00003067,Hex Screwdriver (Handle) SW4.0 1,Hex Screwdriver (Handle) SW4.0 1,9000.0388.1,Hex Screwdriver (Handle) SW4.0 1,Zimede,Հատ,Без НДС,հատ,9021
00-00003068,Hex Screwdriver (Handle) SW4.0 2,Hex Screwdriver (Handle) SW4.0 2,9000.0388.2,Hex Screwdriver (Handle) SW4.0 2,Zimede,Հատ,Без НДС,հատ,9021
00-00003069,Cannulated Screwdriver(Handle) SW3.5 1,Cannulated Screwdriver(Handle) SW3.5 1,9000.0697.1,Cannulated Screwdriver(Handle) SW3.5 1,Zimede,Հատ,Без НДС,հատ,9021
00-00003070,Cannulated Screwdriver(Handle) SW3.5 2,Cannulated Screwdriver(Handle) SW3.5 2,9000.0697.2,Cannulated Screwdriver(Handle) SW3.5 2,Zimede,Հատ,Без НДС,հատ,9021
00-00003071,Chunli Dual Mobiliti2,Chunli Dual Mobiliti2,1027,Chunli Dual Mobiliti2,Instruments,Հատ,Без НДС,հատ,9021
00-00003072,Herbert4,Herbert4,1013.4,Herbert4,Instruments,Հատ,Без НДС,հատ,9021
00-00003073,"Միկրոխորը էլեկտրոդ 3.5 կոնտակտով, D08-15BM","Միկրոխորը էլեկտրոդ 3.5 կոնտակտով, D08-15BM",D08-15BM,"Միկրոխորը էլեկտրոդ 3.5 կոնտակտով, D08-15BM",DIXI MEDICAL,Հատ,Без НДС,հատ,9021
00-00003074,TINA One-step Locking Nut ,TINA One-step Locking Nut,083260000,TINA One-step Locking Nut ,DOUBLE MDDICAL,Հատ,Без НДС,հատ,9021
00-00003075,"Laminoplasty Mini Plate, T-shaped, wide mouth, 10mm","Laminoplasty Mini Plate, T-shaped, wide mouth, 10mm",030730010,"Laminoplasty Mini Plate, T-shaped, wide mouth, 10mm",DOUBLE MDDICAL,Հատ,Без НДС,հատ,9021
00-00003076,"2.0mm Cortex Screw, torxdrive, self-drilling, 8mm","2.0mm Cortex Screw, torxdrive, self-drilling, 8mm",030380008,"2.0mm Cortex Screw, torxdrive, self-drilling, 8mm",DOUBLE MDDICAL,Հատ,Без НДС,հատ,9021
00-00003077,"2.4mm Cortex Screw, torxdrive, self-tapping, 8mm","2.4mm Cortex Screw, torxdrive, self-tapping, 8mm",030360008,"2.4mm Cortex Screw, torxdrive, self-tapping, 8mm",DOUBLE MDDICAL,Հատ,Без НДС,հատ,9021
00-00003078,"TINA Long Arm Polyaxial Pedicle Screw (5.5 System), 7.5x80mm","TINA Long Arm Polyaxial Pedicle Screw (5.5 System), 7.5x80mm",083487580,"TINA Long Arm Polyaxial Pedicle Screw (5.5 System), 7.5x80mm",DOUBLE MDDICAL,Հատ,Без НДС,հատ,9021
00-00003079,StypCel 5.0*5.0,StypCel 5.0*5.0,HF-A-228,StypCel 5.0*5.0,Medprin GMBH,Ժամկետով ապրանքներ,Без НДС,հատ,9021
00-00003080,Screw box small 1,Screw box small 1,SBS.01,Screw box small 1,Screw Set,Հատ,Без НДС,հատ,9021
00-00003081,Screw box small 2,Screw box small 2,SBS.02,Screw box small 2,Screw Set,Հատ,Без НДС,հատ,9021
00-00003082,Screw box small 3,Screw box small 3,SBS.03,Screw box small 3,Screw Set,Հատ,Без НДС,հատ,9021
00-00003083,Screw box small 4,Screw box small 4,SBS.04,Screw box small 4,Screw Set,Հատ,Без НДС,հատ,9021
00-00003084,Screw box small 5,Screw box small 5,SBS.05,Screw box small 5,Screw Set,Հատ,Без НДС,հատ,9021
00-00003085,Screw box small 6,Screw box small 6,SBS.06,Screw box small 6,Screw Set,Հատ,Без НДС,հատ,9021
00-00003086,Screw box small 7,Screw box small 7,SBS.07,Screw box small 7,Screw Set,Հատ,Без НДС,հատ,9021
00-00003087,Screw box small 8,Screw box small 8,SBS.08,Screw box small 8,Screw Set,Հատ,Без НДС,հատ,9021
00-00003088,Screw box small 9,Screw box small 9,SBS.09,Screw box small 9,Screw Set,Հատ,Без НДС,հատ,9021
00-00003089,Screw box small 10,Screw box small 10,SBS.10,Screw box small 10,Screw Set,Հատ,Без НДС,հատ,9021
00-00003090,Screw box big 1,Screw box big 1,SBB.01,Screw box big 1,Screw Set,Հատ,Без НДС,հատ,9021
00-00003091,Screw box big 2,Screw box big 2,SBB.02,Screw box big 2,Screw Set,Հատ,Без НДС,հատ,9021
00-00003092,Screw box small 11,Screw box small 11,SBS.11,Screw box small 11,Screw Set,Հատ,Без НДС,հատ,9021
00-00003093,Screw box small 12,Screw box small 12,SBS.12,Screw box small 12,Screw Set,Հատ,Без НДС,հատ,9021
00-00003094,Screw box small 13,Screw box small 13,SBS.13,Screw box small 13,Screw Set,Հատ,Без НДС,հատ,9021
00-00003097,Femoral Stem-BE1 - 6,Femoral Stem-BE1 - 6,3331-04060,Femoral Stem-BE1 - 6,Femoral stem BE1,Ժամկետով ապրանքներ,Без НДС,հատ,9021
00-00003098,Femoral Stem-BE1 - 7,Femoral Stem-BE1 - 7,3331-04070,Femoral Stem-BE1 - 7,Femoral stem BE1,Ժամկետով ապրանքներ,Без НДС,հատ,9021
00-00003099,Femoral Stem-BE1 - 8,Femoral Stem-BE1 - 8,3331-04080,Femoral Stem-BE1 - 8,Femoral stem BE1,Ժամկետով ապրանքներ,Без НДС,հատ,9021
00-00003100,Femoral Stem-BE1 - 9,Femoral Stem-BE1 - 9,3331-04090,Femoral Stem-BE1 - 9,Femoral stem BE1,Ժամկետով ապրանքներ,Без НДС,հատ,9021
00-00003101,Femoral Stem-BE1 - 10,Femoral Stem-BE1 - 10,3331-04100,Femoral Stem-BE1 - 10,Femoral stem BE1,Ժամկետով ապրանքներ,Без НДС,հատ,9021
00-00003102,Femoral Stem-BE1 - 11,Femoral Stem-BE1 - 11,3331-04110,Femoral Stem-BE1 - 11,Femoral stem BE1,Ժամկետով ապրանքներ,Без НДС,հատ,9021
00-00003103,Femoral Stem-BE1 - 12,Femoral Stem-BE1 - 12,3331-04120,Femoral Stem-BE1 - 12,Femoral stem BE1,Ժամկետով ապրանքներ,Без НДС,հատ,9021
00-00003104,Femoral Stem-BE1 - 13,Femoral Stem-BE1 - 13,3331-04130,Femoral Stem-BE1 - 13,Femoral stem BE1,Ժամկետով ապրանքներ,Без НДС,հատ,9021
00-00003105,CHUNLI Hip Instrument Set N5/1,CHUNLI Hip Instrument Set N5/1,10010.5.1,CHUNLI Hip Instrument Set N5/1,CHUNLI,Հատ,Без НДС,հատ,9021
00-00003106,CHUNLI Hip Instrument Set N5/2,CHUNLI Hip Instrument Set N5/2,10010.5.2,CHUNLI Hip Instrument Set N5/2,CHUNLI,Հատ,Без НДС,հատ,9021
00-00003107,Tibial Cone 2#/30-15mm,Tibial Cone 2#/30-15mm,5128-15022,Tibial Cone 2#/30-15mm,Chunli Knee,Ժամկետով ապրանքներ,Без НДС,հատ,9021
00-00003108,Tibial Cone 15mm,Tibial Cone 15mm,5128-15021,Tibial Cone 15mm,Chunli Knee,Ժամկետով ապրանքներ,Без НДС,հատ,9021
00-00003109,Femoral Cone 2#-30-R,Femoral Cone 2#-30-R,5126-30022,Femoral Cone 2#-30-R,Chunli Knee,Ժամկետով ապրանքներ,Без НДС,հատ,9021
00-00003110,Femoral Cone 2#-30-L,Femoral Cone 2#-30-L,5126-30021,Femoral Cone 2#-30-L,Chunli Knee,Ժամկետով ապրանքներ,Без НДС,հատ,9021
00-00003111,Tibial Shape 2#,Tibial Shape 2#,5129-26020,Tibial Shape 2#,Chunli Knee,Ժամկետով ապրանքներ,Без НДС,հատ,9021
00-00003112,64 Cup 64,64 Cup 64,3154-05640,64 Cup 64,Chunli Hip,Ժամկետով ապրանքներ,Без НДС,հատ,9021
00-00003113,Screw box big 3,Screw box big 3,SBB.03,Screw box big 3,Screw Set,Հատ,Без НДС,հատ,9021
00-00003114,"Locking screw DIA. 3.5mm,20mm (Cancellous 14TPI Thread) S.S ","Locking screw DIA. 3.5mm,20mm (Cancellous 14TPI Thread) S.S ",BO.9929.20.S,"Locking screw DIA. 3.5mm,20mm (Cancellous 14TPI Thread) S.S ",Screws,Հատ,Без НДС,հատ,9021
00-00003115,"Locking screw DIA. 5.0mm,85mm (Cancellous Thread) S.S.","Locking screw DIA. 5.0mm,85mm (Cancellous Thread) S.S.",BO.9930.85.S,"Locking screw DIA. 5.0mm,85mm (Cancellous Thread) S.S.",Screws,Հատ,Без НДС,հատ,9021
00-00003116,"Locking screw DIA. 5.0mm,90mm (Cancellous Thread) S.S.","Locking screw DIA. 5.0mm,90mm (Cancellous Thread) S.S.",BO.9930.90.S,"Locking screw DIA. 5.0mm,90mm (Cancellous Thread) S.S.",Screws,Հատ,Без НДС,հատ,9021
00-00003117,"Locking screw DIA. 5.0mm,95mm (Cancellous Thread) S.S.","Locking screw DIA. 5.0mm,95mm (Cancellous Thread) S.S.",BO.9930.95.S,"Locking screw DIA. 5.0mm,95mm (Cancellous Thread) S.S.",Screws,Հատ,Без НДС,հատ,9021
00-00003118,"Locking Screw Dia 6.5mm, 80mm Ti","Locking Screw Dia 6.5mm, 80mm Ti",BO.171.80.T,"Locking Screw Dia 6.5mm, 80mm Ti",Screws,Հատ,Без НДС,հատ,9021
00-00003119,"Locking Screw Dia 6.5mm, 85mm Ti","Locking Screw Dia 6.5mm, 85mm Ti",BO.171.85.T,"Locking Screw Dia 6.5mm, 85mm Ti",Screws,Հատ,Без НДС,հատ,9021
00-00003120,Drill Bit 2.0mmx250mm,Drill Bit 2.0mmx250mm,BO.710.025,Drill Bit 2.0mmx250mm,Drill,Հատ,Без НДС,հատ,9021
00-00003121,"CANNULATED SCREWDRIVER FOR 4,0MM CANNULATED SCREWS","CANNULATED SCREWDRIVER FOR 4,0MM CANNULATED SCREWS",BO.1062,"CANNULATED SCREWDRIVER FOR 4,0MM CANNULATED SCREWS",Instruments,Հատ,Без НДС,հատ,9021
00-00003122,Instruments for SHOULDER PROSTHESIS N1,Instruments for SHOULDER PROSTHESIS N1,BO.200.1,Instruments for SHOULDER PROSTHESIS N1,Instruments,Հատ,Без НДС,հատ,9021
00-00003123,Instruments for SHOULDER PROSTHESIS N2,Instruments for SHOULDER PROSTHESIS N2,BO.200.2,Instruments for SHOULDER PROSTHESIS N2,Instruments,Հատ,Без НДС,հատ,9021
00-00003124,T Buttress LCP 12h S.S,T Buttress LCP 12h S.S,B01.262.12.S,T Buttress LCP 12h S.S,Plates,Հատ,Без НДС,հատ,9021
00-00003125,"BOMBAY, Small Dinamic Compression plate (DCP), Stainless Steel, , 12h, S.S.","BOMBAY, Small Dinamic Compression plate (DCP), Stainless Steel, , 12h, S.S.",BOI.125.12,"BOMBAY, Small Dinamic Compression plate (DCP), Stainless Steel, , 12h, S.S.",Plates,Հատ,Без НДС,հատ,9021
00-00003126,Proximal humerus LCP PHILOS (long dynamic hole) 2h S.S ,Proximal humerus LCP PHILOS (long dynamic hole) 2h S.S ,BO.01.156.02.S,Proximal humerus LCP PHILOS (long dynamic hole) 2h S.S ,Plates,Հատ,Без НДС,հատ,9021
00-00003127,"BOMBAY, TI ANCHOR SUTURE DIA. 3.0MM","BOMBAY, TI ANCHOR SUTURE DIA. 3.0MM",BOI.217.3.0.T,"BOMBAY, TI ANCHOR SUTURE DIA. 3.0MM",BOMBAY,Հատ,Без НДС,հատ,9021
00-00003128,"BOMBAY, Curved Pelvic Reco plate 3.5mm, Stainless steel, 16 holes, S.S","BOMBAY, Curved Pelvic Reco plate 3.5mm, Stainless steel, 16 holes, S.S",BOI.205.16,"BOMBAY, Curved Pelvic Reco plate 3.5mm, Stainless steel, 16 holes, S.S",Plates,Հատ,Без НДС,հատ,9021
00-00003129,"BOMBAY, Pelvic Symphyseal plate DC 8 holes, S.S","BOMBAY, Pelvic Symphyseal plate DC 8 holes, S.S",BOI.203.08.S,"BOMBAY, Pelvic Symphyseal plate DC 8 holes, S.S",Plates,Հատ,Без НДС,հատ,9021
00-00003130,Medial Distal Humerus LCP (2.7mm&3.5mm) 9h R Ti,Medial Distal Humerus LCP (2.7mm&3.5mm) 9h R Ti,BO.9908.R.9.T,Medial Distal Humerus LCP (2.7mm&3.5mm) 9h R Ti,Plates,Հատ,Без НДС,հատ,9021
00-00003165,"K-WIRE THREADED END 1,5*300mm","K-WIRE THREADED END 1,5*300mm",BOI.162.1.5.300.S,"K-WIRE THREADED END 1,5*300mm",BOMBAY,Հատ,Без НДС,հատ,9021
00-00003164,"K-WIRE THREADED END 1,8*300mm","K-WIRE THREADED END 1,8*300mm",BOI.162.300,"K-WIRE THREADED END 1,8*300mm",BOMBAY,Հատ,Без НДС,հատ,9021
00-00003163,"K-WIRE THREADED END 2,0*300mm","K-WIRE THREADED END 2,0*300mm",BOI.162.300,"K-WIRE THREADED END 2,0*300mm",BOMBAY,Հատ,Без НДС,հատ,9021
00-00003162,"K-WIRE THREADED END 2,5*300mm","K-WIRE THREADED END 2,5*300mm",BOI.162.300,"K-WIRE THREADED END 2,5*300mm",BOMBAY,Հատ,Без НДС,հատ,9021
00-00003161,"K-WIRE THREADED END 3,0*300mm","K-WIRE THREADED END 3,0*300mm",BOI.162.300,"K-WIRE THREADED END 3,0*300mm",BOMBAY,Հատ,Без НДС,հատ,9021
00-00003160,Medial Proximal Tibia Locking Plate R 4h Ti ,Medial Proximal Tibia Locking Plate R 4h Ti ,BO.268.R.04.T,Medial Proximal Tibia Locking Plate R 4h Ti ,BOMBAY,Հատ,Без НДС,հատ,9021
00-00003159,Medial Proximal Tibia Locking Plate R 6h Ti ,Medial Proximal Tibia Locking Plate R 6h Ti ,BO.268.R.06.T,Medial Proximal Tibia Locking Plate R 6h Ti ,BOMBAY,Հատ,Без НДС,հատ,9021
00-00003158,Medial Proximal Tibia Locking Plate R 8h Ti ,Medial Proximal Tibia Locking Plate R 8h Ti ,BO.268.R.08.T,Medial Proximal Tibia Locking Plate R 8h Ti ,BOMBAY,Հատ,Без НДС,հատ,9021
00-00003157,Medial Proximal Tibia Locking Plate R 10h Ti ,Medial Proximal Tibia Locking Plate R 10h Ti ,BO.268.R.10.T,Medial Proximal Tibia Locking Plate R 10h Ti ,BOMBAY,Հատ,Без НДС,հատ,9021
00-00003156,Medial Proximal Tibia Locking Plate R 12h Ti ,Medial Proximal Tibia Locking Plate R 12h Ti ,BO.268.R.12.T,Medial Proximal Tibia Locking Plate R 12h Ti ,BOMBAY,Հատ,Без НДС,հատ,9021
00-00003155,Medial Proximal Tibia Locking Plate R 14h Ti ,Medial Proximal Tibia Locking Plate R 14h Ti ,BO.268.R.14.T,Medial Proximal Tibia Locking Plate R 14h Ti ,BOMBAY,Հատ,Без НДС,հատ,9021
00-00003154,Medial Proximal Tibia Locking Plate R 16h Ti ,Medial Proximal Tibia Locking Plate R 16h Ti ,BO.268.R.16.T,Medial Proximal Tibia Locking Plate R 16h Ti ,BOMBAY,Հատ,Без НДС,հատ,9021
00-00003153,Medial Proximal Tibia Locking Plate L 4h Ti ,Medial Proximal Tibia Locking Plate L 4h Ti ,BO.268.L.04.T,Medial Proximal Tibia Locking Plate L 4h Ti ,BOMBAY,Հատ,Без НДС,հատ,9021
00-00003152,Medial Proximal Tibia Locking Plate L 6h Ti ,Medial Proximal Tibia Locking Plate L 6h Ti ,BO.268.L.06.T,Medial Proximal Tibia Locking Plate L 6h Ti ,BOMBAY,Հատ,Без НДС,հատ,9021
00-00003151,Medial Proximal Tibia Locking Plate L 8h Ti ,Medial Proximal Tibia Locking Plate L 8h Ti ,BO.268.L.08.T,Medial Proximal Tibia Locking Plate L 8h Ti ,BOMBAY,Հատ,Без НДС,հատ,9021
00-00003150,Medial Proximal Tibia Locking Plate L 10h Ti ,Medial Proximal Tibia Locking Plate L 10h Ti ,BO.268.L.10.T,Medial Proximal Tibia Locking Plate L 10h Ti ,BOMBAY,Հատ,Без НДС,հատ,9021
00-00003149,Medial Proximal Tibia Locking Plate L 12h Ti ,Medial Proximal Tibia Locking Plate L 12h Ti ,BO.268.L.12.T,Medial Proximal Tibia Locking Plate L 12h Ti ,BOMBAY,Հատ,Без НДС,հատ,9021
00-00003148,Medial Proximal Tibia Locking Plate L 14h Ti ,Medial Proximal Tibia Locking Plate L 14h Ti ,BO.268.L.14.T,Medial Proximal Tibia Locking Plate L 14h Ti ,BOMBAY,Հատ,Без НДС,հատ,9021
00-00003147,Medial Proximal Tibia Locking Plate L 16h Ti ,Medial Proximal Tibia Locking Plate L 16h Ti ,BO.268.L.16.T,Medial Proximal Tibia Locking Plate L 16h Ti ,BOMBAY,Հատ,Без НДС,հատ,9021
00-00003146,Broad Locking Compression Plate 10h Ti,Broad Locking Compression Plate 10h Ti,BO.167.10.T,Broad Locking Compression Plate 10h Ti,BOMBAY,Հատ,Без НДС,հատ,9021
00-00003145,Broad Locking Compression Plate 11h Ti,Broad Locking Compression Plate 11h Ti,BO.167.11.T,Broad Locking Compression Plate 11h Ti,BOMBAY,Հատ,Без НДС,հատ,9021
00-00003144,Broad Locking Compression Plate 12h Ti,Broad Locking Compression Plate 12h Ti,BO.167.12.T,Broad Locking Compression Plate 12h Ti,BOMBAY,Հատ,Без НДС,հատ,9021
00-00003143,Broad Locking Compression Plate 16h Ti,Broad Locking Compression Plate 16h Ti,BO.167.16.T,Broad Locking Compression Plate 16h Ti,BOMBAY,Հատ,Без НДС,հատ,9021
00-00003142,"Anterolateral Distal Tibia LCP 3,5mm & R 5H Ti","Anterolateral Distal Tibia LCP 3,5mm & R 5H Ti",BO.511.R.05.T,"Anterolateral Distal Tibia LCP 3,5mm & R 5H Ti",BOMBAY,Հատ,Без НДС,հատ,9021
00-00003141,"Anterolateral Distal Tibia LCP 3,5mm & R 7H Ti","Anterolateral Distal Tibia LCP 3,5mm & R 7H Ti",BO.511.R.07.T,"Anterolateral Distal Tibia LCP 3,5mm & R 7H Ti",BOMBAY,Հատ,Без НДС,հատ,9021
00-00003140,"Anterolateral Distal Tibia LCP 3,5mm & R 9H Ti","Anterolateral Distal Tibia LCP 3,5mm & R 9H Ti",BO.511.R.09.T,"Anterolateral Distal Tibia LCP 3,5mm & R 9H Ti",BOMBAY,Հատ,Без НДС,հատ,9021
00-00003139,"Anterolateral Distal Tibia LCP 3,5mm & R 11H Ti","Anterolateral Distal Tibia LCP 3,5mm & R 11H Ti",BO.511.R.11.T,"Anterolateral Distal Tibia LCP 3,5mm & R 11H Ti",BOMBAY,Հատ,Без НДС,հատ,9021
00-00003138,"Anterolateral Distal Tibia LCP 3,5mm & R 13H Ti","Anterolateral Distal Tibia LCP 3,5mm & R 13H Ti",BO.511.R.13.T,"Anterolateral Distal Tibia LCP 3,5mm & R 13H Ti",BOMBAY,Հատ,Без НДС,հատ,9021
00-00003137,"Anterolateral Distal Tibia LCP 3,5mm & R 15H Ti","Anterolateral Distal Tibia LCP 3,5mm & R 15H Ti",BO.511.R.15.T,"Anterolateral Distal Tibia LCP 3,5mm & R 15H Ti",BOMBAY,Հատ,Без НДС,հատ,9021
00-00003136,"Anterolateral Distal Tibia LCP 3,5mm & L 5H Ti","Anterolateral Distal Tibia LCP 3,5mm & L 5H Ti",BO.511.L.05.T,"Anterolateral Distal Tibia LCP 3,5mm & L 5H Ti",BOMBAY,Հատ,Без НДС,հատ,9021
00-00003135,"Anterolateral Distal Tibia LCP 3,5mm & L 7H Ti","Anterolateral Distal Tibia LCP 3,5mm & L 7H Ti",BO.511.L.07.T,"Anterolateral Distal Tibia LCP 3,5mm & L 7H Ti",BOMBAY,Հատ,Без НДС,հատ,9021
00-00003134,"Anterolateral Distal Tibia LCP 3,5mm & L 9H Ti","Anterolateral Distal Tibia LCP 3,5mm & L 9H Ti",BO.511.L.09.T,"Anterolateral Distal Tibia LCP 3,5mm & L 9H Ti",BOMBAY,Հատ,Без НДС,հատ,9021
00-00003133,"Anterolateral Distal Tibia LCP 3,5mm & L 11H Ti","Anterolateral Distal Tibia LCP 3,5mm & L 11H Ti",BO.511.L.11.T,"Anterolateral Distal Tibia LCP 3,5mm & L 11H Ti",BOMBAY,Հատ,Без НДС,հատ,9021
00-00003132,"Anterolateral Distal Tibia LCP 3,5mm & L 13H Ti","Anterolateral Distal Tibia LCP 3,5mm & L 13H Ti",BO.511.L.13.T,"Anterolateral Distal Tibia LCP 3,5mm & L 13H Ti",BOMBAY,Հատ,Без НДС,հատ,9021
00-00003131,"Anterolateral Distal Tibia LCP 3,5mm & L 15H Ti","Anterolateral Distal Tibia LCP 3,5mm & L 15H Ti",BO.511.L.15.T,"Anterolateral Distal Tibia LCP 3,5mm & L 15H Ti",BOMBAY,Հատ,Без НДС,հատ,9021
00-00003166,Caspar distractor N1,Caspar distractor N1,PC.300.30.07.1,Caspar distractor N1,Prodorth,Հատ,Без НДС,հատ,9021
00-00003167,Caspar distractor N2,Caspar distractor N2,PC.300.30.07.2,Caspar distractor N2,Prodorth,Հատ,Без НДС,հատ,9021
00-00003168,Caspar distractor N3,Caspar distractor N3,PC.300.30.07.3,Caspar distractor N3,Prodorth,Հատ,Без НДС,հատ,9021
00-00003169,Caspar Pin driver N1,Caspar Pin driver N1,PC.300.30.09.1,Caspar Pin driver N1,Prodorth,Հատ,Без НДС,հատ,9021
00-00003170,Caspar Pin driver N2,Caspar Pin driver N2,PC.300.30.09.2,Caspar Pin driver N2,Prodorth,Հատ,Без НДС,հատ,9021
00-00003171,Caspar Pin driver N3,Caspar Pin driver N3,PC.300.30.09.3,Caspar Pin driver N3,Prodorth,Հատ,Без НДС,հատ,9021
00-00003172,Cage inserter N1,Cage inserter N1,PC.300.30.10.1,Cage inserter N1,Prodorth,Հատ,Без НДС,հատ,9021
00-00003173,Cage inserter N2,Cage inserter N2,PC.300.30.10.2,Cage inserter N2,Prodorth,Հատ,Без НДС,հատ,9021
00-00003174,Cage inserter N3,Cage inserter N3,PC.300.30.10.3,Cage inserter N3,Prodorth,Հատ,Без НДС,հատ,9021
00-00003175,Cage trail inserter N1,Cage trail inserter N1,PC.300.30.11.1,Cage trail inserter N1,Prodorth,Հատ,Без НДС,հատ,9021
00-00003176,Cage trail inserter N2,Cage trail inserter N2,PC.300.30.11.2,Cage trail inserter N2,Prodorth,Հատ,Без НДС,հատ,9021
00-00003177,Cage trail inserter N3,Cage trail inserter N3,PC.300.30.11.3,Cage trail inserter N3,Prodorth,Հատ,Без НДС,հատ,9021
00-00003178,Caspar Pin N1,Caspar Pin N1,PC.300.30.08.1,Caspar Pin N1,Prodorth,Հատ,Без НДС,հատ,9021
00-00003179,Caspar Pin N2,Caspar Pin N2,PC.300.30.08.2,Caspar Pin N2,Prodorth,Հատ,Без НДС,հատ,9021
00-00003180,Caspar Pin N3,Caspar Pin N3,PC.300.30.08.3,Caspar Pin N3,Prodorth,Հատ,Без НДС,հատ,9021
00-00003181,Caspar Pin N4,Caspar Pin N4,PC.300.30.08.4,Caspar Pin N4,Prodorth,Հատ,Без НДС,հատ,9021
00-00003182,Caspar Pin N5,Caspar Pin N5,PC.300.30.08.5,Caspar Pin N5,Prodorth,Հատ,Без НДС,հատ,9021
00-00003183,Caspar Pin N6,Caspar Pin N6,PC.300.30.08.6,Caspar Pin N6,Prodorth,Հատ,Без НДС,հատ,9021
00-00003184,Caspar Pin N7,Caspar Pin N7,PC.300.30.08.7,Caspar Pin N7,Prodorth,Հատ,Без НДС,հատ,9021
00-00003185,Caspar Pin N8,Caspar Pin N8,PC.300.30.08.8,Caspar Pin N8,Prodorth,Հատ,Без НДС,հատ,9021
00-00003186,Caspar Pin N9,Caspar Pin N9,PC.300.30.08.9,Caspar Pin N9,Prodorth,Հատ,Без НДС,հատ,9021
00-00003187,Caspar Pin N10,Caspar Pin N10,PC.300.30.08.10,Caspar Pin N10,Prodorth,Հատ,Без НДС,հատ,9021
00-00003188,Caspar Pin N11,Caspar Pin N11,PC.300.30.08.11,Caspar Pin N11,Prodorth,Հատ,Без НДС,հատ,9021
00-00003189,Caspar Pin N12,Caspar Pin N12,PC.300.30.08.12,Caspar Pin N12,Prodorth,Հատ,Без НДС,հատ,9021
00-00003190,Screw box big 4,Screw box big 4,SBB.04,Screw box big 4,Screw Set,Հատ,Без НДС,հատ,9021
00-00003191,"Spineway-Polyaxial Pedicle screws, 8x45 , Ti","Spineway-Polyaxial Pedicle screws, 8x45 , Ti",MB1PS845,"Spineway-Polyaxial Pedicle screws, 8x45 , Ti",Spineway,Հատ,Без НДС,հատ,9021
00-00003192,"Spineway-Polyaxial Pedicle screws, 5x30 , Ti","Spineway-Polyaxial Pedicle screws, 5x30 , Ti",MB1PS530,"Spineway-Polyaxial Pedicle screws, 5x30 , Ti",Spineway,Հատ,Без НДС,հատ,9021
00-00003193,"Spineway-Polyaxial Pedicle screws, 4x30 , Ti","Spineway-Polyaxial Pedicle screws, 4x30 , Ti",MB1PS430,"Spineway-Polyaxial Pedicle screws, 4x30 , Ti",Spineway,Հատ,Без НДС,հատ,9021
00-00003194,Cervical implant holder T handle,Cervical implant holder T handle,INACEIHB,Cervical implant holder T handle,Spineway,Հատ,Без НДС,հատ,9021
00-00003195,Screwdriver M2,Screwdriver M2,INACEIHM1,Screwdriver M2,Spineway,Հատ,Без НДС,հատ,9021
00-00003196,Cervical cage with blade W14mm - D13mm - H5.5mm,Cervical cage with blade W14mm - D13mm - H5.5mm,ACBS-14-13-55,Cervical cage with blade W14mm - D13mm - H5.5mm,Spineway,Հատ,Без НДС,հատ,9021
00-00003197,Cervical cage with blade W14mm - D13mm - H6.5mm,Cervical cage with blade W14mm - D13mm - H6.5mm,ACBS-14-13-65,Cervical cage with blade W14mm - D13mm - H6.5mm,Spineway,Հատ,Без НДС,հատ,9021
00-00003198,Screw box small 14,Screw box small 14,SBS.14,Screw box small 14,Screw Set,Հատ,Без НДС,հատ,9021
00-00003199,Screw box small 15,Screw box small 15,SBS.15,Screw box small 15,Screw Set,Հատ,Без НДС,հատ,9021
00-00003200,Screw box small 16,Screw box small 15,SBS.16,Screw box small 16,Screw Set,Հատ,Без НДС,հատ,9021
00-00003201,Screw box small 17,Screw box small 17,SBS.17,Screw box small 17,Screw Set,Հատ,Без НДС,հատ,9021
00-00003202,Screw box small 18,Screw box small 18,SBS.18,Screw box small 18,Screw Set,Հատ,Без НДС,հատ,9021
00-00003203,Screw box small 19,Screw box small 19,SBS.19,Screw box small 19,Screw Set,Հատ,Без НДС,հատ,9021
00-00003204,Screw box small 20,Screw box small 20,SBS.20,Screw box small 20,Screw Set,Հատ,Без НДС,հատ,9021
00-00003205,Screw box small 21,Screw box small 21,SBS.21,Screw box small 21,Screw Set,Հատ,Без НДС,հատ,9021
00-00003206,Screw box small 22,Screw box small 22,SBS.22,Screw box small 22,Screw Set,Հատ,Без НДС,հատ,9021
00-00003207,Screw box small 23,Screw box small 23,SBS.23,Screw box small 23,Screw Set,Հատ,Без НДС,հատ,9021
00-00003208,Screw box small 24,Screw box small 24,SBS.24,Screw box small 24,Screw Set,Հատ,Без НДС,հատ,9021
00-00003209,Screw box small 25,Screw box small 25,SBS.25,Screw box small 25,Screw Set,Հատ,Без НДС,հատ,9021
00-00003210,Screw box small 26,Screw box small 26,SBS.26,Screw box small 26,Screw Set,Հատ,Без НДС,հատ,9021
00-00003211,Screw box big 5,Screw box big 5,SBB.05,Screw box big 5,Screw Set,Հատ,Без НДС,հատ,9021
00-00003212,Screw box big 6,Screw box big 6,SBB.06,Screw box big 6,Screw Set,Հատ,Без НДС,հատ,9021
00-00003213,Screw box big 7,Screw box big 7,SBB.07,Screw box big 7,Screw Set,Հատ,Без НДС,հատ,9021
00-00003214,Screw box big 8,Screw box big 8,SBB.08,Screw box big 8,Screw Set,Հատ,Без НДС,հատ,9021
00-00003215,Screw box big 9,Screw box big 9,SBB.09,Screw box big 9,Screw Set,Հատ,Без НДС,հատ,9021
00-00003216,Screw box big 10,Screw box big 10,SBB.10,Screw box big 10,Screw Set,Հատ,Без НДС,հատ,9021
00-00003217,Screw box big 11,Screw box big 11,SBB.11,Screw box big 11,Screw Set,Հատ,Без НДС,հատ,9021
00-00003218,Screw box big 12,Screw box big 12,SBB.12,Screw box big 12,Screw Set,Հատ,Без НДС,հատ,9021
00-00003219,Screw box big 13,Screw box big 13,SBB.13,Screw box big 13,Screw Set,Հատ,Без НДС,հատ,9021
00-00003220,Screw box big 14,Screw box big 14,SBB.14,Screw box big 14,Screw Set,Հատ,Без НДС,հատ,9021
00-00003221,Screw box big 15,Screw box big 15,SBB.15,Screw box big 15,Screw Set,Հատ,Без НДС,հատ,9021
00-00003222,Screw box big 16,Screw box big 16,SBB.16,Screw box big 16,Screw Set,Հատ,Без НДС,հատ,9021
00-00003223,Screw box big 17,Screw box big 17,SBB.17,Screw box big 17,Screw Set,Հատ,Без НДС,հատ,9021
00-00003224,Long PFNA left 11*400mm Ti,Long PFNA left 11*400mm Ti,4208.1140,Long PFNA left 11*400mm Ti,PFNA,Հատ,Без НДС,հատ,9021
00-00003225,Long PFNA right 11*400mm Ti,Long PFNA right 11*400mm Ti,4227.1140,Long PFNA right 11*400mm Ti,PFNA,Հատ,Без НДС,հատ,9021
00-00003226,"ZM Herbert Screw, 3.0/38mm Ti","ZM Herbert Screw, 3.0/38mm Ti",3201.3038,"ZM Herbert Screw, 3.0/38mm Ti",ZMD Screws,Հատ,Без НДС,հատ,9021
00-00003227,"ZM Herbert Screw, 3.0/40mm Ti","ZM Herbert Screw, 3.0/40mm Ti",3201.3040,"ZM Herbert Screw, 3.0/40mm Ti",ZMD Screws,Հատ,Без НДС,հատ,9021
00-00003228,Locking Screw 2.4*22mm,Locking Screw 2.4*22mm,2204.2422,Locking Screw 2.4*22mm,ZMD Screws,Հատ,Без НДС,հատ,9021
00-00003229,Locking Screw 2.4*24mm,Locking Screw 2.4*24mm,2204.2424,Locking Screw 2.4*24mm,ZMD Screws,Հատ,Без НДС,հատ,9021
00-00003230,Locking Screw 2.4*26mm,Locking Screw 2.4*26mm,2204.2426,Locking Screw 2.4*26mm,ZMD Screws,Հատ,Без НДС,հատ,9021
00-00003231,Locking Screw 2.4*28mm,Locking Screw 2.4*28mm,2204.2428,Locking Screw 2.4*28mm,ZMD Screws,Հատ,Без НДС,հատ,9021
00-00003232,"ZM Locking screw 3.5mm, 52mm Ti","ZM Locking screw 3.5mm, 52mm Ti",2201.3552,"ZM Locking screw 3.5mm, 52mm Ti",ZMD Screws,Հատ,Без НДС,հատ,9021
00-00003233,"ZM Locking screw 3.5mm, 56mm Ti","ZM Locking screw 3.5mm, 56mm Ti",2201.3556,"ZM Locking screw 3.5mm, 56mm Ti",ZMD Screws,Հատ,Без НДС,հատ,9021
00-00003234,"ZM Locking screw 3.5mm, 58mm Ti","ZM Locking screw 3.5mm, 58mm Ti",2201.3558,"ZM Locking screw 3.5mm, 58mm Ti",ZMD Screws,Հատ,Без НДС,հատ,9021
00-00003235,"ZM Cortex screw 3.5mm,52mm S.S","ZM Cortex screw 3.5mm,52mm S.S",1101.3552,"ZM Cortex screw 3.5mm,52mm S.S",ZMD Screws,Հատ,Без НДС,հատ,9021
00-00003236,"ZM Cortex screw 3.5mm,56mm S.S","ZM Cortex screw 3.5mm,56mm S.S",1101.3556,"ZM Cortex screw 3.5mm,56mm S.S",ZMD Screws,Հատ,Без НДС,հատ,9021
00-00003237,"ZM Cortex screw 3.5mm,60mm S.S","ZM Cortex screw 3.5mm,60mm S.S",1101.3560,"ZM Cortex screw 3.5mm,60mm S.S",ZMD Screws,Հատ,Без НДС,հատ,9021
00-00003238,"Zimede, Cortex screw , 4.5*58mm, S.S","Zimede, Cortex screw , 4.5*58mm, S.S",1101.4558,"Zimede, Cortex screw , 4.5*58mm, S.S",ZMD Screws,Հատ,Без НДС,հատ,9021
00-00003239,"Zimede, Cortex screw , 4.5*60mm, S.S","Zimede, Cortex screw , 4.5*60mm, S.S",1101.4560,"Zimede, Cortex screw , 4.5*60mm, S.S",ZMD Screws,Հատ,Без НДС,հատ,9021
00-00003241,"ZM K-wire, 3.5/300mm SS","ZM K-wire, 3.5/300mm SS",30248.3.5.300,"ZM K-wire, 3.5/300mm SS",ZMD Wire,Հատ,Без НДС,հատ,9021
00-00003242,"ZM K-wire, 4.0/300mm SS","ZM K-wire, 4.0/300mm SS",30248.4.0.300,"ZM K-wire, 4.0/300mm SS",ZMD Wire,Հատ,Без НДС,հատ,9021
00-00003243,Radius Distal Multi-direction Locking Plate 4h L T,Radius Distal Multi-direction Locking Plate 4h L T,3211.1204,Radius Distal Multi-direction Locking Plate 4h L T,ZMD Plates,Հատ,Без НДС,հատ,9021
00-00003244,Radius Distal Multi-direction Locking Plate 4h R T,Radius Distal Multi-direction Locking Plate 4h R T,3212.1204,Radius Distal Multi-direction Locking Plate 4h R T,ZMD Plates,Հատ,Без НДС,հատ,9021
00-00003245,Radius Distal Multi-direction Locking Plate 5h L T,Radius Distal Multi-direction Locking Plate 5h L T,3211.1205,Radius Distal Multi-direction Locking Plate 5h L T,ZMD Plates,Հատ,Без НДС,հատ,9021
00-00003246,Radius Distal Multi-direction Locking Plate 5h RL T,Radius Distal Multi-direction Locking Plate 5h R T,3212.1205,Radius Distal Multi-direction Locking Plate 5h RL T,ZMD Plates,Հատ,Без НДС,հատ,9021
00-00003247,Radius Stem 6.5-30mm,Radius Stem 6.5-30mm,5041-00210,Radius Stem 6.5-30mm,Radius Prosthesis,Ժամկետով ապրանքներ,Без НДС,հատ,9021
00-00003248,Radius Stem 7.5-27mm,Radius Stem 7.5-27mm,5041-00203,Radius Stem 7.5-27mm,Radius Prosthesis,Ժամկետով ապրանքներ,Без НДС,հատ,9021
00-00003249,Radius Stem 7.5-29mm,Radius Stem 7.5-29mm,5041-00207,Radius Stem 7.5-29mm,Radius Prosthesis,Ժամկետով ապրանքներ,Без НДС,հատ,9021
00-00003250,Radius Head 18-8.5mm,Radius Head 18-8.5mm,5041-00101,Radius Head 18-8.5mm,Radius Prosthesis,Ժամկետով ապրանքներ,Без НДС,հատ,9021
00-00003251,Radius Head 18-10.5mm,Radius Head 18-10.5mm,5041-00102,Radius Head 18-10.5mm,Radius Prosthesis,Ժամկետով ապրանքներ,Без НДС,հատ,9021
00-00003252,Radius Head 18-12.5mm,Radius Head 18-12.5mm,5041-00103,Radius Head 18-12.5mm,Radius Prosthesis,Ժամկետով ապրանքներ,Без НДС,հատ,9021
00-00003253,Radius Head 20-11mm,Radius Head 20-11mm,5041-00105,Radius Head 20-11mm,Radius Prosthesis,Ժամկետով ապրանքներ,Без НДС,հատ,9021
00-00003254,Radius Head 20-13mm,Radius Head 20-13mm,5041-00106,Radius Head 20-13mm,Radius Prosthesis,Ժամկետով ապրանքներ,Без НДС,հատ,9021
00-00003255,Radius Head 22-13.5mm,Radius Head 22-13.5mm,5041-00109,Radius Head 22-13.5mm,Radius Prosthesis,Ժամկետով ապրանքներ,Без НДС,հատ,9021
00-00000106,"CrCo Metal Heads  BALL HEAD, CrCo - 12/14 - Ø 22mm - SHORT neck","CrCo Metal Heads  BALL HEAD, CrCo - 12/14 - Ø 22mm - SHORT neck",20321,"CrCo Metal Heads  BALL HEAD, CrCo - 12/14 - Ø 22mm - SHORT neck",Permedica - Hip,Ժամկետով ապրանքներ,Без НДС,հատ,9021
00-00000107,"CrCo Metal Heads  BALL HEAD, CrCo - 12/14 - Ø 22mm - MEDIUM neck","CrCo Metal Heads  BALL HEAD, CrCo - 12/14 - Ø 22mm - MEDIUM neck",20322,"CrCo Metal Heads  BALL HEAD, CrCo - 12/14 - Ø 22mm - MEDIUM neck",Permedica - Hip,Ժամկետով ապրանքներ,Без НДС,հատ,9021
00-00000108,"CrCo Metal Heads  BALL HEAD, CrCo - 12/14 - Ø 22mm - LONG neck","CrCo Metal Heads  BALL HEAD, CrCo - 12/14 - Ø 22mm - LONG neck",20323,"CrCo Metal Heads  BALL HEAD, CrCo - 12/14 - Ø 22mm - LONG neck",Permedica - Hip,Ժամկետով ապրանքներ,Без НДС,հատ,9021
00-00000003,"CrCo Metal Heads  BALL HEAD, CrCo - 12/14 - Ø 28mm - SHORT neck","CrCo Metal Heads  BALL HEAD, CrCo - 12/14 - Ø 28mm - SHORT neck",20381,"CrCo Metal Heads  BALL HEAD, CrCo - 12/14 - Ø 28mm - SHORT neck",Permedica - Hip,Ժամկետով ապրանքներ,Без НДС,հատ,9021
00-00000104,"CrCo Metal Heads  BALL HEAD, CrCo - 12/14 - Ø 28mm - MEDIUM neck","CrCo Metal Heads  BALL HEAD, CrCo - 12/14 - Ø 28mm - MEDIUM neck",20382,"CrCo Metal Heads  BALL HEAD, CrCo - 12/14 - Ø 28mm - MEDIUM neck",Permedica - Hip,Ժամկետով ապրանքներ,Без НДС,հատ,9021
00-00000105,"CrCo Metal Heads  BALL HEAD, CrCo - 12/14 - Ø 28mm - LONG neck","CrCo Metal Heads  BALL HEAD, CrCo - 12/14 - Ø 28mm - LONG neck",20383,"CrCo Metal Heads  BALL HEAD, CrCo - 12/14 - Ø 28mm - LONG neck",Permedica - Hip,Ժամկետով ապրանքներ,Без НДС,հատ,9021
00-00000103,"CrCo Metal Heads  BALL HEAD, CrCo - 12/14 - Ø 28mm - X-LONG neck","CrCo Metal Heads  BALL HEAD, CrCo - 12/14 - Ø 28mm - X-LONG neck",20384,"CrCo Metal Heads  BALL HEAD, CrCo - 12/14 - Ø 28mm - X-LONG neck",Permedica - Hip,Ժամկետով ապրանքներ,Без НДС,հատ,9021
00-00000100,"CrCo Metal Heads  BALL HEAD, CrCo - 12/14 - Ø 32mm - SHORT neck","CrCo Metal Heads  BALL HEAD, CrCo - 12/14 - Ø 32mm - SHORT neck",20331,"CrCo Metal Heads  BALL HEAD, CrCo - 12/14 - Ø 32mm - SHORT neck",Permedica - Hip,Ժամկետով ապրանքներ,Без НДС,հատ,9021
00-00000101,"CrCo Metal Heads  BALL HEAD, CrCo - 12/14 - Ø 32mm - MEDIUM neck","CrCo Metal Heads  BALL HEAD, CrCo - 12/14 - Ø 32mm - MEDIUM neck",20332,"CrCo Metal Heads  BALL HEAD, CrCo - 12/14 - Ø 32mm - MEDIUM neck",Permedica - Hip,Ժամկետով ապրանքներ,Без НДС,հատ,9021
00-00000102,"CrCo Metal Heads  BALL HEAD, CrCo - 12/14 - Ø 32mm - LONG neck","CrCo Metal Heads  BALL HEAD, CrCo - 12/14 - Ø 32mm - LONG neck",20333,"CrCo Metal Heads  BALL HEAD, CrCo - 12/14 - Ø 32mm - LONG neck",Permedica - Hip,Ժամկետով ապրանքներ,Без НДС,հատ,9021
00-00000099,"CrCo Metal Heads  BALL HEAD, CrCo - 12/14 - Ø 32mm - X-LONG neck","CrCo Metal Heads  BALL HEAD, CrCo - 12/14 - Ø 32mm - X-LONG neck",20334,"CrCo Metal Heads  BALL HEAD, CrCo - 12/14 - Ø 32mm - X-LONG neck",Permedica - Hip,Ժամկետով ապրանքներ,Без НДС,հատ,9021
00-00000096,"CrCo Metal Heads  BALL HEAD, CrCo - 12/14 - Ø 36mm - SHORT neck","CrCo Metal Heads  BALL HEAD, CrCo - 12/14 - Ø 36mm - SHORT neck",20391,"CrCo Metal Heads  BALL HEAD, CrCo - 12/14 - Ø 36mm - SHORT neck",Permedica - Hip,Ժամկետով ապրանքներ,Без НДС,հատ,9021
00-00000097,"CrCo Metal Heads  BALL HEAD, CrCo - 12/14 - Ø 36mm - MEDIUM neck","CrCo Metal Heads  BALL HEAD, CrCo - 12/14 - Ø 36mm - MEDIUM neck",20392,"CrCo Metal Heads  BALL HEAD, CrCo - 12/14 - Ø 36mm - MEDIUM neck",Permedica - Hip,Ժամկետով ապրանքներ,Без НДС,հատ,9021
00-00000098,"CrCo Metal Heads  BALL HEAD, CrCo - 12/14 - Ø 36mm - LONG neck","CrCo Metal Heads  BALL HEAD, CrCo - 12/14 - Ø 36mm - LONG neck",20393,"CrCo Metal Heads  BALL HEAD, CrCo - 12/14 - Ø 36mm - LONG neck",Permedica - Hip,Ժամկետով ապրանքներ,Без НДС,հատ,9021
00-00000095,"CrCo Metal Heads  BALL HEAD, CrCo - 12/14 - Ø 36mm - X-LONG neck","CrCo Metal Heads  BALL HEAD, CrCo - 12/14 - Ø 36mm - X-LONG neck",20394,"CrCo Metal Heads  BALL HEAD, CrCo - 12/14 - Ø 36mm - X-LONG neck",Permedica - Hip,Ժամկետով ապրանքներ,Без НДС,հատ,9021
00-00000048,"PM734 Metal Heads - Standard BALL HEAD, CrCo - 12/14 - Ø 22mm - SHORT neck","PM734 Metal Heads - Standard BALL HEAD, CrCo - 12/14 - Ø 22mm - SHORT neck",20221,"PM734 Metal Heads - Standard BALL HEAD, CrCo - 12/14 - Ø 22mm - SHORT neck",Permedica - Hip,Ժամկետով ապրանքներ,Без НДС,հատ,9021
00-00000049,"PM734 Metal Heads - Standard BALL HEAD, CrCo - 12/14 - Ø 22mm - MEDIUM neck","PM734 Metal Heads - Standard BALL HEAD, CrCo - 12/14 - Ø 22mm - MEDIUM neck",20222,"PM734 Metal Heads - Standard BALL HEAD, CrCo - 12/14 - Ø 22mm - MEDIUM neck",Permedica - Hip,Ժամկետով ապրանքներ,Без НДС,հատ,9021
00-00000050,"PM734 Metal Heads - Standard BALL HEAD, CrCo - 12/14 - Ø 22mm - LONG neck","PM734 Metal Heads - Standard BALL HEAD, CrCo - 12/14 - Ø 22mm - LONG neck",20223,"PM734 Metal Heads - Standard BALL HEAD, CrCo - 12/14 - Ø 22mm - LONG neck",Permedica - Hip,Ժամկետով ապրանքներ,Без НДС,հատ,9021
00-00000045,"PM734 Metal Heads - Standard BALL HEAD, CrCo - 12/14 - Ø 28mm - SHORT neck","PM734 Metal Heads - Standard BALL HEAD, CrCo - 12/14 - Ø 28mm - SHORT neck",20281,"PM734 Metal Heads - Standard BALL HEAD, CrCo - 12/14 - Ø 28mm - SHORT neck",Permedica - Hip,Ժամկետով ապրանքներ,Без НДС,հատ,9021
00-00000046,"PM734 Metal Heads - Standard BALL HEAD, CrCo - 12/14 - Ø 28mm - MEDIUM neck","PM734 Metal Heads - Standard BALL HEAD, CrCo - 12/14 - Ø 28mm - MEDIUM neck",20282,"PM734 Metal Heads - Standard BALL HEAD, CrCo - 12/14 - Ø 28mm - MEDIUM neck",Permedica - Hip,Ժամկետով ապրանքներ,Без НДС,հատ,9021
00-00000047,"PM734 Metal Heads - Standard BALL HEAD, CrCo - 12/14 - Ø 28mm - LONG neck","PM734 Metal Heads - Standard BALL HEAD, CrCo - 12/14 - Ø 28mm - LONG neck",20283,"PM734 Metal Heads - Standard BALL HEAD, CrCo - 12/14 - Ø 28mm - LONG neck",Permedica - Hip,Ժամկետով ապրանքներ,Без НДС,հատ,9021
00-00000044,"PM734 Metal Heads - Standard BALL HEAD, CrCo - 12/14 - Ø 28mm - X-LONG neck","PM734 Metal Heads - Standard BALL HEAD, CrCo - 12/14 - Ø 28mm - X-LONG neck",20284,"PM734 Metal Heads - Standard BALL HEAD, CrCo - 12/14 - Ø 28mm - X-LONG neck",Permedica - Hip,Ժամկետով ապրանքներ,Без НДС,հատ,9021
00-00000041,"PM734 Metal Heads - Standard BALL HEAD, CrCo - 12/14 - Ø 32mm - SHORT neck","PM734 Metal Heads - Standard BALL HEAD, CrCo - 12/14 - Ø 32mm - SHORT neck",20231,"PM734 Metal Heads - Standard BALL HEAD, CrCo - 12/14 - Ø 32mm - SHORT neck",Permedica - Hip,Ժամկետով ապրանքներ,Без НДС,հատ,9021
00-00000042,"PM734 Metal Heads - Standard BALL HEAD, CrCo - 12/14 - Ø 32mm - MEDIUM neck","PM734 Metal Heads - Standard BALL HEAD, CrCo - 12/14 - Ø 32mm - MEDIUM neck",20232,"PM734 Metal Heads - Standard BALL HEAD, CrCo - 12/14 - Ø 32mm - MEDIUM neck",Permedica - Hip,Ժամկետով ապրանքներ,Без НДС,հատ,9021
00-00000043,"PM734 Metal Heads - Standard BALL HEAD, CrCo - 12/14 - Ø 32mm - LONG neck","PM734 Metal Heads - Standard BALL HEAD, CrCo - 12/14 - Ø 32mm - LONG neck",20233,"PM734 Metal Heads - Standard BALL HEAD, CrCo - 12/14 - Ø 32mm - LONG neck",Permedica - Hip,Ժամկետով ապրանքներ,Без НДС,հատ,9021
00-00000040,"PM734 Metal Heads - Standard BALL HEAD, CrCo - 12/14 - Ø 32mm - X-LONG neck","PM734 Metal Heads - Standard BALL HEAD, CrCo - 12/14 - Ø 32mm - X-LONG neck",20234,"PM734 Metal Heads - Standard BALL HEAD, CrCo - 12/14 - Ø 32mm - X-LONG neck",Permedica - Hip,Ժամկետով ապրանքներ,Без НДС,հատ,9021
00-00000037,"PM734 Metal Heads - Standard BALL HEAD, CrCo - 12/14 - Ø 36mm - SHORT neck","PM734 Metal Heads - Standard BALL HEAD, CrCo - 12/14 - Ø 36mm - SHORT neck",20291,"PM734 Metal Heads - Standard BALL HEAD, CrCo - 12/14 - Ø 36mm - SHORT neck",Permedica - Hip,Ժամկետով ապրանքներ,Без НДС,հատ,9021
00-00000038,"PM734 Metal Heads - Standard BALL HEAD, CrCo - 12/14 - Ø 36mm - MEDIUM neck","PM734 Metal Heads - Standard BALL HEAD, CrCo - 12/14 - Ø 36mm - MEDIUM neck",20292,"PM734 Metal Heads - Standard BALL HEAD, CrCo - 12/14 - Ø 36mm - MEDIUM neck",Permedica - Hip,Ժամկետով ապրանքներ,Без НДС,հատ,9021
00-00000039,"PM734 Metal Heads - Standard BALL HEAD, CrCo - 12/14 - Ø 36mm - LONG neck","PM734 Metal Heads - Standard BALL HEAD, CrCo - 12/14 - Ø 36mm - LONG neck",20293,"PM734 Metal Heads - Standard BALL HEAD, CrCo - 12/14 - Ø 36mm - LONG neck",Permedica - Hip,Ժամկետով ապրանքներ,Без НДС,հատ,9021
00-00000036,"PM734 Metal Heads - Standard BALL HEAD, CrCo - 12/14 - Ø 36mm - X-LONG neck","PM734 Metal Heads - Standard BALL HEAD, CrCo - 12/14 - Ø 36mm - X-LONG neck",20294,"PM734 Metal Heads - Standard BALL HEAD, CrCo - 12/14 - Ø 36mm - X-LONG neck",Permedica - Hip,Ժամկետով ապրանքներ,Без НДС,հատ,9021
00-00000113,"BIOLOX® delta ceramic Heads BALL HEAD, BIOLOX DELTA - 12/14 - Ø 28mm - SHORT neck","BIOLOX® delta ceramic Heads BALL HEAD, BIOLOX DELTA - 12/14 - Ø 28mm - SHORT neck",20587,"BIOLOX® delta ceramic Heads BALL HEAD, BIOLOX DELTA - 12/14 - Ø 28mm - SHORT neck",Permedica - Hip,Ժամկետով ապրանքներ,Без НДС,հատ,9021
00-00000114,"BIOLOX® delta ceramic Heads BALL HEAD, BIOLOX DELTA - 12/14 - Ø 28mm - MEDIUM neck","BIOLOX® delta ceramic Heads BALL HEAD, BIOLOX DELTA - 12/14 - Ø 28mm - MEDIUM neck",20588,"BIOLOX® delta ceramic Heads BALL HEAD, BIOLOX DELTA - 12/14 - Ø 28mm - MEDIUM neck",Permedica - Hip,Ժամկետով ապրանքներ,Без НДС,հատ,9021
00-00000115,"BIOLOX® delta ceramic Heads BALL HEAD, BIOLOX DELTA - 12/14 - Ø 28mm - LONG neck","BIOLOX® delta ceramic Heads BALL HEAD, BIOLOX DELTA - 12/14 - Ø 28mm - LONG neck",20589,"BIOLOX® delta ceramic Heads BALL HEAD, BIOLOX DELTA - 12/14 - Ø 28mm - LONG neck",Permedica - Hip,Ժամկետով ապրանքներ,Без НДС,հատ,9021
00-00000110,"BIOLOX® delta ceramic Heads BALL HEAD, BIOLOX DELTA - 12/14 - Ø 32mm - SHORT neck","BIOLOX® delta ceramic Heads BALL HEAD, BIOLOX DELTA - 12/14 - Ø 32mm - SHORT neck",20537,"BIOLOX® delta ceramic Heads BALL HEAD, BIOLOX DELTA - 12/14 - Ø 32mm - SHORT neck",Permedica - Hip,Ժամկետով ապրանքներ,Без НДС,հատ,9021
00-00000111,"BIOLOX® delta ceramic Heads BALL HEAD, BIOLOX DELTA - 12/14 - Ø 32mm - MEDIUM neck","BIOLOX® delta ceramic Heads BALL HEAD, BIOLOX DELTA - 12/14 - Ø 32mm - MEDIUM neck",20538,"BIOLOX® delta ceramic Heads BALL HEAD, BIOLOX DELTA - 12/14 - Ø 32mm - MEDIUM neck",Permedica - Hip,Ժամկետով ապրանքներ,Без НДС,հատ,9021
00-00000112,"BIOLOX® delta ceramic Heads BALL HEAD, BIOLOX DELTA - 12/14 - Ø 32mm - LONG neck","BIOLOX® delta ceramic Heads BALL HEAD, BIOLOX DELTA - 12/14 - Ø 32mm - LONG neck",20539,"BIOLOX® delta ceramic Heads BALL HEAD, BIOLOX DELTA - 12/14 - Ø 32mm - LONG neck",Permedica - Hip,Ժամկետով ապրանքներ,Без НДС,հատ,9021
00-00000109,"BIOLOX® delta ceramic Heads BALL HEAD, BIOLOX DELTA - 12/14 - Ø 32mm - X-LONG neck","BIOLOX® delta ceramic Heads BALL HEAD, BIOLOX DELTA - 12/14 - Ø 32mm - X-LONG neck",20540,"BIOLOX® delta ceramic Heads BALL HEAD, BIOLOX DELTA - 12/14 - Ø 32mm - X-LONG neck",Permedica - Hip,Ժամկետով ապրանքներ,Без НДС,հատ,9021
00-00000090,JUMP SYSTEM BIOLOX DELTA Insert - Ø 28mm - BLACK,JUMP SYSTEM BIOLOX DELTA Insert - Ø 28mm - BLACK,36005,JUMP SYSTEM BIOLOX DELTA Insert - Ø 28mm - BLACK,Permedica - Hip,Ժամկետով ապրանքներ,Без НДС,հատ,9021
00-00000088,JUMP SYSTEM BIOLOX DELTA Insert - Ø 28mm - GREY,JUMP SYSTEM BIOLOX DELTA Insert - Ø 28mm - GREY,36006,JUMP SYSTEM BIOLOX DELTA Insert - Ø 28mm - GREY,Permedica - Hip,Ժամկետով ապրանքներ,Без НДС,հատ,9021
00-00000086,JUMP SYSTEM BIOLOX DELTA Insert - Ø 28mm - YELLOW,JUMP SYSTEM BIOLOX DELTA Insert - Ø 28mm - YELLOW,36008,JUMP SYSTEM BIOLOX DELTA Insert - Ø 28mm - YELLOW,Permedica - Hip,Ժամկետով ապրանքներ,Без НДС,հատ,9021
00-00000089,JUMP SYSTEM BIOLOX DELTA Insert - Ø 28mm - BLUE,JUMP SYSTEM BIOLOX DELTA Insert - Ø 28mm - BLUE,36009,JUMP SYSTEM BIOLOX DELTA Insert - Ø 28mm - BLUE,Permedica - Hip,Ժամկետով ապրանքներ,Без НДС,հատ,9021
00-00000087,JUMP SYSTEM BIOLOX DELTA Insert - Ø 28mm - RED,JUMP SYSTEM BIOLOX DELTA Insert - Ø 28mm - RED,36010,JUMP SYSTEM BIOLOX DELTA Insert - Ø 28mm - RED,Permedica - Hip,Ժամկետով ապրանքներ,Без НДС,հատ,9021
00-00000085,JUMP SYSTEM BIOLOX DELTA Insert - Ø 32mm - BLACK,JUMP SYSTEM BIOLOX DELTA Insert - Ø 32mm - BLACK,36011,JUMP SYSTEM BIOLOX DELTA Insert - Ø 32mm - BLACK,Permedica - Hip,Ժամկետով ապրանքներ,Без НДС,հատ,9021
00-00000083,JUMP SYSTEM BIOLOX DELTA Insert - Ø 32mm - GREY,JUMP SYSTEM BIOLOX DELTA Insert - Ø 32mm - GREY,36015,JUMP SYSTEM BIOLOX DELTA Insert - Ø 32mm - GREY,Permedica - Hip,Ժամկետով ապրանքներ,Без НДС,հատ,9021
00-00000081,JUMP SYSTEM BIOLOX DELTA Insert - Ø 32mm - YELLOW,JUMP SYSTEM BIOLOX DELTA Insert - Ø 32mm - YELLOW,36016,JUMP SYSTEM BIOLOX DELTA Insert - Ø 32mm - YELLOW,Permedica - Hip,Ժամկետով ապրանքներ,Без НДС,հատ,9021
00-00000084,JUMP SYSTEM BIOLOX DELTA Insert - Ø 32mm - BLUE,JUMP SYSTEM BIOLOX DELTA Insert - Ø 32mm - BLUE,36017,JUMP SYSTEM BIOLOX DELTA Insert - Ø 32mm - BLUE,Permedica - Hip,Ժամկետով ապրանքներ,Без НДС,հատ,9021
00-00000082,JUMP SYSTEM BIOLOX DELTA Insert - Ø 32mm - RED,JUMP SYSTEM BIOLOX DELTA Insert - Ø 32mm - RED,36018,JUMP SYSTEM BIOLOX DELTA Insert - Ø 32mm - RED,Permedica - Hip,Ժամկետով ապրանքներ,Без НДС,հատ,9021
00-00000015,UHMWPE Hooded 20° JUMP SYSTEM Cemented Cup - Ø 32 x 42mm - Hooded,UHMWPE Hooded 20° JUMP SYSTEM Cemented Cup - Ø 32 x 42mm - Hooded,33842,UHMWPE Hooded 20° JUMP SYSTEM Cemented Cup - Ø 32 x 42mm - Hooded,Permedica - Hip,Ժամկետով ապրանքներ,Без НДС,հատ,9021
00-00000005,UHMWPE Hooded 20°JUMP SYSTEM Cemented Cup - Ø 32 x 44mm - Hooded,UHMWPE Hooded 20°JUMP SYSTEM Cemented Cup - Ø 32 x 44mm - Hooded,33844,UHMWPE Hooded 20°JUMP SYSTEM Cemented Cup - Ø 32 x 44mm - Hooded,Permedica - Hip,Ժամկետով ապրանքներ,Без НДС,հատ,9021
00-00000004,UHMWPE Hooded 20°JUMP SYSTEM Cemented Cup - Ø 32 x 46mm - Hooded,UHMWPE Hooded 20°JUMP SYSTEM Cemented Cup - Ø 32 x 46mm - Hooded,33846,UHMWPE Hooded 20°JUMP SYSTEM Cemented Cup - Ø 32 x 46mm - Hooded,Permedica - Hip,Ժամկետով ապրանքներ,Без НДС,հատ,9021
00-00000014,UHMWPE Hooded 20° JUMP SYSTEM Cemented Cup - Ø 32 x 48mm - Hooded,UHMWPE Hooded 20° JUMP SYSTEM Cemented Cup - Ø 32 x 48mm - Hooded,33848,UHMWPE Hooded 20° JUMP SYSTEM Cemented Cup - Ø 32 x 48mm - Hooded,Permedica - Hip,Ժամկետով ապրանքներ,Без НДС,հատ,9021
00-00000013,UHMWPE Hooded 20° JUMP SYSTEM Cemented Cup - Ø 32 x 50mm - Hooded,UHMWPE Hooded 20° JUMP SYSTEM Cemented Cup - Ø 32 x 50mm - Hooded,33850,UHMWPE Hooded 20° JUMP SYSTEM Cemented Cup - Ø 32 x 50mm - Hooded,Permedica - Hip,Ժամկետով ապրանքներ,Без НДС,հատ,9021
00-00000012,UHMWPE Hooded 20° JUMP SYSTEM Cemented Cup - Ø 32 x 52mm - Hooded,UHMWPE Hooded 20° JUMP SYSTEM Cemented Cup - Ø 32 x 52mm - Hooded,33852,UHMWPE Hooded 20° JUMP SYSTEM Cemented Cup - Ø 32 x 52mm - Hooded,Permedica - Hip,Ժամկետով ապրանքներ,Без НДС,հատ,9021
00-00000011,UHMWPE Hooded 20° JUMP SYSTEM Cemented Cup - Ø 32 x 54mm - Hooded,UHMWPE Hooded 20° JUMP SYSTEM Cemented Cup - Ø 32 x 54mm - Hooded,33854,UHMWPE Hooded 20° JUMP SYSTEM Cemented Cup - Ø 32 x 54mm - Hooded,Permedica - Hip,Ժամկետով ապրանքներ,Без НДС,հատ,9021
00-00000010,UHMWPE Hooded 20° JUMP SYSTEM Cemented Cup - Ø 32 x 56mm - Hooded,UHMWPE Hooded 20° JUMP SYSTEM Cemented Cup - Ø 32 x 56mm - Hooded,33856,UHMWPE Hooded 20° JUMP SYSTEM Cemented Cup - Ø 32 x 56mm - Hooded,Permedica - Hip,Ժամկետով ապրանքներ,Без НДС,հատ,9021
00-00000009,UHMWPE Hooded 20° JUMP SYSTEM Cemented Cup - Ø 32 x 58mm - Hooded,UHMWPE Hooded 20° JUMP SYSTEM Cemented Cup - Ø 32 x 58mm - Hooded,33858,UHMWPE Hooded 20° JUMP SYSTEM Cemented Cup - Ø 32 x 58mm - Hooded,Permedica - Hip,Ժամկետով ապրանքներ,Без НДС,հատ,9021
00-00000008,UHMWPE Hooded 20° JUMP SYSTEM Cemented Cup - Ø 32 x 60mm - Hooded,UHMWPE Hooded 20° JUMP SYSTEM Cemented Cup - Ø 32 x 60mm - Hooded,33860,UHMWPE Hooded 20° JUMP SYSTEM Cemented Cup - Ø 32 x 60mm - Hooded,Permedica - Hip,Ժամկետով ապրանքներ,Без НДС,հատ,9021
00-00000007,UHMWPE Hooded 20° JUMP SYSTEM Cemented Cup - Ø 32 x 62mm - Hooded,UHMWPE Hooded 20° JUMP SYSTEM Cemented Cup - Ø 32 x 62mm - Hooded,33862,UHMWPE Hooded 20° JUMP SYSTEM Cemented Cup - Ø 32 x 62mm - Hooded,Permedica - Hip,Ժամկետով ապրանքներ,Без НДС,հատ,9021
00-00000006,UHMWPE Hooded 20° JUMP SYSTEM Cemented Cup - Ø 32 x 64mm - Hooded,UHMWPE Hooded 20° JUMP SYSTEM Cemented Cup - Ø 32 x 64mm - Hooded,33864,UHMWPE Hooded 20° JUMP SYSTEM Cemented Cup - Ø 32 x 64mm - Hooded,Permedica - Hip,Ժամկետով ապրանքներ,Без НДС,հատ,9021
00-00000028,"SELF-LOCKING cemented Stem - STANDARD - size 6,25","SELF-LOCKING cemented Stem - STANDARD - size 6,25",16706,"SELF-LOCKING cemented Stem - STANDARD - size 6,25",Permedica - Hip,Ժամկետով ապրանքներ,Без НДС,հատ,9021
00-00000027,"SELF-LOCKING cemented Stem - STANDARD - size 7,50","SELF-LOCKING cemented Stem - STANDARD - size 7,50",16707,"SELF-LOCKING cemented Stem - STANDARD - size 7,50",Permedica - Hip,Ժամկետով ապրանքներ,Без НДС,հատ,9021
00-00000026,"SELF-LOCKING cemented Stem - STANDARD - size 8,75","SELF-LOCKING cemented Stem - STANDARD - size 8,75",16708,"SELF-LOCKING cemented Stem - STANDARD - size 8,75",Permedica - Hip,Ժամկետով ապրանքներ,Без НДС,հատ,9021
00-00000035,"SELF-LOCKING cemented Stem - STANDARD - size 10,0","SELF-LOCKING cemented Stem - STANDARD - size 10,0",16710,"SELF-LOCKING cemented Stem - STANDARD - size 10,0",Permedica - Hip,Ժամկետով ապրանքներ,Без НДС,հատ,9021
00-00000034,"SELF-LOCKING cemented Stem - STANDARD - size 11,25","SELF-LOCKING cemented Stem - STANDARD - size 11,25",16711,"SELF-LOCKING cemented Stem - STANDARD - size 11,25",Permedica - Hip,Ժամկետով ապրանքներ,Без НДС,հատ,9021
00-00000033,"SELF-LOCKING cemented Stem - STANDARD - size 12,50","SELF-LOCKING cemented Stem - STANDARD - size 12,50",16712,"SELF-LOCKING cemented Stem - STANDARD - size 12,50",Permedica - Hip,Ժամկետով ապրանքներ,Без НДС,հատ,9021
00-00000032,"SELF-LOCKING cemented Stem - STANDARD - size 13,75","SELF-LOCKING cemented Stem - STANDARD - size 13,75",16713,"SELF-LOCKING cemented Stem - STANDARD - size 13,75",Permedica - Hip,Ժամկետով ապրանքներ,Без НДС,հատ,9021
00-00000031,"SELF-LOCKING cemented Stem - STANDARD - size 15,0","SELF-LOCKING cemented Stem - STANDARD - size 15,0",16715,"SELF-LOCKING cemented Stem - STANDARD - size 15,0",Permedica - Hip,Ժամկետով ապրանքներ,Без НДС,հատ,9021
00-00000030,"SELF-LOCKING cemented Stem - STANDARD - size 17,50","SELF-LOCKING cemented Stem - STANDARD - size 17,50",16717,"SELF-LOCKING cemented Stem - STANDARD - size 17,50",Permedica - Hip,Ժամկետով ապրանքներ,Без НДС,հատ,9021
00-00000029,"SELF-LOCKING cemented Stem - STANDARD - size 20,0","SELF-LOCKING cemented Stem - STANDARD - size 20,0",16720,"SELF-LOCKING cemented Stem - STANDARD - size 20,0",Permedica - Hip,Ժամկետով ապրանքներ,Без НДС,հատ,9021
00-00000065,JUMP SYSTEM UHMWPE Insert - Ø 22mm Hooded 10° - GREEN,JUMP SYSTEM UHMWPE Insert - Ø 22mm Hooded 10° - GREEN,36362,JUMP SYSTEM UHMWPE Insert - Ø 22mm Hooded 10° - GREEN,Permedica - Hip,Ժամկետով ապրանքներ,Без НДС,հատ,9021
00-00000064,JUMP SYSTEM UHMWPE Insert - Ø 28mm Hooded 10° - BLACK,JUMP SYSTEM UHMWPE Insert - Ø 28mm Hooded 10° - BLACK,36363,JUMP SYSTEM UHMWPE Insert - Ø 28mm Hooded 10° - BLACK,Permedica - Hip,Ժամկետով ապրանքներ,Без НДС,հատ,9021
00-00000060,JUMP SYSTEM UHMWPE Insert - Ø 28mm Hooded 10° - YELLOW,JUMP SYSTEM UHMWPE Insert - Ø 28mm Hooded 10° - YELLOW,36364,JUMP SYSTEM UHMWPE Insert - Ø 28mm Hooded 10° - YELLOW,Permedica - Hip,Ժամկետով ապրանքներ,Без НДС,հատ,9021
00-00000062,JUMP SYSTEM UHMWPE Insert - Ø 28mm Hooded 10° - GREY,JUMP SYSTEM UHMWPE Insert - Ø 28mm Hooded 10° - GREY,36365,JUMP SYSTEM UHMWPE Insert - Ø 28mm Hooded 10° - GREY,Permedica - Hip,Ժամկետով ապրանքներ,Без НДС,հատ,9021
00-00000063,JUMP SYSTEM UHMWPE Insert - Ø 28mm Hooded 10° - BLUE,JUMP SYSTEM UHMWPE Insert - Ø 28mm Hooded 10° - BLUE,36366,JUMP SYSTEM UHMWPE Insert - Ø 28mm Hooded 10° - BLUE,Permedica - Hip,Ժամկետով ապրանքներ,Без НДС,հատ,9021
00-00000061,JUMP SYSTEM UHMWPE Insert - Ø 28mm Hooded 10° - RED,JUMP SYSTEM UHMWPE Insert - Ø 28mm Hooded 10° - RED,36367,JUMP SYSTEM UHMWPE Insert - Ø 28mm Hooded 10° - RED,Permedica - Hip,Ժամկետով ապրանքներ,Без НДС,հատ,9021
00-00000056,JUMP SYSTEM UHMWPE Insert - Ø 32mm Hooded 10° - YELLOW,JUMP SYSTEM UHMWPE Insert - Ø 32mm Hooded 10° - YELLOW,36368,JUMP SYSTEM UHMWPE Insert - Ø 32mm Hooded 10° - YELLOW,Permedica - Hip,Ժամկետով ապրանքներ,Без НДС,հատ,9021
00-00000058,JUMP SYSTEM UHMWPE Insert - Ø 32mm Hooded 10° - GREY,JUMP SYSTEM UHMWPE Insert - Ø 32mm Hooded 10° - GREY,36369,JUMP SYSTEM UHMWPE Insert - Ø 32mm Hooded 10° - GREY,Permedica - Hip,Ժամկետով ապրանքներ,Без НДС,հատ,9021
00-00000059,JUMP SYSTEM UHMWPE Insert - Ø 32mm Hooded 10° - BLUE,JUMP SYSTEM UHMWPE Insert - Ø 32mm Hooded 10° - BLUE,36370,JUMP SYSTEM UHMWPE Insert - Ø 32mm Hooded 10° - BLUE,Permedica - Hip,Ժամկետով ապրանքներ,Без НДС,հատ,9021
00-00000057,JUMP SYSTEM UHMWPE Insert - Ø 32mm Hooded 10° - RED,JUMP SYSTEM UHMWPE Insert - Ø 32mm Hooded 10° - RED,36371,JUMP SYSTEM UHMWPE Insert - Ø 32mm Hooded 10° - RED,Permedica - Hip,Ժամկետով ապրանքներ,Без НДС,հատ,9021
00-00000055,JUMP SYSTEM UHMWPE Insert - Ø 36mm Hooded 10° - BLUE,JUMP SYSTEM UHMWPE Insert - Ø 36mm Hooded 10° - BLUE,36329,JUMP SYSTEM UHMWPE Insert - Ø 36mm Hooded 10° - BLUE,Permedica - Hip,Ժամկետով ապրանքներ,Без НДС,հատ,9021
00-00000054,JUMP SYSTEM UHMWPE Insert - Ø 36mm Hooded 10° - RED,JUMP SYSTEM UHMWPE Insert - Ø 36mm Hooded 10° - RED,36330,JUMP SYSTEM UHMWPE Insert - Ø 36mm Hooded 10° - RED,Permedica - Hip,Ժամկետով ապրանքներ,Без НДС,հատ,9021
00-00000053,JUMP SYSTEM UHMWPE Insert - Ø 36mm Hooded 10° - WHITE,JUMP SYSTEM UHMWPE Insert - Ø 36mm Hooded 10° - WHITE,36378,JUMP SYSTEM UHMWPE Insert - Ø 36mm Hooded 10° - WHITE,Permedica - Hip,Ժամկետով ապրանքներ,Без НДС,հատ,9021
00-00000052,JUMP SYSTEM UHMWPE Insert - Ø 40mm Hooded 10° - BLUE,JUMP SYSTEM UHMWPE Insert - Ø 40mm Hooded 10° - BLUE,36384,JUMP SYSTEM UHMWPE Insert - Ø 40mm Hooded 10° - BLUE,Permedica - Hip,Ժամկետով ապրանքներ,Без НДС,հատ,9021
00-00000051,JUMP SYSTEM UHMWPE Insert - Ø 40mm Hooded 10° - RED,JUMP SYSTEM UHMWPE Insert - Ø 40mm Hooded 10° - RED,36385,JUMP SYSTEM UHMWPE Insert - Ø 40mm Hooded 10° - RED,Permedica - Hip,Ժամկետով ապրանքներ,Без НДС,հատ,9021
00-00000066,JUMP SYSTEM Cup -W/Holes X-Pore Ø 42mm - GREEN,JUMP SYSTEM Cup -W/Holes X-Pore Ø 42mm - GREEN,35242,JUMP SYSTEM Cup -W/Holes X-Pore Ø 42mm - GREEN,Permedica - Hip,Ժամկետով ապրանքներ,Без НДС,հատ,9021
00-00000080,JUMP SYSTEM Cup -W/holes X-Pore - Ø 44mm - BLACK,JUMP SYSTEM Cup -W/holes X-Pore - Ø 44mm - BLACK,35244,JUMP SYSTEM Cup -W/holes X-Pore - Ø 44mm - BLACK,Permedica - Hip,Ժամկետով ապրանքներ,Без НДС,հատ,9021
00-00000079,JUMP SYSTEM Cup -W/holes X-Pore - Ø 46mm - BLACK,JUMP SYSTEM Cup -W/holes X-Pore - Ø 46mm - BLACK,35246,JUMP SYSTEM Cup -W/holes X-Pore - Ø 46mm - BLACK,Permedica - Hip,Ժամկետով ապրանքներ,Без НДС,հատ,9021
00-00000078,JUMP SYSTEM Cup -W/holes X-Pore - Ø 48mm - YELLOW,JUMP SYSTEM Cup -W/holes X-Pore - Ø 48mm - YELLOW,35248,JUMP SYSTEM Cup -W/holes X-Pore - Ø 48mm - YELLOW,Permedica - Hip,Ժամկետով ապրանքներ,Без НДС,հատ,9021
00-00000077,JUMP SYSTEM Cup -W/holes X-Pore - Ø 50mm - YELLOW,JUMP SYSTEM Cup -W/holes X-Pore - Ø 50mm - YELLOW,35250,JUMP SYSTEM Cup -W/holes X-Pore - Ø 50mm - YELLOW,Permedica - Hip,Ժամկետով ապրանքներ,Без НДС,հատ,9021
00-00000076,JUMP SYSTEM Cup -W/holes X-Pore - Ø 52mm - GREY,JUMP SYSTEM Cup -W/holes X-Pore - Ø 52mm - GREY,35252,JUMP SYSTEM Cup -W/holes X-Pore - Ø 52mm - GREY,Permedica - Hip,Ժամկետով ապրանքներ,Без НДС,հատ,9021
00-00000075,JUMP SYSTEM Cup -W/holes X-Pore - Ø 54mm - GREY,JUMP SYSTEM Cup -W/holes X-Pore - Ø 54mm - GREY,35254,JUMP SYSTEM Cup -W/holes X-Pore - Ø 54mm - GREY,Permedica - Hip,Ժամկետով ապրանքներ,Без НДС,հատ,9021
00-00000074,JUMP SYSTEM Cup -W/holes X-Pore - Ø 56mm - BLUE,JUMP SYSTEM Cup -W/holes X-Pore - Ø 56mm - BLUE,35256,JUMP SYSTEM Cup -W/holes X-Pore - Ø 56mm - BLUE,Permedica - Hip,Ժամկետով ապրանքներ,Без НДС,հատ,9021
00-00000073,JUMP SYSTEM Cup -W/holes X-Pore - Ø 58mm - BLUE,JUMP SYSTEM Cup -W/holes X-Pore - Ø 58mm - BLUE,35258,JUMP SYSTEM Cup -W/holes X-Pore - Ø 58mm - BLUE,Permedica - Hip,Ժամկետով ապրանքներ,Без НДС,հատ,9021
00-00000072,JUMP SYSTEM Cup -W/holes X-Pore - Ø 60mm - BLUE,JUMP SYSTEM Cup -W/holes X-Pore - Ø 60mm - BLUE,35260,JUMP SYSTEM Cup -W/holes X-Pore - Ø 60mm - BLUE,Permedica - Hip,Ժամկետով ապրանքներ,Без НДС,հատ,9021
00-00000071,JUMP SYSTEM Cup -W/holes X-Pore - Ø 62mm - RED,JUMP SYSTEM Cup -W/holes X-Pore - Ø 62mm - RED,35262,JUMP SYSTEM Cup -W/holes X-Pore - Ø 62mm - RED,Permedica - Hip,Ժամկետով ապրանքներ,Без НДС,հատ,9021
00-00000070,JUMP SYSTEM Cup -W/holes X-Pore - Ø 64mm - RED,JUMP SYSTEM Cup -W/holes X-Pore - Ø 64mm - RED,35264,JUMP SYSTEM Cup -W/holes X-Pore - Ø 64mm - RED,Permedica - Hip,Ժամկետով ապրանքներ,Без НДС,հատ,9021
00-00000069,JUMP SYSTEM Cup -W/holes X-Pore - Ø 66mm - RED,JUMP SYSTEM Cup -W/holes X-Pore - Ø 66mm - RED,35266,JUMP SYSTEM Cup -W/holes X-Pore - Ø 66mm - RED,Permedica - Hip,Ժամկետով ապրանքներ,Без НДС,հատ,9021
00-00000068,JUMP SYSTEM Cup -W/holes X-Pore - Ø 68mm - RED,JUMP SYSTEM Cup -W/holes X-Pore - Ø 68mm - RED,35268,JUMP SYSTEM Cup -W/holes X-Pore - Ø 68mm - RED,Permedica - Hip,Ժամկետով ապրանքներ,Без НДС,հատ,9021
00-00000067,JUMP SYSTEM Cup -W/holes X-Pore - Ø 70mm - RED,JUMP SYSTEM Cup -W/holes X-Pore - Ø 70mm - RED,35270,JUMP SYSTEM Cup -W/holes X-Pore - Ø 70mm - RED,Permedica - Hip,Ժամկետով ապրանքներ,Без НДС,հատ,9021
00-00000018,"SL X-Pore Stem - STANDARD - size 6,25","SL X-Pore Stem - STANDARD - size 6,25",15706,"SL X-Pore Stem - STANDARD - size 6,25",Permedica - Hip,Ժամկետով ապրանքներ,Без НДС,հատ,9021
00-00000017,"SL X-Pore Stem - STANDARD - size 7,50","SL X-Pore Stem - STANDARD - size 7,50",15707,"SL X-Pore Stem - STANDARD - size 7,50",Permedica - Hip,Ժամկետով ապրանքներ,Без НДС,հատ,9021
00-00000016,"SL X-Pore Stem - STANDARD - size 8,75","SL X-Pore Stem - STANDARD - size 8,75",15708,"SL X-Pore Stem - STANDARD - size 8,75",Permedica - Hip,Ժամկետով ապրանքներ,Без НДС,հատ,9021
00-00000025,"SL X-Pore Stem - STANDARD - size 10,0","SL X-Pore Stem - STANDARD - size 10,0",15710,"SL X-Pore Stem - STANDARD - size 10,0",Permedica - Hip,Ժամկետով ապրանքներ,Без НДС,հատ,9021
00-00000024,"SL X-Pore Stem - STANDARD - size 11,25","SL X-Pore Stem - STANDARD - size 11,25",15711,"SL X-Pore Stem - STANDARD - size 11,25",Permedica - Hip,Ժամկետով ապրանքներ,Без НДС,հատ,9021
00-00000023,"SL X-Pore Stem - STANDARD - size 12,50","SL X-Pore Stem - STANDARD - size 12,50",15712,"SL X-Pore Stem - STANDARD - size 12,50",Permedica - Hip,Ժամկետով ապրանքներ,Без НДС,հատ,9021
00-00000022,"SL X-Pore Stem - STANDARD - size 13,75","SL X-Pore Stem - STANDARD - size 13,75",15713,"SL X-Pore Stem - STANDARD - size 13,75",Permedica - Hip,Ժամկետով ապրանքներ,Без НДС,հատ,9021
00-00000021,"SL X-Pore Stem - STANDARD - size 15,0","SL X-Pore Stem - STANDARD - size 15,0",15715,"SL X-Pore Stem - STANDARD - size 15,0",Permedica - Hip,Ժամկետով ապրանքներ,Без НДС,հատ,9021
00-00000020,"SL X-Pore Stem - STANDARD - size 17,50","SL X-Pore Stem - STANDARD - size 17,50",15717,"SL X-Pore Stem - STANDARD - size 17,50",Permedica - Hip,Ժամկետով ապրանքներ,Без НДС,հատ,9021
00-00000019,"SL X-Pore Stem - STANDARD - size 20,0","SL X-Pore Stem - STANDARD - size 20,0",15720,"SL X-Pore Stem - STANDARD - size 20,0",Permedica - Hip,Ժամկետով ապրանքներ,Без НДС,հատ,9021
00-00000094,"JUMP Fixation SCREW - Flat head Ø 6,5x25mm","JUMP Fixation SCREW - Flat head Ø 6,5x25mm",36725,"JUMP Fixation SCREW - Flat head Ø 6,5x25mm",Permedica - Hip,Ժամկետով ապրանքներ,Без НДС,հատ,9021
00-00000093,"JUMP Fixation SCREW - Flat head Ø 6,5x30mm","JUMP Fixation SCREW - Flat head Ø 6,5x30mm",36730,"JUMP Fixation SCREW - Flat head Ø 6,5x30mm",Permedica - Hip,Ժամկետով ապրանքներ,Без НДС,հատ,9021
00-00000092,"JUMP Fixation SCREW - Flat head Ø 6,5x35mm","JUMP Fixation SCREW - Flat head Ø 6,5x35mm",36735,"JUMP Fixation SCREW - Flat head Ø 6,5x35mm",Permedica - Hip,Ժամկետով ապրանքներ,Без НДС,հատ,9021
00-00000091,"JUMP Fixation SCREW - Flat head Ø 6,5x40mm","JUMP Fixation SCREW - Flat head Ø 6,5x40mm",36740,"JUMP Fixation SCREW - Flat head Ø 6,5x40mm",Permedica - Hip,Ժամկետով ապրանքներ,Без НДС,հատ,9021
00-00000199,GKS PRIME FLEX PS: FEMUR Cemented - Size 4 RIGHT,GKS PRIME FLEX PS: FEMUR Cemented - Size 4 RIGHT,54301,GKS PRIME FLEX PS: FEMUR Cemented - Size 4 RIGHT,Permedica - Knee,Ժամկետով ապրանքներ,Без НДС,հատ,9021
00-00000200,GKS PRIME FLEX PS: FEMUR Cemented - Size 4 LEFT,GKS PRIME FLEX PS: FEMUR Cemented - Size 4 LEFT,54302,GKS PRIME FLEX PS: FEMUR Cemented - Size 4 LEFT,Permedica - Knee,Ժամկետով ապրանքներ,Без НДС,հատ,9021
00-00000197,GKS PRIME FLEX PS: FEMUR Cemented - Size 5 RIGHT,GKS PRIME FLEX PS: FEMUR Cemented - Size 5 RIGHT,54303,GKS PRIME FLEX PS: FEMUR Cemented - Size 5 RIGHT,Permedica - Knee,Ժամկետով ապրանքներ,Без НДС,հատ,9021
00-00000198,GKS PRIME FLEX PS: FEMUR Cemented - Size 5 LEFT,GKS PRIME FLEX PS: FEMUR Cemented - Size 5 LEFT,54304,GKS PRIME FLEX PS: FEMUR Cemented - Size 5 LEFT,Permedica - Knee,Ժամկետով ապրանքներ,Без НДС,հատ,9021
00-00000195,GKS PRIME FLEX PS: FEMUR Cemented - Size 6 RIGHT,GKS PRIME FLEX PS: FEMUR Cemented - Size 6 RIGHT,54305,GKS PRIME FLEX PS: FEMUR Cemented - Size 6 RIGHT,Permedica - Knee,Ժամկետով ապրանքներ,Без НДС,հատ,9021
00-00000196,GKS PRIME FLEX PS: FEMUR Cemented - Size 6 LEFT,GKS PRIME FLEX PS: FEMUR Cemented - Size 6 LEFT,54306,GKS PRIME FLEX PS: FEMUR Cemented - Size 6 LEFT,Permedica - Knee,Ժամկետով ապրանքներ,Без НДС,հատ,9021
00-00000193,GKS PRIME FLEX PS: FEMUR Cemented - Size 7 RIGHT,GKS PRIME FLEX PS: FEMUR Cemented - Size 7 RIGHT,54307,GKS PRIME FLEX PS: FEMUR Cemented - Size 7 RIGHT,Permedica - Knee,Ժամկետով ապրանքներ,Без НДС,հատ,9021
00-00000194,GKS PRIME FLEX PS: FEMUR Cemented - Size 7 LEFT,GKS PRIME FLEX PS: FEMUR Cemented - Size 7 LEFT,54308,GKS PRIME FLEX PS: FEMUR Cemented - Size 7 LEFT,Permedica - Knee,Ժամկետով ապրանքներ,Без НДС,հատ,9021
00-00000191,GKS PRIME FLEX PS: FEMUR Cemented - Size 8 RIGHT,GKS PRIME FLEX PS: FEMUR Cemented - Size 8 RIGHT,54309,GKS PRIME FLEX PS: FEMUR Cemented - Size 8 RIGHT,Permedica - Knee,Ժամկետով ապրանքներ,Без НДС,հատ,9021
00-00000192,GKS PRIME FLEX PS: FEMUR Cemented - Size 8 LEFT,GKS PRIME FLEX PS: FEMUR Cemented - Size 8 LEFT,54310,GKS PRIME FLEX PS: FEMUR Cemented - Size 8 LEFT,Permedica - Knee,Ժամկետով ապրանքներ,Без НДС,հատ,9021
00-00000189,GKS PRIME FLEX PS: FEMUR Cemented - Size 9 RIGHT,GKS PRIME FLEX PS: FEMUR Cemented - Size 9 RIGHT,54311,GKS PRIME FLEX PS: FEMUR Cemented - Size 9 RIGHT,Permedica - Knee,Ժամկետով ապրանքներ,Без НДС,հատ,9021
00-00000190,GKS PRIME FLEX PS: FEMUR Cemented - Size 9 LEFT,GKS PRIME FLEX PS: FEMUR Cemented - Size 9 LEFT,54312,GKS PRIME FLEX PS: FEMUR Cemented - Size 9 LEFT,Permedica - Knee,Ժամկետով ապրանքներ,Без НДС,հատ,9021
00-00000207,GKS PRIME FLEX PS: FEMUR Cemented - Size 10 RIGHT,GKS PRIME FLEX PS: FEMUR Cemented - Size 10 RIGHT,54313,GKS PRIME FLEX PS: FEMUR Cemented - Size 10 RIGHT,Permedica - Knee,Ժամկետով ապրանքներ,Без НДС,հատ,9021
00-00000208,GKS PRIME FLEX PS: FEMUR Cemented - Size 10 LEFT,GKS PRIME FLEX PS: FEMUR Cemented - Size 10 LEFT,54314,GKS PRIME FLEX PS: FEMUR Cemented - Size 10 LEFT,Permedica - Knee,Ժամկետով ապրանքներ,Без НДС,հատ,9021
00-00000205,GKS PRIME FLEX PS: FEMUR Cemented - Size 11 RIGHT,GKS PRIME FLEX PS: FEMUR Cemented - Size 11 RIGHT,54315,GKS PRIME FLEX PS: FEMUR Cemented - Size 11 RIGHT,Permedica - Knee,Ժամկետով ապրանքներ,Без НДС,հատ,9021
00-00000206,GKS PRIME FLEX PS: FEMUR Cemented - Size 11 LEFT,GKS PRIME FLEX PS: FEMUR Cemented - Size 11 LEFT,54316,GKS PRIME FLEX PS: FEMUR Cemented - Size 11 LEFT,Permedica - Knee,Ժամկետով ապրանքներ,Без НДС,հատ,9021
00-00000203,GKS PRIME FLEX PS: FEMUR Cemented - Size 12 RIGHT,GKS PRIME FLEX PS: FEMUR Cemented - Size 12 RIGHT,54317,GKS PRIME FLEX PS: FEMUR Cemented - Size 12 RIGHT,Permedica - Knee,Ժամկետով ապրանքներ,Без НДС,հատ,9021
00-00000204,GKS PRIME FLEX PS: FEMUR Cemented - Size 12 LEFT,GKS PRIME FLEX PS: FEMUR Cemented - Size 12 LEFT,54318,GKS PRIME FLEX PS: FEMUR Cemented - Size 12 LEFT,Permedica - Knee,Ժամկետով ապրանքներ,Без НДС,հատ,9021
00-00000202,GKS PRIME FLEX PS: FEMUR Cemented - Size 13 LEFT,GKS PRIME FLEX PS: FEMUR Cemented - Size 13 LEFT,54319,GKS PRIME FLEX PS: FEMUR Cemented - Size 13 LEFT,Permedica - Knee,Ժամկետով ապրանքներ,Без НДС,հատ,9021
00-00000201,GKS PRIME FLEX PS: FEMUR Cemented - Size 13 RIGHT,GKS PRIME FLEX PS: FEMUR Cemented - Size 13 RIGHT,54320,GKS PRIME FLEX PS: FEMUR Cemented - Size 13 RIGHT,Permedica - Knee,Ժամկետով ապրանքներ,Без НДС,հատ,9021
00-00000164,"GKS PRIME FLEX: PS UHMWPE Insert, Size 4-6 / XS-A - 09mm","GKS PRIME FLEX: PS UHMWPE Insert, Size 4-6 / XS-A - 09mm",54546,"GKS PRIME FLEX: PS UHMWPE Insert, Size 4-6 / XS-A - 09mm",Permedica - Knee,Ժամկետով ապրանքներ,Без НДС,հատ,9021
00-00000163,"GKS PRIME FLEX: PS UHMWPE Insert, Size 4-6 / XS-A - 10mm","GKS PRIME FLEX: PS UHMWPE Insert, Size 4-6 / XS-A - 10mm",54501,"GKS PRIME FLEX: PS UHMWPE Insert, Size 4-6 / XS-A - 10mm",Permedica - Knee,Ժամկետով ապրանքներ,Без НДС,հատ,9021
00-00000162,"GKS PRIME FLEX: PS UHMWPE Insert, Size 4-6 / XS-A - 11mm","GKS PRIME FLEX: PS UHMWPE Insert, Size 4-6 / XS-A - 11mm",54547,"GKS PRIME FLEX: PS UHMWPE Insert, Size 4-6 / XS-A - 11mm",Permedica - Knee,Ժամկետով ապրանքներ,Без НДС,հատ,9021
00-00000161,"GKS PRIME FLEX: PS UHMWPE Insert, Size 4-6 / XS-A - 12mm","GKS PRIME FLEX: PS UHMWPE Insert, Size 4-6 / XS-A - 12mm",54502,"GKS PRIME FLEX: PS UHMWPE Insert, Size 4-6 / XS-A - 12mm",Permedica - Knee,Ժամկետով ապրանքներ,Без НДС,հատ,9021
00-00000160,"GKS PRIME FLEX: PS UHMWPE Insert, Size 4-6 / XS-A - 13mm","GKS PRIME FLEX: PS UHMWPE Insert, Size 4-6 / XS-A - 13mm",54548,"GKS PRIME FLEX: PS UHMWPE Insert, Size 4-6 / XS-A - 13mm",Permedica - Knee,Ժամկետով ապրանքներ,Без НДС,հատ,9021
00-00000159,"GKS PRIME FLEX: PS UHMWPE Insert, Size 4-6 / XS-A - 14mm","GKS PRIME FLEX: PS UHMWPE Insert, Size 4-6 / XS-A - 14mm",54503,"GKS PRIME FLEX: PS UHMWPE Insert, Size 4-6 / XS-A - 14mm",Permedica - Knee,Ժամկետով ապրանքներ,Без НДС,հատ,9021
00-00000158,"GKS PRIME FLEX: PS UHMWPE Insert, Size 4-6 / XS-A - 15mm","GKS PRIME FLEX: PS UHMWPE Insert, Size 4-6 / XS-A - 15mm",54549,"GKS PRIME FLEX: PS UHMWPE Insert, Size 4-6 / XS-A - 15mm",Permedica - Knee,Ժամկետով ապրանքներ,Без НДС,հատ,9021
00-00000157,"GKS PRIME FLEX: PS UHMWPE Insert, Size 4-6 / XS-A - 17mm","GKS PRIME FLEX: PS UHMWPE Insert, Size 4-6 / XS-A - 17mm",54504,"GKS PRIME FLEX: PS UHMWPE Insert, Size 4-6 / XS-A - 17mm",Permedica - Knee,Ժամկետով ապրանքներ,Без НДС,հատ,9021
00-00000156,"GKS PRIME FLEX: PS UHMWPE Insert, Size 4-6 / XS-A - 20mm","GKS PRIME FLEX: PS UHMWPE Insert, Size 4-6 / XS-A - 20mm",54505,"GKS PRIME FLEX: PS UHMWPE Insert, Size 4-6 / XS-A - 20mm",Permedica - Knee,Ժամկետով ապրանքներ,Без НДС,հատ,9021
00-00000182,"GKS PRIME FLEX: PS UHMWPE Insert, Size 4-6 / B-C - 09mm","GKS PRIME FLEX: PS UHMWPE Insert, Size 4-6 / B-C - 09mm",54550,"GKS PRIME FLEX: PS UHMWPE Insert, Size 4-6 / B-C - 09mm",Permedica - Knee,Ժամկետով ապրանքներ,Без НДС,հատ,9021
00-00000181,"GKS PRIME FLEX: PS UHMWPE Insert, Size 4-6 / B-C - 10mm","GKS PRIME FLEX: PS UHMWPE Insert, Size 4-6 / B-C - 10mm",54506,"GKS PRIME FLEX: PS UHMWPE Insert, Size 4-6 / B-C - 10mm",Permedica - Knee,Ժամկետով ապրանքներ,Без НДС,հատ,9021
00-00000180,"GKS PRIME FLEX: PS UHMWPE Insert, Size 4-6 / B-C - 11mm","GKS PRIME FLEX: PS UHMWPE Insert, Size 4-6 / B-C - 11mm",54551,"GKS PRIME FLEX: PS UHMWPE Insert, Size 4-6 / B-C - 11mm",Permedica - Knee,Ժամկետով ապրանքներ,Без НДС,հատ,9021
00-00000179,"GKS PRIME FLEX: PS UHMWPE Insert, Size 4-6 / B-C - 12mm","GKS PRIME FLEX: PS UHMWPE Insert, Size 4-6 / B-C - 12mm",54507,"GKS PRIME FLEX: PS UHMWPE Insert, Size 4-6 / B-C - 12mm",Permedica - Knee,Ժամկետով ապրանքներ,Без НДС,հատ,9021
00-00000178,"GKS PRIME FLEX: PS UHMWPE Insert, Size 4-6 / B-C - 13mm","GKS PRIME FLEX: PS UHMWPE Insert, Size 4-6 / B-C - 13mm",54552,"GKS PRIME FLEX: PS UHMWPE Insert, Size 4-6 / B-C - 13mm",Permedica - Knee,Ժամկետով ապրանքներ,Без НДС,հատ,9021
00-00000177,"GKS PRIME FLEX: PS UHMWPE Insert, Size 4-6 / B-C - 14mm","GKS PRIME FLEX: PS UHMWPE Insert, Size 4-6 / B-C - 14mm",54508,"GKS PRIME FLEX: PS UHMWPE Insert, Size 4-6 / B-C - 14mm",Permedica - Knee,Ժամկետով ապրանքներ,Без НДС,հատ,9021
00-00000176,"GKS PRIME FLEX: PS UHMWPE Insert, Size 4-6 / B-C - 15mm","GKS PRIME FLEX: PS UHMWPE Insert, Size 4-6 / B-C - 15mm",54553,"GKS PRIME FLEX: PS UHMWPE Insert, Size 4-6 / B-C - 15mm",Permedica - Knee,Ժամկետով ապրանքներ,Без НДС,հատ,9021
00-00000175,"GKS PRIME FLEX: PS UHMWPE Insert, Size 4-6 / B-C - 17mm","GKS PRIME FLEX: PS UHMWPE Insert, Size 4-6 / B-C - 17mm",54509,"GKS PRIME FLEX: PS UHMWPE Insert, Size 4-6 / B-C - 17mm",Permedica - Knee,Ժամկետով ապրանքներ,Без НДС,հատ,9021
00-00000174,"GKS PRIME FLEX: PS UHMWPE Insert, Size 4-6 / B-C - 20mm","GKS PRIME FLEX: PS UHMWPE Insert, Size 4-6 / B-C - 20mm",54510,"GKS PRIME FLEX: PS UHMWPE Insert, Size 4-6 / B-C - 20mm",Permedica - Knee,Ժամկետով ապրանքներ,Без НДС,հատ,9021
00-00000173,"GKS PRIME FLEX: PS UHMWPE Insert, Size 4-6 / D-E - 09mm","GKS PRIME FLEX: PS UHMWPE Insert, Size 4-6 / D-E - 09mm",54554,"GKS PRIME FLEX: PS UHMWPE Insert, Size 4-6 / D-E - 09mm",Permedica - Knee,Ժամկետով ապրանքներ,Без НДС,հատ,9021
00-00000172,"GKS PRIME FLEX: PS UHMWPE Insert, Size 4-6 / D-E - 10mm","GKS PRIME FLEX: PS UHMWPE Insert, Size 4-6 / D-E - 10mm",54511,"GKS PRIME FLEX: PS UHMWPE Insert, Size 4-6 / D-E - 10mm",Permedica - Knee,Ժամկետով ապրանքներ,Без НДС,հատ,9021
00-00000171,"GKS PRIME FLEX: PS UHMWPE Insert, Size 4-6 / D-E - 11mm","GKS PRIME FLEX: PS UHMWPE Insert, Size 4-6 / D-E - 11mm",54555,"GKS PRIME FLEX: PS UHMWPE Insert, Size 4-6 / D-E - 11mm",Permedica - Knee,Ժամկետով ապրանքներ,Без НДС,հատ,9021
00-00000170,"GKS PRIME FLEX: PS UHMWPE Insert, Size 4-6 / D-E - 12mm","GKS PRIME FLEX: PS UHMWPE Insert, Size 4-6 / D-E - 12mm",54512,"GKS PRIME FLEX: PS UHMWPE Insert, Size 4-6 / D-E - 12mm",Permedica - Knee,Ժամկետով ապրանքներ,Без НДС,հատ,9021
00-00000169,"GKS PRIME FLEX: PS UHMWPE Insert, Size 4-6 / D-E - 13mm","GKS PRIME FLEX: PS UHMWPE Insert, Size 4-6 / D-E - 13mm",54556,"GKS PRIME FLEX: PS UHMWPE Insert, Size 4-6 / D-E - 13mm",Permedica - Knee,Ժամկետով ապրանքներ,Без НДС,հատ,9021
00-00000168,"GKS PRIME FLEX: PS UHMWPE Insert, Size 4-6 / D-E - 14mm","GKS PRIME FLEX: PS UHMWPE Insert, Size 4-6 / D-E - 14mm",54513,"GKS PRIME FLEX: PS UHMWPE Insert, Size 4-6 / D-E - 14mm",Permedica - Knee,Ժամկետով ապրանքներ,Без НДС,հատ,9021
00-00000167,"GKS PRIME FLEX: PS UHMWPE Insert, Size 4-6 / D-E - 15mm","GKS PRIME FLEX: PS UHMWPE Insert, Size 4-6 / D-E - 15mm",54557,"GKS PRIME FLEX: PS UHMWPE Insert, Size 4-6 / D-E - 15mm",Permedica - Knee,Ժամկետով ապրանքներ,Без НДС,հատ,9021
00-00000166,"GKS PRIME FLEX: PS UHMWPE Insert, Size 4-6 / D-E - 17mm","GKS PRIME FLEX: PS UHMWPE Insert, Size 4-6 / D-E - 17mm",54514,"GKS PRIME FLEX: PS UHMWPE Insert, Size 4-6 / D-E - 17mm",Permedica - Knee,Ժամկետով ապրանքներ,Без НДС,հատ,9021
00-00000165,"GKS PRIME FLEX: PS UHMWPE Insert, Size 4-6 / D-E - 20mm","GKS PRIME FLEX: PS UHMWPE Insert, Size 4-6 / D-E - 20mm",54515,"GKS PRIME FLEX: PS UHMWPE Insert, Size 4-6 / D-E - 20mm",Permedica - Knee,Ժամկետով ապրանքներ,Без НДС,հատ,9021
00-00000155,"GKS PRIME FLEX: PS UHMWPE Insert, Size 7-10 / B-C - 09mm","GKS PRIME FLEX: PS UHMWPE Insert, Size 7-10 / B-C - 09mm",54588,"GKS PRIME FLEX: PS UHMWPE Insert, Size 7-10 / B-C - 09mm",Permedica - Knee,Ժամկետով ապրանքներ,Без НДС,հատ,9021
00-00000154,"GKS PRIME FLEX: PS UHMWPE Insert, Size 7-10 / B-C - 10mm","GKS PRIME FLEX: PS UHMWPE Insert, Size 7-10 / B-C - 10mm",54516,"GKS PRIME FLEX: PS UHMWPE Insert, Size 7-10 / B-C - 10mm",Permedica - Knee,Ժամկետով ապրանքներ,Без НДС,հատ,9021
00-00000153,"GKS PRIME FLEX: PS UHMWPE Insert, Size 7-10 / B-C - 11mm","GKS PRIME FLEX: PS UHMWPE Insert, Size 7-10 / B-C - 11mm",54589,"GKS PRIME FLEX: PS UHMWPE Insert, Size 7-10 / B-C - 11mm",Permedica - Knee,Ժամկետով ապրանքներ,Без НДС,հատ,9021
00-00000152,"GKS PRIME FLEX: PS UHMWPE Insert, Size 7-10 / B-C - 12mm","GKS PRIME FLEX: PS UHMWPE Insert, Size 7-10 / B-C - 12mm",54517,"GKS PRIME FLEX: PS UHMWPE Insert, Size 7-10 / B-C - 12mm",Permedica - Knee,Ժամկետով ապրանքներ,Без НДС,հատ,9021
00-00000151,"GKS PRIME FLEX: PS UHMWPE Insert, Size 7-10 / B-C - 13mm","GKS PRIME FLEX: PS UHMWPE Insert, Size 7-10 / B-C - 13mm",54590,"GKS PRIME FLEX: PS UHMWPE Insert, Size 7-10 / B-C - 13mm",Permedica - Knee,Ժամկետով ապրանքներ,Без НДС,հատ,9021
00-00000150,"GKS PRIME FLEX: PS UHMWPE Insert, Size 7-10 / B-C - 14mm","GKS PRIME FLEX: PS UHMWPE Insert, Size 7-10 / B-C - 14mm",54518,"GKS PRIME FLEX: PS UHMWPE Insert, Size 7-10 / B-C - 14mm",Permedica - Knee,Ժամկետով ապրանքներ,Без НДС,հատ,9021
00-00000149,"GKS PRIME FLEX: PS UHMWPE Insert, Size 7-10 / B-C - 15mm","GKS PRIME FLEX: PS UHMWPE Insert, Size 7-10 / B-C - 15mm",54591,"GKS PRIME FLEX: PS UHMWPE Insert, Size 7-10 / B-C - 15mm",Permedica - Knee,Ժամկետով ապրանքներ,Без НДС,հատ,9021
00-00000148,"GKS PRIME FLEX: PS UHMWPE Insert, Size 7-10 / B-C - 17mm","GKS PRIME FLEX: PS UHMWPE Insert, Size 7-10 / B-C - 17mm",54519,"GKS PRIME FLEX: PS UHMWPE Insert, Size 7-10 / B-C - 17mm",Permedica - Knee,Ժամկետով ապրանքներ,Без НДС,հատ,9021
00-00000147,"GKS PRIME FLEX: PS UHMWPE Insert, Size 7-10 / B-C - 20mm","GKS PRIME FLEX: PS UHMWPE Insert, Size 7-10 / B-C - 20mm",54520,"GKS PRIME FLEX: PS UHMWPE Insert, Size 7-10 / B-C - 20mm",Permedica - Knee,Ժամկետով ապրանքներ,Без НДС,հատ,9021
00-00000146,"GKS PRIME FLEX: PS UHMWPE Insert, Size 7-10 / D-E - 09mm","GKS PRIME FLEX: PS UHMWPE Insert, Size 7-10 / D-E - 09mm",54592,"GKS PRIME FLEX: PS UHMWPE Insert, Size 7-10 / D-E - 09mm",Permedica - Knee,Ժամկետով ապրանքներ,Без НДС,հատ,9021
00-00000145,"GKS PRIME FLEX: PS UHMWPE Insert, Size 7-10 / D-E - 09mm E","GKS PRIME FLEX: PS UHMWPE Insert, Size 7-10 / D-E - 09mm E",54592E,"GKS PRIME FLEX: PS UHMWPE Insert, Size 7-10 / D-E - 09mm E",Permedica - Knee,Ժամկետով ապրանքներ,Без НДС,հատ,9021
00-00000144,"GKS PRIME FLEX: PS UHMWPE Insert, Size 7-10 / D-E - 10mm","GKS PRIME FLEX: PS UHMWPE Insert, Size 7-10 / D-E - 10mm",54521,"GKS PRIME FLEX: PS UHMWPE Insert, Size 7-10 / D-E - 10mm",Permedica - Knee,Ժամկետով ապրանքներ,Без НДС,հատ,9021
00-00000143,"GKS PRIME FLEX: PS UHMWPE Insert, Size 7-10 / D-E - 11mm",,54593,"GKS PRIME FLEX: PS UHMWPE Insert, Size 7-10 / D-E - 11mm",Permedica - Knee,Ժամկետով ապրանքներ,Без НДС,հատ,9021
00-00000142,"GKS PRIME FLEX: PS UHMWPE Insert, Size 7-10 / D-E - 12mm","GKS PRIME FLEX: PS UHMWPE Insert, Size 7-10 / D-E - 12mm",54522,"GKS PRIME FLEX: PS UHMWPE Insert, Size 7-10 / D-E - 12mm",Permedica - Knee,Ժամկետով ապրանքներ,Без НДС,հատ,9021
00-00000141,"GKS PRIME FLEX: PS UHMWPE Insert, Size 7-10 / D-E - 13mm","GKS PRIME FLEX: PS UHMWPE Insert, Size 7-10 / D-E - 13mm",54594,"GKS PRIME FLEX: PS UHMWPE Insert, Size 7-10 / D-E - 13mm",Permedica - Knee,Ժամկետով ապրանքներ,Без НДС,հատ,9021
00-00000140,"GKS PRIME FLEX: PS UHMWPE Insert, Size 7-10 / D-E - 14mm","GKS PRIME FLEX: PS UHMWPE Insert, Size 7-10 / D-E - 14mm",54523,"GKS PRIME FLEX: PS UHMWPE Insert, Size 7-10 / D-E - 14mm",Permedica - Knee,Ժամկետով ապրանքներ,Без НДС,հատ,9021
00-00000139,"GKS PRIME FLEX: PS UHMWPE Insert, Size 7-10 / D-E - 15mm","GKS PRIME FLEX: PS UHMWPE Insert, Size 7-10 / D-E - 15mm",54595,"GKS PRIME FLEX: PS UHMWPE Insert, Size 7-10 / D-E - 15mm",Permedica - Knee,Ժամկետով ապրանքներ,Без НДС,հատ,9021
00-00000138,"GKS PRIME FLEX: PS UHMWPE Insert, Size 7-10 / D-E - 17mm","GKS PRIME FLEX: PS UHMWPE Insert, Size 7-10 / D-E - 17mm",54524,"GKS PRIME FLEX: PS UHMWPE Insert, Size 7-10 / D-E - 17mm",Permedica - Knee,Ժամկետով ապրանքներ,Без НДС,հատ,9021
00-00000137,"GKS PRIME FLEX: PS UHMWPE Insert, Size 7-10 / D-E - 20mm","GKS PRIME FLEX: PS UHMWPE Insert, Size 7-10 / D-E - 20mm",54525,"GKS PRIME FLEX: PS UHMWPE Insert, Size 7-10 / D-E - 20mm",Permedica - Knee,Ժամկետով ապրանքներ,Без НДС,հատ,9021
00-00000136,"GKS PRIME FLEX: PS UHMWPE Insert, Size 7-10 / F-G - 09mm","GKS PRIME FLEX: PS UHMWPE Insert, Size 7-10 / F-G - 09mm",54596,"GKS PRIME FLEX: PS UHMWPE Insert, Size 7-10 / F-G - 09mm",Permedica - Knee,Ժամկետով ապրանքներ,Без НДС,հատ,9021
00-00000135,"GKS PRIME FLEX: PS UHMWPE Insert, Size 7-10 / F-G - 10mm","GKS PRIME FLEX: PS UHMWPE Insert, Size 7-10 / F-G - 10mm",54526,"GKS PRIME FLEX: PS UHMWPE Insert, Size 7-10 / F-G - 10mm",Permedica - Knee,Ժամկետով ապրանքներ,Без НДС,հատ,9021
00-00000134,"GKS PRIME FLEX: PS UHMWPE Insert, Size 7-10 / F-G - 11mm","GKS PRIME FLEX: PS UHMWPE Insert, Size 7-10 / F-G - 11mm",54597,"GKS PRIME FLEX: PS UHMWPE Insert, Size 7-10 / F-G - 11mm",Permedica - Knee,Ժամկետով ապրանքներ,Без НДС,հատ,9021
00-00000133,"GKS PRIME FLEX: PS UHMWPE Insert, Size 7-10 / F-G - 11mm E","GKS PRIME FLEX: PS UHMWPE Insert, Size 7-10 / F-G - 11mm E",54597E,"GKS PRIME FLEX: PS UHMWPE Insert, Size 7-10 / F-G - 11mm E",Permedica - Knee,Ժամկետով ապրանքներ,Без НДС,հատ,9021
00-00000132,"GKS PRIME FLEX: PS UHMWPE Insert, Size 7-10 / F-G - 12mm","GKS PRIME FLEX: PS UHMWPE Insert, Size 7-10 / F-G - 12mm",54527,"GKS PRIME FLEX: PS UHMWPE Insert, Size 7-10 / F-G - 12mm",Permedica - Knee,Ժամկետով ապրանքներ,Без НДС,հատ,9021
00-00000131,"GKS PRIME FLEX: PS UHMWPE Insert, Size 7-10 / F-G - 13mm","GKS PRIME FLEX: PS UHMWPE Insert, Size 7-10 / F-G - 13mm",54598,"GKS PRIME FLEX: PS UHMWPE Insert, Size 7-10 / F-G - 13mm",Permedica - Knee,Ժամկետով ապրանքներ,Без НДС,հատ,9021
00-00000130,"GKS PRIME FLEX: PS UHMWPE Insert, Size 7-10 / F-G - 14mm","GKS PRIME FLEX: PS UHMWPE Insert, Size 7-10 / F-G - 14mm",54528,"GKS PRIME FLEX: PS UHMWPE Insert, Size 7-10 / F-G - 14mm",Permedica - Knee,Ժամկետով ապրանքներ,Без НДС,հատ,9021
00-00000129,"GKS PRIME FLEX: PS UHMWPE Insert, Size 7-10 / F-G - 15mm","GKS PRIME FLEX: PS UHMWPE Insert, Size 7-10 / F-G - 15mm",54599,"GKS PRIME FLEX: PS UHMWPE Insert, Size 7-10 / F-G - 15mm",Permedica - Knee,Ժամկետով ապրանքներ,Без НДС,հատ,9021
00-00000128,"GKS PRIME FLEX: PS UHMWPE Insert, Size 7-10 / F-G - 17mm","GKS PRIME FLEX: PS UHMWPE Insert, Size 7-10 / F-G - 17mm",54529,"GKS PRIME FLEX: PS UHMWPE Insert, Size 7-10 / F-G - 17mm",Permedica - Knee,Ժամկետով ապրանքներ,Без НДС,հատ,9021
00-00000127,"GKS PRIME FLEX: PS UHMWPE Insert, Size 7-10 / F-G - 20mm","GKS PRIME FLEX: PS UHMWPE Insert, Size 7-10 / F-G - 20mm",54530,"GKS PRIME FLEX: PS UHMWPE Insert, Size 7-10 / F-G - 20mm",Permedica - Knee,Ժամկետով ապրանքներ,Без НДС,հատ,9021
00-00000187,"GKS PRIME FLEX: PS UHMWPE Insert, Size 11-13 / D-E - 10mm","GKS PRIME FLEX: PS UHMWPE Insert, Size 11-13 / D-E - 10mm",54531,"GKS PRIME FLEX: PS UHMWPE Insert, Size 11-13 / D-E - 10mm",Permedica - Knee,Ժամկետով ապրանքներ,Без НДС,հատ,9021
00-00000184,"GKS PRIME FLEX: PS UHMWPE Insert, Size 11-13 / F-G - 10mm","GKS PRIME FLEX: PS UHMWPE Insert, Size 11-13 / F-G - 10mm",54536,"GKS PRIME FLEX: PS UHMWPE Insert, Size 11-13 / F-G - 10mm",Permedica - Knee,Ժամկետով ապրանքներ,Без НДС,հատ,9021
00-00000188,"GKS PRIME FLEX: PS UHMWPE Insert, Size 11-13 / D-E - 09mm","GKS PRIME FLEX: PS UHMWPE Insert, Size 11-13 / D-E - 09mm",54600,"GKS PRIME FLEX: PS UHMWPE Insert, Size 11-13 / D-E - 09mm",Permedica - Knee,Ժամկետով ապրանքներ,Без НДС,հատ,9021
00-00000186,"GKS PRIME FLEX: PS UHMWPE Insert, Size 11-13 / D-E - 11mm","GKS PRIME FLEX: PS UHMWPE Insert, Size 11-13 / D-E - 11mm",54601,"GKS PRIME FLEX: PS UHMWPE Insert, Size 11-13 / D-E - 11mm",Permedica - Knee,Ժամկետով ապրանքներ,Без НДС,հատ,9021
00-00000185,"GKS PRIME FLEX: PS UHMWPE Insert, Size 11-13 / F-G - 09mm","GKS PRIME FLEX: PS UHMWPE Insert, Size 11-13 / F-G - 09mm",54604,"GKS PRIME FLEX: PS UHMWPE Insert, Size 11-13 / F-G - 09mm",Permedica - Knee,Ժամկետով ապրանքներ,Без НДС,հատ,9021
00-00000183,"GKS PRIME FLEX: PS UHMWPE Insert, Size 11-13 / F-G - 11mm","GKS PRIME FLEX: PS UHMWPE Insert, Size 11-13 / F-G - 11mm",54605,"GKS PRIME FLEX: PS UHMWPE Insert, Size 11-13 / F-G - 11mm",Permedica - Knee,Ժամկետով ապրանքներ,Без НДС,հատ,9021
00-00000117,GKS PRIME FLEX: TIBIA TOP cemented Nickel Free - Size XS - MAGENTA,GKS PRIME FLEX: TIBIA TOP cemented Nickel Free - Size XS - MAGENTA,54471,GKS PRIME FLEX: TIBIA TOP cemented Nickel Free - Size XS - MAGENTA,Permedica - Knee,Ժամկետով ապրանքներ,Без НДС,հատ,9021
00-00000126,GKS PRIME FLEX: TIBIA TOP cemented Nickel Free - Size A - MAGENTA,GKS PRIME FLEX: TIBIA TOP cemented Nickel Free - Size A - MAGENTA,54472,GKS PRIME FLEX: TIBIA TOP cemented Nickel Free - Size A - MAGENTA,Permedica - Knee,Ժամկետով ապրանքներ,Без НДС,հատ,9021
00-00000125,GKS PRIME FLEX: TIBIA TOP cemented Nickel Free - Size B - GREEN,GKS PRIME FLEX: TIBIA TOP cemented Nickel Free - Size B - GREEN,54473,GKS PRIME FLEX: TIBIA TOP cemented Nickel Free - Size B - GREEN,Permedica - Knee,Ժամկետով ապրանքներ,Без НДС,հատ,9021
00-00000124,GKS PRIME FLEX: TIBIA TOP cemented Nickel Free - Size C - GREEN,GKS PRIME FLEX: TIBIA TOP cemented Nickel Free - Size C - GREEN,54474,GKS PRIME FLEX: TIBIA TOP cemented Nickel Free - Size C - GREEN,Permedica - Knee,Ժամկետով ապրանքներ,Без НДС,հատ,9021
00-00000123,GKS PRIME FLEX: TIBIA TOP cemented Nickel Free - Size D - RED,GKS PRIME FLEX: TIBIA TOP cemented Nickel Free - Size D - RED,54475,GKS PRIME FLEX: TIBIA TOP cemented Nickel Free - Size D - RED,Permedica - Knee,Ժամկետով ապրանքներ,Без НДС,հատ,9021
00-00000122,GKS PRIME FLEX: TIBIA TOP cemented Nickel Free - Size E - RED,GKS PRIME FLEX: TIBIA TOP cemented Nickel Free - Size E - RED,54476,GKS PRIME FLEX: TIBIA TOP cemented Nickel Free - Size E - RED,Permedica - Knee,Ժամկետով ապրանքներ,Без НДС,հատ,9021
00-00000121,GKS PRIME FLEX: TIBIA TOP cemented Nickel Free - Size F - BLUE,GKS PRIME FLEX: TIBIA TOP cemented Nickel Free - Size F - BLUE,54477,GKS PRIME FLEX: TIBIA TOP cemented Nickel Free - Size F - BLUE,Permedica - Knee,Ժամկետով ապրանքներ,Без НДС,հատ,9021
00-00000120,GKS PRIME FLEX: TIBIA TOP cemented Nickel Free - Size G - BLUE,GKS PRIME FLEX: TIBIA TOP cemented Nickel Free - Size G - BLUE,54478,GKS PRIME FLEX: TIBIA TOP cemented Nickel Free - Size G - BLUE,Permedica - Knee,Ժամկետով ապրանքներ,Без НДС,հատ,9021
00-00000119,GKS PRIME FLEX: TIBIA TOP cemented Nickel Free - Size H – ORANGE,GKS PRIME FLEX: TIBIA TOP cemented Nickel Free - Size H – ORANGE,54479,GKS PRIME FLEX: TIBIA TOP cemented Nickel Free - Size H – ORANGE,Permedica - Knee,Ժամկետով ապրանքներ,Без НДС,հատ,9021
00-00000118,GKS PRIME FLEX: TIBIA TOP cemented Nickel Free - Size I – ORANGE,GKS PRIME FLEX: TIBIA TOP cemented Nickel Free - Size I – ORANGE,54480,GKS PRIME FLEX: TIBIA TOP cemented Nickel Free - Size I – ORANGE,Permedica - Knee,Ժամկետով ապրանքներ,Без НДС,հատ,9021
00-00000211,"L. Polyaxial Screw Ողնաշարի պոլիաքսիալ պտուտակProdorth, Ti,  5,5mm*30mm, ","L. Polyaxial Screw Ողնաշարի պոլիաքսիալ պտուտակProdorth, Ti,  5,5mm*30mm, ",101.03 5530,"L. Polyaxial Screw Ողնաշարի պոլիաքսիալ պտուտակProdorth, Ti,  5,5mm*30mm, ",Prodorth,Հատ,Без НДС,հատ,9021
00-00000218,"L. Polyaxial Screw Ողնաշարի պոլիաքսիալ պտուտակ Prodorth Ti , 5,5mm*35mm, ","L. Polyaxial Screw Ողնաշարի պոլիաքսիալ պտուտակ Prodorth Ti , 5,5mm*35mm, ",101.03 5535,"L. Polyaxial Screw Ողնաշարի պոլիաքսիալ պտուտակ Prodorth Ti , 5,5mm*35mm, ",Prodorth,Հատ,Без НДС,հատ,9021
00-00000210,"L. Polyaxial Screw Ողնաշարի պոլիաքսիալ պտուտակ Prodorth Ti , 5,5mm*40mm,","L. Polyaxial Screw Ողնաշարի պոլիաքսիալ պտուտակ Prodorth Ti , 5,5mm*40mm,",101.03 5540,"L. Polyaxial Screw Ողնաշարի պոլիաքսիալ պտուտակ Prodorth Ti , 5,5mm*40mm,",Prodorth,Հատ,Без НДС,հատ,9021
00-00000217,"L. Polyaxial Screw Ողնաշարի պոլիաքսիալ պտուտակ Prodorth Ti , 5,5mm*45mm,","L. Polyaxial Screw Ողնաշարի պոլիաքսիալ պտուտակ Prodorth Ti , 5,5mm*45mm,",101.03 5545,"L. Polyaxial Screw Ողնաշարի պոլիաքսիալ պտուտակ Prodorth Ti , 5,5mm*45mm,",Prodorth,Հատ,Без НДС,հատ,9021
00-00000216,"L. Polyaxial Screw Ողնաշարի պոլիաքսիալ պտուտակ Prodorth Ti , 6,5mm*30mm,","L. Polyaxial Screw Ողնաշարի պոլիաքսիալ պտուտակ Prodorth Ti , 6,5mm*30mm,",101.03 6530,"L. Polyaxial Screw Ողնաշարի պոլիաքսիալ պտուտակ Prodorth Ti , 6,5mm*30mm,",Prodorth,Հատ,Без НДС,հատ,9021
00-00000215,"L. Polyaxial Screw Ողնաշարի պոլիաքսիալ պտուտակ Prodorth Ti , 6,5mm*35mm,","L. Polyaxial Screw Ողնաշարի պոլիաքսիալ պտուտակ Prodorth Ti , 6,5mm*35mm,",101.03 6535,"L. Polyaxial Screw Ողնաշարի պոլիաքսիալ պտուտակ Prodorth Ti , 6,5mm*35mm,",Prodorth,Հատ,Без НДС,հատ,9021
00-00000214,"L. Polyaxial Screw Ողնաշարի պոլիաքսիալ պտուտակ Prodorth Ti , 6,5mm*40mm,","L. Polyaxial Screw Ողնաշարի պոլիաքսիալ պտուտակ Prodorth Ti , 6,5mm*40mm,",101.03 6540,"L. Polyaxial Screw Ողնաշարի պոլիաքսիալ պտուտակ Prodorth Ti , 6,5mm*40mm,",Prodorth,Հատ,Без НДС,հատ,9021
00-00000213,"L. Polyaxial Screw Ողնաշարի պոլիաքսիալ պտուտակ Prodorth Ti , 6,5mm*45mm,","L. Polyaxial Screw Ողնաշարի պոլիաքսիալ պտուտակ Prodorth Ti , 6,5mm*45mm,",101.03 6545,"L. Polyaxial Screw Ողնաշարի պոլիաքսիալ պտուտակ Prodorth Ti , 6,5mm*45mm,",Prodorth,Հատ,Без НДС,հատ,9021
00-00000212,"L. Polyaxial Screw Ողնաշարի պոլիաքսիալ պտուտակ Prodorth Ti , 6,5mm*50mm,","L. Polyaxial Screw Ողնաշարի պոլիաքսիալ պտուտակ Prodorth Ti , 6,5mm*50mm,",101.03 6550,"L. Polyaxial Screw Ողնաշարի պոլիաքսիալ պտուտակ Prodorth Ti , 6,5mm*50mm,",Prodorth,Հատ,Без НДС,հատ,9021
00-00000689,"Poly-axial broken type pedicle screw, 4.5mm*30mm, Ti","Poly-axial broken type pedicle screw, 4.5mm*30mm, Ti",8001.4530,"Poly-axial broken type pedicle screw, 4.5mm*30mm, Ti",Gather,Հատ,Без НДС,հատ,9021
00-00000688,"Poly-axial broken type pedicle screw, 5.0mm*35mm, Ti","Poly-axial broken type pedicle screw, 5.0mm*35mm, Ti",8001.5035,"Poly-axial broken type pedicle screw, 5.0mm*35mm, Ti",Gather,Հատ,Без НДС,հատ,9021
00-00000687,"Poly-axial broken type pedicle screw, 5.0mm*40mm, Ti","Poly-axial broken type pedicle screw, 5.0mm*40mm, Ti",8001.5040,"Poly-axial broken type pedicle screw, 5.0mm*40mm, Ti",Gather,Հատ,Без НДС,հատ,9021
00-00000686,"Poly-axial broken type pedicle screw, 5.5mm*40mm, Ti","Poly-axial broken type pedicle screw, 5.5mm*40mm, Ti",8001.5540,"Poly-axial broken type pedicle screw, 5.5mm*40mm, Ti",Gather,Հատ,Без НДС,հատ,9021
00-00000685,"Poly-axial broken type pedicle screw, 5.5mm*45mm, Ti","Poly-axial broken type pedicle screw, 5.5mm*45mm, Ti",8001.5545,"Poly-axial broken type pedicle screw, 5.5mm*45mm, Ti",Gather,Հատ,Без НДС,հատ,9021
00-00000684,"Poly-axial broken type pedicle screw, 5.5mm*50mm, Ti","Poly-axial broken type pedicle screw, 5.5mm*50mm, Ti",8001.5550,"Poly-axial broken type pedicle screw, 5.5mm*50mm, Ti",Gather,Հատ,Без НДС,հատ,9021
00-00000683,"Poly-axial broken type pedicle screw, 6.0mm*40mm, Ti","Poly-axial broken type pedicle screw, 6.0mm*40mm, Ti",8001.6040,"Poly-axial broken type pedicle screw, 6.0mm*40mm, Ti",Gather,Հատ,Без НДС,հատ,9021
00-00000682,"Poly-axial broken type pedicle screw, 6.0mm*45mm, Ti","Poly-axial broken type pedicle screw, 6.0mm*45mm, Ti",8001.6045,"Poly-axial broken type pedicle screw, 6.0mm*45mm, Ti",Gather,Հատ,Без НДС,հատ,9021
00-00000681,"Poly-axial broken type pedicle screw, 6.5mm*35mm, Ti","Poly-axial broken type pedicle screw, 6.5mm*35mm, Ti",8001.6535,"Poly-axial broken type pedicle screw, 6.5mm*35mm, Ti",Gather,Հատ,Без НДС,հատ,9021
00-00000676,"Poly-axial broken type pedicle screw, 6.5mm*40mm, Ti","Poly-axial broken type pedicle screw, 6.5mm*40mm, Ti",8001.6540,"Poly-axial broken type pedicle screw, 6.5mm*40mm, Ti",Gather,Հատ,Без НДС,հատ,9021
00-00000680,"Poly-axial broken type pedicle screw, 6.5mm*45mm, Ti","Poly-axial broken type pedicle screw, 6.5mm*45mm, Ti",8001.6545,"Poly-axial broken type pedicle screw, 6.5mm*45mm, Ti",Gather,Հատ,Без НДС,հատ,9021
00-00000679,"Poly-axial broken type pedicle screw, 6.5mm*50mm, Ti","Poly-axial broken type pedicle screw, 6.5mm*50mm, Ti",8001.6550,"Poly-axial broken type pedicle screw, 6.5mm*50mm, Ti",Gather,Հատ,Без НДС,հատ,9021
00-00000678,"Poly-axial broken type pedicle screw, 7.0mm*45mm, Ti","Poly-axial broken type pedicle screw, 7.0mm*45mm, Ti",8001.7045,"Poly-axial broken type pedicle screw, 7.0mm*45mm, Ti",Gather,Հատ,Без НДС,հատ,9021
00-00000677,"Poly-axial broken type pedicle screw, 7.0mm*50mm, Ti","Poly-axial broken type pedicle screw, 7.0mm*50mm, Ti",8001.7050,"Poly-axial broken type pedicle screw, 7.0mm*50mm, Ti",Gather,Հատ,Без НДС,հատ,9021
00-00000690,"PEDICAL HOOK,Ti","PEDICAL HOOK,Ti",Bombay,"PEDICAL HOOK,Ti",Gather,Հատ,Без НДС,հատ,9021
00-00000638,"ZMD, Broken-type Multi-Axial U-shaped Screws, 6.5mm*35mm, Ti","ZMD, Broken-type Multi-Axial U-shaped Screws, 6.5mm*35mm, Ti",40304.6.5.35,"ZMD, Broken-type Multi-Axial U-shaped Screws, 6.5mm*35mm, Ti",Zimede,Հատ,Без НДС,հատ,9021
00-00000668,"Zimede, 2.0mm Snap-off Screw, 12mm, Ti","Zimede, 2.0mm Snap-off Screw, 12mm, Ti",042892012,"Zimede, 2.0mm Snap-off Screw, 12mm, Ti",Zimede,Հատ,Без НДС,հատ,9021
00-00000666,"Zimede, 2.0mm Snap-off Screw, 13mm, Ti","Zimede, 2.0mm Snap-off Screw, 13mm, Ti",042892013,"Zimede, 2.0mm Snap-off Screw, 13mm, Ti",Zimede,Հատ,Без НДС,հատ,9021
00-00000664,"Zimede, 2.0mm Snap-off Screw, 14mm, Ti","Zimede, 2.0mm Snap-off Screw, 14mm, Ti",042892014,"Zimede, 2.0mm Snap-off Screw, 14mm, Ti",Zimede,Հատ,Без НДС,հատ,9021
00-00000662,"Zimede, 2.7mm Snap-off Screw, 12mm, Ti","Zimede, 2.7mm Snap-off Screw, 12mm, Ti",042902712,"Zimede, 2.7mm Snap-off Screw, 12mm, Ti",Zimede,Հատ,Без НДС,հատ,9021
00-00000660,"Zimede, 2.7mm Snap-off Screw, 13mm, Ti","Zimede, 2.7mm Snap-off Screw, 13mm, Ti",042902713,"Zimede, 2.7mm Snap-off Screw, 13mm, Ti",Zimede,Հատ,Без НДС,հատ,9021
00-00000658,"Zimede, 2.7mm Snap-off Screw, 14mm, Ti","Zimede, 2.7mm Snap-off Screw, 14mm, Ti",042902714,"Zimede, 2.7mm Snap-off Screw, 14mm, Ti",Zimede,Հատ,Без НДС,հատ,9021
00-00000304,"Zimede, Snap-off Screw Instrument Set, , Ti","Zimede, Snap-off Screw Instrument Set, , Ti",112950000,"Zimede, Snap-off Screw Instrument Set, , Ti",Zimede,Հատ,Без НДС,հատ,9021
00-00000655,"Zimede, Anterior cervical plate, 4h - 23mm, Ti","Zimede, Anterior cervical plate, 4h - 23mm, Ti",40201.23,"Zimede, Anterior cervical plate, 4h - 23mm, Ti",Zimede,Հատ,Без НДС,հատ,9021
00-00000654,"Zimede, Anterior cervical plate, 4h - 25mm, Ti","Zimede, Anterior cervical plate, 4h - 25mm, Ti",40201.25,"Zimede, Anterior cervical plate, 4h - 25mm, Ti",Zimede,Հատ,Без НДС,հատ,9021
00-00000653,"Zimede, Anterior cervical plate, 4h - 26mm, Ti","Zimede, Anterior cervical plate, 4h - 26mm, Ti",40201.26,"Zimede, Anterior cervical plate, 4h - 26mm, Ti",Zimede,Հատ,Без НДС,հատ,9021
00-00000652,"Zimede, Anterior cervical plate, 4h - 27mm, Ti","Zimede, Anterior cervical plate, 4h - 27mm, Ti",40201.27,"Zimede, Anterior cervical plate, 4h - 27mm, Ti",Zimede,Հատ,Без НДС,հատ,9021
00-00000651,"Zimede, Anterior cervical plate, 4h - 29mm, Ti","Zimede, Anterior cervical plate, 4h - 29mm, Ti",40201.29,"Zimede, Anterior cervical plate, 4h - 29mm, Ti",Zimede,Հատ,Без НДС,հատ,9021
00-00000650,"Zimede, Anterior cervical plate, 4h - 32mm, Ti","Zimede, Anterior cervical plate, 4h - 32mm, Ti",40201.32,"Zimede, Anterior cervical plate, 4h - 32mm, Ti",Zimede,Հատ,Без НДС,հատ,9021
00-00000649,"Zimede, Anterior cervical plate, 4h - 33mm, Ti","Zimede, Anterior cervical plate, 4h - 33mm, Ti",40201.33,"Zimede, Anterior cervical plate, 4h - 33mm, Ti",Zimede,Հատ,Без НДС,հատ,9021
00-00000648,"Zimede, Anterior cervical plate, 6h - 33mm, Ti","Zimede, Anterior cervical plate, 6h - 33mm, Ti",40201.33-6,"Zimede, Anterior cervical plate, 6h - 33mm, Ti",Zimede,Հատ,Без НДС,հատ,9021
00-00000647,"Zimede, Anterior cervical plate, 6h - 35mm, Ti","Zimede, Anterior cervical plate, 6h - 35mm, Ti",40201.35,"Zimede, Anterior cervical plate, 6h - 35mm, Ti",Zimede,Հատ,Без НДС,հատ,9021
00-00000646,"Zimede, Anterior cervical plate, 6h - 38mm, Ti","Zimede, Anterior cervical plate, 6h - 38mm, Ti",40201.38,"Zimede, Anterior cervical plate, 6h - 38mm, Ti",Zimede,Հատ,Без НДС,հատ,9021
00-00000645,"Zimede, Anterior cervical plate, 6h - 41mm, Ti","Zimede, Anterior cervical plate, 6h - 41mm, Ti",40201.41,"Zimede, Anterior cervical plate, 6h - 41mm, Ti",Zimede,Հատ,Без НДС,հատ,9021
00-00000644,"Zimede, Anterior cervical plate, 6h - 44mm, Ti","Zimede, Anterior cervical plate, 6h - 44mm, Ti",40201.44,"Zimede, Anterior cervical plate, 6h - 44mm, Ti",Zimede,Հատ,Без НДС,հատ,9021
00-00000643,"Zimede, Anterior cervical plate, 6h - 45mm, Ti","Zimede, Anterior cervical plate, 6h - 45mm, Ti",40201.45,"Zimede, Anterior cervical plate, 6h - 45mm, Ti",Zimede,Հատ,Без НДС,հատ,9021
00-00000642,"Zimede, Anterior cervical plate, 6h - 47mm, Ti","Zimede, Anterior cervical plate, 6h - 47mm, Ti",40201.47,"Zimede, Anterior cervical plate, 6h - 47mm, Ti",Zimede,Հատ,Без НДС,հատ,9021
00-00000641,"Zimede, Anterior cervical plate, 6h - 50mm, Ti","Zimede, Anterior cervical plate, 6h - 50mm, Ti",40201.50,"Zimede, Anterior cervical plate, 6h - 50mm, Ti",Zimede,Հատ,Без НДС,հատ,9021
00-00000640,"Zimede, Anterior cervical plate, 8h - 61mm, Ti","Zimede, Anterior cervical plate, 8h - 61mm, Ti",40201.61,"Zimede, Anterior cervical plate, 8h - 61mm, Ti",Zimede,Հատ,Без НДС,հատ,9021
00-00000639,"Zimede, Anterior cervical plate, 8h - 64mm, Ti","Zimede, Anterior cervical plate, 8h - 64mm, Ti",40201.64,"Zimede, Anterior cervical plate, 8h - 64mm, Ti",Zimede,Հատ,Без НДС,հատ,9021
00-00000656,"Zimede, Anterior cervical plate, 10h - 72mm, Ti","Zimede, Anterior cervical plate, 10h - 72mm, Ti",40201.72,"Zimede, Anterior cervical plate, 10h - 72mm, Ti",Zimede,Հատ,Без НДС,հատ,9021
00-00000384,"Zimede, Position screws, 4.0x17mm, Ti","Zimede, Position screws, 4.0x17mm, Ti",40201.17,"Zimede, Position screws, 4.0x17mm, Ti",Zimede,Հատ,Без НДС,հատ,9021
00-00000385,"Zimede, Position screws, 4.0x15mm, Ti","Zimede, Position screws, 4.0x15mm, Ti",40201.15,"Zimede, Position screws, 4.0x15mm, Ti",Zimede,Հատ,Без НДС,հատ,9021
00-00000230,"Zimede, Titanum Mesh Cage, 12x90mm, Ti","Zimede, Titanum Mesh Cage, 12x90mm, Ti",40212.1290,"Zimede, Titanum Mesh Cage, 12x90mm, Ti",Zimede,Հատ,Без НДС,հատ,9021
00-00000229,"Zimede, Titanum Mesh Cage, 14x90mm, Ti","Zimede, Titanum Mesh Cage, 14x90mm, Ti",40212.1490,"Zimede, Titanum Mesh Cage, 14x90mm, Ti",ZMD Plates,Հատ,Без НДС,հատ,9021
00-00000557,"Rod DM 5.5mm, 200mm, Ti","Rod DM 5.5mm, 200mm, Ti",080390200,"Rod DM 5.5mm, 200mm, Ti",Zimede,Հատ,Без НДС,հատ,9021
00-00000556,"Rod BU 5.5mm, 500mm, Ti","Rod BU 5.5mm, 500mm, Ti",3240200490,"Rod BU 5.5mm, 500mm, Ti",Zimede,Հատ,Без НДС,հատ,9021
00-00000282,"Zimede, Suture Wire, 0.6mm*5meter, S.S.","Zimede, Suture Wire, 0.6mm*5meter, S.S.",30249.065,"Zimede, Suture Wire, 0.6mm*5meter, S.S.",Zimede,Հատ,Без НДС,հատ,9021
00-00000281,"Zimede, Suture Wire, 0.8mm*5meter, S.S.","Zimede, Suture Wire, 0.8mm*5meter, S.S.",30249.085,"Zimede, Suture Wire, 0.8mm*5meter, S.S.",Zimede,Հատ,Без НДС,հատ,9021
00-00000280,"Zimede, Suture Wire, 1.0mm*5meter, S.S.","Zimede, Suture Wire, 1.0mm*5meter, S.S.",30249.105,"Zimede, Suture Wire, 1.0mm*5meter, S.S.",Zimede,Հատ,Без НДС,հատ,9021
00-00000279,"Zimede, Suture Wire, 1.2mm*5meter, S.S.","Zimede, Suture Wire, 1.2mm*5meter, S.S.",30249.125,"Zimede, Suture Wire, 1.2mm*5meter, S.S.",Zimede,Հատ,Без НДС,հատ,9021
00-00000482,"Zimede, K-Wire, 0.8*250mm, S.S.","Zimede, K-Wire, 0.8*250mm, S.S.",30248.0825,"Zimede, K-Wire, 0.8*250mm, S.S.",Zimede,Հատ,Без НДС,հատ,9021
00-00000481,"Zimede, K-Wire, 1.0*250mm, S.S.","Zimede, K-Wire, 1.0*250mm, S.S.",30248.10250,"Zimede, K-Wire, 1.0*250mm, S.S.",Zimede,Հատ,Без НДС,հատ,9021
00-00000480,"Zimede, K-Wire, 1.0*300mm, S.S.","Zimede, K-Wire, 1.0*300mm, S.S.",30248.10300,"Zimede, K-Wire, 1.0*300mm, S.S.",Zimede,Հատ,Без НДС,հատ,9021
00-00000479,"Zimede, K-Wire, 1.2*250mm, S.S.","Zimede, K-Wire, 1.2*250mm, S.S.",30248.12250,"Zimede, K-Wire, 1.2*250mm, S.S.",Zimede,Հատ,Без НДС,հատ,9021
00-00000478,"Zimede, K-Wire, 1.2*300mm, S.S.","Zimede, K-Wire, 1.2*300mm, S.S.",30248.12300,"Zimede, K-Wire, 1.2*300mm, S.S.",Zimede,Հատ,Без НДС,հատ,9021
00-00000477,"Zimede, K-Wire, 1.5*300mm, S.S.","Zimede, K-Wire, 1.5*300mm, S.S.",30248.15300,"Zimede, K-Wire, 1.5*300mm, S.S.",Zimede,Հատ,Без НДС,հատ,9021
00-00000476,"Zimede, K-Wire, 2.0*250mm, S.S.","Zimede, K-Wire, 2.0*250mm, S.S.",30248.20150,"Zimede, K-Wire, 2.0*250mm, S.S.",Zimede,Հատ,Без НДС,հատ,9021
00-00000475,"Zimede, K-Wire, 2.0*300mm, S.S.","Zimede, K-Wire, 2.0*300mm, S.S.",30248.20300,"Zimede, K-Wire, 2.0*300mm, S.S.",Zimede,Հատ,Без НДС,հատ,9021
00-00000473,"Zimede, K-Wire, 2.5*300mm, S.S.","Zimede, K-Wire, 2.5*300mm, S.S.",30248.25300,"Zimede, K-Wire, 2.5*300mm, S.S.",Zimede,Հատ,Без НДС,հատ,9021
00-00000474,"Zimede, K-Wire, 2.5*250mm, S.S.","Zimede, K-Wire, 2.5*250mm, S.S.",30248.25250,"Zimede, K-Wire, 2.5*250mm, S.S.",Zimede,Հատ,Без НДС,հատ,9021
00-00000472,"Zimede, K-Wire, 3.0*300mm, S.S.","Zimede, K-Wire, 3.0*300mm, S.S.",30248.30300,"Zimede, K-Wire, 3.0*300mm, S.S.",Zimede,Հատ,Без НДС,հատ,9021
00-00000228,"Zimede, Tri-leaflet-headed plate, 4h, S.S.","Zimede, Tri-leaflet-headed plate, 4h, S.S.",30205.4,"Zimede, Tri-leaflet-headed plate, 4h, S.S.",ZMD Plates,Հատ,Без НДС,հատ,9021
00-00000227,"Zimede, Tri-leaflet-headed plate, 5h, S.S.","Zimede, Tri-leaflet-headed plate, 5h, S.S.",30205.5,"Zimede, Tri-leaflet-headed plate, 5h, S.S.",ZMD Plates,Հատ,Без НДС,հատ,9021
00-00000226,"Zimede, Tri-leaflet-headed plate, 6h, S.S.","Zimede, Tri-leaflet-headed plate, 6h, S.S.",30205.6,"Zimede, Tri-leaflet-headed plate, 6h, S.S.",ZMD Plates,Հատ,Без НДС,հատ,9021
00-00000225,"Zimede, Tri-leaflet-headed plate, 7h, S.S.","Zimede, Tri-leaflet-headed plate, 7h, S.S.",30205.7,"Zimede, Tri-leaflet-headed plate, 7h, S.S.",ZMD Plates,Հատ,Без НДС,հատ,9021
00-00000278,"Zimede, T-Plate for Phalanx, 4 holes, S.S","Zimede, T-Plate for Phalanx, 4 holes, S.S",30231A.4,"Zimede, T-Plate for Phalanx, 4 holes, S.S",ZMD Plates,Հատ,Без НДС,հատ,9021
00-00000276,"Zimede, T-Plate for Phalanx, 5 holes, S.S","Zimede, T-Plate for Phalanx, 5 holes, S.S",30231A.5,"Zimede, T-Plate for Phalanx, 5 holes, S.S",ZMD Plates,Հատ,Без НДС,հատ,9021
00-00000579,"Zimede, Cortex screw, 2.0*12mm, S.S","Zimede, Cortex screw, 2.0*12mm, S.S",30236.2.0*12,"Zimede, Cortex screw, 2.0*12mm, S.S",ZMD Screws,Հատ,Без НДС,հատ,9021
00-00000577,"Zimede, Cortex screw, 2.0*14mm, S.S","Zimede, Cortex screw, 2.0*14mm, S.S",30236.2.0*14,"Zimede, Cortex screw, 2.0*14mm, S.S",ZMD Screws,Հատ,Без НДС,հատ,9021
00-00000575,"Zimede, Cortex screw, 2.0*16mm, S.S","Zimede, Cortex screw, 2.0*16mm, S.S",30236.2.0*16,"Zimede, Cortex screw, 2.0*16mm, S.S",ZMD Screws,Հատ,Без НДС,հատ,9021
00-00000573,"Zimede, Cortex screw, 2.0*18mm, S.S","Zimede, Cortex screw, 2.0*18mm, S.S",30236.2.0*18,"Zimede, Cortex screw, 2.0*18mm, S.S",ZMD Screws,Հատ,Без НДС,հատ,9021
00-00000571,"Zimede, Cortex screw, 2.0*20mm, S.S","Zimede, Cortex screw, 2.0*20mm, S.S",30236.2.0*20,"Zimede, Cortex screw, 2.0*20mm, S.S",ZMD Screws,Հատ,Без НДС,հատ,9021
00-00000289,"Zimede, Straigjt bone plate phalangs, 4 holes, Ti","Zimede, Straigjt bone plate phalangs, 4 holes, Ti",30230A.4,"Zimede, Straigjt bone plate phalangs, 4 holes, Ti",ZMD Plates,Հատ,Без НДС,հատ,9021
00-00000287,"Zimede, Straigjt bone plate phalangs, 5 holes, Ti","Zimede, Straigjt bone plate phalangs, 5 holes, Ti",30230A.5,"Zimede, Straigjt bone plate phalangs, 5 holes, Ti",ZMD Plates,Հատ,Без НДС,հատ,9021
00-00000285,"Zimede, Straigjt bone plate phalangs, 6 holes, Ti","Zimede, Straigjt bone plate phalangs, 6 holes, Ti",30230A.6,"Zimede, Straigjt bone plate phalangs, 6 holes, Ti",ZMD Plates,Հատ,Без НДС,հատ,9021
00-00000284,"Zimede, Straigjt bone plate phalangs, 7 holes, Ti","Zimede, Straigjt bone plate phalangs, 7 holes, Ti",30230A.7,"Zimede, Straigjt bone plate phalangs, 7 holes, Ti",ZMD Plates,Հատ,Без НДС,հատ,9021
00-00000283,"Zimede, Straigjt bone plate phalangs, 8 holes, Ti","Zimede, Straigjt bone plate phalangs, 8 holes, Ti",30230A.8,"Zimede, Straigjt bone plate phalangs, 8 holes, Ti",ZMD Plates,Հատ,Без НДС,հատ,9021
00-00000277,"Zimede, T-Plate for Phalanx, 4 holes, Ti","Zimede, T-Plate for Phalanx, 4 holes, Ti",30231A.4,"Zimede, T-Plate for Phalanx, 4 holes, Ti",ZMD Plates,Հատ,Без НДС,հատ,9021
00-00000275,"Zimede, T-Plate for Phalanx, 5 holes, Ti","Zimede, T-Plate for Phalanx, 5 holes, Ti",30231A.5,"Zimede, T-Plate for Phalanx, 5 holes, Ti",ZMD Plates,Հատ,Без НДС,հատ,9021
00-00000578,"Zimede, Cortex screw, 2.0*12mm, Ti","Zimede, Cortex screw, 2.0*12mm, Ti",30236.2.0*12,"Zimede, Cortex screw, 2.0*12mm, Ti",ZMD Screws,Հատ,Без НДС,հատ,9021
00-00000576,"Zimede, Cortex screw, 2.0*14mm, Ti","Zimede, Cortex screw, 2.0*14mm, Ti",30236.2.0*14,"Zimede, Cortex screw, 2.0*14mm, Ti",ZMD Screws,Հատ,Без НДС,հատ,9021
00-00000574,"Zimede, Cortex screw, 2.0*16mm, Ti","Zimede, Cortex screw, 2.0*16mm, Ti",30236.2.0*16,"Zimede, Cortex screw, 2.0*16mm, Ti",ZMD Screws,Հատ,Без НДС,հատ,9021
00-00000572,"Zimede, Cortex screw, 2.0*18mm, Ti","Zimede, Cortex screw, 2.0*18mm, Ti",30236.2.0*18,"Zimede, Cortex screw, 2.0*18mm, Ti",ZMD Screws,Հատ,Без НДС,հատ,9021
00-00000570,"Zimede, Cortex screw, 2.0*20mm, Ti","Zimede, Cortex screw, 2.0*20mm, Ti",30236.2.0*20,"Zimede, Cortex screw, 2.0*20mm, Ti",ZMD Screws,Հատ,Без НДС,հատ,9021
00-00000406,"Zimede, One‐third Tubular Plate, 4h, S.S.","Zimede, One‐third Tubular Plate, 4h, S.S.",30211.4,"Zimede, One‐third Tubular Plate, 4h, S.S.",Zimede,Հատ,Без НДС,հատ,9021
00-00000405,"Zimede, One‐third Tubular Plate, 5h, S.S.","Zimede, One‐third Tubular Plate, 5h, S.S.",30211.5,"Zimede, One‐third Tubular Plate, 5h, S.S.",Zimede,Հատ,Без НДС,հատ,9021
00-00000404,"Zimede, One‐third Tubular Plate, 6h, S.S.","Zimede, One‐third Tubular Plate, 6h, S.S.",30211.6,"Zimede, One‐third Tubular Plate, 6h, S.S.",Zimede,Հատ,Без НДС,հատ,9021
00-00000403,"Zimede, One‐third Tubular Plate, 7h, S.S.","Zimede, One‐third Tubular Plate, 7h, S.S.",30211.7,"Zimede, One‐third Tubular Plate, 7h, S.S.",Zimede,Հատ,Без НДС,հատ,9021
00-00000402,"Zimede, One‐third Tubular Plate, 8h, S.S.","Zimede, One‐third Tubular Plate, 8h, S.S.",30211.8,"Zimede, One‐third Tubular Plate, 8h, S.S.",Zimede,Հատ,Без НДС,հատ,9021
00-00000401,"Zimede, One‐third Tubular Plate, 9h, S.S.","Zimede, One‐third Tubular Plate, 9h, S.S.",30211.9,"Zimede, One‐third Tubular Plate, 9h, S.S.",Zimede,Հատ,Без НДС,հատ,9021
00-00000381,"Zimede, Reconstructional plate, 10հ, S.S.","Zimede, Reconstructional plate, 10հ, S.S.",30202.1,"Zimede, Reconstructional plate, 10հ, S.S.",ZMD Plates,Հատ,Без НДС,հատ,9021
00-00000380,"Zimede, Reconstructional plate, 14h, S.S.","Zimede, Reconstructional plate, 14h, S.S.",30212.14,"Zimede, Reconstructional plate, 14h, S.S.",ZMD Plates,Հատ,Без НДС,հատ,9021
00-00000675,"Zimede, (Curved) Pelvic plate, 10հ, S.S.","Zimede, (Curved) Pelvic plate, 10հ, S.S.",30225.1,"Zimede, (Curved) Pelvic plate, 10հ, S.S.",ZMD Plates,Հատ,Без НДС,հատ,9021
00-00000674,"Zimede, (Curved) Pelvic plate, 12հ, S.S.","Zimede, (Curved) Pelvic plate, 12հ, S.S.",30225.12,"Zimede, (Curved) Pelvic plate, 12հ, S.S.",ZMD Plates,Հատ,Без НДС,հատ,9021
00-00000516,"Zimede, Humeral Distal Y-plate left, 4h, S.S","Zimede, Humeral Distal Y-plate left, 4h, S.S",30204.4,"Zimede, Humeral Distal Y-plate left, 4h, S.S",ZMD Plates,Հատ,Без НДС,հատ,9021
00-00000514,"Zimede, Humeral Distal Y-plate right, 4h, S.S","Zimede, Humeral Distal Y-plate right, 4h, S.S",30204.4,"Zimede, Humeral Distal Y-plate right, 4h, S.S",ZMD Plates,Հատ,Без НДС,հատ,9021
00-00000515,"Zimede, Humeral Distal Y-plate left, 5h, S.S","Zimede, Humeral Distal Y-plate left, 5h, S.S",30204.5,"Zimede, Humeral Distal Y-plate left, 5h, S.S",ZMD Plates,Հատ,Без НДС,հատ,9021
00-00000513,"Zimede, Humeral Distal Y-plate right, 5h, S.S","Zimede, Humeral Distal Y-plate right, 5h, S.S",30204.5,"Zimede, Humeral Distal Y-plate right, 5h, S.S",ZMD Plates,Հատ,Без НДС,հատ,9021
00-00000274,"Zimede, T-Plate, 4h, S.S","Zimede, T-Plate, 4h, S.S",30219.4,"Zimede, T-Plate, 4h, S.S",ZMD Plates,Հատ,Без НДС,հատ,9021
00-00000273,"Zimede, T-Plate, 5h, S.S","Zimede, T-Plate, 5h, S.S",30219.5,"Zimede, T-Plate, 5h, S.S",ZMD Plates,Հատ,Без НДС,հատ,9021
00-00000272,"Zimede, T-Plate, 6h, S.S","Zimede, T-Plate, 6h, S.S",30219.6,"Zimede, T-Plate, 6h, S.S",ZMD Plates,Հատ,Без НДС,հատ,9021
00-00000271,"Zimede, T-Plate, 7h, S.S","Zimede, T-Plate, 7h, S.S",30219.7,"Zimede, T-Plate, 7h, S.S",ZMD Plates,Հատ,Без НДС,հատ,9021
00-00000270,"Zimede, T-Plate, 8h, S.S","Zimede, T-Plate, 8h, S.S",30219.8,"Zimede, T-Plate, 8h, S.S",ZMD Plates,Հատ,Без НДС,հատ,9021
00-00000471,"Zimede, L-shaped bone plate Left, 6h, S.S","Zimede, L-shaped bone plate Left, 6h, S.S",30220.6,"Zimede, L-shaped bone plate Left, 6h, S.S",Zimede,Հատ,Без НДС,հատ,9021
00-00000469,"Zimede, L-shaped bone plate Right, 6h, S.S","Zimede, L-shaped bone plate Right, 6h, S.S",30220.6,"Zimede, L-shaped bone plate Right, 6h, S.S",Zimede,Հատ,Без НДС,հատ,9021
00-00000470,"Zimede, L-shaped bone plate Left, պրոքսիմալում 3 անցք, 8h, S.S","Zimede, L-shaped bone plate Left, պրոքսիմալում 3 անցք, 8h, S.S",30220.8,"Zimede, L-shaped bone plate Left, պրոքսիմալում 3 անցք, 8h, S.S",Zimede,Հատ,Без НДС,հատ,9021
00-00000468,"Zimede, L-shaped bone plate Right, պրոքսիմալում 3 անցք, 8h, S.S","Zimede, L-shaped bone plate Right, պրոքսիմալում 3 անցք, 8h, S.S",30220.8,"Zimede, L-shaped bone plate Right, պրոքսիմալում 3 անցք, 8h, S.S",Zimede,Հատ,Без НДС,հատ,9021
00-00000465,"Zimede, LC-DCP Humeral plate, 6h, S.S.","Zimede, LC-DCP Humeral plate, 6h, S.S.",30214.6,"Zimede, LC-DCP Humeral plate, 6h, S.S.",Zimede,Հատ,Без НДС,հատ,9021
00-00000464,"Zimede, LC-DCP Humeral plate, 7h, S.S.","Zimede, LC-DCP Humeral plate, 7h, S.S.",30214.7,"Zimede, LC-DCP Humeral plate, 7h, S.S.",Zimede,Հատ,Без НДС,հատ,9021
00-00000463,"Zimede, LC-DCP Humeral plate, 8h, S.S.","Zimede, LC-DCP Humeral plate, 8h, S.S.",30214.8,"Zimede, LC-DCP Humeral plate, 8h, S.S.",Zimede,Հատ,Без НДС,հատ,9021
00-00000462,"Zimede, LC-DCP Humeral plate, 9h, S.S.","Zimede, LC-DCP Humeral plate, 9h, S.S.",30214.9,"Zimede, LC-DCP Humeral plate, 9h, S.S.",Zimede,Հատ,Без НДС,հատ,9021
00-00000467,"Zimede, LC-DCP Humeral plate, 10h, S.S.","Zimede, LC-DCP Humeral plate, 10h, S.S.",30214.1,"Zimede, LC-DCP Humeral plate, 10h, S.S.",Zimede,Հատ,Без НДС,հատ,9021
00-00000466,"Zimede, LC-DCP Humeral plate, 14h, S.S.","Zimede, LC-DCP Humeral plate, 14h, S.S.",30214.14,"Zimede, LC-DCP Humeral plate, 14h, S.S.",Zimede,Հատ,Без НДС,հատ,9021
00-00000448,"Zimede, LC‐DCP for Tibia, 6հ, S.S","Zimede, LC‐DCP for Tibia, 6հ, S.S",30228.6,"Zimede, LC‐DCP for Tibia, 6հ, S.S",Zimede,Հատ,Без НДС,հատ,9021
00-00000447,"Zimede, LC‐DCP for Tibia, 7հ, S.S","Zimede, LC‐DCP for Tibia, 7հ, S.S",30228.7,"Zimede, LC‐DCP for Tibia, 7հ, S.S",Zimede,Հատ,Без НДС,հատ,9021
00-00000446,"Zimede, LC‐DCP for Tibia, 8հ, S.S","Zimede, LC‐DCP for Tibia, 8հ, S.S",30228.8,"Zimede, LC‐DCP for Tibia, 8հ, S.S",Zimede,Հատ,Без НДС,հատ,9021
00-00000445,"Zimede, LC‐DCP for Tibia, 9հ, S.S","Zimede, LC‐DCP for Tibia, 9հ, S.S",30228.9,"Zimede, LC‐DCP for Tibia, 9հ, S.S",Zimede,Հատ,Без НДС,հատ,9021
00-00000450,"Zimede, LC‐DCP for Tibia, 10հ, S.S","Zimede, LC‐DCP for Tibia, 10հ, S.S",30228.1,"Zimede, LC‐DCP for Tibia, 10հ, S.S",Zimede,Հատ,Без НДС,հատ,9021
00-00000449,"Zimede, LC‐DCP for Tibia, 11հ, S.S","Zimede, LC‐DCP for Tibia, 11հ, S.S",30228.11,"Zimede, LC‐DCP for Tibia, 11հ, S.S",Zimede,Հատ,Без НДС,հատ,9021
00-00000453,"Zimede, LC‐DCP for Femur, 7h, S.S","Zimede, LC‐DCP for Femur, 7h, S.S",30229.7,"Zimede, LC‐DCP for Femur, 7h, S.S",Zimede,Հատ,Без НДС,հատ,9021
00-00000452,"Zimede, LC‐DCP for Femur, 8h, S.S","Zimede, LC‐DCP for Femur, 8h, S.S",30229.8,"Zimede, LC‐DCP for Femur, 8h, S.S",Zimede,Հատ,Без НДС,հատ,9021
00-00000451,"Zimede, LC‐DCP for Femur, 9h, S.S","Zimede, LC‐DCP for Femur, 9h, S.S",30229.9,"Zimede, LC‐DCP for Femur, 9h, S.S",Zimede,Հատ,Без НДС,հատ,9021
00-00000456,"Zimede, LC‐DCP for Femur, 10h, S.S","Zimede, LC‐DCP for Femur, 10h, S.S",30229.1,"Zimede, LC‐DCP for Femur, 10h, S.S",Zimede,Հատ,Без НДС,հատ,9021
00-00000455,"Zimede, LC‐DCP for Femur, 12h, S.S","Zimede, LC‐DCP for Femur, 12h, S.S",30229.12,"Zimede, LC‐DCP for Femur, 12h, S.S",Zimede,Հատ,Без НДС,հատ,9021
00-00000454,"Zimede, LC‐DCP for Femur, 14h, S.S","Zimede, LC‐DCP for Femur, 14h, S.S",30229.14,"Zimede, LC‐DCP for Femur, 14h, S.S",Zimede,Հատ,Без НДС,հատ,9021
00-00000563,"Zimede, DHS Plate, 4h, S.S","Zimede, DHS Plate, 4h, S.S",30226.4,"Zimede, DHS Plate, 4h, S.S",ZMD Plates,Հատ,Без НДС,հատ,9021
00-00000562,"Zimede, DHS Plate, 5h, S.S","Zimede, DHS Plate, 5h, S.S",30226.5,"Zimede, DHS Plate, 5h, S.S",ZMD Plates,Հատ,Без НДС,հատ,9021
00-00000561,"Zimede, DHS Plate, 6h, S.S","Zimede, DHS Plate, 6h, S.S",30226.6,"Zimede, DHS Plate, 6h, S.S",ZMD Plates,Հատ,Без НДС,հատ,9021
00-00000560,"Zimede, DHS Plate, 7h, S.S","Zimede, DHS Plate, 7h, S.S",30226.7,"Zimede, DHS Plate, 7h, S.S",ZMD Plates,Հատ,Без НДС,հատ,9021
00-00000559,"Zimede, DHS Plate, 8h, S.S","Zimede, DHS Plate, 8h, S.S",30226.8,"Zimede, DHS Plate, 8h, S.S",ZMD Plates,Հատ,Без НДС,հատ,9021
00-00000558,"Zimede, DHS Plate, 9h, S.S","Zimede, DHS Plate, 9h, S.S",30226.9,"Zimede, DHS Plate, 9h, S.S",ZMD Plates,Հատ,Без НДС,հատ,9021
00-00000564,"Zimede, DHS Plate, 10h, S.S","Zimede, DHS Plate, 10h, S.S",30226.1,"Zimede, DHS Plate, 10h, S.S",ZMD Plates,Հատ,Без НДС,հատ,9021
00-00000568,"Zimede, DCS Plate, 5h, S.S","Zimede, DCS Plate, 5h, S.S",30227.5,"Zimede, DCS Plate, 5h, S.S",ZMD Plates,Հատ,Без НДС,հատ,9021
00-00000567,"Zimede, DCS Plate, 6h, S.S","Zimede, DCS Plate, 6h, S.S",30227.6,"Zimede, DCS Plate, 6h, S.S",ZMD Plates,Հատ,Без НДС,հատ,9021
00-00000566,"Zimede, DCS Plate, 7h, S.S","Zimede, DCS Plate, 7h, S.S",30227.7,"Zimede, DCS Plate, 7h, S.S",ZMD Plates,Հատ,Без НДС,հատ,9021
00-00000565,"Zimede, DCS Plate, 8h, S.S","Zimede, DCS Plate, 8h, S.S",30227.8,"Zimede, DCS Plate, 8h, S.S",ZMD Plates,Հատ,Без НДС,հատ,9021
00-00000569,"Zimede, DCS Plate, 10h, S.S","Zimede, DCS Plate, 10h, S.S",30227.1,"Zimede, DCS Plate, 10h, S.S",ZMD Plates,Հատ,Без НДС,հատ,9021
00-00000316,"Zimede, Screws, DHS / DCS, 12*60mm, S.S","Zimede, Screws, DHS / DCS, 12*60mm, S.S",30239.12*60,"Zimede, Screws, DHS / DCS, 12*60mm, S.S",ZMD Plates,Հատ,Без НДС,հատ,9021
00-00000315,"Zimede, Screws, DHS / DCS, 12*65mm, S.S","Zimede, Screws, DHS / DCS, 12*65mm, S.S",30239.12*65,"Zimede, Screws, DHS / DCS, 12*65mm, S.S",ZMD Plates,Հատ,Без НДС,հատ,9021
00-00000314,"Zimede, Screws, DHS / DCS, 12*70mm, S.S","Zimede, Screws, DHS / DCS, 12*70mm, S.S",30239.12*70,"Zimede, Screws, DHS / DCS, 12*70mm, S.S",ZMD Plates,Հատ,Без НДС,հատ,9021
00-00000313,"Zimede, Screws, DHS / DCS, 12*75mm, S.S","Zimede, Screws, DHS / DCS, 12*75mm, S.S",30239.12*75,"Zimede, Screws, DHS / DCS, 12*75mm, S.S",ZMD Plates,Հատ,Без НДС,հատ,9021
00-00000312,"Zimede, Screws, DHS / DCS, 12*80mm, S.S","Zimede, Screws, DHS / DCS, 12*80mm, S.S",30239.12*80,"Zimede, Screws, DHS / DCS, 12*80mm, S.S",ZMD Plates,Հատ,Без НДС,հատ,9021
00-00000311,"Zimede, Screws, DHS / DCS, 12*85mm, S.S","Zimede, Screws, DHS / DCS, 12*85mm, S.S",30239.12*85,"Zimede, Screws, DHS / DCS, 12*85mm, S.S",ZMD Plates,Հատ,Без НДС,հատ,9021
00-00000310,"Zimede, Screws, DHS / DCS, 12*90mm, S.S","Zimede, Screws, DHS / DCS, 12*90mm, S.S",30239.12*90,"Zimede, Screws, DHS / DCS, 12*90mm, S.S",ZMD Plates,Հատ,Без НДС,հատ,9021
00-00000309,"Zimede, Screws, DHS / DCS, 12*95mm, S.S","Zimede, Screws, DHS / DCS, 12*95mm, S.S",30239.12*95,"Zimede, Screws, DHS / DCS, 12*95mm, S.S",ZMD Plates,Հատ,Без НДС,հատ,9021
00-00000319,"Zimede, Screws, DHS / DCS, 12*100mm, S.S","Zimede, Screws, DHS / DCS, 12*100mm, S.S",30239.12*100,"Zimede, Screws, DHS / DCS, 12*100mm, S.S",ZMD Plates,Հատ,Без НДС,հատ,9021
00-00000318,"Zimede, Screws, DHS / DCS, 12*105mm, S.S","Zimede, Screws, DHS / DCS, 12*105mm, S.S",30239.12*105,"Zimede, Screws, DHS / DCS, 12*105mm, S.S",ZMD Plates,Հատ,Без НДС,հատ,9021
00-00000317,"Zimede, Screws, DHS / DCS, 12*110mm, S.S","Zimede, Screws, DHS / DCS, 12*110mm, S.S",30239.12*110,"Zimede, Screws, DHS / DCS, 12*110mm, S.S",ZMD Plates,Հատ,Без НДС,հատ,9021
00-00000667,"Zimede, 2.0mm Snap-off Screw, 12mm, Ti","Zimede, 2.0mm Snap-off Screw, 12mm, Ti",42892012.12,"Zimede, 2.0mm Snap-off Screw, 12mm, Ti",Zimede,Հատ,Без НДС,հատ,9021
00-00000665,"Zimede, 2.0mm Snap-off Screw, 13mm, Ti","Zimede, 2.0mm Snap-off Screw, 13mm, Ti",42892013.13,"Zimede, 2.0mm Snap-off Screw, 13mm, Ti",Zimede,Հատ,Без НДС,հատ,9021
00-00000663,"Zimede, 2.0mm Snap-off Screw, 14mm, Ti","Zimede, 2.0mm Snap-off Screw, 14mm, Ti",42892014.14,"Zimede, 2.0mm Snap-off Screw, 14mm, Ti",Zimede,Հատ,Без НДС,հատ,9021
00-00000661,"Zimede, 2.7mm Snap-off Screw, 12mm, Ti","Zimede, 2.7mm Snap-off Screw, 12mm, Ti",42902712.12,"Zimede, 2.7mm Snap-off Screw, 12mm, Ti",Zimede,Հատ,Без НДС,հատ,9021
00-00000659,"Zimede, 2.7mm Snap-off Screw, 13mm, Ti","Zimede, 2.7mm Snap-off Screw, 13mm, Ti",42902713.13,"Zimede, 2.7mm Snap-off Screw, 13mm, Ti",Zimede,Հատ,Без НДС,հատ,9021
00-00000657,"Zimede, 2.7mm Snap-off Screw, 14mm, Ti","Zimede, 2.7mm Snap-off Screw, 14mm, Ti",42902714.14,"Zimede, 2.7mm Snap-off Screw, 14mm, Ti",Zimede,Հատ,Без НДС,հատ,9021
00-00000303,"Zimede, Snap-off Screw Instrument Set, , Ti","Zimede, Snap-off Screw Instrument Set, , Ti",,"Zimede, Snap-off Screw Instrument Set, , Ti",Zimede,Հատ,Без НДС,հատ,9021
00-00000597,"Zimede, Cortex screw , 4.5*22mm, S.S","Zimede, Cortex screw , 4.5*22mm, S.S",1101.4522,"Zimede, Cortex screw , 4.5*22mm, S.S",ZMD Screws,Հատ,Без НДС,հատ,9021
00-00000596,"Zimede, Cortex screw , 4.5*24mm, S.S","Zimede, Cortex screw , 4.5*24mm, S.S",1101.4524,"Zimede, Cortex screw , 4.5*24mm, S.S",ZMD Screws,Հատ,Без НДС,հատ,9021
00-00000595,"Zimede, Cortex screw , 4.5*26mm, S.S","Zimede, Cortex screw , 4.5*26mm, S.S",1101.4526,"Zimede, Cortex screw , 4.5*26mm, S.S",ZMD Screws,Հատ,Без НДС,հատ,9021
00-00000594,"Zimede, Cortex screw , 4.5*28mm, S.S","Zimede, Cortex screw , 4.5*28mm, S.S",1101.4528,"Zimede, Cortex screw , 4.5*28mm, S.S",ZMD Screws,Հատ,Без НДС,հատ,9021
00-00000593,"Zimede, Cortex screw , 4.5*30mm, S.S","Zimede, Cortex screw , 4.5*30mm, S.S",1101.4530,"Zimede, Cortex screw , 4.5*30mm, S.S",ZMD Screws,Հատ,Без НДС,հատ,9021
00-00000592,"Zimede, Cortex screw , 4.5*32mm, S.S","Zimede, Cortex screw , 4.5*32mm, S.S",1101.4532,"Zimede, Cortex screw , 4.5*32mm, S.S",ZMD Screws,Հատ,Без НДС,հատ,9021
00-00000591,"Zimede, Cortex screw , 4.5*34mm, S.S","Zimede, Cortex screw , 4.5*34mm, S.S",1101.4534,"Zimede, Cortex screw , 4.5*34mm, S.S",ZMD Screws,Հատ,Без НДС,հատ,9021
00-00000590,"Zimede, Cortex screw , 4.5*36mm, S.S","Zimede, Cortex screw , 4.5*36mm, S.S",1101.4536,"Zimede, Cortex screw , 4.5*36mm, S.S",ZMD Screws,Հատ,Без НДС,հատ,9021
00-00000589,"Zimede, Cortex screw , 4.5*38mm, S.S","Zimede, Cortex screw , 4.5*38mm, S.S",1101.4538,"Zimede, Cortex screw , 4.5*38mm, S.S",ZMD Screws,Հատ,Без НДС,հատ,9021
00-00000588,"Zimede, Cortex screw , 4.5*40mm, S.S","Zimede, Cortex screw , 4.5*40mm, S.S",1101.4540,"Zimede, Cortex screw , 4.5*40mm, S.S",ZMD Screws,Հատ,Без НДС,հատ,9021
00-00000587,"Zimede, Cortex screw , 4.5*42mm, S.S","Zimede, Cortex screw , 4.5*42mm, S.S",1101.4542,"Zimede, Cortex screw , 4.5*42mm, S.S",ZMD Screws,Հատ,Без НДС,հատ,9021
00-00000586,"Zimede, Cortex screw , 4.5*44mm, S.S","Zimede, Cortex screw , 4.5*44mm, S.S",1101.4544,"Zimede, Cortex screw , 4.5*44mm, S.S",ZMD Screws,Հատ,Без НДС,հատ,9021
00-00000585,"Zimede, Cortex screw , 4.5*46mm, S.S","Zimede, Cortex screw , 4.5*46mm, S.S",1101.4546,"Zimede, Cortex screw , 4.5*46mm, S.S",ZMD Screws,Հատ,Без НДС,հատ,9021
00-00000584,"Zimede, Cortex screw , 4.5*48mm, S.S","Zimede, Cortex screw , 4.5*48mm, S.S",1101.4548,"Zimede, Cortex screw , 4.5*48mm, S.S",ZMD Screws,Հատ,Без НДС,հատ,9021
00-00000583,"Zimede, Cortex screw , 4.5*50mm, S.S","Zimede, Cortex screw , 4.5*50mm, S.S",1101.4550,"Zimede, Cortex screw , 4.5*50mm, S.S",ZMD Screws,Հատ,Без НДС,հատ,9021
00-00000582,"Zimede, Cortex screw , 4.5*52mm, S.S","Zimede, Cortex screw , 4.5*52mm, S.S",1101.4552,"Zimede, Cortex screw , 4.5*52mm, S.S",ZMD Screws,Հատ,Без НДС,հատ,9021
00-00000581,"Zimede, Cortex screw , 4.5*54mm, S.S","Zimede, Cortex screw , 4.5*54mm, S.S",1101.4554,"Zimede, Cortex screw , 4.5*54mm, S.S",ZMD Screws,Հատ,Без НДС,հատ,9021
00-00000580,"Zimede, Cortex screw , 4.5*56mm, S.S","Zimede, Cortex screw , 4.5*56mm, S.S",1101.4556,"Zimede, Cortex screw , 4.5*56mm, S.S",ZMD Screws,Հատ,Без НДС,հատ,9021
00-00000369,"Zimede, Screws for cancellous bone (full-Threaded), 4.0x14mm, S.S","Zimede, Screws for cancellous bone (full-Threaded), 4.0x14mm, S.S",1103.4014,"Zimede, Screws for cancellous bone (full-Threaded), 4.0x14mm, S.S",ZMD Screws,Հատ,Без НДС,հատ,9021
00-00000368,"Zimede, Screws for cancellous bone (full-Threaded), 4.0x16mm, S.S","Zimede, Screws for cancellous bone (full-Threaded), 4.0x16mm, S.S",1103.4016,"Zimede, Screws for cancellous bone (full-Threaded), 4.0x16mm, S.S",ZMD Screws,Հատ,Без НДС,հատ,9021
00-00000367,"Zimede, Screws for cancellous bone (full-Threaded), 4.0x18mm, S.S","Zimede, Screws for cancellous bone (full-Threaded), 4.0x18mm, S.S",1103.4018,"Zimede, Screws for cancellous bone (full-Threaded), 4.0x18mm, S.S",ZMD Screws,Հատ,Без НДС,հատ,9021
00-00000366,"Zimede, Screws for cancellous bone (full-Threaded), 4.0x20mm, S.S","Zimede, Screws for cancellous bone (full-Threaded), 4.0x20mm, S.S",1103.4020,"Zimede, Screws for cancellous bone (full-Threaded), 4.0x20mm, S.S",ZMD Screws,Հատ,Без НДС,հատ,9021
00-00000365,"Zimede, Screws for cancellous bone (full-Threaded), 4.0x22mm, S.S","Zimede, Screws for cancellous bone (full-Threaded), 4.0x22mm, S.S",1103.4022,"Zimede, Screws for cancellous bone (full-Threaded), 4.0x22mm, S.S",ZMD Screws,Հատ,Без НДС,հատ,9021
00-00000364,"Zimede, Screws for cancellous bone (full-Threaded), 4.0x24mm, S.S","Zimede, Screws for cancellous bone (full-Threaded), 4.0x24mm, S.S",1103.4024,"Zimede, Screws for cancellous bone (full-Threaded), 4.0x24mm, S.S",ZMD Screws,Հատ,Без НДС,հատ,9021
00-00000363,"Zimede, Screws for cancellous bone (full-Threaded), 4.0x26mm, S.S","Zimede, Screws for cancellous bone (full-Threaded), 4.0x26mm, S.S",1103.4026,"Zimede, Screws for cancellous bone (full-Threaded), 4.0x26mm, S.S",ZMD Screws,Հատ,Без НДС,հատ,9021
00-00000362,"Zimede, Screws for cancellous bone (full-Threaded), 4.0x28mm, S.S","Zimede, Screws for cancellous bone (full-Threaded), 4.0x28mm, S.S",1103.4028,"Zimede, Screws for cancellous bone (full-Threaded), 4.0x28mm, S.S",ZMD Screws,Հատ,Без НДС,հատ,9021
00-00000361,"Zimede, Screws for cancellous bone (full-Threaded), 4.0x30mm, S.S","Zimede, Screws for cancellous bone (full-Threaded), 4.0x30mm, S.S",1103.4030,"Zimede, Screws for cancellous bone (full-Threaded), 4.0x30mm, S.S",ZMD Screws,Հատ,Без НДС,հատ,9021
00-00000360,"Zimede, Screws for cancellous bone (full-Threaded), 4.0x32mm, S.S","Zimede, Screws for cancellous bone (full-Threaded), 4.0x32mm, S.S",1103.4032,"Zimede, Screws for cancellous bone (full-Threaded), 4.0x32mm, S.S",ZMD Screws,Հատ,Без НДС,հատ,9021
00-00000359,"Zimede, Screws for cancellous bone (full-Threaded), 4.0x34mm, S.S","Zimede, Screws for cancellous bone (full-Threaded), 4.0x34mm, S.S",1103.4034,"Zimede, Screws for cancellous bone (full-Threaded), 4.0x34mm, S.S",ZMD Screws,Հատ,Без НДС,հատ,9021
00-00000358,"Zimede, Screws for cancellous bone (full-Threaded), 4.0x36mm, S.S","Zimede, Screws for cancellous bone (full-Threaded), 4.0x36mm, S.S",1103.4036,"Zimede, Screws for cancellous bone (full-Threaded), 4.0x36mm, S.S",ZMD Screws,Հատ,Без НДС,հատ,9021
00-00000357,"Zimede, Screws for cancellous bone (full-Threaded), 4.0x38mm, S.S","Zimede, Screws for cancellous bone (full-Threaded), 4.0x38mm, S.S",1103.4038,"Zimede, Screws for cancellous bone (full-Threaded), 4.0x38mm, S.S",ZMD Screws,Հատ,Без НДС,հատ,9021
00-00000356,"Zimede, Screws for cancellous bone (full-Threaded), 4.0x40mm, S.S","Zimede, Screws for cancellous bone (full-Threaded), 4.0x40mm, S.S",1103.4040,"Zimede, Screws for cancellous bone (full-Threaded), 4.0x40mm, S.S",ZMD Screws,Հատ,Без НДС,հատ,9021
00-00000355,"Zimede, Screws for cancellous bone (full-Threaded), 4.0x42mm, S.S","Zimede, Screws for cancellous bone (full-Threaded), 4.0x42mm, S.S",1103.4042,"Zimede, Screws for cancellous bone (full-Threaded), 4.0x42mm, S.S",ZMD Screws,Հատ,Без НДС,հատ,9021
00-00000354,"Zimede, Screws for cancellous bone (full-Threaded), 4.0x44mm, S.S","Zimede, Screws for cancellous bone (full-Threaded), 4.0x44mm, S.S",1103.4044,"Zimede, Screws for cancellous bone (full-Threaded), 4.0x44mm, S.S",ZMD Screws,Հատ,Без НДС,հատ,9021
00-00000353,"Zimede, Screws for cancellous bone (full-Threaded), 4.0x46mm, S.S","Zimede, Screws for cancellous bone (full-Threaded), 4.0x46mm, S.S",1103.4046,"Zimede, Screws for cancellous bone (full-Threaded), 4.0x46mm, S.S",ZMD Screws,Հատ,Без НДС,հատ,9021
00-00000352,"Zimede, Screws for cancellous bone (full-Threaded), 4.0x48mm, S.S","Zimede, Screws for cancellous bone (full-Threaded), 4.0x48mm, S.S",1103.4048,"Zimede, Screws for cancellous bone (full-Threaded), 4.0x48mm, S.S",ZMD Screws,Հատ,Без НДС,հատ,9021
00-00000351,"Zimede, Screws for cancellous bone (full-Threaded), 4.0x50mm, S.S","Zimede, Screws for cancellous bone (full-Threaded), 4.0x50mm, S.S",1103.4050,"Zimede, Screws for cancellous bone (full-Threaded), 4.0x50mm, S.S",ZMD Screws,Հատ,Без НДС,հատ,9021
00-00000342,"Zimede, Screws for cancellous bone (Half-Threaded), 4.0x28mm, S.S","Zimede, Screws for cancellous bone (Half-Threaded), 4.0x28mm, S.S",1102.4028,"Zimede, Screws for cancellous bone (Half-Threaded), 4.0x28mm, S.S",ZMD Screws,Հատ,Без НДС,հատ,9021
00-00000341,"Zimede, Screws for cancellous bone (Half-Threaded), 4.0x30mm, S.S","Zimede, Screws for cancellous bone (Half-Threaded), 4.0x30mm, S.S",1102.4030,"Zimede, Screws for cancellous bone (Half-Threaded), 4.0x30mm, S.S",ZMD Screws,Հատ,Без НДС,հատ,9021
00-00000340,"Zimede, Screws for cancellous bone (Half-Threaded), 4.0x32mm, S.S","Zimede, Screws for cancellous bone (Half-Threaded), 4.0x32mm, S.S",1102.4032,"Zimede, Screws for cancellous bone (Half-Threaded), 4.0x32mm, S.S",ZMD Screws,Հատ,Без НДС,հատ,9021
00-00000339,"Zimede, Screws for cancellous bone (Half-Threaded), 4.0x34mm, S.S","Zimede, Screws for cancellous bone (Half-Threaded), 4.0x34mm, S.S",1102.4034,"Zimede, Screws for cancellous bone (Half-Threaded), 4.0x34mm, S.S",ZMD Screws,Հատ,Без НДС,հատ,9021
00-00000338,"Zimede, Screws for cancellous bone (Half-Threaded), 4.0x36mm, S.S","Zimede, Screws for cancellous bone (Half-Threaded), 4.0x36mm, S.S",1102.4036,"Zimede, Screws for cancellous bone (Half-Threaded), 4.0x36mm, S.S",ZMD Screws,Հատ,Без НДС,հատ,9021
00-00000337,"Zimede, Screws for cancellous bone (Half-Threaded), 4.0x38mm, S.S","Zimede, Screws for cancellous bone (Half-Threaded), 4.0x38mm, S.S",1102.4038,"Zimede, Screws for cancellous bone (Half-Threaded), 4.0x38mm, S.S",ZMD Screws,Հատ,Без НДС,հատ,9021
00-00000336,"Zimede, Screws for cancellous bone (Half-Threaded), 4.0x40mm, S.S","Zimede, Screws for cancellous bone (Half-Threaded), 4.0x40mm, S.S",1102.4040,"Zimede, Screws for cancellous bone (Half-Threaded), 4.0x40mm, S.S",ZMD Screws,Հատ,Без НДС,հատ,9021
00-00000335,"Zimede, Screws for cancellous bone (Half-Threaded), 4.0x42mm, S.S","Zimede, Screws for cancellous bone (Half-Threaded), 4.0x42mm, S.S",1102.4042,"Zimede, Screws for cancellous bone (Half-Threaded), 4.0x42mm, S.S",ZMD Screws,Հատ,Без НДС,հատ,9021
00-00000334,"Zimede, Screws for cancellous bone (Half-Threaded), 4.0x44mm, S.S","Zimede, Screws for cancellous bone (Half-Threaded), 4.0x44mm, S.S",1102.4044,"Zimede, Screws for cancellous bone (Half-Threaded), 4.0x44mm, S.S",ZMD Screws,Հատ,Без НДС,հատ,9021
00-00000333,"Zimede, Screws for cancellous bone (Half-Threaded), 4.0x46mm, S.S","Zimede, Screws for cancellous bone (Half-Threaded), 4.0x46mm, S.S",1102.4046,"Zimede, Screws for cancellous bone (Half-Threaded), 4.0x46mm, S.S",ZMD Screws,Հատ,Без НДС,հատ,9021
00-00000332,"Zimede, Screws for cancellous bone (Half-Threaded), 4.0x48mm, S.S","Zimede, Screws for cancellous bone (Half-Threaded), 4.0x48mm, S.S",1102.4048,"Zimede, Screws for cancellous bone (Half-Threaded), 4.0x48mm, S.S",ZMD Screws,Հատ,Без НДС,հատ,9021
00-00000331,"Zimede, Screws for cancellous bone (Half-Threaded), 4.0x50mm, S.S","Zimede, Screws for cancellous bone (Half-Threaded), 4.0x50mm, S.S",1102.4050,"Zimede, Screws for cancellous bone (Half-Threaded), 4.0x50mm, S.S",ZMD Screws,Հատ,Без НДС,հատ,9021
00-00000330,"Zimede, Screws for cancellous bone (Half-Threaded), 4.0x55mm, S.S","Zimede, Screws for cancellous bone (Half-Threaded), 4.0x55mm, S.S",1102.4055,"Zimede, Screws for cancellous bone (Half-Threaded), 4.0x55mm, S.S",ZMD Screws,Հատ,Без НДС,հատ,9021
00-00000350,"Zimede, Screws for cancellous bone (full-Threaded), 6.5x45mm, S.S","Zimede, Screws for cancellous bone (full-Threaded), 6.5x45mm, S.S",30238.6.5x45,"Zimede, Screws for cancellous bone (full-Threaded), 6.5x45mm, S.S",ZMD Screws,Հատ,Без НДС,հատ,9021
00-00000349,"Zimede, Screws for cancellous bone (full-Threaded), 6.5x55mm, S.S","Zimede, Screws for cancellous bone (full-Threaded), 6.5x55mm, S.S",30238.6.5x55,"Zimede, Screws for cancellous bone (full-Threaded), 6.5x55mm, S.S",ZMD Screws,Հատ,Без НДС,հատ,9021
00-00000348,"Zimede, Screws for cancellous bone (full-Threaded), 6.5x65mm, S.S","Zimede, Screws for cancellous bone (full-Threaded), 6.5x65mm, S.S",30238.6.5x65,"Zimede, Screws for cancellous bone (full-Threaded), 6.5x65mm, S.S",ZMD Screws,Հատ,Без НДС,հատ,9021
00-00000347,"Zimede, Screws for cancellous bone (full-Threaded), 6.5x70mm, S.S","Zimede, Screws for cancellous bone (full-Threaded), 6.5x70mm, S.S",30238.6.5x70,"Zimede, Screws for cancellous bone (full-Threaded), 6.5x70mm, S.S",ZMD Screws,Հատ,Без НДС,հատ,9021
00-00000346,"Zimede, Screws for cancellous bone (full-Threaded), 6.5x75mm, S.S","Zimede, Screws for cancellous bone (full-Threaded), 6.5x75mm, S.S",30238.6.5x75,"Zimede, Screws for cancellous bone (full-Threaded), 6.5x75mm, S.S",ZMD Screws,Հատ,Без НДС,հատ,9021
00-00000345,"Zimede, Screws for cancellous bone (full-Threaded), 6.5x80mm, S.S","Zimede, Screws for cancellous bone (full-Threaded), 6.5x80mm, S.S",30238.6.5x80,"Zimede, Screws for cancellous bone (full-Threaded), 6.5x80mm, S.S",ZMD Screws,Հատ,Без НДС,հատ,9021
00-00000344,"Zimede, Screws for cancellous bone (full-Threaded), 6.5x85mm, S.S","Zimede, Screws for cancellous bone (full-Threaded), 6.5x85mm, S.S",30238.6.5x85,"Zimede, Screws for cancellous bone (full-Threaded), 6.5x85mm, S.S",ZMD Screws,Հատ,Без НДС,հատ,9021
00-00000343,"Zimede, Screws for cancellous bone (full-Threaded), 6.5x90mm, S.S","Zimede, Screws for cancellous bone (full-Threaded), 6.5x90mm, S.S",30238.6.5x90,"Zimede, Screws for cancellous bone (full-Threaded), 6.5x90mm, S.S",ZMD Screws,Հատ,Без НДС,հատ,9021
00-00000329,"Zimede, Screws for cancellous bone (Half-Threaded), 6.5x45mm, S.S","Zimede, Screws for cancellous bone (Half-Threaded), 6.5x45mm, S.S",30237.6.5x45,"Zimede, Screws for cancellous bone (Half-Threaded), 6.5x45mm, S.S",ZMD Screws,Հատ,Без НДС,հատ,9021
00-00000328,"Zimede, Screws for cancellous bone (Half-Threaded), 6.5x50mm, S.S","Zimede, Screws for cancellous bone (Half-Threaded), 6.5x50mm, S.S",30237.6.5x50,"Zimede, Screws for cancellous bone (Half-Threaded), 6.5x50mm, S.S",ZMD Screws,Հատ,Без НДС,հատ,9021
00-00000327,"Zimede, Screws for cancellous bone (Half-Threaded), 6.5x55mm, S.S","Zimede, Screws for cancellous bone (Half-Threaded), 6.5x55mm, S.S",30237.6.5x55,"Zimede, Screws for cancellous bone (Half-Threaded), 6.5x55mm, S.S",ZMD Screws,Հատ,Без НДС,հատ,9021
00-00000326,"Zimede, Screws for cancellous bone (Half-Threaded), 6.5x60mm, S.S","Zimede, Screws for cancellous bone (Half-Threaded), 6.5x60mm, S.S",30237.6.5x60,"Zimede, Screws for cancellous bone (Half-Threaded), 6.5x60mm, S.S",ZMD Screws,Հատ,Без НДС,հատ,9021
00-00000325,"Zimede, Screws for cancellous bone (Half-Threaded), 6.5x65mm, S.S","Zimede, Screws for cancellous bone (Half-Threaded), 6.5x65mm, S.S",30237.6.5x65,"Zimede, Screws for cancellous bone (Half-Threaded), 6.5x65mm, S.S",ZMD Screws,Հատ,Без НДС,հատ,9021
00-00000324,"Zimede, Screws for cancellous bone (Half-Threaded), 6.5x70mm, S.S","Zimede, Screws for cancellous bone (Half-Threaded), 6.5x70mm, S.S",30237.6.5x70,"Zimede, Screws for cancellous bone (Half-Threaded), 6.5x70mm, S.S",ZMD Screws,Հատ,Без НДС,հատ,9021
00-00000323,"Zimede, Screws for cancellous bone (Half-Threaded), 6.5x75mm, S.S","Zimede, Screws for cancellous bone (Half-Threaded), 6.5x75mm, S.S",30237.6.5x75,"Zimede, Screws for cancellous bone (Half-Threaded), 6.5x75mm, S.S",ZMD Screws,Հատ,Без НДС,հատ,9021
00-00000322,"Zimede, Screws for cancellous bone (Half-Threaded), 6.5x80mm, S.S","Zimede, Screws for cancellous bone (Half-Threaded), 6.5x80mm, S.S",30237.6.5x80,"Zimede, Screws for cancellous bone (Half-Threaded), 6.5x80mm, S.S",ZMD Screws,Հատ,Без НДС,հատ,9021
00-00000321,"Zimede, Screws for cancellous bone (Half-Threaded), 6.5x85mm, S.S","Zimede, Screws for cancellous bone (Half-Threaded), 6.5x85mm, S.S",30237.6.5x85,"Zimede, Screws for cancellous bone (Half-Threaded), 6.5x85mm, S.S",ZMD Screws,Հատ,Без НДС,հատ,9021
00-00000320,"Zimede, Screws for cancellous bone (Half-Threaded), 6.5x90mm, S.S","Zimede, Screws for cancellous bone (Half-Threaded), 6.5x90mm, S.S",30237.6.5x90,"Zimede, Screws for cancellous bone (Half-Threaded), 6.5x90mm, S.S",ZMD Screws,Հատ,Без НДС,հատ,9021
00-00000444,"Zimede, Locking screw, 3.5x24mm, S.S","Zimede, Locking screw, 3.5x24mm, S.S",50208.3.5x24,"Zimede, Locking screw, 3.5x24mm, S.S",Zimede,Հատ,Без НДС,հատ,9021
00-00000443,"Zimede, Locking screw, 3.5x26mm, S.S","Zimede, Locking screw, 3.5x26mm, S.S",50208.3.5x26,"Zimede, Locking screw, 3.5x26mm, S.S",Zimede,Հատ,Без НДС,հատ,9021
00-00000442,"Zimede, Locking screw, 3.5x28mm, S.S","Zimede, Locking screw, 3.5x28mm, S.S",50208.3.5x28,"Zimede, Locking screw, 3.5x28mm, S.S",Zimede,Հատ,Без НДС,հատ,9021
00-00000441,"Zimede, Locking screw, 3.5x30mm, S.S","Zimede, Locking screw, 3.5x30mm, S.S",50208.3.5x30,"Zimede, Locking screw, 3.5x30mm, S.S",Zimede,Հատ,Без НДС,հատ,9021
00-00000440,"Zimede, Locking screw, 3.5x32mm, S.S","Zimede, Locking screw, 3.5x32mm, S.S",50208.3.5x32,"Zimede, Locking screw, 3.5x32mm, S.S",Zimede,Հատ,Без НДС,հատ,9021
00-00000439,"Zimede, Locking screw, 3.5x36mm, S.S","Zimede, Locking screw, 3.5x36mm, S.S",50208.3.5x36,"Zimede, Locking screw, 3.5x36mm, S.S",Zimede,Հատ,Без НДС,հատ,9021
00-00000438,"Zimede, Locking screw, 3.5x38mm, S.S","Zimede, Locking screw, 3.5x38mm, S.S",50208.3.5x38,"Zimede, Locking screw, 3.5x38mm, S.S",Zimede,Հատ,Без НДС,հատ,9021
00-00000437,"Zimede, Locking screw, 3.5x40mm, S.S","Zimede, Locking screw, 3.5x40mm, S.S",50208.3.5x40,"Zimede, Locking screw, 3.5x40mm, S.S",Zimede,Հատ,Без НДС,հատ,9021
00-00000436,"Zimede, Locking screw, 3.5x45mm, S.S","Zimede, Locking screw, 3.5x45mm, S.S",50208.3.5x45,"Zimede, Locking screw, 3.5x45mm, S.S",Zimede,Հատ,Без НДС,հատ,9021
00-00000435,"Zimede, Locking screw, 3.5x50mm, S.S","Zimede, Locking screw, 3.5x50mm, S.S",50208.3.5x50,"Zimede, Locking screw, 3.5x50mm, S.S",Zimede,Հատ,Без НДС,հատ,9021
00-00000422,"Zimede, Locking screw, 4.8x35mm, S.S","Zimede, Locking screw, 4.8x35mm, S.S",50208.4.8x35,"Zimede, Locking screw, 4.8x35mm, S.S",Zimede,Հատ,Без НДС,հատ,9021
00-00000421,"Zimede, Locking screw, 4.8x40mm, S.S","Zimede, Locking screw, 4.8x40mm, S.S",50208.4.8x40,"Zimede, Locking screw, 4.8x40mm, S.S",Zimede,Հատ,Без НДС,հատ,9021
00-00000420,"Zimede, Locking screw, 4.8x45mm, S.S","Zimede, Locking screw, 4.8x45mm, S.S",50208.4.8x45,"Zimede, Locking screw, 4.8x45mm, S.S",Zimede,Հատ,Без НДС,հատ,9021
00-00000419,"Zimede, Locking screw, 4.8x50mm, S.S","Zimede, Locking screw, 4.8x50mm, S.S",50208.4.8x50,"Zimede, Locking screw, 4.8x50mm, S.S",Zimede,Հատ,Без НДС,հատ,9021
00-00000418,"Zimede, Locking screw, 4.8x55mm, S.S","Zimede, Locking screw, 4.8x55mm, S.S",50208.4.8x55,"Zimede, Locking screw, 4.8x55mm, S.S",Zimede,Հատ,Без НДС,հատ,9021
00-00000417,"Zimede, Locking screw, 4.8x60mm, S.S","Zimede, Locking screw, 4.8x60mm, S.S",50208.4.8x60,"Zimede, Locking screw, 4.8x60mm, S.S",Zimede,Հատ,Без НДС,հատ,9021
00-00000416,"Zimede, Locking screw, 4.8x65mm, S.S","Zimede, Locking screw, 4.8x65mm, S.S",50208.4.8x65,"Zimede, Locking screw, 4.8x65mm, S.S",Zimede,Հատ,Без НДС,հատ,9021
00-00000415,"Zimede, Locking screw, 4.8x70mm, S.S","Zimede, Locking screw, 4.8x70mm, S.S",50208.4.8x70,"Zimede, Locking screw, 4.8x70mm, S.S",Zimede,Հատ,Без НДС,հատ,9021
00-00000414,"Zimede, Locking screw, 4.8x75mm, S.S","Zimede, Locking screw, 4.8x75mm, S.S",50208.4.8x75,"Zimede, Locking screw, 4.8x75mm, S.S",Zimede,Հատ,Без НДС,հատ,9021
00-00000413,"Zimede, Locking screw, 4.8x80mm, S.S","Zimede, Locking screw, 4.8x80mm, S.S",50208.4.8x80,"Zimede, Locking screw, 4.8x80mm, S.S",Zimede,Հատ,Без НДС,հատ,9021
00-00000412,"Zimede, Locking screw, 4.8x85mm, S.S","Zimede, Locking screw, 4.8x85mm, S.S",50208.4.8x85,"Zimede, Locking screw, 4.8x85mm, S.S",Zimede,Հատ,Без НДС,հատ,9021
00-00000411,"Zimede, Locking screw, 4.8x90mm, S.S","Zimede, Locking screw, 4.8x90mm, S.S",50208.4.8x90,"Zimede, Locking screw, 4.8x90mm, S.S",Zimede,Հատ,Без НДС,հատ,9021
00-00000294,"Zimede, St. Gamma Femoral Prox. Lock. I.N., 9*220mm, S.S","Zimede, St. Gamma Femoral Prox. Lock. I.N., 9*220mm, S.S",50204.9*220,"Zimede, St. Gamma Femoral Prox. Lock. I.N., 9*220mm, S.S",Zimede,Հատ,Без НДС,հատ,9021
00-00000293,"Zimede, St. Gamma Femoral Prox. Lock. I.N., 9*240mm, S.S","Zimede, St. Gamma Femoral Prox. Lock. I.N., 9*240mm, S.S",50204.9*240,"Zimede, St. Gamma Femoral Prox. Lock. I.N., 9*240mm, S.S",Zimede,Հատ,Без НДС,հատ,9021
00-00000292,"Zimede, St. Gamma Femoral Prox. Lock. I.N., 9*260mm, S.S","Zimede, St. Gamma Femoral Prox. Lock. I.N., 9*260mm, S.S",50204.9*260,"Zimede, St. Gamma Femoral Prox. Lock. I.N., 9*260mm, S.S",Zimede,Հատ,Без НДС,հատ,9021
00-00000291,"Zimede, St. Gamma Femoral Prox. Lock. I.N., 9*280mm, S.S","Zimede, St. Gamma Femoral Prox. Lock. I.N., 9*280mm, S.S",50204.9*280,"Zimede, St. Gamma Femoral Prox. Lock. I.N., 9*280mm, S.S",Zimede,Հատ,Без НДС,հատ,9021
00-00000302,"Zimede, St. Gamma Femoral Prox. Lock. I.N., 10*200mm, S.S","Zimede, St. Gamma Femoral Prox. Lock. I.N., 10*200mm, S.S",50204.10*200,"Zimede, St. Gamma Femoral Prox. Lock. I.N., 10*200mm, S.S",Zimede,Հատ,Без НДС,հատ,9021
00-00000301,"Zimede, St. Gamma Femoral Prox. Lock. I.N., 10*220mm, S.S","Zimede, St. Gamma Femoral Prox. Lock. I.N., 10*220mm, S.S",50204.10*220,"Zimede, St. Gamma Femoral Prox. Lock. I.N., 10*220mm, S.S",Zimede,Հատ,Без НДС,հատ,9021
00-00000300,"Zimede, St. Gamma Femoral Prox. Lock. I.N., 10*240mm, S.S","Zimede, St. Gamma Femoral Prox. Lock. I.N., 10*240mm, S.S",50204.10*240,"Zimede, St. Gamma Femoral Prox. Lock. I.N., 10*240mm, S.S",Zimede,Հատ,Без НДС,հատ,9021
00-00000299,"Zimede, St. Gamma Femoral Prox. Lock. I.N., 10*260mm, S.S","Zimede, St. Gamma Femoral Prox. Lock. I.N., 10*260mm, S.S",50204.10*260,"Zimede, St. Gamma Femoral Prox. Lock. I.N., 10*260mm, S.S",Zimede,Հատ,Без НДС,հատ,9021
00-00000298,"Zimede, St. Gamma Femoral Prox. Lock. I.N., 10*280mm, S.S","Zimede, St. Gamma Femoral Prox. Lock. I.N., 10*280mm, S.S",50204.10*280,"Zimede, St. Gamma Femoral Prox. Lock. I.N., 10*280mm, S.S",Zimede,Հատ,Без НДС,հատ,9021
00-00000297,"Zimede, St. Gamma Femoral Prox. Lock. I.N., 11*200mm, S.S","Zimede, St. Gamma Femoral Prox. Lock. I.N., 11*200mm, S.S",50204.11*200,"Zimede, St. Gamma Femoral Prox. Lock. I.N., 11*200mm, S.S",Zimede,Հատ,Без НДС,հատ,9021
00-00000296,"Zimede, St. Gamma Femoral Prox. Lock. I.N., 11*240mm, S.S","Zimede, St. Gamma Femoral Prox. Lock. I.N., 11*240mm, S.S",50204.11*240,"Zimede, St. Gamma Femoral Prox. Lock. I.N., 11*240mm, S.S",Zimede,Հատ,Без НДС,հատ,9021
00-00000295,"Zimede, St. Gamma Femoral Prox. Lock. I.N., 11*260mm, S.S","Zimede, St. Gamma Femoral Prox. Lock. I.N., 11*260mm, S.S",50204.11*260,"Zimede, St. Gamma Femoral Prox. Lock. I.N., 11*260mm, S.S",Zimede,Հատ,Без НДС,հատ,9021
00-00000383,"Zimede, Pulling screws for Gamma, 6.5*90mm, S.S","Zimede, Pulling screws for Gamma, 6.5*90mm, S.S",.6.5*90,"Zimede, Pulling screws for Gamma, 6.5*90mm, S.S",Zimede,Հատ,Без НДС,հատ,9021
00-00000382,"Zimede, Pulling screws for Gamma, 6.5*95mm, S.S","Zimede, Pulling screws for Gamma, 6.5*95mm, S.S",.6.5*95,"Zimede, Pulling screws for Gamma, 6.5*95mm, S.S",Zimede,Հատ,Без НДС,հատ,9021
00-00000537,"Zimede, Femoral Proximal Lockable Intr. Nail, 9*320mm, S.S","Zimede, Femoral Proximal Lockable Intr. Nail, 9*320mm, S.S",50202.9*320,"Zimede, Femoral Proximal Lockable Intr. Nail, 9*320mm, S.S",Zimede,Հատ,Без НДС,հատ,9021
00-00000536,"Zimede, Femoral Proximal Lockable Intr. Nail, 9*340mm, S.S","Zimede, Femoral Proximal Lockable Intr. Nail, 9*340mm, S.S",50202.9*340,"Zimede, Femoral Proximal Lockable Intr. Nail, 9*340mm, S.S",Zimede,Հատ,Без НДС,հատ,9021
00-00000535,"Zimede, Femoral Proximal Lockable Intr. Nail, 9*360mm, S.S","Zimede, Femoral Proximal Lockable Intr. Nail, 9*360mm, S.S",50202.9*360,"Zimede, Femoral Proximal Lockable Intr. Nail, 9*360mm, S.S",Zimede,Հատ,Без НДС,հատ,9021
00-00000534,"Zimede, Femoral Proximal Lockable Intr. Nail, 9*380mm, S.S","Zimede, Femoral Proximal Lockable Intr. Nail, 9*380mm, S.S",50202.9*380,"Zimede, Femoral Proximal Lockable Intr. Nail, 9*380mm, S.S",Zimede,Հատ,Без НДС,հատ,9021
00-00000533,"Zimede, Femoral Proximal Lockable Intr. Nail, 9*400mm, S.S","Zimede, Femoral Proximal Lockable Intr. Nail, 9*400mm, S.S",50202.9*400,"Zimede, Femoral Proximal Lockable Intr. Nail, 9*400mm, S.S",Zimede,Հատ,Без НДС,հատ,9021
00-00000532,"Zimede, Femoral Proximal Lockable Intr. Nail, 9*420mm, S.S","Zimede, Femoral Proximal Lockable Intr. Nail, 9*420mm, S.S",50202.9*420,"Zimede, Femoral Proximal Lockable Intr. Nail, 9*420mm, S.S",Zimede,Հատ,Без НДС,հատ,9021
00-00000549,"Zimede, Femoral Proximal Lockable Intr. Nail, 10*320mm, S.S","Zimede, Femoral Proximal Lockable Intr. Nail, 10*320mm, S.S",50202.10*320,"Zimede, Femoral Proximal Lockable Intr. Nail, 10*320mm, S.S",Zimede,Հատ,Без НДС,հատ,9021
00-00000548,"Zimede, Femoral Proximal Lockable Intr. Nail, 10*340mm, S.S","Zimede, Femoral Proximal Lockable Intr. Nail, 10*340mm, S.S",50202.10*340,"Zimede, Femoral Proximal Lockable Intr. Nail, 10*340mm, S.S",Zimede,Հատ,Без НДС,հատ,9021
00-00000547,"Zimede, Femoral Proximal Lockable Intr. Nail, 10*360mm, S.S","Zimede, Femoral Proximal Lockable Intr. Nail, 10*360mm, S.S",50202.10*360,"Zimede, Femoral Proximal Lockable Intr. Nail, 10*360mm, S.S",Zimede,Հատ,Без НДС,հատ,9021
00-00000546,"Zimede, Femoral Proximal Lockable Intr. Nail, 10*380mm, S.S","Zimede, Femoral Proximal Lockable Intr. Nail, 10*380mm, S.S",50202.10*380,"Zimede, Femoral Proximal Lockable Intr. Nail, 10*380mm, S.S",Zimede,Հատ,Без НДС,հատ,9021
00-00000545,"Zimede, Femoral Proximal Lockable Intr. Nail, 10*400mm, S.S","Zimede, Femoral Proximal Lockable Intr. Nail, 10*400mm, S.S",50202.10*400,"Zimede, Femoral Proximal Lockable Intr. Nail, 10*400mm, S.S",Zimede,Հատ,Без НДС,հատ,9021
00-00000544,"Zimede, Femoral Proximal Lockable Intr. Nail, 10*420mm, S.S","Zimede, Femoral Proximal Lockable Intr. Nail, 10*420mm, S.S",50202.10*420,"Zimede, Femoral Proximal Lockable Intr. Nail, 10*420mm, S.S",Zimede,Հատ,Без НДС,հատ,9021
00-00000543,"Zimede, Femoral Proximal Lockable Intr. Nail, 11*320mm, S.S","Zimede, Femoral Proximal Lockable Intr. Nail, 11*320mm, S.S",50202.11*320,"Zimede, Femoral Proximal Lockable Intr. Nail, 11*320mm, S.S",Zimede,Հատ,Без НДС,հատ,9021
00-00000542,"Zimede, Femoral Proximal Lockable Intr. Nail, 11*340mm, S.S","Zimede, Femoral Proximal Lockable Intr. Nail, 11*340mm, S.S",50202.11*340,"Zimede, Femoral Proximal Lockable Intr. Nail, 11*340mm, S.S",Zimede,Հատ,Без НДС,հատ,9021
00-00000541,"Zimede, Femoral Proximal Lockable Intr. Nail, 11*360mm, S.S","Zimede, Femoral Proximal Lockable Intr. Nail, 11*360mm, S.S",50202.11*360,"Zimede, Femoral Proximal Lockable Intr. Nail, 11*360mm, S.S",Zimede,Հատ,Без НДС,հատ,9021
00-00000540,"Zimede, Femoral Proximal Lockable Intr. Nail, 11*380mm, S.S","Zimede, Femoral Proximal Lockable Intr. Nail, 11*380mm, S.S",50202.11*380,"Zimede, Femoral Proximal Lockable Intr. Nail, 11*380mm, S.S",Zimede,Հատ,Без НДС,հատ,9021
00-00000539,"Zimede, Femoral Proximal Lockable Intr. Nail, 11*400mm, S.S","Zimede, Femoral Proximal Lockable Intr. Nail, 11*400mm, S.S",50202.11*400,"Zimede, Femoral Proximal Lockable Intr. Nail, 11*400mm, S.S",Zimede,Հատ,Без НДС,հատ,9021
00-00000538,"Zimede, Femoral Proximal Lockable Intr. Nail, 11*420mm, S.S","Zimede, Femoral Proximal Lockable Intr. Nail, 11*420mm, S.S",50202.11*420,"Zimede, Femoral Proximal Lockable Intr. Nail, 11*420mm, S.S",Zimede,Հատ,Без НДС,հատ,9021
00-00000552,"Zimede, Femoral distal intramedullary nail, 9*260mm, S.S","Zimede, Femoral distal intramedullary nail, 9*260mm, S.S",50203.9*260,"Zimede, Femoral distal intramedullary nail, 9*260mm, S.S",Zimede,Հատ,Без НДС,հատ,9021
00-00000551,"Zimede, Femoral distal intramedullary nail, 9*280mm, S.S","Zimede, Femoral distal intramedullary nail, 9*280mm, S.S",50203.9*280,"Zimede, Femoral distal intramedullary nail, 9*280mm, S.S",Zimede,Հատ,Без НДС,հատ,9021
00-00000550,"Zimede, Femoral distal intramedullary nail, 9*300mm, S.S","Zimede, Femoral distal intramedullary nail, 9*300mm, S.S",50203.9*300,"Zimede, Femoral distal intramedullary nail, 9*300mm, S.S",Zimede,Հատ,Без НДС,հատ,9021
00-00000555,"Zimede, Femoral distal intramedullary nail, 10*260mm, S.S","Zimede, Femoral distal intramedullary nail, 10*260mm, S.S",50203.10*260,"Zimede, Femoral distal intramedullary nail, 10*260mm, S.S",Zimede,Հատ,Без НДС,հատ,9021
00-00000554,"Zimede, Femoral distal intramedullary nail, 10*280mm, S.S","Zimede, Femoral distal intramedullary nail, 10*280mm, S.S",50203.10*280,"Zimede, Femoral distal intramedullary nail, 10*280mm, S.S",Zimede,Հատ,Без НДС,հատ,9021
00-00000553,"Zimede, Femoral distal intramedullary nail, 10*300mm, S.S","Zimede, Femoral distal intramedullary nail, 10*300mm, S.S",50203.10*300,"Zimede, Femoral distal intramedullary nail, 10*300mm, S.S",Zimede,Հատ,Без НДС,հատ,9021
00-00000242,"Zimede, Tibial Intramedullary Nail, 8*260mm, T","Zimede, Tibial Intramedullary Nail, 8*260mm, T",50201.8*260,"Zimede, Tibial Intramedullary Nail, 8*260mm, T",Zimede,Հատ,Без НДС,հատ,9021
00-00000241,"Zimede, Tibial Intramedullary Nail, 8*280mm, T","Zimede, Tibial Intramedullary Nail, 8*280mm, T",50201.8*280,"Zimede, Tibial Intramedullary Nail, 8*280mm, T",Zimede,Հատ,Без НДС,հատ,9021
00-00000240,"Zimede, Tibial Intramedullary Nail, 8*300mm, T","Zimede, Tibial Intramedullary Nail, 8*300mm, T",50201.8*300,"Zimede, Tibial Intramedullary Nail, 8*300mm, T",Zimede,Հատ,Без НДС,հատ,9021
00-00000239,"Zimede, Tibial Intramedullary Nail, 8*320mm, T","Zimede, Tibial Intramedullary Nail, 8*320mm, T",50201.8*320,"Zimede, Tibial Intramedullary Nail, 8*320mm, T",Zimede,Հատ,Без НДС,հատ,9021
00-00000238,"Zimede, Tibial Intramedullary Nail, 8*340mm, T","Zimede, Tibial Intramedullary Nail, 8*340mm, T",50201.8*340,"Zimede, Tibial Intramedullary Nail, 8*340mm, T",Zimede,Հատ,Без НДС,հատ,9021
00-00000237,"Zimede, Tibial Intramedullary Nail, 8*360mm, T","Zimede, Tibial Intramedullary Nail, 8*360mm, T",50201.8*360,"Zimede, Tibial Intramedullary Nail, 8*360mm, T",Zimede,Հատ,Без НДС,հատ,9021
00-00000236,"Zimede, Tibial Intramedullary Nail, 9*240mm, T","Zimede, Tibial Intramedullary Nail, 9*240mm, T",50201.9*240,"Zimede, Tibial Intramedullary Nail, 9*240mm, T",Zimede,Հատ,Без НДС,հատ,9021
00-00000235,"Zimede, Tibial Intramedullary Nail, 9*260mm, T","Zimede, Tibial Intramedullary Nail, 9*260mm, T",50201.9*260,"Zimede, Tibial Intramedullary Nail, 9*260mm, T",Zimede,Հատ,Без НДС,հատ,9021
00-00000234,"Zimede, Tibial Intramedullary Nail, 9*280mm, T","Zimede, Tibial Intramedullary Nail, 9*280mm, T",50201.9*280,"Zimede, Tibial Intramedullary Nail, 9*280mm, T",Zimede,Հատ,Без НДС,հատ,9021
00-00000233,"Zimede, Tibial Intramedullary Nail, 9*300mm, T","Zimede, Tibial Intramedullary Nail, 9*300mm, T",50201.9*300,"Zimede, Tibial Intramedullary Nail, 9*300mm, T",Zimede,Հատ,Без НДС,հատ,9021
00-00000232,"Zimede, Tibial Intramedullary Nail, 9*320mm, T","Zimede, Tibial Intramedullary Nail, 9*320mm, T",50201.9*320,"Zimede, Tibial Intramedullary Nail, 9*320mm, T",Zimede,Հատ,Без НДС,հատ,9021
00-00000224,"Zimede, Tibial Intramedullary Nail, 9*340mm, T","Zimede, Tibial Intramedullary Nail, 9*340mm, T",50201.9*340,"Zimede, Tibial Intramedullary Nail, 9*340mm, T",Zimede,Հատ,Без НДС,հատ,9021
00-00000231,"Zimede, Tibial Intramedullary Nail, 9*360mm, T","Zimede, Tibial Intramedullary Nail, 9*360mm, T",50201.9*360,"Zimede, Tibial Intramedullary Nail, 9*360mm, T",Zimede,Հատ,Без НДС,հատ,9021
00-00000249,"Zimede, Tibial Intramedullary Nail, 10*240mm, T","Zimede, Tibial Intramedullary Nail, 10*240mm, T",50201.10*240,"Zimede, Tibial Intramedullary Nail, 10*240mm, T",Zimede,Հատ,Без НДС,հատ,9021
00-00000248,"Zimede, Tibial Intramedullary Nail, 10*260mm, T","Zimede, Tibial Intramedullary Nail, 10*260mm, T",50201.10*260,"Zimede, Tibial Intramedullary Nail, 10*260mm, T",Zimede,Հատ,Без НДС,հատ,9021
00-00000247,"Zimede, Tibial Intramedullary Nail, 10*280mm, T","Zimede, Tibial Intramedullary Nail, 10*280mm, T",50201.10*280,"Zimede, Tibial Intramedullary Nail, 10*280mm, T",Zimede,Հատ,Без НДС,հատ,9021
00-00000246,"Zimede, Tibial Intramedullary Nail, 10*300mm, T","Zimede, Tibial Intramedullary Nail, 10*300mm, T",50201.10*300,"Zimede, Tibial Intramedullary Nail, 10*300mm, T",Zimede,Հատ,Без НДС,հատ,9021
00-00000245,"Zimede, Tibial Intramedullary Nail, 10*320mm, T","Zimede, Tibial Intramedullary Nail, 10*320mm, T",50201.10*320,"Zimede, Tibial Intramedullary Nail, 10*320mm, T",Zimede,Հատ,Без НДС,հատ,9021
00-00000244,"Zimede, Tibial Intramedullary Nail, 10*340mm, T","Zimede, Tibial Intramedullary Nail, 10*340mm, T",50201.10*340,"Zimede, Tibial Intramedullary Nail, 10*340mm, T",Zimede,Հատ,Без НДС,հատ,9021
00-00000243,"Zimede, Tibial Intramedullary Nail, 10*360mm, T","Zimede, Tibial Intramedullary Nail, 10*360mm, T",50201.10*360,"Zimede, Tibial Intramedullary Nail, 10*360mm, T",Zimede,Հատ,Без НДС,հատ,9021
00-00000494,"Zimede, Humeral Self-Lockable Intr. Nail, 7x180mm, S.S","Zimede, Humeral Self-Lockable Intr. Nail, 7x180mm, S.S",50206.7x180,"Zimede, Humeral Self-Lockable Intr. Nail, 7x180mm, S.S",Zimede,Հատ,Без НДС,հատ,9021
00-00000493,"Zimede, Humeral Self-Lockable Intr. Nail, 7x200mm, S.S","Zimede, Humeral Self-Lockable Intr. Nail, 7x200mm, S.S",50206.7x200,"Zimede, Humeral Self-Lockable Intr. Nail, 7x200mm, S.S",Zimede,Հատ,Без НДС,հատ,9021
00-00000492,"Zimede, Humeral Self-Lockable Intr. Nail, 7x220mm, S.S","Zimede, Humeral Self-Lockable Intr. Nail, 7x220mm, S.S",50206.7x220,"Zimede, Humeral Self-Lockable Intr. Nail, 7x220mm, S.S",Zimede,Հատ,Без НДС,հատ,9021
00-00000491,"Zimede, Humeral Self-Lockable Intr. Nail, 7x240mm, S.S","Zimede, Humeral Self-Lockable Intr. Nail, 7x240mm, S.S",50206.7x240,"Zimede, Humeral Self-Lockable Intr. Nail, 7x240mm, S.S",Zimede,Հատ,Без НДС,հատ,9021
00-00000490,"Zimede, Humeral Self-Lockable Intr. Nail, 7x260mm, S.S","Zimede, Humeral Self-Lockable Intr. Nail, 7x260mm, S.S",50206.7x260,"Zimede, Humeral Self-Lockable Intr. Nail, 7x260mm, S.S",Zimede,Հատ,Без НДС,հատ,9021
00-00000489,"Zimede, Humeral Self-Lockable Intr. Nail, 7x280mm, S.S","Zimede, Humeral Self-Lockable Intr. Nail, 7x280mm, S.S",50206.7x280,"Zimede, Humeral Self-Lockable Intr. Nail, 7x280mm, S.S",Zimede,Հատ,Без НДС,հատ,9021
00-00000500,"Zimede, Humeral Self-Lockable Intr. Nail, 7.5x180mm, S.S","Zimede, Humeral Self-Lockable Intr. Nail, 7.5x180mm, S.S",50206.7.5x180,"Zimede, Humeral Self-Lockable Intr. Nail, 7.5x180mm, S.S",Zimede,Հատ,Без НДС,հատ,9021
00-00000499,"Zimede, Humeral Self-Lockable Intr. Nail, 7.5x200mm, S.S","Zimede, Humeral Self-Lockable Intr. Nail, 7.5x200mm, S.S",50206.7.5x200,"Zimede, Humeral Self-Lockable Intr. Nail, 7.5x200mm, S.S",Zimede,Հատ,Без НДС,հատ,9021
00-00000498,"Zimede, Humeral Self-Lockable Intr. Nail, 7.5x220mm, S.S","Zimede, Humeral Self-Lockable Intr. Nail, 7.5x220mm, S.S",50206.7.5x220,"Zimede, Humeral Self-Lockable Intr. Nail, 7.5x220mm, S.S",Zimede,Հատ,Без НДС,հատ,9021
00-00000497,"Zimede, Humeral Self-Lockable Intr. Nail, 7.5x240mm, S.S","Zimede, Humeral Self-Lockable Intr. Nail, 7.5x240mm, S.S",50206.7.5x240,"Zimede, Humeral Self-Lockable Intr. Nail, 7.5x240mm, S.S",Zimede,Հատ,Без НДС,հատ,9021
00-00000496,"Zimede, Humeral Self-Lockable Intr. Nail, 7.5x260mm, S.S","Zimede, Humeral Self-Lockable Intr. Nail, 7.5x260mm, S.S",50206.7.5x260,"Zimede, Humeral Self-Lockable Intr. Nail, 7.5x260mm, S.S",Zimede,Հատ,Без НДС,հատ,9021
00-00000495,"Zimede, Humeral Self-Lockable Intr. Nail, 7.5x280mm, S.S","Zimede, Humeral Self-Lockable Intr. Nail, 7.5x280mm, S.S",50206.7.5x280,"Zimede, Humeral Self-Lockable Intr. Nail, 7.5x280mm, S.S",Zimede,Հատ,Без НДС,հատ,9021
00-00000488,"Zimede, Humeral Self-Lockable Intr. Nail, 8x180mm, S.S","Zimede, Humeral Self-Lockable Intr. Nail, 8x180mm, S.S",50206.8x180,"Zimede, Humeral Self-Lockable Intr. Nail, 8x180mm, S.S",Zimede,Հատ,Без НДС,հատ,9021
00-00000487,"Zimede, Humeral Self-Lockable Intr. Nail, 8x200mm, S.S","Zimede, Humeral Self-Lockable Intr. Nail, 8x200mm, S.S",50206.8x200,"Zimede, Humeral Self-Lockable Intr. Nail, 8x200mm, S.S",Zimede,Հատ,Без НДС,հատ,9021
00-00000486,"Zimede, Humeral Self-Lockable Intr. Nail, 8x220mm, S.S","Zimede, Humeral Self-Lockable Intr. Nail, 8x220mm, S.S",50206.8x220,"Zimede, Humeral Self-Lockable Intr. Nail, 8x220mm, S.S",Zimede,Հատ,Без НДС,հատ,9021
00-00000485,"Zimede, Humeral Self-Lockable Intr. Nail, 8x240mm, S.S","Zimede, Humeral Self-Lockable Intr. Nail, 8x240mm, S.S",50206.8x240,"Zimede, Humeral Self-Lockable Intr. Nail, 8x240mm, S.S",Zimede,Հատ,Без НДС,հատ,9021
00-00000484,"Zimede, Humeral Self-Lockable Intr. Nail, 8x260mm, S.S","Zimede, Humeral Self-Lockable Intr. Nail, 8x260mm, S.S",50206.8x260,"Zimede, Humeral Self-Lockable Intr. Nail, 8x260mm, S.S",Zimede,Հատ,Без НДС,հատ,9021
00-00000483,"Zimede, Humeral Self-Lockable Intr. Nail, 8x280mm, S.S","Zimede, Humeral Self-Lockable Intr. Nail, 8x280mm, S.S",50206.8x280,"Zimede, Humeral Self-Lockable Intr. Nail, 8x280mm, S.S",Zimede,Հատ,Без НДС,հատ,9021
00-00000815,"BOMBAY, 13 mm for large Screw S.S., Տափողակ - Շայբա, S.S.","BOMBAY, 13 mm for large Screw S.S., Տափողակ - Շայբա, S.S.",BOI.216.13.13S,"BOMBAY, 13 mm for large Screw S.S., Տափողակ - Շայբա, S.S.",BOMBAY,Հատ,Без НДС,հատ,9021
00-00000814,"BOMBAY, 13 mm for large Screw Ti, Տափողակ - Շայբա, S.S.","BOMBAY, 13 mm for large Screw Ti, Տափողակ - Շայբա, S.S.",BOI.216.13.13T,"BOMBAY, 13 mm for large Screw Ti, Տափողակ - Շայբա, S.S.",BOMBAY,Հատ,Без НДС,հատ,9021
00-00000807,"BOMBAY, 7 mm for Small Screw S.S., Տափողակ - Շայբա, S.S.","BOMBAY, 7 mm for Small Screw S.S., Տափողակ - Շայբա, S.S.",BOI.216.07.7S,"BOMBAY, 7 mm for Small Screw S.S., Տափողակ - Շայբա, S.S.",BOMBAY,Հատ,Без НДС,հատ,9021
00-00000806,"BOMBAY, 7 mm for Small Screw Ti, Տափողակ - Շայբա, S.S.","BOMBAY, 7 mm for Small Screw Ti, Տափողակ - Շայբա, S.S.",BOI.216.07.7T,"BOMBAY, 7 mm for Small Screw Ti, Տափողակ - Շայբա, S.S.",BOMBAY,Հատ,Без НДС,հատ,9021
00-00000719,"BOMBAY, K-WIRE DOUBLE TROCAR 1,0x300mm, , S.S.","BOMBAY, K-WIRE DOUBLE TROCAR 1,0x300mm, , S.S.",BOI.161.1.0.300.S,"BOMBAY, K-WIRE DOUBLE TROCAR 1,0x300mm, , S.S.",BOMBAY,Հատ,Без НДС,հատ,9021
00-00000718,"BOMBAY, K-WIRE DOUBLE TROCAR 1,2x300mm, , S.S.","BOMBAY, K-WIRE DOUBLE TROCAR 1,2x300mm, , S.S.",BOI.161.1.2.300.S,"BOMBAY, K-WIRE DOUBLE TROCAR 1,2x300mm, , S.S.",BOMBAY,Հատ,Без НДС,հատ,9021
00-00000717,"BOMBAY, K-WIRE DOUBLE TROCAR 1,8x300mm, , S.S.","BOMBAY, K-WIRE DOUBLE TROCAR 1,8x300mm, , S.S.",BOI.161.1.8.300.S,"BOMBAY, K-WIRE DOUBLE TROCAR 1,8x300mm, , S.S.",BOMBAY,Հատ,Без НДС,հատ,9021
00-00000716,"BOMBAY, K-WIRE DOUBLE TROCAR 3,0x300mm, , S.S.","BOMBAY, K-WIRE DOUBLE TROCAR 3,0x300mm, , S.S.",BOI.161.3.0.300.S,"BOMBAY, K-WIRE DOUBLE TROCAR 3,0x300mm, , S.S.",BOMBAY,Հատ,Без НДС,հատ,9021
00-00000813,"BOMBAY, 16G  / 1,65mm * 3metr, Սերկլյաժ, S.S.","BOMBAY, 16G  / 1,65mm * 3metr, Սերկլյաժ, S.S.",BOI.237.16.16G,"BOMBAY, 16G  / 1,65mm * 3metr, Սերկլյաժ, S.S.",BOMBAY,Հատ,Без НДС,հատ,9021
00-00000812,"BOMBAY, 18G  / 1,25mm * 3metr, Սերկլյաժ, S.S.","BOMBAY, 18G  / 1,25mm * 3metr, Սերկլյաժ, S.S.",BOI.237.18.18G,"BOMBAY, 18G  / 1,25mm * 3metr, Սերկլյաժ, S.S.",BOMBAY,Հատ,Без НДС,հատ,9021
00-00000811,"BOMBAY, 20G / 0,9mm * 3metr, Սերկլյաժ, S.S.","BOMBAY, 20G / 0,9mm * 3metr, Սերկլյաժ, S.S.",BOI.237.20.20G,"BOMBAY, 20G / 0,9mm * 3metr, Սերկլյաժ, S.S.",BOMBAY,Հատ,Без НДС,հատ,9021
00-00000810,"BOMBAY, 22G  / 0,7mm * 3metr, Սերկլյաժ, S.S.","BOMBAY, 22G  / 0,7mm * 3metr, Սերկլյաժ, S.S.",BOI.237.22.22G,"BOMBAY, 22G  / 0,7mm * 3metr, Սերկլյաժ, S.S.",BOMBAY,Հատ,Без НДС,հատ,9021
00-00000809,"BOMBAY, 24G  / 0,5mm * 3metr, Սերկլյաժ, S.S.","BOMBAY, 24G  / 0,5mm * 3metr, Սերկլյաժ, S.S.",BOI.237.24.24G,"BOMBAY, 24G  / 0,5mm * 3metr, Սերկլյաժ, S.S.",BOMBAY,Հատ,Без НДС,հատ,9021
00-00000808,"BOMBAY, 26G  / 0,45mm * 3metr, Սերկլյաժ, S.S.","BOMBAY, 26G  / 0,45mm * 3metr, Սերկլյաժ, S.S.",BOI.237.26.26G,"BOMBAY, 26G  / 0,45mm * 3metr, Սերկլյաժ, S.S.",BOMBAY,Հատ,Без НДС,հատ,9021
00-00000698,"BOMBAY, Small Dinamic Compression plate (DCP), Stainless Steel, , 5h, S.S.","BOMBAY, Small Dinamic Compression plate (DCP), Stainless Steel, , 5h, S.S.",BOI.125.5,"BOMBAY, Small Dinamic Compression plate (DCP), Stainless Steel, , 5h, S.S.",Plates,Հատ,Без НДС,հատ,9021
00-00000697,"BOMBAY, Small Dinamic Compression plate (DCP), Stainless Steel, , 7h, S.S.","BOMBAY, Small Dinamic Compression plate (DCP), Stainless Steel, , 7h, S.S.",BOI.125.7,"BOMBAY, Small Dinamic Compression plate (DCP), Stainless Steel, , 7h, S.S.",Plates,Հատ,Без НДС,հատ,9021
00-00000696,"BOMBAY, Small Dinamic Compression plate (DCP), Stainless Steel, , 9h, S.S.","BOMBAY, Small Dinamic Compression plate (DCP), Stainless Steel, , 9h, S.S.",BOI.125.9,"BOMBAY, Small Dinamic Compression plate (DCP), Stainless Steel, , 9h, S.S.",Plates,Հատ,Без НДС,հատ,9021
00-00000702,"BOMBAY, Small Dinamic Compression plate (DCP), Stainless Steel, , 10h, S.S.","BOMBAY, Small Dinamic Compression plate (DCP), Stainless Steel, , 10h, S.S.",BOI.125.10,"BOMBAY, Small Dinamic Compression plate (DCP), Stainless Steel, , 10h, S.S.",Plates,Հատ,Без НДС,հատ,9021
00-00000701,"BOMBAY, Small Dinamic Compression plate (DCP), Stainless Steel, , 11h, S.S.","BOMBAY, Small Dinamic Compression plate (DCP), Stainless Steel, , 11h, S.S.",BOI.125.11,"BOMBAY, Small Dinamic Compression plate (DCP), Stainless Steel, , 11h, S.S.",Plates,Հատ,Без НДС,հատ,9021
00-00000700,"BOMBAY, Small Dinamic Compression plate (DCP), Stainless Steel, , 15h, S.S.","BOMBAY, Small Dinamic Compression plate (DCP), Stainless Steel, , 15h, S.S.",BOI.125.15,"BOMBAY, Small Dinamic Compression plate (DCP), Stainless Steel, , 15h, S.S.",Plates,Հատ,Без НДС,հատ,9021
00-00000699,"BOMBAY, Small Dinamic Compression plate (DCP), Stainless Steel, , 16h, S.S.","BOMBAY, Small Dinamic Compression plate (DCP), Stainless Steel, , 16h, S.S.",BOI.125.16,"BOMBAY, Small Dinamic Compression plate (DCP), Stainless Steel, , 16h, S.S.",Plates,Հատ,Без НДС,հատ,9021
00-00000803,"BOMBAY, Curved Pelvic Reco plate 3.5mm, Stainless steel, 6 holes, S.S","BOMBAY, Curved Pelvic Reco plate 3.5mm, Stainless steel, 6 holes, S.S",BOI.205.6,"BOMBAY, Curved Pelvic Reco plate 3.5mm, Stainless steel, 6 holes, S.S",Plates,Հատ,Без НДС,հատ,9021
00-00000802,"BOMBAY, Curved Pelvic Reco plate 3.5mm, Stainless steel, 8 holes, S.S","BOMBAY, Curved Pelvic Reco plate 3.5mm, Stainless steel, 8 holes, S.S",BOI.205.8,"BOMBAY, Curved Pelvic Reco plate 3.5mm, Stainless steel, 8 holes, S.S",Plates,Հատ,Без НДС,հատ,9021
00-00000805,"BOMBAY, Curved Pelvic Reco plate 3.5mm, Stainless steel, 10 holes, S.S","BOMBAY, Curved Pelvic Reco plate 3.5mm, Stainless steel, 10 holes, S.S",BOI.205.10,"BOMBAY, Curved Pelvic Reco plate 3.5mm, Stainless steel, 10 holes, S.S",Plates,Հատ,Без НДС,հատ,9021
00-00000804,"BOMBAY, Curved Pelvic Reco plate 3.5mm, Stainless steel, 12 holes, S.S","BOMBAY, Curved Pelvic Reco plate 3.5mm, Stainless steel, 12 holes, S.S",BOI.205.12,"BOMBAY, Curved Pelvic Reco plate 3.5mm, Stainless steel, 12 holes, S.S",Plates,Հատ,Без НДС,հատ,9021
00-00000710,"BOMBAY, Pelvic Symphyseal plate DC 4 holes, S.S","BOMBAY, Pelvic Symphyseal plate DC 4 holes, S.S",BOI.203.04.S,"BOMBAY, Pelvic Symphyseal plate DC 4 holes, S.S",Plates,Հատ,Без НДС,հատ,9021
00-00000709,"BOMBAY, Pelvic Symphyseal plate DC 6 holes, S.S","BOMBAY, Pelvic Symphyseal plate DC 6 holes, S.S",BOI.203.06.S,"BOMBAY, Pelvic Symphyseal plate DC 6 holes, S.S",Plates,Հատ,Без НДС,հատ,9021
00-00000695,"BOMBAY, Straight Pelvic Reconstruction plate 3.5mm 12 hole, S.S","BOMBAY, Straight Pelvic Reconstruction plate 3.5mm 12 hole, S.S",BOI.206.12.S,"BOMBAY, Straight Pelvic Reconstruction plate 3.5mm 12 hole, S.S",Plates,Հատ,Без НДС,հատ,9021
00-00000694,"BOMBAY, Straight Pelvic Reconstruction plate 3.5mm 14 hole, S.S","BOMBAY, Straight Pelvic Reconstruction plate 3.5mm 14 hole, S.S",BOI.206.14.S,"BOMBAY, Straight Pelvic Reconstruction plate 3.5mm 14 hole, S.S",Plates,Հատ,Без НДС,հատ,9021
00-00000692,"BOMBAY, Straight Pelvic Reconstruction plate 3.5mm 16 hole, S.S","BOMBAY, Straight Pelvic Reconstruction plate 3.5mm 16 hole, S.S",BOI.206.16.S,"BOMBAY, Straight Pelvic Reconstruction plate 3.5mm 16 hole, S.S",Plates,Հատ,Без НДС,հատ,9021
00-00000693,"BOMBAY, Straight Pelvic Reconstruction plate 3.5mm 18 hole, S.S","BOMBAY, Straight Pelvic Reconstruction plate 3.5mm 18 hole, S.S",BOI.206.18.S,"BOMBAY, Straight Pelvic Reconstruction plate 3.5mm 18 hole, S.S",Plates,Հատ,Без НДС,հատ,9021
00-00000711,"BOMBAY, LC DCP Plate Narrow for 4.5mm scr, 9հ, S.S.","BOMBAY, LC DCP Plate Narrow for 4.5mm scr, 9հ, S.S.",BOI.134.9,"BOMBAY, LC DCP Plate Narrow for 4.5mm scr, 9հ, S.S.",Plates,Հատ,Без НДС,հատ,9021
00-00000715,"BOMBAY, LC DCP Plate Narrow for 4.5mm scr, 11հ, S.S.","BOMBAY, LC DCP Plate Narrow for 4.5mm scr, 11հ, S.S.",BOI.134.11,"BOMBAY, LC DCP Plate Narrow for 4.5mm scr, 11հ, S.S.",Plates,Հատ,Без НДС,հատ,9021
00-00000714,"BOMBAY, LC DCP Plate Narrow for 4.5mm scr, 12հ, S.S.","BOMBAY, LC DCP Plate Narrow for 4.5mm scr, 12հ, S.S.",BOI.134.12,"BOMBAY, LC DCP Plate Narrow for 4.5mm scr, 12հ, S.S.",Plates,Հատ,Без НДС,հատ,9021
00-00000713,"BOMBAY, LC DCP Plate Narrow for 4.5mm scr, 13հ, S.S.","BOMBAY, LC DCP Plate Narrow for 4.5mm scr, 13հ, S.S.",BOI.134.13,"BOMBAY, LC DCP Plate Narrow for 4.5mm scr, 13հ, S.S.",Plates,Հատ,Без НДС,հատ,9021
00-00000712,"BOMBAY, LC DCP Plate Narrow for 4.5mm scr, 14հ, S.S.","BOMBAY, LC DCP Plate Narrow for 4.5mm scr, 14հ, S.S.",BOI.134.14,"BOMBAY, LC DCP Plate Narrow for 4.5mm scr, 14հ, S.S.",Plates,Հատ,Без НДС,հատ,9021
00-00000777,"BOMBAY, DHS plate 130degree, 4 hole, S.S., ","BOMBAY, DHS plate 130degree, 4 hole, S.S., ",BOI.139.130.04.S,"BOMBAY, DHS plate 130degree, 4 hole, S.S., ",Plates,Հատ,Без НДС,հատ,9021
00-00000776,"BOMBAY, DHS plate 130degree, 5 hole, S.S., ","BOMBAY, DHS plate 130degree, 5 hole, S.S., ",BOI.139.130.05.S,"BOMBAY, DHS plate 130degree, 5 hole, S.S., ",Plates,Հատ,Без НДС,հատ,9021
00-00000775,"BOMBAY, DHS plate 130degree, 6 hole, S.S., ","BOMBAY, DHS plate 130degree, 6 hole, S.S., ",BOI.139.130.06.S,"BOMBAY, DHS plate 130degree, 6 hole, S.S., ",Plates,Հատ,Без НДС,հատ,9021
00-00000774,"BOMBAY, DHS plate 130degree, 7 hole, S.S., ","BOMBAY, DHS plate 130degree, 7 hole, S.S., ",BOI.139.130.07.S,"BOMBAY, DHS plate 130degree, 7 hole, S.S., ",Plates,Հատ,Без НДС,հատ,9021
00-00000773,"BOMBAY, DHS plate 130degree, 8 hole, S.S., ","BOMBAY, DHS plate 130degree, 8 hole, S.S., ",BOI.139.130.08.S,"BOMBAY, DHS plate 130degree, 8 hole, S.S., ",Plates,Հատ,Без НДС,հատ,9021
00-00000772,"BOMBAY, DHS plate 130degree, 9 hole, S.S., ","BOMBAY, DHS plate 130degree, 9 hole, S.S., ",BOI.139.130.09.S,"BOMBAY, DHS plate 130degree, 9 hole, S.S., ",Plates,Հատ,Без НДС,հատ,9021
00-00000781,"BOMBAY, DHS plate 130degree, 10 hole, S.S., ","BOMBAY, DHS plate 130degree, 10 hole, S.S., ",BOI.139.130.10.S,"BOMBAY, DHS plate 130degree, 10 hole, S.S., ",Plates,Հատ,Без НДС,հատ,9021
00-00000780,"BOMBAY, DHS plate 130degree, 11 hole, S.S., ","BOMBAY, DHS plate 130degree, 11 hole, S.S., ",BOI.139.130.11.S,"BOMBAY, DHS plate 130degree, 11 hole, S.S., ",Plates,Հատ,Без НДС,հատ,9021
00-00000779,"BOMBAY, DHS plate 130degree, 12 hole, S.S., ","BOMBAY, DHS plate 130degree, 12 hole, S.S., ",BOI.139.130.12.S,"BOMBAY, DHS plate 130degree, 12 hole, S.S., ",Plates,Հատ,Без НДС,հատ,9021
00-00000778,"BOMBAY, DHS plate 130degree, 14 hole, S.S., ","BOMBAY, DHS plate 130degree, 14 hole, S.S., ",BOI.139.130.14.S,"BOMBAY, DHS plate 130degree, 14 hole, S.S., ",Plates,Հատ,Без НДС,հատ,9021
00-00000797,"BOMBAY, DCS plate 95degree, 5 hole, S.S","BOMBAY, DCS plate 95degree, 5 hole, S.S",BOI.141.05.S,"BOMBAY, DCS plate 95degree, 5 hole, S.S",Plates,Հատ,Без НДС,հատ,9021
00-00000796,"BOMBAY, DCS plate 95degree, 6 hole, S.S","BOMBAY, DCS plate 95degree, 6 hole, S.S",BOI.141.06.S,"BOMBAY, DCS plate 95degree, 6 hole, S.S",Plates,Հատ,Без НДС,հատ,9021
00-00000795,"BOMBAY, DCS plate 95degree, 7 hole, S.S","BOMBAY, DCS plate 95degree, 7 hole, S.S",BOI.141.07.S,"BOMBAY, DCS plate 95degree, 7 hole, S.S",Plates,Հատ,Без НДС,հատ,9021
00-00000794,"BOMBAY, DCS plate 95degree, 8 hole, S.S","BOMBAY, DCS plate 95degree, 8 hole, S.S",BOI.141.08.S,"BOMBAY, DCS plate 95degree, 8 hole, S.S",Plates,Հատ,Без НДС,հատ,9021
00-00000793,"BOMBAY, DCS plate 95degree, 9 hole, S.S","BOMBAY, DCS plate 95degree, 9 hole, S.S",BOI.141.09.S,"BOMBAY, DCS plate 95degree, 9 hole, S.S",Plates,Հատ,Без НДС,հատ,9021
00-00000801,"BOMBAY, DCS plate 95degree, 10 hole, S.S","BOMBAY, DCS plate 95degree, 10 hole, S.S",BOI.141.10.S,"BOMBAY, DCS plate 95degree, 10 hole, S.S",Plates,Հատ,Без НДС,հատ,9021
00-00000800,"BOMBAY, DCS plate 95degree, 11 hole, S.S","BOMBAY, DCS plate 95degree, 11 hole, S.S",BOI.141.11.S,"BOMBAY, DCS plate 95degree, 11 hole, S.S",Plates,Հատ,Без НДС,հատ,9021
00-00000799,"BOMBAY, DCS plate 95degree, 12 hole, S.S","BOMBAY, DCS plate 95degree, 12 hole, S.S",BOI.141.12.S,"BOMBAY, DCS plate 95degree, 12 hole, S.S",Plates,Հատ,Без НДС,հատ,9021
00-00000798,"BOMBAY, DCS plate 95degree, 14 hole, S.S","BOMBAY, DCS plate 95degree, 14 hole, S.S",BOI.141.14.S,"BOMBAY, DCS plate 95degree, 14 hole, S.S",Plates,Հատ,Без НДС,հատ,9021
00-00000789,"BOMBAY, DHS Lag screw Hexagonal 12.5x60mm, S.S","BOMBAY, DHS Lag screw Hexagonal 12.5x60mm, S.S",BOI.118.60.S,"BOMBAY, DHS Lag screw Hexagonal 12.5x60mm, S.S",Plates,Հատ,Без НДС,հատ,9021
00-00000788,"BOMBAY, DHS Lag screw Hexagonal 12.5x65mm, S.S","BOMBAY, DHS Lag screw Hexagonal 12.5x65mm, S.S",BOI.118.65.S,"BOMBAY, DHS Lag screw Hexagonal 12.5x65mm, S.S",Plates,Հատ,Без НДС,հատ,9021
00-00000787,"BOMBAY, DHS Lag screw Hexagonal  12.5x70mm, S.S","BOMBAY, DHS Lag screw Hexagonal  12.5x70mm, S.S",BOI.118.70.S,"BOMBAY, DHS Lag screw Hexagonal  12.5x70mm, S.S",Plates,Հատ,Без НДС,հատ,9021
00-00000786,"BOMBAY, DHS Lag screw Hexagonal 12.5x75mm, S.S","BOMBAY, DHS Lag screw Hexagonal 12.5x75mm, S.S",BOI.118.75.S,"BOMBAY, DHS Lag screw Hexagonal 12.5x75mm, S.S",Plates,Հատ,Без НДС,հատ,9021
00-00000785,"BOMBAY, DHS Lag screw Hexagonal  12.5x80mm, S.S","BOMBAY, DHS Lag screw Hexagonal  12.5x80mm, S.S",BOI.118.80.S,"BOMBAY, DHS Lag screw Hexagonal  12.5x80mm, S.S",Plates,Հատ,Без НДС,հատ,9021
00-00000784,"BOMBAY, DHS Lag screw Hexagonal 12.5x85mm, S.S","BOMBAY, DHS Lag screw Hexagonal 12.5x85mm, S.S",BOI.118.85.S,"BOMBAY, DHS Lag screw Hexagonal 12.5x85mm, S.S",Plates,Հատ,Без НДС,հատ,9021
00-00000783,"BOMBAY, DHS Lag screw Hexagonal 12.5x90mm, S.S","BOMBAY, DHS Lag screw Hexagonal 12.5x90mm, S.S",BOI.118.90.S,"BOMBAY, DHS Lag screw Hexagonal 12.5x90mm, S.S",Plates,Հատ,Без НДС,հատ,9021
00-00000782,"BOMBAY, DHS Lag screw Hexagonal 12.5x95mm, S.S","BOMBAY, DHS Lag screw Hexagonal 12.5x95mm, S.S",BOI.118.95.S,"BOMBAY, DHS Lag screw Hexagonal 12.5x95mm, S.S",Plates,Հատ,Без НДС,հատ,9021
00-00000792,"BOMBAY, DHS Lag screw Hexagonal 12.5x100mm, S.S","BOMBAY, DHS Lag screw Hexagonal 12.5x100mm, S.S",BOI.118.100.S,"BOMBAY, DHS Lag screw Hexagonal 12.5x100mm, S.S",Plates,Հատ,Без НДС,հատ,9021
00-00000791,"BOMBAY, DHS Lag screw Hexagonal 12.5x105mm, S.S","BOMBAY, DHS Lag screw Hexagonal 12.5x105mm, S.S",BOI.118.105.S,"BOMBAY, DHS Lag screw Hexagonal 12.5x105mm, S.S",Plates,Հատ,Без НДС,հատ,9021
00-00000790,"BOMBAY, DHS Lag screw Hexagonal 12.5x110mm, S.S","BOMBAY, DHS Lag screw Hexagonal 12.5x110mm, S.S",BOI.118.110.S,"BOMBAY, DHS Lag screw Hexagonal 12.5x110mm, S.S",Plates,Հատ,Без НДС,հատ,9021
00-00000771,"BOMBAY, GUID WIRE, 1.8mm Dia - 400mm Length, S.S","BOMBAY, GUID WIRE, 1.8mm Dia - 400mm Length, S.S",BOI.712.009.1.8 - 400,"BOMBAY, GUID WIRE, 1.8mm Dia - 400mm Length, S.S",BOMBAY,Հատ,Без НДС,հատ,9021
00-00000770,"BOMBAY, GUID WIRE, 2.0mm Dia - 400mm Length, S.S","BOMBAY, GUID WIRE, 2.0mm Dia - 400mm Length, S.S",BOI.712.010.2.0 - 400,"BOMBAY, GUID WIRE, 2.0mm Dia - 400mm Length, S.S",BOMBAY,Հատ,Без НДС,հատ,9021
00-00000743,"BOMBAY, Interlocking femur nail (canulated with distal) S.S., 9x320mm, S.S","BOMBAY, Interlocking femur nail (canulated with distal) S.S., 9x320mm, S.S",BOI.06.151.09.32.S,"BOMBAY, Interlocking femur nail (canulated with distal) S.S., 9x320mm, S.S",Femoral nail ,Հատ,Без НДС,հատ,9021
00-00000742,"BOMBAY, Interlocking femur nail (canulated with distal) S.S., 9x340mm, S.S","BOMBAY, Interlocking femur nail (canulated with distal) S.S., 9x340mm, S.S",BOI.06.151.09.34.S,"BOMBAY, Interlocking femur nail (canulated with distal) S.S., 9x340mm, S.S",Femoral nail ,Հատ,Без НДС,հատ,9021
00-00000741,"BOMBAY, Interlocking femur nail (canulated with distal) S.S., 9x360mm, S.S","BOMBAY, Interlocking femur nail (canulated with distal) S.S., 9x360mm, S.S",BOI.06.151.09.36.S,"BOMBAY, Interlocking femur nail (canulated with distal) S.S., 9x360mm, S.S",Femoral nail ,Հատ,Без НДС,հատ,9021
00-00000740,"BOMBAY, Interlocking femur nail (canulated with distal) S.S., 9x380mm, S.S","BOMBAY, Interlocking femur nail (canulated with distal) S.S., 9x380mm, S.S",BOI.06.151.09.38.S,"BOMBAY, Interlocking femur nail (canulated with distal) S.S., 9x380mm, S.S",Femoral nail ,Հատ,Без НДС,հատ,9021
00-00000739,"BOMBAY, Interlocking femur nail (canulated with distal) S.S., 9x400mm, S.S","BOMBAY, Interlocking femur nail (canulated with distal) S.S., 9x400mm, S.S",BOI.06.151.09.40.S,"BOMBAY, Interlocking femur nail (canulated with distal) S.S., 9x400mm, S.S",Femoral nail ,Հատ,Без НДС,հատ,9021
00-00000738,"BOMBAY, Interlocking femur nail (canulated with distal) S.S., 9x420mm, S.S","BOMBAY, Interlocking femur nail (canulated with distal) S.S., 9x420mm, S.S",BOI.06.151.09.42.S,"BOMBAY, Interlocking femur nail (canulated with distal) S.S., 9x420mm, S.S",Femoral nail ,Հատ,Без НДС,հատ,9021
00-00000755,"BOMBAY, Interlocking femur nail (canulated with distal) S.S., 10x320mm, S.S","BOMBAY, Interlocking femur nail (canulated with distal) S.S., 10x320mm, S.S",BOI.06.151.10.32.S,"BOMBAY, Interlocking femur nail (canulated with distal) S.S., 10x320mm, S.S",Femoral nail ,Հատ,Без НДС,հատ,9021
00-00000754,"BOMBAY, Interlocking femur nail (canulated with distal) S.S., 10x340mm, S.S","BOMBAY, Interlocking femur nail (canulated with distal) S.S., 10x340mm, S.S",BOI.06.151.10.34.S,"BOMBAY, Interlocking femur nail (canulated with distal) S.S., 10x340mm, S.S",Femoral nail ,Հատ,Без НДС,հատ,9021
00-00000753,"BOMBAY, Interlocking femur nail (canulated with distal) S.S., 10x360mm, S.S","BOMBAY, Interlocking femur nail (canulated with distal) S.S., 10x360mm, S.S",BOI.06.151.10.36.S,"BOMBAY, Interlocking femur nail (canulated with distal) S.S., 10x360mm, S.S",Femoral nail ,Հատ,Без НДС,հատ,9021
00-00000752,"BOMBAY, Interlocking femur nail (canulated with distal) S.S., 10x380mm, S.S","BOMBAY, Interlocking femur nail (canulated with distal) S.S., 10x380mm, S.S",BOI.06.151.10.38.S,"BOMBAY, Interlocking femur nail (canulated with distal) S.S., 10x380mm, S.S",Femoral nail ,Հատ,Без НДС,հատ,9021
00-00000751,"BOMBAY, Interlocking femur nail (canulated with distal) S.S., 10x400mm, S.S","BOMBAY, Interlocking femur nail (canulated with distal) S.S., 10x400mm, S.S",BOI.06.151.10.40.S,"BOMBAY, Interlocking femur nail (canulated with distal) S.S., 10x400mm, S.S",Femoral nail ,Հատ,Без НДС,հատ,9021
00-00000750,"BOMBAY, Interlocking femur nail (canulated with distal) S.S., 10x420mm, S.S","BOMBAY, Interlocking femur nail (canulated with distal) S.S., 10x420mm, S.S",BOI.06.151.10.42.S,"BOMBAY, Interlocking femur nail (canulated with distal) S.S., 10x420mm, S.S",Femoral nail ,Հատ,Без НДС,հատ,9021
00-00000749,"BOMBAY, Interlocking femur nail (canulated with distal) S.S., 11x320mm, S.S","BOMBAY, Interlocking femur nail (canulated with distal) S.S., 11x320mm, S.S",BOI.06.151.11.32.S,"BOMBAY, Interlocking femur nail (canulated with distal) S.S., 11x320mm, S.S",Femoral nail ,Հատ,Без НДС,հատ,9021
00-00000748,"BOMBAY, Interlocking femur nail (canulated with distal) S.S., 11x340mm, S.S","BOMBAY, Interlocking femur nail (canulated with distal) S.S., 11x340mm, S.S",BOI.06.151.11.34.S,"BOMBAY, Interlocking femur nail (canulated with distal) S.S., 11x340mm, S.S",Femoral nail ,Հատ,Без НДС,հատ,9021
00-00000747,"BOMBAY, Interlocking femur nail (canulated with distal) S.S., 11x360mm, S.S","BOMBAY, Interlocking femur nail (canulated with distal) S.S., 11x360mm, S.S",BOI.06.151.11.36.S,"BOMBAY, Interlocking femur nail (canulated with distal) S.S., 11x360mm, S.S",Femoral nail ,Հատ,Без НДС,հատ,9021
00-00000746,"BOMBAY, Interlocking femur nail (canulated with distal) S.S., 11x380mm, S.S","BOMBAY, Interlocking femur nail (canulated with distal) S.S., 11x380mm, S.S",BOI.06.151.11.38.S,"BOMBAY, Interlocking femur nail (canulated with distal) S.S., 11x380mm, S.S",Femoral nail ,Հատ,Без НДС,հատ,9021
00-00000745,"BOMBAY, Interlocking femur nail (canulated with distal) S.S., 11x400mm, S.S","BOMBAY, Interlocking femur nail (canulated with distal) S.S., 11x400mm, S.S",BOI.06.151.11.40.S,"BOMBAY, Interlocking femur nail (canulated with distal) S.S., 11x400mm, S.S",Femoral nail ,Հատ,Без НДС,հատ,9021
00-00000744,"BOMBAY, Interlocking femur nail (canulated with distal) S.S., 11x420mm, S.S","BOMBAY, Interlocking femur nail (canulated with distal) S.S., 11x420mm, S.S",BOI.06.151.11.42.S,"BOMBAY, Interlocking femur nail (canulated with distal) S.S., 11x420mm, S.S",Femoral nail ,Հատ,Без НДС,հատ,9021
00-00000769,"BOMBAY, InterLocking Bolt 4.9x36mm, S.S","BOMBAY, InterLocking Bolt 4.9x36mm, S.S",BOI.152.36.S,"BOMBAY, InterLocking Bolt 4.9x36mm, S.S",Femoral nail ,Հատ,Без НДС,հատ,9021
00-00000768,"BOMBAY, InterLocking Bolt 4.9x40mm, S.S","BOMBAY, InterLocking Bolt 4.9x40mm, S.S",BOI.152.40.S,"BOMBAY, InterLocking Bolt 4.9x40mm, S.S",Femoral nail ,Հատ,Без НДС,հատ,9021
00-00000767,"BOMBAY, InterLocking Bolt 4.9x46mm, S.S","BOMBAY, InterLocking Bolt 4.9x46mm, S.S",BOI.152.46.S,"BOMBAY, InterLocking Bolt 4.9x46mm, S.S",Femoral nail ,Հատ,Без НДС,հատ,9021
00-00000766,"BOMBAY, InterLocking Bolt 4.9x50mm, S.S","BOMBAY, InterLocking Bolt 4.9x50mm, S.S",BOI.152.50.S,"BOMBAY, InterLocking Bolt 4.9x50mm, S.S",Femoral nail ,Հատ,Без НДС,հատ,9021
00-00000765,"BOMBAY, InterLocking Bolt 4.9x56mm, S.S","BOMBAY, InterLocking Bolt 4.9x56mm, S.S",BOI.152.56.S,"BOMBAY, InterLocking Bolt 4.9x56mm, S.S",Femoral nail ,Հատ,Без НДС,հատ,9021
00-00000764,"BOMBAY, InterLocking Bolt 4.9x60mm, S.S","BOMBAY, InterLocking Bolt 4.9x60mm, S.S",BOI.152.60.S,"BOMBAY, InterLocking Bolt 4.9x60mm, S.S",Femoral nail ,Հատ,Без НДС,հատ,9021
00-00000763,"BOMBAY, InterLocking Bolt 4.9x66mm, S.S","BOMBAY, InterLocking Bolt 4.9x66mm, S.S",BOI.152.66.S,"BOMBAY, InterLocking Bolt 4.9x66mm, S.S",Femoral nail ,Հատ,Без НДС,հատ,9021
00-00000725,"BOMBAY, Interlocking femur nail (canulated with distal) Ti, 9x320mm, Ti","BOMBAY, Interlocking femur nail (canulated with distal) Ti, 9x320mm, Ti",BOI.06.151.09.32.T,"BOMBAY, Interlocking femur nail (canulated with distal) Ti, 9x320mm, Ti",Femoral nail ,Հատ,Без НДС,հատ,9021
00-00000724,"BOMBAY, Interlocking femur nail (canulated with distal) Ti, 9x340mm, Ti","BOMBAY, Interlocking femur nail (canulated with distal) Ti, 9x340mm, Ti",BOI.06.151.09.34.T,"BOMBAY, Interlocking femur nail (canulated with distal) Ti, 9x340mm, Ti",Femoral nail ,Հատ,Без НДС,հատ,9021
00-00000723,"BOMBAY, Interlocking femur nail (canulated with distal) Ti, 9x360mm, Ti","BOMBAY, Interlocking femur nail (canulated with distal) Ti, 9x360mm, Ti",BOI.06.151.09.36.T,"BOMBAY, Interlocking femur nail (canulated with distal) Ti, 9x360mm, Ti",Femoral nail ,Հատ,Без НДС,հատ,9021
00-00000722,"BOMBAY, Interlocking femur nail (canulated with distal) Ti, 9x380mm, Ti","BOMBAY, Interlocking femur nail (canulated with distal) Ti, 9x380mm, Ti",BOI.06.151.09.38.T,"BOMBAY, Interlocking femur nail (canulated with distal) Ti, 9x380mm, Ti",Femoral nail ,Հատ,Без НДС,հատ,9021
00-00000721,"BOMBAY, Interlocking femur nail (canulated with distal) Ti, 9x400mm, Ti","BOMBAY, Interlocking femur nail (canulated with distal) Ti, 9x400mm, Ti",BOI.06.151.09.40.T,"BOMBAY, Interlocking femur nail (canulated with distal) Ti, 9x400mm, Ti",Femoral nail ,Հատ,Без НДС,հատ,9021
00-00000720,"BOMBAY, Interlocking femur nail (canulated with distal) Ti, 9x420mm, Ti","BOMBAY, Interlocking femur nail (canulated with distal) Ti, 9x420mm, Ti",BOI.06.151.09.42.T,"BOMBAY, Interlocking femur nail (canulated with distal) Ti, 9x420mm, Ti",Femoral nail ,Հատ,Без НДС,հատ,9021
00-00000737,"BOMBAY, Interlocking femur nail (canulated with distal) Ti, 10x320mm, Ti","BOMBAY, Interlocking femur nail (canulated with distal) Ti, 10x320mm, Ti",BOI.06.151.10.32.T,"BOMBAY, Interlocking femur nail (canulated with distal) Ti, 10x320mm, Ti",Femoral nail ,Հատ,Без НДС,հատ,9021
00-00000736,"BOMBAY, Interlocking femur nail (canulated with distal) Ti, 10x340mm, Ti","BOMBAY, Interlocking femur nail (canulated with distal) Ti, 10x340mm, Ti",BOI.06.151.10.34.T,"BOMBAY, Interlocking femur nail (canulated with distal) Ti, 10x340mm, Ti",Femoral nail ,Հատ,Без НДС,հատ,9021
00-00000735,"BOMBAY, Interlocking femur nail (canulated with distal) Ti, 10x360mm, Ti","BOMBAY, Interlocking femur nail (canulated with distal) Ti, 10x360mm, Ti",BOI.06.151.10.36.T,"BOMBAY, Interlocking femur nail (canulated with distal) Ti, 10x360mm, Ti",Femoral nail ,Հատ,Без НДС,հատ,9021
00-00000734,"BOMBAY, Interlocking femur nail (canulated with distal) Ti, 10x380mm, Ti","BOMBAY, Interlocking femur nail (canulated with distal) Ti, 10x380mm, Ti",BOI.06.151.10.38.T,"BOMBAY, Interlocking femur nail (canulated with distal) Ti, 10x380mm, Ti",Femoral nail ,Հատ,Без НДС,հատ,9021
00-00000733,"BOMBAY, Interlocking femur nail (canulated with distal) Ti, 10x400mm, Ti","BOMBAY, Interlocking femur nail (canulated with distal) Ti, 10x400mm, Ti",BOI.06.151.10.40.T,"BOMBAY, Interlocking femur nail (canulated with distal) Ti, 10x400mm, Ti",Femoral nail ,Հատ,Без НДС,հատ,9021
00-00000732,"BOMBAY, Interlocking femur nail (canulated with distal) Ti, 10x420mm, Ti","BOMBAY, Interlocking femur nail (canulated with distal) Ti, 10x420mm, Ti",BOI.06.151.10.42.T,"BOMBAY, Interlocking femur nail (canulated with distal) Ti, 10x420mm, Ti",Femoral nail ,Հատ,Без НДС,հատ,9021
00-00000731,"BOMBAY, Interlocking femur nail (canulated with distal) Ti, 11x320mm, Ti","BOMBAY, Interlocking femur nail (canulated with distal) Ti, 11x320mm, Ti",BOI.06.151.11.32.T,"BOMBAY, Interlocking femur nail (canulated with distal) Ti, 11x320mm, Ti",Femoral nail ,Հատ,Без НДС,հատ,9021
00-00000730,"BOMBAY, Interlocking femur nail (canulated with distal) Ti, 11x340mm, Ti","BOMBAY, Interlocking femur nail (canulated with distal) Ti, 11x340mm, Ti",BOI.06.151.11.34.T,"BOMBAY, Interlocking femur nail (canulated with distal) Ti, 11x340mm, Ti",Femoral nail ,Հատ,Без НДС,հատ,9021
00-00000729,"BOMBAY, Interlocking femur nail (canulated with distal) Ti, 11x360mm, Ti","BOMBAY, Interlocking femur nail (canulated with distal) Ti, 11x360mm, Ti",BOI.06.151.11.36.T,"BOMBAY, Interlocking femur nail (canulated with distal) Ti, 11x360mm, Ti",Femoral nail ,Հատ,Без НДС,հատ,9021
00-00000728,"BOMBAY, Interlocking femur nail (canulated with distal) Ti, 11x380mm, Ti","BOMBAY, Interlocking femur nail (canulated with distal) Ti, 11x380mm, Ti",BOI.06.151.11.38.T,"BOMBAY, Interlocking femur nail (canulated with distal) Ti, 11x380mm, Ti",Femoral nail ,Հատ,Без НДС,հատ,9021
00-00000727,"BOMBAY, Interlocking femur nail (canulated with distal) Ti, 11x400mm, Ti","BOMBAY, Interlocking femur nail (canulated with distal) Ti, 11x400mm, Ti",BOI.06.151.11.40.T,"BOMBAY, Interlocking femur nail (canulated with distal) Ti, 11x400mm, Ti",Femoral nail ,Հատ,Без НДС,հատ,9021
00-00000726,"BOMBAY, Interlocking femur nail (canulated with distal) Ti, 11x420mm, Ti","BOMBAY, Interlocking femur nail (canulated with distal) Ti, 11x420mm, Ti",BOI.06.151.11.42.T,"BOMBAY, Interlocking femur nail (canulated with distal) Ti, 11x420mm, Ti",Femoral nail ,Հատ,Без НДС,հատ,9021
00-00000762,"BOMBAY, InterLocking Bolt 4.9x36mm, Ti","BOMBAY, InterLocking Bolt 4.9x36mm, Ti",BOI.152.36.T,"BOMBAY, InterLocking Bolt 4.9x36mm, Ti",Femoral nail ,Հատ,Без НДС,հատ,9021
00-00000761,"BOMBAY, InterLocking Bolt 4.9x40mm, Ti","BOMBAY, InterLocking Bolt 4.9x40mm, Ti",BOI.152.40.T,"BOMBAY, InterLocking Bolt 4.9x40mm, Ti",Femoral nail ,Հատ,Без НДС,հատ,9021
00-00000760,"BOMBAY, InterLocking Bolt 4.9x46mm, Ti","BOMBAY, InterLocking Bolt 4.9x46mm, Ti",BOI.152.46.T,"BOMBAY, InterLocking Bolt 4.9x46mm, Ti",Femoral nail ,Հատ,Без НДС,հատ,9021
00-00000759,"BOMBAY, InterLocking Bolt 4.9x50mm, Ti","BOMBAY, InterLocking Bolt 4.9x50mm, Ti",BOI.152.50.T,"BOMBAY, InterLocking Bolt 4.9x50mm, Ti",Femoral nail ,Հատ,Без НДС,հատ,9021
00-00000758,"BOMBAY, InterLocking Bolt 4.9x56mm, Ti","BOMBAY, InterLocking Bolt 4.9x56mm, Ti",BOI.152.56.T,"BOMBAY, InterLocking Bolt 4.9x56mm, Ti",Femoral nail ,Հատ,Без НДС,հատ,9021
00-00000757,"BOMBAY, InterLocking Bolt 4.9x60mm, Ti","BOMBAY, InterLocking Bolt 4.9x60mm, Ti",BOI.152.60.T,"BOMBAY, InterLocking Bolt 4.9x60mm, Ti",Femoral nail ,Հատ,Без НДС,հատ,9021
00-00000756,"BOMBAY, InterLocking Bolt 4.9x66mm, Ti","BOMBAY, InterLocking Bolt 4.9x66mm, Ti",BOI.152.66.T,"BOMBAY, InterLocking Bolt 4.9x66mm, Ti",Femoral nail ,Հատ,Без НДС,հատ,9021
00-00000708,"BOMBAY, SHOULDER PROSTHESIS, 31mm, S.S","BOMBAY, SHOULDER PROSTHESIS, 31mm, S.S",BOI.251.31,"BOMBAY, SHOULDER PROSTHESIS, 31mm, S.S",Plates,Հատ,Без НДС,հատ,9021
00-00000707,"BOMBAY, SHOULDER PROSTHESIS, 33mm, S.S","BOMBAY, SHOULDER PROSTHESIS, 33mm, S.S",BOI.251.33,"BOMBAY, SHOULDER PROSTHESIS, 33mm, S.S",Plates,Հատ,Без НДС,հատ,9021
00-00000706,"BOMBAY, SHOULDER PROSTHESIS, 35mm, S.S","BOMBAY, SHOULDER PROSTHESIS, 35mm, S.S",BOI.251.35,"BOMBAY, SHOULDER PROSTHESIS, 35mm, S.S",Plates,Հատ,Без НДС,հատ,9021
00-00000705,"BOMBAY, SHOULDER PROSTHESIS, 37mm , S.S","BOMBAY, SHOULDER PROSTHESIS, 37mm , S.S",BOI.251.37,"BOMBAY, SHOULDER PROSTHESIS, 37mm , S.S",Plates,Հատ,Без НДС,հատ,9021
00-00000704,"BOMBAY, SHOULDER PROSTHESIS, 39mm, S.S","BOMBAY, SHOULDER PROSTHESIS, 39mm, S.S",BOI.251.39,"BOMBAY, SHOULDER PROSTHESIS, 39mm, S.S",Plates,Հատ,Без НДС,հատ,9021
00-00000703,"BOMBAY, SHOULDER PROSTHESIS, 41mm, S.S","BOMBAY, SHOULDER PROSTHESIS, 41mm, S.S",BOI.251.41,"BOMBAY, SHOULDER PROSTHESIS, 41mm, S.S",Plates,Հատ,Без НДС,հատ,9021
00-00000854,Femoral Condyle(PS-WB) 2L# ,Femoral Condyle(PS-WB) 2L# ,5210-01021,Femoral Condyle(PS-WB) 2L# ,Chunli Knee,Ժամկետով ապրանքներ,Без НДС,հատ,9021
00-00000853,Femoral Condyle(PS-WB) 2R# ,Femoral Condyle(PS-WB) 2R# ,5210-01022,Femoral Condyle(PS-WB) 2R# ,Chunli Knee,Ժամկետով ապրանքներ,Без НДС,հատ,9021
00-00000852,Femoral Condyle(PS-WB) 3L# ,Femoral Condyle(PS-WB) 3L# ,5210-01031,Femoral Condyle(PS-WB) 3L# ,Chunli Knee,Ժամկետով ապրանքներ,Без НДС,հատ,9021
00-00000851,Femoral Condyle(PS-WB) 3R# ,Femoral Condyle(PS-WB) 3R# ,5210-01032,Femoral Condyle(PS-WB) 3R# ,Chunli Knee,Ժամկետով ապրանքներ,Без НДС,հատ,9021
00-00000850,Femoral Condyle(PS-WB) 4L# ,Femoral Condyle(PS-WB) 4L# ,5210-01041,Femoral Condyle(PS-WB) 4L# ,Chunli Knee,Ժամկետով ապրանքներ,Без НДС,հատ,9021
00-00000849,Femoral Condyle(PS-WB) 4R# ,Femoral Condyle(PS-WB) 4R# ,5210-01042,Femoral Condyle(PS-WB) 4R# ,Chunli Knee,Ժամկետով ապրանքներ,Без НДС,հատ,9021
00-00000848,Femoral Condyle(PS-WB) 5L# ,Femoral Condyle(PS-WB) 5L# ,5210-01051,Femoral Condyle(PS-WB) 5L# ,Chunli Knee,Ժամկետով ապրանքներ,Без НДС,հատ,9021
00-00000847,Femoral Condyle(PS-WB) 5R# ,Femoral Condyle(PS-WB) 5R# ,5210-01052,Femoral Condyle(PS-WB) 5R# ,Chunli Knee,Ժամկետով ապրանքներ,Без НДС,հատ,9021
00-00000846,Femoral Condyle(PS-WB) 6L# ,Femoral Condyle(PS-WB) 6L# ,5210-01061,Femoral Condyle(PS-WB) 6L# ,Chunli Knee,Ժամկետով ապրանքներ,Без НДС,հատ,9021
00-00000845,Femoral Condyle(PS-WB) 6R# ,Femoral Condyle(PS-WB) 6R# ,5210-01062,Femoral Condyle(PS-WB) 6R# ,Chunli Knee,Ժամկետով ապրանքներ,Без НДС,հատ,9021
00-00000844,Femoral Condyle(PS-WB) 7L# ,Femoral Condyle(PS-WB) 7L# ,5210-01071,Femoral Condyle(PS-WB) 7L# ,Chunli Knee,Ժամկետով ապրանքներ,Без НДС,հատ,9021
00-00000843,Femoral Condyle(PS-WB) 7R# ,Femoral Condyle(PS-WB) 7R# ,5210-01072,Femoral Condyle(PS-WB) 7R# ,Chunli Knee,Ժամկետով ապրանքներ,Без НДС,հատ,9021
00-00000842,Femoral Condyle(PS-WB) 8L# ,Femoral Condyle(PS-WB) 8L# ,5210-01081,Femoral Condyle(PS-WB) 8L# ,Chunli Knee,Ժամկետով ապրանքներ,Без НДС,հատ,9021
00-00000841,Femoral Condyle(PS-WB) 8R# ,Femoral Condyle(PS-WB) 8R# ,5210-01082,Femoral Condyle(PS-WB) 8R# ,Chunli Knee,Ժամկետով ապրանքներ,Без НДС,հատ,9021
00-00000840,Tibial Insert-XN(PS) 2#/3#/4#-10mm ,Tibial Insert-XN(PS) 2#/3#/4#-10mm ,5217-10021,Tibial Insert-XN(PS) 2#/3#/4#-10mm ,Chunli Knee,Ժամկետով ապրանքներ,Без НДС,հատ,9021
00-00000839,Tibial Insert-XN(PS) 2#/3#/4#-12mm ,Tibial Insert-XN(PS) 2#/3#/4#-12mm ,5217-12021,Tibial Insert-XN(PS) 2#/3#/4#-12mm ,Chunli Knee,Ժամկետով ապրանքներ,Без НДС,հատ,9021
00-00000838,Tibial Insert-XN(PS) 2#/3#/4#-14mm ,Tibial Insert-XN(PS) 2#/3#/4#-14mm ,5217-14021,Tibial Insert-XN(PS) 2#/3#/4#-14mm ,Chunli Knee,Ժամկետով ապրանքներ,Без НДС,հատ,9021
00-00000837,Tibial Insert-XN(PS) 2#/3#/4#-16mm ,Tibial Insert-XN(PS) 2#/3#/4#-16mm ,5217-16021,Tibial Insert-XN(PS) 2#/3#/4#-16mm ,Chunli Knee,Ժամկետով ապրանքներ,Без НДС,հատ,9021
00-00000836,Tibial Insert-XN(PS) 2#/3#/4#-18mm ,Tibial Insert-XN(PS) 2#/3#/4#-18mm ,5217-18021,Tibial Insert-XN(PS) 2#/3#/4#-18mm ,Chunli Knee,Ժամկետով ապրանքներ,Без НДС,հատ,9021
00-00000835,Tibial Insert-XN(PS) 5#/6#-10mm ,Tibial Insert-XN(PS) 5#/6#-10mm ,5217-10031,Tibial Insert-XN(PS) 5#/6#-10mm ,Chunli Knee,Ժամկետով ապրանքներ,Без НДС,հատ,9021
00-00000834,Tibial Insert-XN(PS) 5#/6#-12mm ,Tibial Insert-XN(PS) 5#/6#-12mm ,5217-12031,Tibial Insert-XN(PS) 5#/6#-12mm ,Chunli Knee,Ժամկետով ապրանքներ,Без НДС,հատ,9021
00-00000833,Tibial Insert-XN(PS) 5#/6#-14mm ,Tibial Insert-XN(PS) 5#/6#-14mm ,5217-14031,Tibial Insert-XN(PS) 5#/6#-14mm ,Chunli Knee,Ժամկետով ապրանքներ,Без НДС,հատ,9021
00-00000832,Tibial Insert-XN(PS) 5#/6#-16mm ,Tibial Insert-XN(PS) 5#/6#-16mm ,5217-16031,Tibial Insert-XN(PS) 5#/6#-16mm ,Chunli Knee,Ժամկետով ապրանքներ,Без НДС,հատ,9021
00-00000831,Tibial Insert-XN(PS) 5#/6#-18mm ,Tibial Insert-XN(PS) 5#/6#-18mm ,5217-18031,Tibial Insert-XN(PS) 5#/6#-18mm ,Chunli Knee,Ժամկետով ապրանքներ,Без НДС,հատ,9021
00-00000830,Tibial Insert-XN(PS) 7#/8#-10mm ,Tibial Insert-XN(PS) 7#/8#-10mm ,5217-10041,Tibial Insert-XN(PS) 7#/8#-10mm ,Chunli Knee,Ժամկետով ապրանքներ,Без НДС,հատ,9021
00-00000829,Tibial Insert-XN(PS) 7#/8#-12mm ,Tibial Insert-XN(PS) 7#/8#-12mm ,5217-12041,Tibial Insert-XN(PS) 7#/8#-12mm ,Chunli Knee,Ժամկետով ապրանքներ,Без НДС,հատ,9021
00-00000828,Tibial Insert-XN(PS) 7#/8#-14mm ,Tibial Insert-XN(PS) 7#/8#-14mm ,5217-14041,Tibial Insert-XN(PS) 7#/8#-14mm ,Chunli Knee,Ժամկետով ապրանքներ,Без НДС,հատ,9021
00-00000827,Tibial Insert-XN(PS) 7#/8#-16mm ,Tibial Insert-XN(PS) 7#/8#-16mm ,5217-16041,Tibial Insert-XN(PS) 7#/8#-16mm ,Chunli Knee,Ժամկետով ապրանքներ,Без НДС,հատ,9021
00-00000826,Tibial Insert-XN(PS) 7#/8#-18mm ,Tibial Insert-XN(PS) 7#/8#-18mm ,5217-18041,Tibial Insert-XN(PS) 7#/8#-18mm ,Chunli Knee,Ժամկետով ապրանքներ,Без НДС,հատ,9021
00-00000825,Tibial Tray-XN 2# ,Tibial Tray-XN 2# ,5216-01020,Tibial Tray-XN 2# ,Chunli Knee,Ժամկետով ապրանքներ,Без НДС,հատ,9021
00-00000824,Tibial Tray-XN 3# ,Tibial Tray-XN 3# ,5216-01030,Tibial Tray-XN 3# ,Chunli Knee,Ժամկետով ապրանքներ,Без НДС,հատ,9021
00-00000823,Tibial Tray-XN 4# ,Tibial Tray-XN 4# ,5216-01040,Tibial Tray-XN 4# ,Chunli Knee,Ժամկետով ապրանքներ,Без НДС,հատ,9021
00-00000822,Tibial Tray-XN 5# ,Tibial Tray-XN 5# ,5216-01050,Tibial Tray-XN 5# ,Chunli Knee,Ժամկետով ապրանքներ,Без НДС,հատ,9021
00-00000821,Tibial Tray-XN 6# ,Tibial Tray-XN 6# ,5216-01060,Tibial Tray-XN 6# ,Chunli Knee,Ժամկետով ապրանքներ,Без НДС,հատ,9021
00-00000820,Tibial Tray-XN 7# ,Tibial Tray-XN 7# ,5216-01070,Tibial Tray-XN 7# ,Chunli Knee,Ժամկետով ապրանքներ,Без НДС,հատ,9021
00-00000819,Tibial Tray-XN 8# ,Tibial Tray-XN 8# ,5216-01080,Tibial Tray-XN 8# ,Chunli Knee,Ժամկետով ապրանքներ,Без НДС,հատ,9021
00-00000905,Ceramic Head 28S ,Ceramic Head 28S ,3211-00280,Ceramic Head 28S ,Chunli Hip,Ժամկետով ապրանքներ,Без НДС,հատ,9021
00-00000906,Ceramic Head 28M ,Ceramic Head 28M ,3211-01280,Ceramic Head 28M ,Chunli Hip,Ժամկետով ապրանքներ,Без НДС,հատ,9021
00-00000907,Ceramic Head 28L ,Ceramic Head 28L ,3211-02280,Ceramic Head 28L ,Chunli Hip,Ժամկետով ապրանքներ,Без НДС,հատ,9021
00-00000902,Ceramic Head 32S ,Ceramic Head 32S ,3211-00320,Ceramic Head 32S ,Chunli Hip,Ժամկետով ապրանքներ,Без НДС,հատ,9021
00-00000903,Ceramic Head 32M ,Ceramic Head 32M ,3211-01320,Ceramic Head 32M ,Chunli Hip,Ժամկետով ապրանքներ,Без НДС,հատ,9021
00-00000904,Ceramic Head 32L ,Ceramic Head 32L ,3211-02320,Ceramic Head 32L ,Chunli Hip,Ժամկետով ապրանքներ,Без НДС,հատ,9021
00-00000901,Ceramic Head 32XL ,Ceramic Head 32XL ,3211-03320,Ceramic Head 32XL ,Chunli Hip,Ժամկետով ապրանքներ,Без НДС,հատ,9021
00-00000898,Ceramic Head 36S ,Ceramic Head 36S ,3211-00360,Ceramic Head 36S ,Chunli Hip,Ժամկետով ապրանքներ,Без НДС,հատ,9021
00-00000899,Ceramic Head 36M ,Ceramic Head 36M ,3211-01360,Ceramic Head 36M ,Chunli Hip,Ժամկետով ապրանքներ,Без НДС,հատ,9021
00-00000900,Ceramic Head 36L ,Ceramic Head 36L ,3211-02360,Ceramic Head 36L ,Chunli Hip,Ժամկետով ապրանքներ,Без НДС,հատ,9021
00-00000897,Ceramic Head 36XL ,Ceramic Head 36XL ,3211-02260,Ceramic Head 36XL ,Chunli Hip,Ժամկետով ապրանքներ,Без НДС,հատ,9021
00-00000870,Femoral Stem-BE - 8,Femoral Stem-BE - 8,3323-04080,Femoral Stem-BE - 8,Femoras stem BE,Ժամկետով ապրանքներ,Без НДС,հատ,9021
00-00000869,Femoral Stem-BE - 9,Femoral Stem-BE - 9,3323-04090,Femoral Stem-BE - 9,Femoras stem BE,Ժամկետով ապրանքներ,Без НДС,հատ,9021
00-00000878,Femoral Stem-BE - 10,Femoral Stem-BE - 10,3323-04100,Femoral Stem-BE - 10,Femoras stem BE,Ժամկետով ապրանքներ,Без НДС,հատ,9021
00-00000877,Femoral Stem-BE - 11,Femoral Stem-BE - 11,3323-04110,Femoral Stem-BE - 11,Femoras stem BE,Ժամկետով ապրանքներ,Без НДС,հատ,9021
00-00000876,Femoral Stem-BE - 12,Femoral Stem-BE - 12,3323-04120,Femoral Stem-BE - 12,Femoras stem BE,Ժամկետով ապրանքներ,Без НДС,հատ,9021
00-00000875,Femoral Stem-BE - 13,Femoral Stem-BE - 13,3323-04130,Femoral Stem-BE - 13,Femoras stem BE,Ժամկետով ապրանքներ,Без НДС,հատ,9021
00-00000874,Femoral Stem-BE - 14,Femoral Stem-BE - 14,3323-04140,Femoral Stem-BE - 14,Femoras stem BE,Ժամկետով ապրանքներ,Без НДС,հատ,9021
00-00000873,Femoral Stem-BE - 15,Femoral Stem-BE - 15,3323-04150,Femoral Stem-BE - 15,Femoras stem BE,Ժամկետով ապրանքներ,Без НДС,հատ,9021
00-00000872,Femoral Stem-BE - 16,Femoral Stem-BE - 16,3323-04160,Femoral Stem-BE - 16,Femoras stem BE,Ժամկետով ապրանքներ,Без НДС,հատ,9021
00-00000871,Femoral Stem-BE - 17,Femoral Stem-BE - 17,3323-04170,Femoral Stem-BE - 17,Femoras stem BE,Ժամկետով ապրանքներ,Без НДС,հատ,9021
00-00000933,"140A1 Stem, Porous Ti, 130 - 9","140A1 Stem, Porous Ti, 130 - 9",3312-02090,"140A1 Stem, Porous Ti, 130 - 9",Femoras stem 140,Ժամկետով ապրանքներ,Без НДС,հատ,9021
00-00000932,"140A1 Stem, Porous Ti, 131 - 10","140A1 Stem, Porous Ti, 131 - 10",3312-02100,"140A1 Stem, Porous Ti, 131 - 10",Femoras stem 140,Ժամկետով ապրանքներ,Без НДС,հատ,9021
00-00000931,"140A1 Stem, Porous Ti, 132 - 11","140A1 Stem, Porous Ti, 132 - 11",3312-02110,"140A1 Stem, Porous Ti, 132 - 11",Femoras stem 140,Ժամկետով ապրանքներ,Без НДС,հատ,9021
00-00000930,"140A1 Stem, Porous Ti, 133 - 12","140A1 Stem, Porous Ti, 133 - 12",3312-02120,"140A1 Stem, Porous Ti, 133 - 12",Femoras stem 140,Ժամկետով ապրանքներ,Без НДС,հատ,9021
00-00000929,"140A1 Stem, Porous Ti, 134 - 13","140A1 Stem, Porous Ti, 134 - 13",3312-02130,"140A1 Stem, Porous Ti, 134 - 13",Femoras stem 140,Ժամկետով ապրանքներ,Без НДС,հատ,9021
00-00000928,"140A1 Stem, Porous Ti, 135 - 14","140A1 Stem, Porous Ti, 135 - 14",3312-02140,"140A1 Stem, Porous Ti, 135 - 14",Femoras stem 140,Ժամկետով ապրանքներ,Без НДС,հատ,9021
00-00000927,"140A1 Stem, Porous Ti, 136 - 15","140A1 Stem, Porous Ti, 136 - 15",3312-02150,"140A1 Stem, Porous Ti, 136 - 15",Femoras stem 140,Ժամկետով ապրանքներ,Без НДС,հատ,9021
00-00000919,Acetabular Cup-58 - 44,Acetabular Cup-58 - 44,3349-02440,Acetabular Cup-58 - 44,Chunli Hip,Ժամկետով ապրանքներ,Без НДС,հատ,9021
00-00000918,Acetabular Cup-58 - 46,Acetabular Cup-58 - 46,3149-02460,Acetabular Cup-58 - 46,Chunli Hip,Ժամկետով ապրանքներ,Без НДС,հատ,9021
00-00000917,Acetabular Cup-58 - 48,Acetabular Cup-58 - 48,3149-02480,Acetabular Cup-58 - 48,Chunli Hip,Ժամկետով ապրանքներ,Без НДС,հատ,9021
00-00000916,Acetabular Cup-58 - 50,Acetabular Cup-58 - 50,3149-02500,Acetabular Cup-58 - 50,Chunli Hip,Ժամկետով ապրանքներ,Без НДС,հատ,9021
00-00000915,Acetabular Cup-58 - 52,Acetabular Cup-58 - 52,3149-02520,Acetabular Cup-58 - 52,Chunli Hip,Ժամկետով ապրանքներ,Без НДС,հատ,9021
00-00000914,Acetabular Cup-58 - 54,Acetabular Cup-58 - 54,3149-02540,Acetabular Cup-58 - 54,Chunli Hip,Ժամկետով ապրանքներ,Без НДС,հատ,9021
00-00000913,Acetabular Cup-58 - 56,Acetabular Cup-58 - 56,3149-02560,Acetabular Cup-58 - 56,Chunli Hip,Ժամկետով ապրանքներ,Без НДС,հատ,9021
00-00000912,Acetabular Cup-58 - 58,Acetabular Cup-58 - 58,3149-02580,Acetabular Cup-58 - 58,Chunli Hip,Ժամկետով ապրանքներ,Без НДС,հատ,9021
00-00000911,Acetabular Cup-58 - 60,Acetabular Cup-58 - 60,3149-02600,Acetabular Cup-58 - 60,Chunli Hip,Ժամկետով ապրանքներ,Без НДС,հատ,9021
00-00000910,Acetabular Cup-58 - 62,Acetabular Cup-58 - 62,3149-02620,Acetabular Cup-58 - 62,Chunli Hip,Ժամկետով ապրանքներ,Без НДС,հատ,9021
00-00000909,Acetabular Cup-58 - 64,Acetabular Cup-58 - 64,3149-02640,Acetabular Cup-58 - 64,Chunli Hip,Ժամկետով ապրանքներ,Без НДС,հատ,9021
00-00000908,Acetabular Cup-58- 66,Acetabular Cup-58- 66,3149-02660,Acetabular Cup-58- 66,Chunli Hip,Ժամկետով ապրանքներ,Без НДС,հատ,9021
00-00000926,Acetabular cup G-20 - 48,Acetabular cup G-20 - 48,3149-01480,Acetabular cup G-20 - 48,Chunli Hip,Ժամկետով ապրանքներ,Без НДС,հատ,9021
00-00000925,Acetabular cup G-20 - 50,Acetabular cup G-20 - 50,3149-01500,Acetabular cup G-20 - 50,Chunli Hip,Ժամկետով ապրանքներ,Без НДС,հատ,9021
00-00000924,Acetabular cup G-20 - 52,Acetabular cup G-20 - 52,3149-01520,Acetabular cup G-20 - 52,Chunli Hip,Ժամկետով ապրանքներ,Без НДС,հատ,9021
00-00000923,Acetabular cup G-20 - 54,Acetabular cup G-20 - 54,3149-01540,Acetabular cup G-20 - 54,Chunli Hip,Ժամկետով ապրանքներ,Без НДС,հատ,9021
00-00000922,Acetabular cup G-20 - 56,Acetabular cup G-20 - 56,3149-01560,Acetabular cup G-20 - 56,Chunli Hip,Ժամկետով ապրանքներ,Без НДС,հատ,9021
00-00000921,Acetabular cup G-20 - 58,Acetabular cup G-20 - 58,3149-01580,Acetabular cup G-20 - 58,Chunli Hip,Ժամկետով ապրանքներ,Без НДС,հատ,9021
00-00000920,Acetabular cup G-20 - 60,Acetabular cup G-20 - 60,3149-01600,Acetabular cup G-20 - 60,Chunli Hip,Ժամկետով ապրանքներ,Без НДС,հատ,9021
00-00000868,"Liner-HXLPE - 35/28 44# (working with cup size of 40,42,44)","Liner-HXLPE - 35/28 44# (working with cup size of 40,42,44)",3150-28353,"Liner-HXLPE - 35/28 44# (working with cup size of 40,42,44)",Chunli Hip,Ժամկետով ապրանքներ,Без НДС,հատ,9021
00-00000867,Liner-HXLPE - 37/28 46# (working with cup size of 46),Liner-HXLPE - 37/28 46# (working with cup size of 46),3150-28373,Liner-HXLPE - 37/28 46# (working with cup size of 46),Chunli Hip,Ժամկետով ապրանքներ,Без НДС,հատ,9021
00-00000866,"Liner-HXLPE - 39/32 48# (working with cup size of 48,50)","Liner-HXLPE - 39/32 48# (working with cup size of 48,50)",3150-32393,"Liner-HXLPE - 39/32 48# (working with cup size of 48,50)",Chunli Hip,Ժամկետով ապրանքներ,Без НДС,հատ,9021
00-00000865,"Liner-HXLPE - 44/36 52# (working with cup size of 52,54)","Liner-HXLPE - 44/36 52# (working with cup size of 52,54)",3150-36443,"Liner-HXLPE - 44/36 52# (working with cup size of 52,54)",Chunli Hip,Ժամկետով ապրանքներ,Без НДС,հատ,9021
00-00000864,"Liner-HXLPE - 48/36 56# (working with cup size of 56,58,60)","Liner-HXLPE - 48/36 56# (working with cup size of 56,58,60)",3150-36483,"Liner-HXLPE - 48/36 56# (working with cup size of 56,58,60)",Chunli Hip,Ժամկետով ապրանքներ,Без НДС,հատ,9021
00-00000863,"Liner-HXLPE - 52/36 62# (working with cup size of 62,64)","Liner-HXLPE - 52/36 62# (working with cup size of 62,64)",3150-36523,"Liner-HXLPE - 52/36 62# (working with cup size of 62,64)",Chunli Hip,Ժամկետով ապրանքներ,Без НДС,հատ,9021
00-00000892,Femoral Head-T - 28/-3,Femoral Head-T - 28/-3,3210-03280,Femoral Head-T - 28/-3,Chunli Hip,Ժամկետով ապրանքներ,Без НДС,հատ,9021
00-00000891,Femoral Head-T - 28/0,Femoral Head-T - 28/0,3210-10280,Femoral Head-T - 28/0,Chunli Hip,Ժամկետով ապրանքներ,Без НДС,հատ,9021
00-00000890,Femoral Head-T - 28/3,Femoral Head-T - 28/3,3210-13280,Femoral Head-T - 28/3,Chunli Hip,Ժամկետով ապրանքներ,Без НДС,հատ,9021
00-00000889,Femoral Head-T - 28/6,Femoral Head-T - 28/6,3210-16280,Femoral Head-T - 28/6,Chunli Hip,Ժամկետով ապրանքներ,Без НДС,հատ,9021
00-00000887,Femoral Head-T - 32/-6,Femoral Head-T - 32/-6,3210-06320,Femoral Head-T - 32/-6,Chunli Hip,Ժամկետով ապրանքներ,Без НДС,հատ,9021
00-00000888,Femoral Head-T - 32/-3,Femoral Head-T - 32/-3,3210-03320,Femoral Head-T - 32/-3,Chunli Hip,Ժամկետով ապրանքներ,Без НДС,հատ,9021
00-00000886,Femoral Head-T - 32/0,Femoral Head-T - 32/0,3210-10320,Femoral Head-T - 32/0,Chunli Hip,Ժամկետով ապրանքներ,Без НДС,հատ,9021
00-00000885,Femoral Head-T - 32/3,Femoral Head-T - 32/3,3210-13320,Femoral Head-T - 32/3,Chunli Hip,Ժամկետով ապրանքներ,Без НДС,հատ,9021
00-00000884,Femoral Head-T - 32/6,Femoral Head-T - 32/6,3210-16320,Femoral Head-T - 32/6,Chunli Hip,Ժամկետով ապրանքներ,Без НДС,հատ,9021
00-00000882,Femoral Head-T - 36/-6,Femoral Head-T - 36/-6,3210-06360,Femoral Head-T - 36/-6,Chunli Hip,Ժամկետով ապրանքներ,Без НДС,հատ,9021
00-00000883,Femoral Head-T - 36/-3,Femoral Head-T - 36/-3,3210-03360,Femoral Head-T - 36/-3,Chunli Hip,Ժամկետով ապրանքներ,Без НДС,հատ,9021
00-00000881,Femoral Head-T - 36/0,Femoral Head-T - 36/0,3210-10360,Femoral Head-T - 36/0,Chunli Hip,Ժամկետով ապրանքներ,Без НДС,հատ,9021
00-00000880,Femoral Head-T - 36/3,Femoral Head-T - 36/3,3210-13360,Femoral Head-T - 36/3,Chunli Hip,Ժամկետով ապրանքներ,Без НДС,հատ,9021
00-00000879,Femoral Head-T - 36/6,Femoral Head-T - 36/6,3210-16360,Femoral Head-T - 36/6,Chunli Hip,Ժամկետով ապրանքներ,Без НДС,հատ,9021
00-00000859,Screw - 6/20,Screw - 6/20,3146-60200,Screw - 6/20,Chunli Hip,Ժամկետով ապրանքներ,Без НДС,հատ,9021
00-00000858,Screw - 6/26,Screw - 6/26,3146-60260,Screw - 6/26,Chunli Hip,Ժամկետով ապրանքներ,Без НДС,հատ,9021
00-00000857,Screw - 6/30,Screw - 6/30,3146-60300,Screw - 6/30,Chunli Hip,Ժամկետով ապրանքներ,Без НДС,հատ,9021
00-00000856,Screw - 6/35,Screw - 6/35,3146-60350,Screw - 6/35,Chunli Hip,Ժամկետով ապրանքներ,Без НДС,հատ,9021
00-00000862,Revision Cementless Cage 46 B - 56L,Revision Cementless Cage 46 B - 56L,3111-02562,Revision Cementless Cage 46 B - 56L,Chunli Hip,Ժամկետով ապրանքներ,Без НДС,հատ,9021
00-00000855,Revision Cementless Cage 46 B - 64L,Revision Cementless Cage 46 B - 64L,3111-02642,Revision Cementless Cage 46 B - 64L,Chunli Hip,Ժամկետով ապրանքներ,Без НДС,հատ,9021
00-00000861,Revision Cementless Cage 46 B - 56R,Revision Cementless Cage 46 B - 56R,3111-12562,Revision Cementless Cage 46 B - 56R,Chunli Hip,Ժամկետով ապրանքներ,Без НДС,հատ,9021
00-00000860,Revision Cementless Cage 46 B - 64R,Revision Cementless Cage 46 B - 64R,3111-12642,Revision Cementless Cage 46 B - 64R,Chunli Hip,Ժամկետով ապրանքներ,Без НДС,հատ,9021
00-00000934,CHUNLI Hip Instrument Set N1/1,CHUNLI Hip Instrument Set N1/1,10010.1,CHUNLI Hip Instrument Set N1/1,CHUNLI,Հատ,Без НДС,հատ,9021
00-00000935,CHUNLI Hip Instrument Set N2/2,CHUNLI Hip Instrument Set N2/2,10002.2,CHUNLI Hip Instrument Set N2/2,CHUNLI,Հատ,Без НДС,հատ,9021
