code_1c,sku_ref,description,group,item_type,uom,suggested_tracking,risk_level,needs_user_review,reason,flags,approved_tracking,user_note
00-00002239,,Screw Set 1,Screw Set 1,Հատ,հատ,REF_ONLY,LOW,NO,Set/kit/instrument/tool is non-sterile,NO_SKU_REF;NON_STERILE_TOOLING,,
00-00003095,WDTO02103,"Screwdriver Shalf, Ф3.0xФ2.6x52mm, cruciform, Hexagonal Coupling",World Surgery,Հատ,հատ,REF_ONLY,LOW,NO,Set/kit/instrument/tool is non-sterile,NON_STERILE_TOOLING,,
00-00003257,PHI222DE-VSP,ViscoPhi 2.2% 2ml/44mg Intraarticular Gel Injection,ViscoPhi,Ժամկետով ապրանքներ,հատ,BATCH_EXPIRY,MEDIUM,NO,1C item_type says expiry-controlled and no non-sterile override matched,EXPIRY_ITEM_TYPE,,
00-00003258,PHI253DE-VSP,ViscoPhi 2.5% 3ml/75mg Intraarticular Gel Injection,ViscoPhi,Ժամկետով ապրանքներ,հատ,BATCH_EXPIRY,MEDIUM,NO,1C item_type says expiry-controlled and no non-sterile override matched,EXPIRY_ITEM_TYPE,,
00-00003259,PHI254DE-VSPC,ViscoPhi 2.5% 4ml/100mg Intraarticular Gel Injection,ViscoPhi,Ժամկետով ապրանքներ,հատ,BATCH_EXPIRY,MEDIUM,NO,1C item_type says expiry-controlled and no non-sterile override matched,EXPIRY_ITEM_TYPE,,
00-00003260,PHI2548DE-VSP,ViscoPhi 2.5% 4.8ml/120mg Intraarticular Gel Injection,ViscoPhi,Ժամկետով ապրանքներ,հատ,BATCH_EXPIRY,MEDIUM,NO,1C item_type says expiry-controlled and no non-sterile override matched,EXPIRY_ITEM_TYPE,,
00-00003262,5031-00201,REV. Screw - 18,Chunli Hip,Ժամկետով ապրանքներ,հատ,BATCH_EXPIRY,LOW,NO,Chunli/Permedica/Just screw requires expiry,SCREW;STERILE_SCREW_BRAND,,
00-00003263,5031-00202,REV. Screw - 22,Chunli Hip,Ժամկետով ապրանքներ,հատ,BATCH_EXPIRY,LOW,NO,Chunli/Permedica/Just screw requires expiry,SCREW;STERILE_SCREW_BRAND,,
00-00003264,5031-00204,REV. Screw - 30,Chunli Hip,Ժամկետով ապրանքներ,հատ,BATCH_EXPIRY,LOW,NO,Chunli/Permedica/Just screw requires expiry,SCREW;STERILE_SCREW_BRAND,,
00-00003265,5031-00205,REV. Screw - 34,Chunli Hip,Ժամկետով ապրանքներ,հատ,BATCH_EXPIRY,LOW,NO,Chunli/Permedica/Just screw requires expiry,SCREW;STERILE_SCREW_BRAND,,
00-00003266,5031-00206,REV. Screw - 38,Chunli Hip,Ժամկետով ապրանքներ,հատ,BATCH_EXPIRY,LOW,NO,Chunli/Permedica/Just screw requires expiry,SCREW;STERILE_SCREW_BRAND,,
00-00003267,5031-00207,REV. Screw - 42,Chunli Hip,Ժամկետով ապրանքներ,հատ,BATCH_EXPIRY,LOW,NO,Chunli/Permedica/Just screw requires expiry,SCREW;STERILE_SCREW_BRAND,,
00-00003268,5031-00208,REV. Screw - 46,Chunli Hip,Ժամկետով ապրանքներ,հատ,BATCH_EXPIRY,LOW,NO,Chunli/Permedica/Just screw requires expiry,SCREW;STERILE_SCREW_BRAND,,
00-00003269,5031-00203,REV. Screw - 26,Chunli Hip,Ժամկետով ապրանքներ,հատ,BATCH_EXPIRY,LOW,NO,Chunli/Permedica/Just screw requires expiry,SCREW;STERILE_SCREW_BRAND,,
00-00003270,5041-00104,Radius Head 20-9mm,Radius Prosthesis,Ժամկետով ապրանքներ,հատ,BATCH_EXPIRY,MEDIUM,NO,1C item_type says expiry-controlled and no non-sterile override matched,EXPIRY_ITEM_TYPE,,
00-00003271,5041-00107,"Radius Head 22-9,5mm",Radius Prosthesis,Ժամկետով ապրանքներ,հատ,BATCH_EXPIRY,MEDIUM,NO,1C item_type says expiry-controlled and no non-sterile override matched,EXPIRY_ITEM_TYPE,,
00-00003272,5041-00108,"Radius Head 22-11,5mm",Radius Prosthesis,Ժամկետով ապրանքներ,հատ,BATCH_EXPIRY,MEDIUM,NO,1C item_type says expiry-controlled and no non-sterile override matched,EXPIRY_ITEM_TYPE,,
00-00003273,5041-00202,Radius Stem 6.5-26mm,Radius Prosthesis,Ժամկետով ապրանքներ,հատ,BATCH_EXPIRY,MEDIUM,NO,1C item_type says expiry-controlled and no non-sterile override matched,EXPIRY_ITEM_TYPE,,
00-00003274,5041-00206,Radius Stem 6.5-28mm,Radius Prosthesis,Ժամկետով ապրանքներ,հատ,BATCH_EXPIRY,MEDIUM,NO,1C item_type says expiry-controlled and no non-sterile override matched,EXPIRY_ITEM_TYPE,,
00-00003275,5041-00211,Radius Stem 7.5-31mm,Radius Prosthesis,Ժամկետով ապրանքներ,հատ,BATCH_EXPIRY,MEDIUM,NO,1C item_type says expiry-controlled and no non-sterile override matched,EXPIRY_ITEM_TYPE,,
00-00003276,5031-00501,Humeral Head 36mm,Revers Shoulder,Ժամկետով ապրանքներ,հատ,BATCH_EXPIRY,MEDIUM,NO,1C item_type says expiry-controlled and no non-sterile override matched,EXPIRY_ITEM_TYPE,,
00-00003277,5031-00502,Humeral Head 38mm,Revers Shoulder,Ժամկետով ապրանքներ,հատ,BATCH_EXPIRY,MEDIUM,NO,1C item_type says expiry-controlled and no non-sterile override matched,EXPIRY_ITEM_TYPE,,
00-00003278,5031-00503,Humeral Head 40mm,Revers Shoulder,Ժամկետով ապրանքներ,հատ,BATCH_EXPIRY,MEDIUM,NO,1C item_type says expiry-controlled and no non-sterile override matched,EXPIRY_ITEM_TYPE,,
00-00003279,5031-00504,Humeral Head 42mm,Revers Shoulder,Ժամկետով ապրանքներ,հատ,BATCH_EXPIRY,MEDIUM,NO,1C item_type says expiry-controlled and no non-sterile override matched,EXPIRY_ITEM_TYPE,,
00-00003280,5031-00601,Glenoid 36mm-5,Revers Shoulder,Ժամկետով ապրանքներ,հատ,BATCH_EXPIRY,MEDIUM,NO,1C item_type says expiry-controlled and no non-sterile override matched,EXPIRY_ITEM_TYPE,,
00-00003281,5031-00602,Glenoid 36mm-10,Revers Shoulder,Ժամկետով ապրանքներ,հատ,BATCH_EXPIRY,MEDIUM,NO,1C item_type says expiry-controlled and no non-sterile override matched,EXPIRY_ITEM_TYPE,,
00-00003282,5031-00604,Glenoid 38mm-5,Revers Shoulder,Ժամկետով ապրանքներ,հատ,BATCH_EXPIRY,MEDIUM,NO,1C item_type says expiry-controlled and no non-sterile override matched,EXPIRY_ITEM_TYPE,,
00-00003283,5031-00605,Glenoid 38mm-10,Revers Shoulder,Ժամկետով ապրանքներ,հատ,BATCH_EXPIRY,MEDIUM,NO,1C item_type says expiry-controlled and no non-sterile override matched,EXPIRY_ITEM_TYPE,,
00-00003284,5031-00607,Glenoid 40mm-5,Revers Shoulder,Ժամկետով ապրանքներ,հատ,BATCH_EXPIRY,MEDIUM,NO,1C item_type says expiry-controlled and no non-sterile override matched,EXPIRY_ITEM_TYPE,,
00-00003285,5031-00608,Glenoid 40mm-10,Revers Shoulder,Ժամկետով ապրանքներ,հատ,BATCH_EXPIRY,MEDIUM,NO,1C item_type says expiry-controlled and no non-sterile override matched,EXPIRY_ITEM_TYPE,,
00-00003286,5031-00610,Glenoid 42mm-5,Revers Shoulder,Ժամկետով ապրանքներ,հատ,BATCH_EXPIRY,MEDIUM,NO,1C item_type says expiry-controlled and no non-sterile override matched,EXPIRY_ITEM_TYPE,,
00-00003287,5031-00611,Glenoid 42mm-10,Revers Shoulder,Ժամկետով ապրանքներ,հատ,BATCH_EXPIRY,MEDIUM,NO,1C item_type says expiry-controlled and no non-sterile override matched,EXPIRY_ITEM_TYPE,,
00-00003288,5031-00300,Broach Universal,Revers Shoulder,Ժամկետով ապրանքներ,հատ,BATCH_EXPIRY,MEDIUM,NO,1C item_type says expiry-controlled and no non-sterile override matched,EXPIRY_ITEM_TYPE,,
00-00003289,5031-00701,Upper Humerus 36/5,Revers Shoulder,Ժամկետով ապրանքներ,հատ,BATCH_EXPIRY,MEDIUM,NO,1C item_type says expiry-controlled and no non-sterile override matched,EXPIRY_ITEM_TYPE,,
00-00003290,5031-00702,Upper Humerus 36/10,Revers Shoulder,Ժամկետով ապրանքներ,հատ,BATCH_EXPIRY,MEDIUM,NO,1C item_type says expiry-controlled and no non-sterile override matched,EXPIRY_ITEM_TYPE,,
00-00003291,2000-00001,Conversion Universal,Revers Shoulder,Ժամկետով ապրանքներ,հատ,BATCH_EXPIRY,MEDIUM,NO,1C item_type says expiry-controlled and no non-sterile override matched,EXPIRY_ITEM_TYPE,,
00-00003292,1000-00001,Nuts MT6.7,Revers Shoulder,Ժամկետով ապրանքներ,հատ,BATCH_EXPIRY,MEDIUM,NO,1C item_type says expiry-controlled and no non-sterile override matched,EXPIRY_ITEM_TYPE,,
00-00003295,10010.6.2,CHUNLI Hip Instrument Set N6/2,CHUNLI,Հատ,հատ,REF_ONLY,HIGH,YES,Set/kit/instrument/tool is non-sterile; verify because item also looks expiry/sterile,NON_STERILE_TOOLING,,
00-00003296,10010.6.1,CHUNLI Hip Instrument Set N6/1,CHUNLI,Հատ,հատ,REF_ONLY,HIGH,YES,Set/kit/instrument/tool is non-sterile; verify because item also looks expiry/sterile,NON_STERILE_TOOLING,,
00-00003297,10010.7.1,CHUNLI Hip Instrument Set N7/1,CHUNLI,Հատ,հատ,REF_ONLY,HIGH,YES,Set/kit/instrument/tool is non-sterile; verify because item also looks expiry/sterile,NON_STERILE_TOOLING,,
00-00003298,10010.7.2,CHUNLI Hip Instrument Set N7/2,CHUNLI,Հատ,հատ,REF_ONLY,HIGH,YES,Set/kit/instrument/tool is non-sterile; verify because item also looks expiry/sterile,NON_STERILE_TOOLING,,
00-00003299,3150-28353.1,"58Liner-PE - 28/35 44# (working with cup size of 40,42,44)",Chunli Hip,Ժամկետով ապրանքներ,հատ,BATCH_EXPIRY,MEDIUM,NO,1C item_type says expiry-controlled and no non-sterile override matched,EXPIRY_ITEM_TYPE,,
00-00003300,3150-28373.1,58Liner-PE - 28/37 46# (working with cup size of 46),Chunli Hip,Ժամկետով ապրանքներ,հատ,BATCH_EXPIRY,MEDIUM,NO,1C item_type says expiry-controlled and no non-sterile override matched,EXPIRY_ITEM_TYPE,,
00-00003301,3150-32393.1,"58Liner-PE - 32/39 48# (working with cup size of 48,50)",Chunli Hip,Ժամկետով ապրանքներ,հատ,BATCH_EXPIRY,MEDIUM,NO,1C item_type says expiry-controlled and no non-sterile override matched,EXPIRY_ITEM_TYPE,,
00-00003302,3150-36443.1,"58Liner-PE - 36/44 52# (working with cup size of 52,54)",Chunli Hip,Ժամկետով ապրանքներ,հատ,BATCH_EXPIRY,MEDIUM,NO,1C item_type says expiry-controlled and no non-sterile override matched,EXPIRY_ITEM_TYPE,,
00-00003303,3150-36483.1,"58Liner-PE - 36/48 56# (working with cup size of 56,58,60)",Chunli Hip,Ժամկետով ապրանքներ,հատ,BATCH_EXPIRY,MEDIUM,NO,1C item_type says expiry-controlled and no non-sterile override matched,EXPIRY_ITEM_TYPE,,
00-00003304,3150-36523.1,"58Liner-PE - 36/52 62# (working with cup size of 62,64,66)",Chunli Hip,Ժամկետով ապրանքներ,հատ,BATCH_EXPIRY,MEDIUM,NO,1C item_type says expiry-controlled and no non-sterile override matched,EXPIRY_ITEM_TYPE,,
00-00003306,T040140G,GENTAFIX 1 with antibiotic,Teknimed Cement,Ժամկետով ապրանքներ,հատ,BATCH_EXPIRY,MEDIUM,NO,1C item_type says expiry-controlled and no non-sterile override matched,EXPIRY_ITEM_TYPE,,
00-00003307,T040140,CEMFIX 1 without antibiotic,Teknimed Cement,Ժամկետով ապրանքներ,հատ,BATCH_EXPIRY,MEDIUM,NO,1C item_type says expiry-controlled and no non-sterile override matched,EXPIRY_ITEM_TYPE,,
00-00003308,T804405,Ceraform Granules 3x3x3mm 10cc,Teknimed Cement,Ժամկետով ապրանքներ,հատ,BATCH_EXPIRY,MEDIUM,NO,1C item_type says expiry-controlled and no non-sterile override matched,EXPIRY_ITEM_TYPE,,
00-00003309,4209.1140,Long PFNA right 11*400mm Ti,PFNA,Հատ,հատ,REF_ONLY,LOW,NO,All nails are non-sterile REF-only,NAIL,,
00-00003310,4114.3534,3.5mm Lockable Screw 3.5*34mm S.S,ZMD Screws,Հատ,հատ,REF_ONLY,LOW,NO,Usual screw is non-sterile REF-only,SCREW,,
00-00003311,2201.3560,"ZM Locking screw 3.5mm, 60mm Ti",ZMD Screws,Հատ,հատ,REF_ONLY,LOW,NO,Usual screw is non-sterile REF-only,SCREW,,
00-00003312,2201.3570,"ZM Locking screw 3.5mm, 70mm Ti",ZMD Screws,Հատ,հատ,REF_ONLY,LOW,NO,Usual screw is non-sterile REF-only,SCREW,,
00-00003313,1113.0306,LC‐DCP Femoral Plate 6h S.S,ZMD Plates,Հատ,հատ,REF_ONLY,LOW,NO,All plates are non-sterile REF-only,PLATE,,
00-00003314,1113.0212,LC‐DCP for Tibia plate 12h S.S,ZMD Plates,Հատ,հատ,REF_ONLY,LOW,NO,All plates are non-sterile REF-only,PLATE,,
00-00003315,1113.0214,LC‐DCP for Tibia plate 14h S.S,ZMD Plates,Հատ,հատ,REF_ONLY,LOW,NO,All plates are non-sterile REF-only,PLATE,,
00-00003316,30248.2.0.250,"ZM K-wire, 2.0/250mm SS",ZMD Wire,Հատ,հատ,REF_ONLY,MEDIUM,NO,No sterile indicators matched,,,
00-00003317,54588E,"GKS PRIME FLEX: PS UHMWPE Insert, Size 7-10 / B-C - 09mm E",Permedica - Knee,Ժամկետով ապրանքներ,հատ,BATCH_EXPIRY,MEDIUM,NO,1C item_type says expiry-controlled and no non-sterile override matched,EXPIRY_ITEM_TYPE,,
00-00003318,54589E,"GKS PRIME FLEX: PS UHMWPE Insert, Size 7-10 / B-C - 11mm E",Permedica - Knee,Ժամկետով ապրանքներ,հատ,BATCH_EXPIRY,MEDIUM,NO,1C item_type says expiry-controlled and no non-sterile override matched,EXPIRY_ITEM_TYPE,,
00-00003319,3010051012,Proximal Medial Tibial T-Locking Plate 12 H Left,Boneunion,Հատ,հատ,REF_ONLY,LOW,NO,All plates are non-sterile REF-only,PLATE,,
00-00003320,3010052012,Proximal Medial Tibial T-Locking Plate 12 H Right,Boneunion,Հատ,հատ,REF_ONLY,LOW,NO,All plates are non-sterile REF-only,PLATE,,
00-00003321,3010262013,Distal Lateral Tibial Locking Plate RIGHT 13holes,Boneunion,Հատ,հատ,REF_ONLY,LOW,NO,All plates are non-sterile REF-only,PLATE,,
00-00003322,3010460004,"Proximal Humeral Locking Plate, 4 Holes",Boneunion,Հատ,հատ,REF_ONLY,LOW,NO,All plates are non-sterile REF-only,PLATE,,
00-00003323,3010460005,"Proximal Humeral Locking Plate, 5 Holes",Boneunion,Հատ,հատ,REF_ONLY,LOW,NO,All plates are non-sterile REF-only,PLATE,,
00-00003324,3010460006,"Proximal Humeral Locking Plate, 6 Holes",Boneunion,Հատ,հատ,REF_ONLY,LOW,NO,All plates are non-sterile REF-only,PLATE,,
00-00003325,3010460007,"Proximal Humeral Locking Plate, 7 Holes",Boneunion,Հատ,հատ,REF_ONLY,LOW,NO,All plates are non-sterile REF-only,PLATE,,
00-00003326,3010460008,"Proximal Humeral Locking Plate, 8 Holes",Boneunion,Հատ,հատ,REF_ONLY,LOW,NO,All plates are non-sterile REF-only,PLATE,,
00-00003327,3010460009,"Proximal Humeral Locking Plate, 9 Holes",Boneunion,Հատ,հատ,REF_ONLY,LOW,NO,All plates are non-sterile REF-only,PLATE,,
,3010040007,"Narrow Limited Contact Locking Plate, 7 Holes",Boneunion,Հատ,հատ,REF_ONLY,LOW,NO,All plates are non-sterile REF-only,PLATE,,
,3010040009,"Narrow Limited Contact Locking Plate, 9 Holes",Boneunion,Հատ,հատ,REF_ONLY,LOW,NO,All plates are non-sterile REF-only,PLATE,,
,3010040011,"Narrow Limited Contact Locking Plate, 11 Holes",Boneunion,Հատ,հատ,REF_ONLY,LOW,NO,All plates are non-sterile REF-only,PLATE,,
,3010040013,"Narrow Limited Contact Locking Plate, 13 Holes",Boneunion,Հատ,հատ,REF_ONLY,LOW,NO,All plates are non-sterile REF-only,PLATE,,
,3010040015,"Narrow Limited Contact Locking Plate, 15 Holes",Boneunion,Հատ,հատ,REF_ONLY,LOW,NO,All plates are non-sterile REF-only,PLATE,,
,3245070000,"GSSⅢ Locking Nut(5.5/6.0mm system), Φ9.4mm",Boneunion,Հատ,հատ,REF_ONLY,MEDIUM,NO,No sterile indicators matched,,,
,3051010320,"Distal Femoral Nail, Φ9×320mm",Boneunion,Հատ,հատ,REF_ONLY,LOW,NO,All nails are non-sterile REF-only,NAIL,,
,3051010340,"Distal Femoral Nail, Φ9×340mm",Boneunion,Հատ,հատ,REF_ONLY,LOW,NO,All nails are non-sterile REF-only,NAIL,,
,3051010360,"Distal Femoral Nail, Φ9×360mm",Boneunion,Հատ,հատ,REF_ONLY,LOW,NO,All nails are non-sterile REF-only,NAIL,,
,3051010380,"Distal Femoral Nail, Φ9×380mm",Boneunion,Հատ,հատ,REF_ONLY,LOW,NO,All nails are non-sterile REF-only,NAIL,,
,3051010400,"Distal Femoral Nail, Φ9×400mm",Boneunion,Հատ,հատ,REF_ONLY,LOW,NO,All nails are non-sterile REF-only,NAIL,,
,3051020280,Distal Femoral Nail Φ10×280mm,Boneunion,Հատ,հատ,REF_ONLY,LOW,NO,All nails are non-sterile REF-only,NAIL,,
,3051020300,Distal Femoral Nail Φ10×300mm,Boneunion,Հատ,հատ,REF_ONLY,LOW,NO,All nails are non-sterile REF-only,NAIL,,
,3051020320,"Distal Femoral Nail, Φ10×320mm",Boneunion,Հատ,հատ,REF_ONLY,LOW,NO,All nails are non-sterile REF-only,NAIL,,
,3051020340,"Distal Femoral Nail, Φ10×340mm",Boneunion,Հատ,հատ,REF_ONLY,LOW,NO,All nails are non-sterile REF-only,NAIL,,
,3051020360,"Distal Femoral Nail, Φ10×360mm",Boneunion,Հատ,հատ,REF_ONLY,LOW,NO,All nails are non-sterile REF-only,NAIL,,
,3051020380,"Distal Femoral Nail, Φ10×380mm",Boneunion,Հատ,հատ,REF_ONLY,LOW,NO,All nails are non-sterile REF-only,NAIL,,
,3051020400,"Distal Femoral Nail, Φ10×400mm",Boneunion,Հատ,հատ,REF_ONLY,LOW,NO,All nails are non-sterile REF-only,NAIL,,
,3051030280,Distal Femoral Nail Φ11×280mm,Boneunion,Հատ,հատ,REF_ONLY,LOW,NO,All nails are non-sterile REF-only,NAIL,,
,3051030300,Distal Femoral Nail Φ11×300mm,Boneunion,Հատ,հատ,REF_ONLY,LOW,NO,All nails are non-sterile REF-only,NAIL,,
,3051030320,"Distal Femoral Nail, Φ11×320mm",Boneunion,Հատ,հատ,REF_ONLY,LOW,NO,All nails are non-sterile REF-only,NAIL,,
,3051030340,"Distal Femoral Nail, Φ11×340mm",Boneunion,Հատ,հատ,REF_ONLY,LOW,NO,All nails are non-sterile REF-only,NAIL,,
,3051030360,"Distal Femoral Nail, Φ11×360mm",Boneunion,Հատ,հատ,REF_ONLY,LOW,NO,All nails are non-sterile REF-only,NAIL,,
,3051030380,"Distal Femoral Nail, Φ11×380mm",Boneunion,Հատ,հատ,REF_ONLY,LOW,NO,All nails are non-sterile REF-only,NAIL,,
,3051030400,"Distal Femoral Nail, Φ11×400mm",Boneunion,Հատ,հատ,REF_ONLY,LOW,NO,All nails are non-sterile REF-only,NAIL,,
,3051060050,"Spiral Blade for Distal Femoral Nail, Φ12.5×50mm",Boneunion,Հատ,հատ,REF_ONLY,LOW,NO,All nails are non-sterile REF-only,NAIL,,
,3051060055,"Spiral Blade for Distal Femoral Nail, Φ12.5×55mm",Boneunion,Հատ,հատ,REF_ONLY,LOW,NO,All nails are non-sterile REF-only,NAIL,,
,3051060060,"Spiral Blade for Distal Femoral Nail, Φ12.5×60mm",Boneunion,Հատ,հատ,REF_ONLY,LOW,NO,All nails are non-sterile REF-only,NAIL,,
,3051060065,"Spiral Blade for Distal Femoral Nail, Φ12.5×65mm",Boneunion,Հատ,հատ,REF_ONLY,LOW,NO,All nails are non-sterile REF-only,NAIL,,
,3051060070,"Spiral Blade for Distal Femoral Nail, Φ12.5×70mm",Boneunion,Հատ,հատ,REF_ONLY,LOW,NO,All nails are non-sterile REF-only,NAIL,,
,3051060075,"Spiral Blade for Distal Femoral Nail, Φ12.5×75mm",Boneunion,Հատ,հատ,REF_ONLY,LOW,NO,All nails are non-sterile REF-only,NAIL,,
,3051060080,"Spiral Blade for Distal Femoral Nail, Φ12.5×80mm",Boneunion,Հատ,հատ,REF_ONLY,LOW,NO,All nails are non-sterile REF-only,NAIL,,
,3051060085,"Spiral Blade for Distal Femoral Nail, Φ12.5×85mm",Boneunion,Հատ,հատ,REF_ONLY,LOW,NO,All nails are non-sterile REF-only,NAIL,,
,3051060090,"Spiral Blade for Distal Femoral Nail, Φ12.5×90mm",Boneunion,Հատ,հատ,REF_ONLY,LOW,NO,All nails are non-sterile REF-only,NAIL,,
,3051050040,"6.0mm Locking Screw for Distal Femoral Nail, 40mm",Boneunion,Հատ,հատ,REF_ONLY,LOW,NO,All nails are non-sterile REF-only,NAIL,,
,3051050045,"6.0mm Locking Screw for Distal Femoral Nail, 45mm",Boneunion,Հատ,հատ,REF_ONLY,LOW,NO,All nails are non-sterile REF-only,NAIL,,
,3051050050,"6.0mm Locking Screw for Distal Femoral Nail, 50mm",Boneunion,Հատ,հատ,REF_ONLY,LOW,NO,All nails are non-sterile REF-only,NAIL,,
,3051050055,"6.0mm Locking Screw for Distal Femoral Nail, 55mm",Boneunion,Հատ,հատ,REF_ONLY,LOW,NO,All nails are non-sterile REF-only,NAIL,,
,3051050060,"6.0mm Locking Screw for Distal Femoral Nail, 60mm",Boneunion,Հատ,հատ,REF_ONLY,LOW,NO,All nails are non-sterile REF-only,NAIL,,
,3051050065,"6.0mm Locking Screw for Distal Femoral Nail, 65mm",Boneunion,Հատ,հատ,REF_ONLY,LOW,NO,All nails are non-sterile REF-only,NAIL,,
,3051050070,"6.0mm Locking Screw for Distal Femoral Nail, 70mm",Boneunion,Հատ,հատ,REF_ONLY,LOW,NO,All nails are non-sterile REF-only,NAIL,,
,3051050075,"6.0mm Locking Screw for Distal Femoral Nail, 75mm",Boneunion,Հատ,հատ,REF_ONLY,LOW,NO,All nails are non-sterile REF-only,NAIL,,
,3051050080,"6.0mm Locking Screw for Distal Femoral Nail, 80mm",Boneunion,Հատ,հատ,REF_ONLY,LOW,NO,All nails are non-sterile REF-only,NAIL,,
,3051050085,"6.0mm Locking Screw for Distal Femoral Nail, 85mm",Boneunion,Հատ,հատ,REF_ONLY,LOW,NO,All nails are non-sterile REF-only,NAIL,,
,3051050090,"6.0mm Locking Screw for Distal Femoral Nail, 90mm",Boneunion,Հատ,հատ,REF_ONLY,LOW,NO,All nails are non-sterile REF-only,NAIL,,
,3051070000,End Cap for Distal Femoral Nail,Boneunion,Հատ,հատ,REF_ONLY,LOW,NO,All nails are non-sterile REF-only,NAIL,,
,3051070001,"End Cap for Distal Femoral Nail, long",Boneunion,Հատ,հատ,REF_ONLY,LOW,NO,All nails are non-sterile REF-only,NAIL,,
,3050520240,"Suprapatellar Tibial Nail, Φ10×240mm",Boneunion,Հատ,հատ,REF_ONLY,LOW,NO,All nails are non-sterile REF-only,NAIL,,
,4804200001,Distal Femoral Nail Instrument Set,Boneunion,Հատ,հատ,REF_ONLY,HIGH,YES,Set/kit/instrument/tool is non-sterile; verify because item also looks expiry/sterile,NON_STERILE_TOOLING,,
,4702000400,Specific instruments for  GSSⅢ Polyaxial Reduction Screw,Boneunion,Հատ,հատ,REF_ONLY,LOW,NO,Usual screw is non-sterile REF-only,SCREW,,
,4702000300,"GSSⅢ Reduction Forceps with Knob, 5.5/6.0",Boneunion,Հատ,հատ,REF_ONLY,MEDIUM,NO,No sterile indicators matched,,,
,4701200900,Screwdriver for GSS Ⅲ Locking Nut,Boneunion,Հատ,հատ,REF_ONLY,LOW,NO,Set/kit/instrument/tool is non-sterile,NON_STERILE_TOOLING,,
,4701200600,Screwdriver for GSSⅢ Polyaxial Reduction Screw,Boneunion,Հատ,հատ,REF_ONLY,LOW,NO,Set/kit/instrument/tool is non-sterile,NON_STERILE_TOOLING,,
,3010261015,"Distal Lateral Tibial Locking Plate, left, 15 Holes",Boneunion,Հատ,հատ,REF_ONLY,LOW,NO,All plates are non-sterile REF-only,PLATE,,
,3010262015,"Distal Lateral Tibial Locking Plate, right, 15 Holes",Boneunion,Հատ,հատ,REF_ONLY,LOW,NO,All plates are non-sterile REF-only,PLATE,,
,3245094031,"GSSⅢ Polyaxial Reduction Screw,φ4.0×31mm(5.5 system)",Boneunion,Հատ,հատ,REF_ONLY,LOW,NO,Usual screw is non-sterile REF-only,SCREW,,
,3245094531,"GSSⅢ Polyaxial Reduction Screw,φ4.5×31mm(5.5 system)",Boneunion,Հատ,հատ,REF_ONLY,LOW,NO,Usual screw is non-sterile REF-only,SCREW,,
,3245095031,"GSSⅢ Polyaxial Reduction Screw,φ5.0×31mm(5.5 system)",Boneunion,Հատ,հատ,REF_ONLY,LOW,NO,Usual screw is non-sterile REF-only,SCREW,,
,3245095041,"GSSⅢ Polyaxial Reduction Screw,φ5.0×41mm(5.5 system)",Boneunion,Հատ,հատ,REF_ONLY,LOW,NO,Usual screw is non-sterile REF-only,SCREW,,
,3245095541,"GSSⅢ Polyaxial Reduction Screw,φ5.5×41mm(5.5 system)",Boneunion,Հատ,հատ,REF_ONLY,LOW,NO,Usual screw is non-sterile REF-only,SCREW,,
,3245095546,"GSSⅢ Polyaxial Reduction Screw,φ5.5×46mm(5.5 system)",Boneunion,Հատ,հատ,REF_ONLY,LOW,NO,Usual screw is non-sterile REF-only,SCREW,,
,3245095551,"GSSⅢ Polyaxial Reduction Screw,φ5.5×51mm(5.5 system)",Boneunion,Հատ,հատ,REF_ONLY,LOW,NO,Usual screw is non-sterile REF-only,SCREW,,
,3245096541,"GSSⅢ Polyaxial Reduction Screw,φ6.5×41mm(5.5 system)",Boneunion,Հատ,հատ,REF_ONLY,LOW,NO,Usual screw is non-sterile REF-only,SCREW,,
,3245096546,"GSSⅢ Polyaxial Reduction Screw,φ6.5×46mm(5.5 system)",Boneunion,Հատ,հատ,REF_ONLY,LOW,NO,Usual screw is non-sterile REF-only,SCREW,,
,3245096551,"GSSⅢ Polyaxial Reduction Screw,φ6.5×51mm(5.5 system)",Boneunion,Հատ,հատ,REF_ONLY,LOW,NO,Usual screw is non-sterile REF-only,SCREW,,
,3245097046,"GSSⅢ Polyaxial Reduction Screw,φ7.0×46mm(5.5 system)",Boneunion,Հատ,հատ,REF_ONLY,LOW,NO,Usual screw is non-sterile REF-only,SCREW,,
,3245097051,"GSSⅢ Polyaxial Reduction Screw,φ7.0×51mm(5.5 system)",Boneunion,Հատ,հատ,REF_ONLY,LOW,NO,Usual screw is non-sterile REF-only,SCREW,,
,3051010280,"Distal Femoral Nail, long φ9×280mm",Boneunion,Հատ,հատ,REF_ONLY,LOW,NO,All nails are non-sterile REF-only,NAIL,,
,3051010300,"Distal Femoral Nail, long φ9×300mm",Boneunion,Հատ,հատ,REF_ONLY,LOW,NO,All nails are non-sterile REF-only,NAIL,,
,3051060040,Spiral Blade for Distal Femoral Nail φ12.5×40mm,Boneunion,Հատ,հատ,REF_ONLY,LOW,NO,All nails are non-sterile REF-only,NAIL,,
,3051060045,Spiral Blade for Distal Femoral Nail φ12.5×45mm,Boneunion,Հատ,հատ,REF_ONLY,LOW,NO,All nails are non-sterile REF-only,NAIL,,
,3051050035,"6.0mm Locking Screw for Distal Femoral Nail, φ6.0×35mm",Boneunion,Հատ,հատ,REF_ONLY,LOW,NO,All nails are non-sterile REF-only,NAIL,,
,4803201200,SP Connecting Screw,Boneunion,Հատ,հատ,REF_ONLY,LOW,NO,Usual screw is non-sterile REF-only,SCREW,,
,,,,Հատ,հատ,MANUAL_REVIEW,HIGH,YES,No SKU/REF; confirm item identity/barcode mapping,NO_SKU_REF,,
00-00003328,10010.8.1,CHUNLI Hip Instrument Set N8/1,CHUNLI,Հատ,հատ,REF_ONLY,HIGH,YES,Set/kit/instrument/tool is non-sterile; verify because item also looks expiry/sterile,NON_STERILE_TOOLING,,
00-00003329,10010.8.2,CHUNLI Hip Instrument Set N8/2,CHUNLI,Հատ,հատ,REF_ONLY,HIGH,YES,Set/kit/instrument/tool is non-sterile; verify because item also looks expiry/sterile,NON_STERILE_TOOLING,,
00-00003330,10010.9.1,CHUNLI Hip Instrument Set N9/1,CHUNLI,Հատ,հատ,REF_ONLY,HIGH,YES,Set/kit/instrument/tool is non-sterile; verify because item also looks expiry/sterile,NON_STERILE_TOOLING,,
00-00003331,10010.9.2,CHUNLI Hip Instrument Set N9/2,CHUNLI,Հատ,հատ,REF_ONLY,HIGH,YES,Set/kit/instrument/tool is non-sterile; verify because item also looks expiry/sterile,NON_STERILE_TOOLING,,
00-00003332,1014.1,Wagner stem 1,Instruments,Հատ,հատ,BATCH_EXPIRY,MEDIUM,NO,Looks like sterile prosthesis/component/medical product,STERILE_PRODUCT_KEYWORD,,
00-00003333,BO.155.07.S,SMALL COMPRESSION LOCKING PLATE 3.5MM S.S. 7H,BOMBAY,Հատ,հատ,REF_ONLY,LOW,NO,All plates are non-sterile REF-only,PLATE,,
00-00003334,BO.155.09.S,SMALL COMPRESSION LOCKING PLATE 3.5MM S.S. 9H,BOMBAY,Հատ,հատ,REF_ONLY,LOW,NO,All plates are non-sterile REF-only,PLATE,,
00-00003335,BO.155.11.S,SMALL COMPRESSION LOCKING PLATE 3.5MM S.S. 11H,BOMBAY,Հատ,հատ,REF_ONLY,LOW,NO,All plates are non-sterile REF-only,PLATE,,
00-00003336,BO.155.12.S,SMALL COMPRESSION LOCKING PLATE 3.5MM S.S. 12H,BOMBAY,Հատ,հատ,REF_ONLY,LOW,NO,All plates are non-sterile REF-only,PLATE,,
00-00003337,BO.155.07.T,SMALL COMPRESSION LOCKING PLATE 3.5MM Ti 7H,BOMBAY,Հատ,հատ,REF_ONLY,LOW,NO,All plates are non-sterile REF-only,PLATE,,
00-00003338,BO.155.09.T,SMALL COMPRESSION LOCKING PLATE 3.5MM Ti 9H,BOMBAY,Հատ,հատ,REF_ONLY,LOW,NO,All plates are non-sterile REF-only,PLATE,,
00-00003339,BO.155.11.T,SMALL COMPRESSION LOCKING PLATE 3.5MM Ti 11H,BOMBAY,Հատ,հատ,REF_ONLY,LOW,NO,All plates are non-sterile REF-only,PLATE,,
00-00003340,BO.155.12.T,SMALL COMPRESSION LOCKING PLATE 3.5MM Ti 12H,BOMBAY,Հատ,հատ,REF_ONLY,LOW,NO,All plates are non-sterile REF-only,PLATE,,
00-00003341,BO.9941.L.4.S,Extra-Aarticular Distal Humerus Locking Plate 4h L S.S.,BOMBAY,Հատ,հատ,REF_ONLY,LOW,NO,All plates are non-sterile REF-only,PLATE,,
00-00003342,BO.9941.R.4.S,Extra-Aarticular Distal Humerus Locking Plate 4h R S.S.,BOMBAY,Հատ,հատ,REF_ONLY,LOW,NO,All plates are non-sterile REF-only,PLATE,,
00-00003343,BO.9941.L.6.S,Extra-Aarticular Distal Humerus Locking Plate 6h L S.S.,BOMBAY,Հատ,հատ,REF_ONLY,LOW,NO,All plates are non-sterile REF-only,PLATE,,
00-00003344,BO.9941.R.6.S,Extra-Aarticular Distal Humerus Locking Plate 6h R S.S.,BOMBAY,Հատ,հատ,REF_ONLY,LOW,NO,All plates are non-sterile REF-only,PLATE,,
00-00003345,BO.9941.L.8.S,Extra-Aarticular Distal Humerus Locking Plate 8h L S.S.,BOMBAY,Հատ,հատ,REF_ONLY,LOW,NO,All plates are non-sterile REF-only,PLATE,,
00-00003346,BO.9941.R.8.S,Extra-Aarticular Distal Humerus Locking Plate 8h R S.S.,BOMBAY,Հատ,հատ,REF_ONLY,LOW,NO,All plates are non-sterile REF-only,PLATE,,
00-00003347,BO.9941.L.10.S,Extra-Aarticular Distal Humerus Locking Plate 10h L S.S.,BOMBAY,Հատ,հատ,REF_ONLY,LOW,NO,All plates are non-sterile REF-only,PLATE,,
00-00003348,BO.9941.R.10.S,Extra-Aarticular Distal Humerus Locking Plate 10h R S.S.,BOMBAY,Հատ,հատ,REF_ONLY,LOW,NO,All plates are non-sterile REF-only,PLATE,,
00-00003349,BO.9941.L.12.S,Extra-Aarticular Distal Humerus Locking Plate 12h L S.S.,BOMBAY,Հատ,հատ,REF_ONLY,LOW,NO,All plates are non-sterile REF-only,PLATE,,
00-00003350,BO.9941.R.12.S,Extra-Aarticular Distal Humerus Locking Plate 12h R S.S.,BOMBAY,Հատ,հատ,REF_ONLY,LOW,NO,All plates are non-sterile REF-only,PLATE,,
00-00003351,BO.9941.L.14.S,Extra-Aarticular Distal Humerus Locking Plate 14h L S.S.,BOMBAY,Հատ,հատ,REF_ONLY,LOW,NO,All plates are non-sterile REF-only,PLATE,,
00-00003352,BO.9941.R.14.S,Extra-Aarticular Distal Humerus Locking Plate 14h R S.S.,BOMBAY,Հատ,հատ,REF_ONLY,LOW,NO,All plates are non-sterile REF-only,PLATE,,
00-00003353,BO.9907.R.3.S,Distal Humerus With Lateral Support LCP (2.7mm&3.5mm) 3h R SS,BOMBAY,Հատ,հատ,REF_ONLY,LOW,NO,All plates are non-sterile REF-only,PLATE,,
00-00003354,BO.9907.L.3.S,Distal Humerus With Lateral Support LCP (2.7mm&3.5mm) 3h L SS,BOMBAY,Հատ,հատ,REF_ONLY,LOW,NO,All plates are non-sterile REF-only,PLATE,,
00-00003355,BO.9907.R.5.S,Distal Humerus With Lateral Support LCP (2.7mm&3.5mm) 5h R SS,BOMBAY,Հատ,հատ,REF_ONLY,LOW,NO,All plates are non-sterile REF-only,PLATE,,
00-00003356,BO.9907.L.5.S,Distal Humerus With Lateral Support LCP (2.7mm&3.5mm) 5h L SS,BOMBAY,Հատ,հատ,REF_ONLY,LOW,NO,All plates are non-sterile REF-only,PLATE,,
00-00003357,BO.9907.R.7.S,Distal Humerus With Lateral Support LCP (2.7mm&3.5mm) 7h R SS,BOMBAY,Հատ,հատ,REF_ONLY,LOW,NO,All plates are non-sterile REF-only,PLATE,,
00-00003358,BO.9907.L.7.S,Distal Humerus With Lateral Support LCP (2.7mm&3.5mm) 7h L SS,BOMBAY,Հատ,հատ,REF_ONLY,LOW,NO,All plates are non-sterile REF-only,PLATE,,
00-00003359,BO.9907.R.11.S,Distal Humerus With Lateral Support LCP (2.7mm&3.5mm) 11h R SS,BOMBAY,Հատ,հատ,REF_ONLY,LOW,NO,All plates are non-sterile REF-only,PLATE,,
00-00003360,BO.9907.L.11.S,Distal Humerus With Lateral Support LCP (2.7mm&3.5mm) 11h L SS,BOMBAY,Հատ,հատ,REF_ONLY,LOW,NO,All plates are non-sterile REF-only,PLATE,,
00-00003361,BO.9907.R.13.S,Distal Humerus With Lateral Support LCP (2.7mm&3.5mm) 13h R SS,BOMBAY,Հատ,հատ,REF_ONLY,LOW,NO,All plates are non-sterile REF-only,PLATE,,
00-00003362,BO.9907.L.13.S,Distal Humerus With Lateral Support LCP (2.7mm&3.5mm) 13h L SS,BOMBAY,Հատ,հատ,REF_ONLY,LOW,NO,All plates are non-sterile REF-only,PLATE,,
00-00003363,BO.9908.L.3.S,Medial Distal Humerus LCP (2.7mm&3.5mm) 3h L SS,BOMBAY,Հատ,հատ,REF_ONLY,LOW,NO,All plates are non-sterile REF-only,PLATE,,
00-00003364,BO.9908.R.3.S,Medial Distal Humerus LCP (2.7mm&3.5mm) 3h R SS,BOMBAY,Հատ,հատ,REF_ONLY,LOW,NO,All plates are non-sterile REF-only,PLATE,,
00-00003365,BO.9908.L.5.S,Medial Distal Humerus LCP (2.7mm&3.5mm) 5h L SS,BOMBAY,Հատ,հատ,REF_ONLY,LOW,NO,All plates are non-sterile REF-only,PLATE,,
00-00003366,BO.9908.R.5.S,Medial Distal Humerus LCP (2.7mm&3.5mm) 5h R SS,BOMBAY,Հատ,հատ,REF_ONLY,LOW,NO,All plates are non-sterile REF-only,PLATE,,
00-00003367,BO.9908.L.7.S,Medial Distal Humerus LCP (2.7mm&3.5mm) 7h L SS,BOMBAY,Հատ,հատ,REF_ONLY,LOW,NO,All plates are non-sterile REF-only,PLATE,,
00-00003368,BO.9908.R.7.S,Medial Distal Humerus LCP (2.7mm&3.5mm) 7h R SS,BOMBAY,Հատ,հատ,REF_ONLY,LOW,NO,All plates are non-sterile REF-only,PLATE,,
00-00003369,BO.9908.L.9.S,Medial Distal Humerus LCP (2.7mm&3.5mm) 9h L SS,BOMBAY,Հատ,հատ,REF_ONLY,LOW,NO,All plates are non-sterile REF-only,PLATE,,
00-00003370,BO.9908.R.9.S,Medial Distal Humerus LCP (2.7mm&3.5mm) 9h R SS,BOMBAY,Հատ,հատ,REF_ONLY,LOW,NO,All plates are non-sterile REF-only,PLATE,,
00-00003371,BO.9908.L.11.S,Medial Distal Humerus LCP (2.7mm&3.5mm) 11h L SS,BOMBAY,Հատ,հատ,REF_ONLY,LOW,NO,All plates are non-sterile REF-only,PLATE,,
00-00003372,BO.9908.R.11.S,Medial Distal Humerus LCP (2.7mm&3.5mm) 11h R SS,BOMBAY,Հատ,հատ,REF_ONLY,LOW,NO,All plates are non-sterile REF-only,PLATE,,
00-00003373,BO.9908.L.13.S,Medial Distal Humerus LCP (2.7mm&3.5mm) 13h L SS,BOMBAY,Հատ,հատ,REF_ONLY,LOW,NO,All plates are non-sterile REF-only,PLATE,,
00-00003374,BO.9908.R.13.S,Medial Distal Humerus LCP (2.7mm&3.5mm) 13h R SS,BOMBAY,Հատ,հատ,REF_ONLY,LOW,NO,All plates are non-sterile REF-only,PLATE,,
00-00003375,BO.509.R.4.R.S,OLECRANON LOCKING PLATE 3.5MM 4H RIGHT S.S. 4H,BOMBAY,Հատ,հատ,REF_ONLY,LOW,NO,All plates are non-sterile REF-only,PLATE,,
00-00003376,BO.509.R.6.R.S,OLECRANON LOCKING PLATE 3.5MM 6H RIGHT S.S. 6H,BOMBAY,Հատ,հատ,REF_ONLY,LOW,NO,All plates are non-sterile REF-only,PLATE,,
00-00003377,BO.509.R.8.R.S,OLECRANON LOCKING PLATE 3.5MM 6H RIGHT S.S. 8H,BOMBAY,Հատ,հատ,REF_ONLY,LOW,NO,All plates are non-sterile REF-only,PLATE,,
00-00003378,BO.509.R.4.L.S,OLECRANON LOCKING PLATE 3.5MM 4H LEFT S.S. 4H,BOMBAY,Հատ,հատ,REF_ONLY,LOW,NO,All plates are non-sterile REF-only,PLATE,,
00-00003379,BO.509.R.6.L.S,OLECRANON LOCKING PLATE 3.5MM 6H LEFT S.S. 6H,BOMBAY,Հատ,հատ,REF_ONLY,LOW,NO,All plates are non-sterile REF-only,PLATE,,
00-00003380,BO.509.R.8.L.S,OLECRANON LOCKING PLATE 3.5MM 6H LEFT S.S. 8H,BOMBAY,Հատ,հատ,REF_ONLY,LOW,NO,All plates are non-sterile REF-only,PLATE,,
00-00003381,BO.9946.2.R.S,"Two-columa distal Radius plate, S.S. 2H Right",BOMBAY,Հատ,հատ,REF_ONLY,LOW,NO,All plates are non-sterile REF-only,PLATE,,
00-00003382,BO.9946.3.R.S,"Two-columa distal Radius plate, S.S. 3H Right",BOMBAY,Հատ,հատ,REF_ONLY,LOW,NO,All plates are non-sterile REF-only,PLATE,,
00-00003383,BO.9946.4.R.S,"Two-columa distal Radius plate, S.S. 4H Right",BOMBAY,Հատ,հատ,REF_ONLY,LOW,NO,All plates are non-sterile REF-only,PLATE,,
00-00003384,BO.9946.6.R.S,"Two-columa distal Radius plate, S.S. 6H Right",BOMBAY,Հատ,հատ,REF_ONLY,LOW,NO,All plates are non-sterile REF-only,PLATE,,
00-00003385,BO.9946.8.R.S,"Two-columa distal Radius plate, S.S. 8H Right",BOMBAY,Հատ,հատ,REF_ONLY,LOW,NO,All plates are non-sterile REF-only,PLATE,,
00-00003386,BO.9946.2.L.S,"Two-columa distal Radius plate, S.S. 2H Left",BOMBAY,Հատ,հատ,REF_ONLY,LOW,NO,All plates are non-sterile REF-only,PLATE,,
00-00003387,BO.9946.3.L.S,"Two-columa distal Radius plate, S.S. 3H Left",BOMBAY,Հատ,հատ,REF_ONLY,LOW,NO,All plates are non-sterile REF-only,PLATE,,
00-00003388,BO.9946.4.L.S,"Two-columa distal Radius plate, S.S. 4H Left",BOMBAY,Հատ,հատ,REF_ONLY,LOW,NO,All plates are non-sterile REF-only,PLATE,,
00-00003389,BO.9946.6.L.S,"Two-columa distal Radius plate, S.S. 6H Left",BOMBAY,Հատ,հատ,REF_ONLY,LOW,NO,All plates are non-sterile REF-only,PLATE,,
00-00003390,BO.9946.8.L.S,"Two-columa distal Radius plate, S.S. 8H Left",BOMBAY,Հատ,հատ,REF_ONLY,LOW,NO,All plates are non-sterile REF-only,PLATE,,
00-00003391,BO.167.7.S,BROAD LOCKING COMPRESSION PLATE 5.0MM 7H S.S.,BOMBAY,Հատ,հատ,REF_ONLY,LOW,NO,All plates are non-sterile REF-only,PLATE,,
00-00003392,BO.167.9.S,BROAD LOCKING COMPRESSION PLATE 5.0MM 9H S.S.,BOMBAY,Հատ,հատ,REF_ONLY,LOW,NO,All plates are non-sterile REF-only,PLATE,,
00-00003393,BO.167.11.S,BROAD LOCKING COMPRESSION PLATE 5.0MM 11H S.S.,BOMBAY,Հատ,հատ,REF_ONLY,LOW,NO,All plates are non-sterile REF-only,PLATE,,
00-00003394,BO.167.13.S,BROAD LOCKING COMPRESSION PLATE 5.0MM 13H S.S.,BOMBAY,Հատ,հատ,REF_ONLY,LOW,NO,All plates are non-sterile REF-only,PLATE,,
00-00003395,BO.167.15.S,BROAD LOCKING COMPRESSION PLATE 5.0MM 15H S.S.,BOMBAY,Հատ,հատ,REF_ONLY,LOW,NO,All plates are non-sterile REF-only,PLATE,,
00-00003396,BO.167.17.S,BROAD LOCKING COMPRESSION PLATE 5.0MM 17H S.S.,BOMBAY,Հատ,հատ,REF_ONLY,LOW,NO,All plates are non-sterile REF-only,PLATE,,
00-00003397,BO.9986.L.04.S,Proximal Tibia Locking Plate L 4h S.S,BOMBAY,Հատ,հատ,REF_ONLY,LOW,NO,All plates are non-sterile REF-only,PLATE,,
00-00003398,BO.9986.L.06.S,Proximal Tibia Locking Plate L 6h S.S.,BOMBAY,Հատ,հատ,REF_ONLY,LOW,NO,All plates are non-sterile REF-only,PLATE,,
00-00003399,BO.9986.L.08.S,Proximal Tibia Locking Plate L 8h S.S.,BOMBAY,Հատ,հատ,REF_ONLY,LOW,NO,All plates are non-sterile REF-only,PLATE,,
00-00003400,BO.9986.L.10.S,Proximal Tibia Locking Plate L 10h S.S.,BOMBAY,Հատ,հատ,REF_ONLY,LOW,NO,All plates are non-sterile REF-only,PLATE,,
00-00003401,BO.9986.L.12.S,Proximal Tibia Locking Plate L 12h S.S.,BOMBAY,Հատ,հատ,REF_ONLY,LOW,NO,All plates are non-sterile REF-only,PLATE,,
00-00003402,BO.9986.L.14.S,Proximal Tibia Locking Plate L 14h S.S.,BOMBAY,Հատ,հատ,REF_ONLY,LOW,NO,All plates are non-sterile REF-only,PLATE,,
00-00003403,BO.9986.R.04.S,Proximal Tibia Locking Plate R 4h S.S.,BOMBAY,Հատ,հատ,REF_ONLY,LOW,NO,All plates are non-sterile REF-only,PLATE,,
00-00003404,BO.9986.R.06.S,Proximal Tibia Locking Plate R 6h S.S.,BOMBAY,Հատ,հատ,REF_ONLY,LOW,NO,All plates are non-sterile REF-only,PLATE,,
00-00003405,BO.9986.R.08.S,Proximal Tibia Locking Plate R 8h S.S.,BOMBAY,Հատ,հատ,REF_ONLY,LOW,NO,All plates are non-sterile REF-only,PLATE,,
00-00003406,BO.9986.R.10.S,Proximal Tibia Locking Plate R 10h S.S.,BOMBAY,Հատ,հատ,REF_ONLY,LOW,NO,All plates are non-sterile REF-only,PLATE,,
00-00003407,BO.9986.R.12.S,Proximal Tibia Locking Plate R 12h S.S.,BOMBAY,Հատ,հատ,REF_ONLY,LOW,NO,All plates are non-sterile REF-only,PLATE,,
00-00003408,BO.9986.R.14.S,Proximal Tibia Locking Plate R 14h S.S.,BOMBAY,Հատ,հատ,REF_ONLY,LOW,NO,All plates are non-sterile REF-only,PLATE,,
00-00003409,BO.186.10.S,"Locking screw 2.4mm, 10mm S.S.",BOMBAY,Հատ,հատ,REF_ONLY,LOW,NO,Usual screw is non-sterile REF-only,SCREW,,
00-00003410,BO.186.12.S,"Locking screw 2.4mm, 12mm S.S.",BOMBAY,Հատ,հատ,REF_ONLY,LOW,NO,Usual screw is non-sterile REF-only,SCREW,,
00-00003411,BO.186.14.S,"Locking screw 2.4mm, 14mm S.S.",BOMBAY,Հատ,հատ,REF_ONLY,LOW,NO,Usual screw is non-sterile REF-only,SCREW,,
00-00003412,BO.186.16.S,"Locking screw 2.4mm, 16mm S.S.",BOMBAY,Հատ,հատ,REF_ONLY,LOW,NO,Usual screw is non-sterile REF-only,SCREW,,
00-00003413,BO.186.18.S,"Locking screw 2.4mm, 18mm S.S.",BOMBAY,Հատ,հատ,REF_ONLY,LOW,NO,Usual screw is non-sterile REF-only,SCREW,,
00-00003414,BO.186.20.S,"Locking screw 2.4mm, 20mm S.S.",BOMBAY,Հատ,հատ,REF_ONLY,LOW,NO,Usual screw is non-sterile REF-only,SCREW,,
00-00003415,BO.186.22.S,"Locking screw 2.4mm, 22mm S.S.",BOMBAY,Հատ,հատ,REF_ONLY,LOW,NO,Usual screw is non-sterile REF-only,SCREW,,
00-00003416,BO.186.24.S,"Locking screw 2.4mm, 24mm S.S.",BOMBAY,Հատ,հատ,REF_ONLY,LOW,NO,Usual screw is non-sterile REF-only,SCREW,,
00-00003417,BO.186.26.S,"Locking screw 2.4mm, 26mm S.S.",BOMBAY,Հատ,հատ,REF_ONLY,LOW,NO,Usual screw is non-sterile REF-only,SCREW,,
00-00003418,BO.186.28.S,"Locking screw 2.4mm, 28mm S.S.",BOMBAY,Հատ,հատ,REF_ONLY,LOW,NO,Usual screw is non-sterile REF-only,SCREW,,
00-00003419,BO.186.30.S,"Locking screw 2.4mm, 30mm S.S.",BOMBAY,Հատ,հատ,REF_ONLY,LOW,NO,Usual screw is non-sterile REF-only,SCREW,,
00-00003420,BO.204.32.S,"Locking screw 2.7mm, 32mm S.S.",BOMBAY,Հատ,հատ,REF_ONLY,LOW,NO,Usual screw is non-sterile REF-only,SCREW,,
00-00003421,BO.204.34.S,"Locking screw 2.7mm, 34mm S.S.",BOMBAY,Հատ,հատ,REF_ONLY,LOW,NO,Usual screw is non-sterile REF-only,SCREW,,
00-00003422,BO.204.36.S,"Locking screw 2.7mm, 36mm S.S.",BOMBAY,Հատ,հատ,REF_ONLY,LOW,NO,Usual screw is non-sterile REF-only,SCREW,,
00-00003423,BO.204.38.S,"Locking screw 2.7mm, 38mm S.S.",BOMBAY,Հատ,հատ,REF_ONLY,LOW,NO,Usual screw is non-sterile REF-only,SCREW,,
00-00003424,BO.204.40.S,"Locking screw 2.7mm, 40mm S.S.",BOMBAY,Հատ,հատ,REF_ONLY,LOW,NO,Usual screw is non-sterile REF-only,SCREW,,
00-00003425,BO.268.R.4.S,Medial Proximal Tibia Locking Plate R 4h S.S.,BOMBAY,Հատ,հատ,REF_ONLY,LOW,NO,All plates are non-sterile REF-only,PLATE,,
00-00003426,BO.268.R.6.S,Medial Proximal Tibia Locking Plate R 6h S.S.,BOMBAY,Հատ,հատ,REF_ONLY,LOW,NO,All plates are non-sterile REF-only,PLATE,,
00-00003427,BO.268.R.8.S,Medial Proximal Tibia Locking Plate R 8h S.S.,BOMBAY,Հատ,հատ,REF_ONLY,LOW,NO,All plates are non-sterile REF-only,PLATE,,
00-00003428,BO.268.R.10.S,Medial Proximal Tibia Locking Plate R 10h S.S.,BOMBAY,Հատ,հատ,REF_ONLY,LOW,NO,All plates are non-sterile REF-only,PLATE,,
00-00003429,BO.268.R.12.S,Medial Proximal Tibia Locking Plate R 12h S.S.,BOMBAY,Հատ,հատ,REF_ONLY,LOW,NO,All plates are non-sterile REF-only,PLATE,,
00-00003430,BO.268.R.14.S,Medial Proximal Tibia Locking Plate R 14h S.S.,BOMBAY,Հատ,հատ,REF_ONLY,LOW,NO,All plates are non-sterile REF-only,PLATE,,
00-00003431,BO.268.R.16.S,Medial Proximal Tibia Locking Plate R 16h S.S.,BOMBAY,Հատ,հատ,REF_ONLY,LOW,NO,All plates are non-sterile REF-only,PLATE,,
00-00003432,BO.268.L.4.S,Medial Proximal Tibia Locking Plate L 4h S.S.,BOMBAY,Հատ,հատ,REF_ONLY,LOW,NO,All plates are non-sterile REF-only,PLATE,,
00-00003433,BO.268.L.6.S,Medial Proximal Tibia Locking Plate L 6h S.S.,BOMBAY,Հատ,հատ,REF_ONLY,LOW,NO,All plates are non-sterile REF-only,PLATE,,
00-00003434,BO.268.L.8.S,Medial Proximal Tibia Locking Plate L 8h S.S.,BOMBAY,Հատ,հատ,REF_ONLY,LOW,NO,All plates are non-sterile REF-only,PLATE,,
00-00003435,BO.268.L.10.S,Medial Proximal Tibia Locking Plate L 10h S.S.,BOMBAY,Հատ,հատ,REF_ONLY,LOW,NO,All plates are non-sterile REF-only,PLATE,,
00-00003436,BO.268.L.12.S,Medial Proximal Tibia Locking Plate L 12h S.S.,BOMBAY,Հատ,հատ,REF_ONLY,LOW,NO,All plates are non-sterile REF-only,PLATE,,
00-00003437,BO.268.L.14.S,Medial Proximal Tibia Locking Plate L 14h S.S.,BOMBAY,Հատ,հատ,REF_ONLY,LOW,NO,All plates are non-sterile REF-only,PLATE,,
00-00003438,BO.268.L.16.S,Medial Proximal Tibia Locking Plate L 16h S.S.,BOMBAY,Հատ,հատ,REF_ONLY,LOW,NO,All plates are non-sterile REF-only,PLATE,,
00-00003439,BO.02.9938.05.S.S.,PROXIMAL FEMUR LOCKING PLATE (6.5 COBRA HEAD) 5 Holes S.S.,BOMBAY,Հատ,հատ,REF_ONLY,LOW,NO,All plates are non-sterile REF-only,PLATE,,
00-00003440,BO.02.9938.07.S.S.,PROXIMAL FEMUR LOCKING PLATE (6.5 COBRA HEAD) 7 Holes S.S.,BOMBAY,Հատ,հատ,REF_ONLY,LOW,NO,All plates are non-sterile REF-only,PLATE,,
00-00003441,BO.02.9938.09.S.S.,PROXIMAL FEMUR LOCKING PLATE (6.5 COBRA HEAD) 9 Holes S.S.,BOMBAY,Հատ,հատ,REF_ONLY,LOW,NO,All plates are non-sterile REF-only,PLATE,,
00-00003442,BO.02.9938.11.S.S.,PROXIMAL FEMUR LOCKING PLATE (6.5 COBRA HEAD) 11 Holes S.S.,BOMBAY,Հատ,հատ,REF_ONLY,LOW,NO,All plates are non-sterile REF-only,PLATE,,
00-00003443,BO.02.9938.13.S.S.,PROXIMAL FEMUR LOCKING PLATE (6.5 COBRA HEAD) 13 Holes S.S.,BOMBAY,Հատ,հատ,REF_ONLY,LOW,NO,All plates are non-sterile REF-only,PLATE,,
00-00003444,BO.02.9938.05.Ti,PROXIMAL FEMUR LOCKING PLATE (6.5 COBRA HEAD) 5 Holes Ti,BOMBAY,Հատ,հատ,REF_ONLY,LOW,NO,All plates are non-sterile REF-only,PLATE,,
00-00003445,BO.02.9938.07.Ti,PROXIMAL FEMUR LOCKING PLATE (6.5 COBRA HEAD) 7 Holes Ti,BOMBAY,Հատ,հատ,REF_ONLY,LOW,NO,All plates are non-sterile REF-only,PLATE,,
00-00003446,BO.02.9938.09.Ti,PROXIMAL FEMUR LOCKING PLATE (6.5 COBRA HEAD) 9 Holes Ti,BOMBAY,Հատ,հատ,REF_ONLY,LOW,NO,All plates are non-sterile REF-only,PLATE,,
00-00003447,BO.02.9938.11.Ti,PROXIMAL FEMUR LOCKING PLATE (6.5 COBRA HEAD) 11 Holes Ti,BOMBAY,Հատ,հատ,REF_ONLY,LOW,NO,All plates are non-sterile REF-only,PLATE,,
00-00003448,BO.02.9938.13.Ti,PROXIMAL FEMUR LOCKING PLATE (6.5 COBRA HEAD) 13 Holes Ti,BOMBAY,Հատ,հատ,REF_ONLY,LOW,NO,All plates are non-sterile REF-only,PLATE,,
00-00003449,BO.511.S.5h.R,"Anterolateral Distal Tibia LCP 3,5mm & R 5H S.S.",BOMBAY,Հատ,հատ,REF_ONLY,LOW,NO,All plates are non-sterile REF-only,PLATE,,
00-00003450,BO.511.S.7h.R,"Anterolateral Distal Tibia LCP 3,5mm & R 7H S.S.",BOMBAY,Հատ,հատ,REF_ONLY,LOW,NO,All plates are non-sterile REF-only,PLATE,,
00-00003451,BO.511.S.9h.R,"Anterolateral Distal Tibia LCP 3,5mm & R 9H S.S.",BOMBAY,Հատ,հատ,REF_ONLY,LOW,NO,All plates are non-sterile REF-only,PLATE,,
00-00003452,BO.511.S.11h.R,"Anterolateral Distal Tibia LCP 3,5mm & R 11H S.S.",BOMBAY,Հատ,հատ,REF_ONLY,LOW,NO,All plates are non-sterile REF-only,PLATE,,
00-00003453,BO.511.S.13h.R,"Anterolateral Distal Tibia LCP 3,5mm & R 13H S.S.",BOMBAY,Հատ,հատ,REF_ONLY,LOW,NO,All plates are non-sterile REF-only,PLATE,,
00-00003454,BO.511.S.15h.R,"Anterolateral Distal Tibia LCP 3,5mm & R 15H S.S.",BOMBAY,Հատ,հատ,REF_ONLY,LOW,NO,All plates are non-sterile REF-only,PLATE,,
00-00003455,BO.511.S.5h.L,"Anterolateral Distal Tibia LCP 3,5mm & L 5H S.S.",BOMBAY,Հատ,հատ,REF_ONLY,LOW,NO,All plates are non-sterile REF-only,PLATE,,
00-00003456,BO.511.S.7h.L,"Anterolateral Distal Tibia LCP 3,5mm & L 7H S.S.",BOMBAY,Հատ,հատ,REF_ONLY,LOW,NO,All plates are non-sterile REF-only,PLATE,,
00-00003457,BO.511.S.9h.L,"Anterolateral Distal Tibia LCP 3,5mm & L 9H  S.S.",BOMBAY,Հատ,հատ,REF_ONLY,LOW,NO,All plates are non-sterile REF-only,PLATE,,
00-00003458,BO.511.S.11h.L,"Anterolateral Distal Tibia LCP 3,5mm & L 11H S.S.",BOMBAY,Հատ,հատ,REF_ONLY,LOW,NO,All plates are non-sterile REF-only,PLATE,,
00-00003459,BO.511.S.13h.L,"Anterolateral Distal Tibia LCP 3,5mm & L 13H S.S.",BOMBAY,Հատ,հատ,REF_ONLY,LOW,NO,All plates are non-sterile REF-only,PLATE,,
00-00003460,BO.511.S.15h.L,"Anterolateral Distal Tibia LCP 3,5mm & L 15H S.S.",BOMBAY,Հատ,հատ,REF_ONLY,LOW,NO,All plates are non-sterile REF-only,PLATE,,
00-00003463,BOI.185.10.S,"Cortex screw 2.4mm, 10mm S.S.",BOMBAY,Հատ,հատ,REF_ONLY,LOW,NO,Usual screw is non-sterile REF-only,SCREW,,
00-00003464,BOI.185.12.S,"Cortex screw 2.4mm, 12mm S.S.",BOMBAY,Հատ,հատ,REF_ONLY,LOW,NO,Usual screw is non-sterile REF-only,SCREW,,
00-00003465,BOI.185.14.S,"Cortex screw 2.4mm, 14mm S.S.",BOMBAY,Հատ,հատ,REF_ONLY,LOW,NO,Usual screw is non-sterile REF-only,SCREW,,
00-00003466,BOI.185.16.S,"Cortex screw 2.4mm, 16mm S.S.",BOMBAY,Հատ,հատ,REF_ONLY,LOW,NO,Usual screw is non-sterile REF-only,SCREW,,
00-00003467,BOI.185.18.S,"Cortex screw 2.4mm, 18mm S.S.",BOMBAY,Հատ,հատ,REF_ONLY,LOW,NO,Usual screw is non-sterile REF-only,SCREW,,
00-00003468,BOI.185.20.S,"Cortex screw 2.4mm, 20mm S.S.",BOMBAY,Հատ,հատ,REF_ONLY,LOW,NO,Usual screw is non-sterile REF-only,SCREW,,
00-00003469,BOI.185.22.S,"Cortex screw 2.4mm, 22mm S.S.",BOMBAY,Հատ,հատ,REF_ONLY,LOW,NO,Usual screw is non-sterile REF-only,SCREW,,
00-00003470,BOI.185.24.S,"Cortex screw 2.4mm, 24mm S.S.",BOMBAY,Հատ,հատ,REF_ONLY,LOW,NO,Usual screw is non-sterile REF-only,SCREW,,
00-00003471,BOI.185.26.S,"Cortex screw 2.4mm, 26mm S.S.",BOMBAY,Հատ,հատ,REF_ONLY,LOW,NO,Usual screw is non-sterile REF-only,SCREW,,
00-00003472,BO.169.34.T,"Locking Screw 5.0mm,34mm Ti",BOMBAY,Հատ,հատ,REF_ONLY,LOW,NO,Usual screw is non-sterile REF-only,SCREW,,
00-00003473,BO.169.36.T,"Locking Screw 5.0mm,36mm Ti",BOMBAY,Հատ,հատ,REF_ONLY,LOW,NO,Usual screw is non-sterile REF-only,SCREW,,
00-00003474,BO.169.38.T,"Locking Screw 5.0mm,38mm Ti",BOMBAY,Հատ,հատ,REF_ONLY,LOW,NO,Usual screw is non-sterile REF-only,SCREW,,
00-00003475,BO.169.40.T,"Locking Screw 5.0mm,40mm Ti",BOMBAY,Հատ,հատ,REF_ONLY,LOW,NO,Usual screw is non-sterile REF-only,SCREW,,
00-00003476,BO.169.42.T,"Locking Screw 5.0mm,42mm Ti",BOMBAY,Հատ,հատ,REF_ONLY,LOW,NO,Usual screw is non-sterile REF-only,SCREW,,
00-00003477,BO.169.44.T,"Locking Screw 5.0mm,44mm Ti",BOMBAY,Հատ,հատ,REF_ONLY,LOW,NO,Usual screw is non-sterile REF-only,SCREW,,
00-00003478,BO.169.46.T,"Locking Screw 5.0mm,46mm Ti",BOMBAY,Հատ,հատ,REF_ONLY,LOW,NO,Usual screw is non-sterile REF-only,SCREW,,
00-00003479,BO.169.50.T,"Locking Screw 5.0mm,50mm Ti",BOMBAY,Հատ,հատ,REF_ONLY,LOW,NO,Usual screw is non-sterile REF-only,SCREW,,
00-00003480,BO.169.55.T,"Locking Screw 5.0mm,55mm Ti",BOMBAY,Հատ,հատ,REF_ONLY,LOW,NO,Usual screw is non-sterile REF-only,SCREW,,
00-00003481,BO.169.60.T,"Locking Screw 5.0mm,60mm Ti",BOMBAY,Հատ,հատ,REF_ONLY,LOW,NO,Usual screw is non-sterile REF-only,SCREW,,
00-00003482,BO.169.65.T,"Locking Screw 5.0mm,65mm Ti",BOMBAY,Հատ,հատ,REF_ONLY,LOW,NO,Usual screw is non-sterile REF-only,SCREW,,
00-00003483,BO.169.70.T,"Locking Screw 5.0mm,70mm Ti",BOMBAY,Հատ,հատ,REF_ONLY,LOW,NO,Usual screw is non-sterile REF-only,SCREW,,
00-00003484,BO.169.75.T,"Locking Screw 5.0mm,75mm Ti",BOMBAY,Հատ,հատ,REF_ONLY,LOW,NO,Usual screw is non-sterile REF-only,SCREW,,
00-00003485,BO.169.80.T,"Locking Screw 5.0mm,80mm Ti",BOMBAY,Հատ,հատ,REF_ONLY,LOW,NO,Usual screw is non-sterile REF-only,SCREW,,
00-00003486,BO.169.85.T,"Locking Screw 5.0mm,85mm Ti",BOMBAY,Հատ,հատ,REF_ONLY,LOW,NO,Usual screw is non-sterile REF-only,SCREW,,
00-00003487,BO.169.90.T,"Locking Screw 5.0mm,90mm Ti",BOMBAY,Հատ,հատ,REF_ONLY,LOW,NO,Usual screw is non-sterile REF-only,SCREW,,
00-00003488,BOI.04.150.09.28.TI,"INTERLOCKING TIBIA NAIL (CANNULATED WITH DISTAL) DIA. 09MM, LENGTH 28CM Ti",BOMBAY,Հատ,հատ,REF_ONLY,LOW,NO,All nails are non-sterile REF-only,NAIL,,
00-00003489,BOI.04.150.09.30.TI,"INTERLOCKING TIBIA NAIL (CANNULATED WITH DISTAL) DIA. 09MM, LENGTH 30CM Ti",BOMBAY,Հատ,հատ,REF_ONLY,LOW,NO,All nails are non-sterile REF-only,NAIL,,
00-00003490,BOI.04.150.09.32.TI,"INTERLOCKING TIBIA NAIL (CANNULATED WITH DISTAL) DIA. 09MM, LENGTH 32CM Ti",BOMBAY,Հատ,հատ,REF_ONLY,LOW,NO,All nails are non-sterile REF-only,NAIL,,
00-00003491,BOI.04.150.09.34.TI,"INTERLOCKING TIBIA NAIL (CANNULATED WITH DISTAL) DIA. 09MM, LENGTH 34CM Ti",BOMBAY,Հատ,հատ,REF_ONLY,LOW,NO,All nails are non-sterile REF-only,NAIL,,
00-00003492,BOI.04.150.09.36.TI,"INTERLOCKING TIBIA NAIL (CANNULATED WITH DISTAL) DIA. 09MM, LENGTH 36CM Ti",BOMBAY,Հատ,հատ,REF_ONLY,LOW,NO,All nails are non-sterile REF-only,NAIL,,
00-00003493,BOI.04.150.09.38.TI,"INTERLOCKING TIBIA NAIL (CANNULATED WITH DISTAL) DIA. 09MM, LENGTH 38CM Ti",BOMBAY,Հատ,հատ,REF_ONLY,LOW,NO,All nails are non-sterile REF-only,NAIL,,
00-00003494,BOI.04.150.09.40.TI,"INTERLOCKING TIBIA NAIL (CANNULATED WITH DISTAL) DIA. 09MM, LENGTH 40CM Ti",BOMBAY,Հատ,հատ,REF_ONLY,LOW,NO,All nails are non-sterile REF-only,NAIL,,
00-00003495,BOI.04.150.10.28.TI,"INTERLOCKING TIBIA NAIL (CANNULATED WITH DISTAL) DIA. 10MM, LENGTH 28CM Ti",BOMBAY,Հատ,հատ,REF_ONLY,LOW,NO,All nails are non-sterile REF-only,NAIL,,
00-00003496,BOI.04.150.10.30.TI,"INTERLOCKING TIBIA NAIL (CANNULATED WITH DISTAL) DIA. 10MM, LENGTH 30CM Ti",BOMBAY,Հատ,հատ,REF_ONLY,LOW,NO,All nails are non-sterile REF-only,NAIL,,
00-00003497,BOI.04.150.10.32.TI,"INTERLOCKING TIBIA NAIL (CANNULATED WITH DISTAL) DIA. 10MM, LENGTH 32CM Ti",BOMBAY,Հատ,հատ,REF_ONLY,LOW,NO,All nails are non-sterile REF-only,NAIL,,
00-00003498,BOI.04.150.10.34.TI,"INTERLOCKING TIBIA NAIL (CANNULATED WITH DISTAL) DIA. 10MM, LENGTH 34CM Ti",BOMBAY,Հատ,հատ,REF_ONLY,LOW,NO,All nails are non-sterile REF-only,NAIL,,
00-00003499,BOI.04.150.10.36.TI,"INTERLOCKING TIBIA NAIL (CANNULATED WITH DISTAL) DIA. 10MM, LENGTH 36CM Ti",BOMBAY,Հատ,հատ,REF_ONLY,LOW,NO,All nails are non-sterile REF-only,NAIL,,
00-00003500,BOI.04.150.10.38.TI,"INTERLOCKING TIBIA NAIL (CANNULATED WITH DISTAL) DIA. 10MM, LENGTH 38CM Ti",BOMBAY,Հատ,հատ,REF_ONLY,LOW,NO,All nails are non-sterile REF-only,NAIL,,
00-00003501,BOI.04.150.10.40.TI,"INTERLOCKING TIBIA NAIL (CANNULATED WITH DISTAL) DIA. 10MM, LENGTH 40CM Ti",BOMBAY,Հատ,հատ,REF_ONLY,LOW,NO,All nails are non-sterile REF-only,NAIL,,
00-00003502,BOI.04.150.11.28.TI,"INTERLOCKING TIBIA NAIL (CANNULATED WITH DISTAL) DIA. 11MM, LENGTH 28CM Ti",BOMBAY,Հատ,հատ,REF_ONLY,LOW,NO,All nails are non-sterile REF-only,NAIL,,
00-00003503,BOI.04.150.11.30.TI,"INTERLOCKING TIBIA NAIL (CANNULATED WITH DISTAL) DIA. 11MM, LENGTH 30CM Ti",BOMBAY,Հատ,հատ,REF_ONLY,LOW,NO,All nails are non-sterile REF-only,NAIL,,
00-00003504,BOI.04.150.11.32.TI,"INTERLOCKING TIBIA NAIL (CANNULATED WITH DISTAL) DIA. 11MM, LENGTH 32CM Ti",BOMBAY,Հատ,հատ,REF_ONLY,LOW,NO,All nails are non-sterile REF-only,NAIL,,
00-00003505,BOI.04.150.11.34.TI,"INTERLOCKING TIBIA NAIL (CANNULATED WITH DISTAL) DIA. 11MM, LENGTH 34CM Ti",BOMBAY,Հատ,հատ,REF_ONLY,LOW,NO,All nails are non-sterile REF-only,NAIL,,
00-00003506,BOI.04.150.11.36.TI,"INTERLOCKING TIBIA NAIL (CANNULATED WITH DISTAL) DIA. 11MM, LENGTH 36CM Ti",BOMBAY,Հատ,հատ,REF_ONLY,LOW,NO,All nails are non-sterile REF-only,NAIL,,
00-00003507,BOI.04.150.11.38.TI,"INTERLOCKING TIBIA NAIL (CANNULATED WITH DISTAL) DIA. 11MM, LENGTH 38CM Ti",BOMBAY,Հատ,հատ,REF_ONLY,LOW,NO,All nails are non-sterile REF-only,NAIL,,
00-00003508,BOI.04.150.11.40.TI,"INTERLOCKING TIBIA NAIL (CANNULATED WITH DISTAL) DIA. 11MM, LENGTH 40CM Ti",BOMBAY,Հատ,հատ,REF_ONLY,LOW,NO,All nails are non-sterile REF-only,NAIL,,
00-00003509,BOI.04.150.09.28.SS,"INTERLOCKING TIBIA NAIL (CANNULATED WITH DISTAL) DIA. 09MM, LENGTH 28CM S.S.",BOMBAY,Հատ,հատ,REF_ONLY,LOW,NO,All nails are non-sterile REF-only,NAIL,,
00-00003510,BOI.04.150.09.30.SS,"INTERLOCKING TIBIA NAIL (CANNULATED WITH DISTAL) DIA. 09MM, LENGTH 30CM S.S.",BOMBAY,Հատ,հատ,REF_ONLY,LOW,NO,All nails are non-sterile REF-only,NAIL,,
00-00003511,BOI.04.150.09.32.SS,"INTERLOCKING TIBIA NAIL (CANNULATED WITH DISTAL) DIA. 09MM, LENGTH 32CM S.S.",BOMBAY,Հատ,հատ,REF_ONLY,LOW,NO,All nails are non-sterile REF-only,NAIL,,
00-00003512,BOI.04.150.09.34.SS,"INTERLOCKING TIBIA NAIL (CANNULATED WITH DISTAL) DIA. 09MM, LENGTH 34CM S.S.",BOMBAY,Հատ,հատ,REF_ONLY,LOW,NO,All nails are non-sterile REF-only,NAIL,,
00-00003513,BOI.04.150.09.36.SS,"INTERLOCKING TIBIA NAIL (CANNULATED WITH DISTAL) DIA. 09MM, LENGTH 36CM S.S.",BOMBAY,Հատ,հատ,REF_ONLY,LOW,NO,All nails are non-sterile REF-only,NAIL,,
00-00003514,BOI.04.150.09.38.SS,"INTERLOCKING TIBIA NAIL (CANNULATED WITH DISTAL) DIA. 09MM, LENGTH 38CM S.S.",BOMBAY,Հատ,հատ,REF_ONLY,LOW,NO,All nails are non-sterile REF-only,NAIL,,
00-00003515,BOI.04.150.09.40.SS,"INTERLOCKING TIBIA NAIL (CANNULATED WITH DISTAL) DIA. 09MM, LENGTH 40CM S.S.",BOMBAY,Հատ,հատ,REF_ONLY,LOW,NO,All nails are non-sterile REF-only,NAIL,,
00-00003516,BOI.04.150.10.28.SS,"INTERLOCKING TIBIA NAIL (CANNULATED WITH DISTAL) DIA. 10MM, LENGTH 28CM S.S.",BOMBAY,Հատ,հատ,REF_ONLY,LOW,NO,All nails are non-sterile REF-only,NAIL,,
00-00003517,BOI.04.150.10.30.SS,"INTERLOCKING TIBIA NAIL (CANNULATED WITH DISTAL) DIA. 10MM, LENGTH 30CM S.S.",BOMBAY,Հատ,հատ,REF_ONLY,LOW,NO,All nails are non-sterile REF-only,NAIL,,
00-00003518,BOI.04.150.10.32.SS,"INTERLOCKING TIBIA NAIL (CANNULATED WITH DISTAL) DIA. 10MM, LENGTH 32CM S.S.",BOMBAY,Հատ,հատ,REF_ONLY,LOW,NO,All nails are non-sterile REF-only,NAIL,,
00-00003519,BOI.04.150.10.34.SS,"INTERLOCKING TIBIA NAIL (CANNULATED WITH DISTAL) DIA. 10MM, LENGTH 34CM S.S.",BOMBAY,Հատ,հատ,REF_ONLY,LOW,NO,All nails are non-sterile REF-only,NAIL,,
00-00003520,BOI.04.150.10.36.SS,"INTERLOCKING TIBIA NAIL (CANNULATED WITH DISTAL) DIA. 10MM, LENGTH 36CM S.S.",BOMBAY,Հատ,հատ,REF_ONLY,LOW,NO,All nails are non-sterile REF-only,NAIL,,
00-00003521,BOI.04.150.10.38.SS,"INTERLOCKING TIBIA NAIL (CANNULATED WITH DISTAL) DIA. 10MM, LENGTH 38CM S.S.",BOMBAY,Հատ,հատ,REF_ONLY,LOW,NO,All nails are non-sterile REF-only,NAIL,,
00-00003522,BOI.04.150.10.40.SS,"INTERLOCKING TIBIA NAIL (CANNULATED WITH DISTAL) DIA. 10MM, LENGTH 40CM S.S.",BOMBAY,Հատ,հատ,REF_ONLY,LOW,NO,All nails are non-sterile REF-only,NAIL,,
00-00003523,BOI.04.150.11.28.SS,"INTERLOCKING TIBIA NAIL (CANNULATED WITH DISTAL) DIA. 11MM, LENGTH 28CM S.S.",BOMBAY,Հատ,հատ,REF_ONLY,LOW,NO,All nails are non-sterile REF-only,NAIL,,
00-00003524,BOI.04.150.11.30.SS,"INTERLOCKING TIBIA NAIL (CANNULATED WITH DISTAL) DIA. 11MM, LENGTH 30CM S.S.",BOMBAY,Հատ,հատ,REF_ONLY,LOW,NO,All nails are non-sterile REF-only,NAIL,,
00-00003525,BOI.04.150.11.32.SS,"INTERLOCKING TIBIA NAIL (CANNULATED WITH DISTAL) DIA. 11MM, LENGTH 32CM S.S.",BOMBAY,Հատ,հատ,REF_ONLY,LOW,NO,All nails are non-sterile REF-only,NAIL,,
00-00003526,BOI.04.150.11.34.SS,"INTERLOCKING TIBIA NAIL (CANNULATED WITH DISTAL) DIA. 11MM, LENGTH 34CM S.S.",BOMBAY,Հատ,հատ,REF_ONLY,LOW,NO,All nails are non-sterile REF-only,NAIL,,
00-00003527,BOI.04.150.11.36.SS,"INTERLOCKING TIBIA NAIL (CANNULATED WITH DISTAL) DIA. 11MM, LENGTH 36CM S.S.",BOMBAY,Հատ,հատ,REF_ONLY,LOW,NO,All nails are non-sterile REF-only,NAIL,,
00-00003528,BOI.04.150.11.38.SS,"INTERLOCKING TIBIA NAIL (CANNULATED WITH DISTAL) DIA. 11MM, LENGTH 38CM S.S.",BOMBAY,Հատ,հատ,REF_ONLY,LOW,NO,All nails are non-sterile REF-only,NAIL,,
00-00003529,BOI.04.150.11.40.SS,"INTERLOCKING TIBIA NAIL (CANNULATED WITH DISTAL) DIA. 11MM, LENGTH 40CM S.S.",BOMBAY,Հատ,հատ,REF_ONLY,LOW,NO,All nails are non-sterile REF-only,NAIL,,
00-00003530,BO.9930.85.T,"Locking Cancellous Screw 5.0mm, 85mm Ti",Screws,Հատ,հատ,REF_ONLY,LOW,NO,Usual screw is non-sterile REF-only,SCREW,,
00-00003531,BO.171.85.S,"Locking screw DIA. 6.5mm,85mm S.S",Screws,Հատ,հատ,REF_ONLY,LOW,NO,Usual screw is non-sterile REF-only,SCREW,,
00-00003532,BO.171.90.S,"Locking screw DIA. 6.5mm,90mm S.S",Screws,Հատ,հատ,REF_ONLY,LOW,NO,Usual screw is non-sterile REF-only,SCREW,,
00-00003534,SR1101,Rechargeable Implantable Neurostimulator Kit for OBS,SceneRay,Հատ,հատ,REF_ONLY,LOW,NO,Set/kit/instrument/tool is non-sterile,NON_STERILE_TOOLING,,
00-00003535,SR1341,Implantable Extension Kit for DBS,SceneRay,Հատ,հատ,REF_ONLY,LOW,NO,Set/kit/instrument/tool is non-sterile,NON_STERILE_TOOLING,,
00-00003536,1200-40,Implantable Lead Kit for OBS,SceneRay,Հատ,հատ,REF_ONLY,LOW,NO,Set/kit/instrument/tool is non-sterile,NON_STERILE_TOOLING,,
00-00003537,SR1421,Patient Programmer,SceneRay,Հատ,հատ,REF_ONLY,MEDIUM,NO,No sterile indicators matched,,,
00-00003538,SR2114/SR1341,Charging Kit,SceneRay,Հատ,հատ,REF_ONLY,LOW,NO,Set/kit/instrument/tool is non-sterile,NON_STERILE_TOOLING,,
00-00000938,2951453,"Alcasis, Bone Cement Surgica without Antibiotic 40G",Cement,Ժամկետով ապրանքներ,հատ,BATCH_EXPIRY,MEDIUM,NO,1C item_type says expiry-controlled and no non-sterile override matched,EXPIRY_ITEM_TYPE,,
00-00000939,291453,"Alcasis, Bone Cement Surgical with Antibiotic 41G",Cement,Ժամկետով ապրանքներ,հատ,BATCH_EXPIRY,MEDIUM,NO,1C item_type says expiry-controlled and no non-sterile override matched,EXPIRY_ITEM_TYPE,,
00-00000940,KB25,BMK Barclay PMMA bone cement,BMK,Հատ,հատ,BATCH_EXPIRY,MEDIUM,NO,Looks like sterile prosthesis/component/medical product,STERILE_PRODUCT_KEYWORD,,
00-00000941,01-0350,Spinos radiopaque syntetic resin for spine surgery 24G,Cement,Հատ,հատ,BATCH_EXPIRY,MEDIUM,NO,Looks like sterile prosthesis/component/medical product,STERILE_PRODUCT_KEYWORD,,
00-00000942,2951453/25,"Alcasis, Bone Cement Surgical Vertebroplast 20G",Cement,Հատ,հատ,BATCH_EXPIRY,MEDIUM,NO,Looks like sterile prosthesis/component/medical product,STERILE_PRODUCT_KEYWORD,,
00-00000943,880223,Synicem 1G 40g,Cement,Հատ,հատ,BATCH_EXPIRY,MEDIUM,NO,Looks like sterile prosthesis/component/medical product,STERILE_PRODUCT_KEYWORD,,
00-00000980,832770,"JUST , Femoral head , 28-3.5",JUST HIP,Ժամկետով ապրանքներ,հատ,BATCH_EXPIRY,MEDIUM,NO,1C item_type says expiry-controlled and no non-sterile override matched,EXPIRY_ITEM_TYPE,,
00-00000983,832771-549982,"JUST , Femoral head , 28+0",JUST HIP,Ժամկետով ապրանքներ,հատ,BATCH_EXPIRY,MEDIUM,NO,1C item_type says expiry-controlled and no non-sterile override matched,EXPIRY_ITEM_TYPE,,
00-00000982,832772-549981,"JUST , Femoral head , 28+3.5",JUST HIP,Ժամկետով ապրանքներ,հատ,BATCH_EXPIRY,MEDIUM,NO,1C item_type says expiry-controlled and no non-sterile override matched,EXPIRY_ITEM_TYPE,,
00-00000981,832773-549980,"JUST , Femoral head , 28+7",JUST HIP,Ժամկետով ապրանքներ,հատ,BATCH_EXPIRY,MEDIUM,NO,1C item_type says expiry-controlled and no non-sterile override matched,EXPIRY_ITEM_TYPE,,
00-00000976,832761,"JUST , Femoral head , 32-3.5",JUST HIP,Ժամկետով ապրանքներ,հատ,BATCH_EXPIRY,MEDIUM,NO,1C item_type says expiry-controlled and no non-sterile override matched,EXPIRY_ITEM_TYPE,,
00-00000979,832762,"JUST , Femoral head , 32+0",JUST HIP,Ժամկետով ապրանքներ,հատ,BATCH_EXPIRY,MEDIUM,NO,1C item_type says expiry-controlled and no non-sterile override matched,EXPIRY_ITEM_TYPE,,
00-00000978,832763,"JUST , Femoral head , 32+3.5",JUST HIP,Ժամկետով ապրանքներ,հատ,BATCH_EXPIRY,MEDIUM,NO,1C item_type says expiry-controlled and no non-sterile override matched,EXPIRY_ITEM_TYPE,,
00-00000977,832764,"JUST , Femoral head , 32+7",JUST HIP,Ժամկետով ապրանքներ,հատ,BATCH_EXPIRY,MEDIUM,NO,1C item_type says expiry-controlled and no non-sterile override matched,EXPIRY_ITEM_TYPE,,
00-00000975,832799-549823,"JUST , HARMONY Acetabular Cup , Φ46mm",JUST HIP,Ժամկետով ապրանքներ,հատ,BATCH_EXPIRY,MEDIUM,NO,1C item_type says expiry-controlled and no non-sterile override matched,EXPIRY_ITEM_TYPE,,
00-00000974,832800-549822,"JUST , HARMONY Acetabular Cup , Φ48mm",JUST HIP,Ժամկետով ապրանքներ,հատ,BATCH_EXPIRY,MEDIUM,NO,1C item_type says expiry-controlled and no non-sterile override matched,EXPIRY_ITEM_TYPE,,
00-00000973,832801-549821,"JUST , HARMONY Acetabular Cup , Φ50mm",JUST HIP,Ժամկետով ապրանքներ,հատ,BATCH_EXPIRY,MEDIUM,NO,1C item_type says expiry-controlled and no non-sterile override matched,EXPIRY_ITEM_TYPE,,
00-00000972,832802,"JUST , HARMONY Acetabular Cup , Φ52mm",JUST HIP,Ժամկետով ապրանքներ,հատ,BATCH_EXPIRY,MEDIUM,NO,1C item_type says expiry-controlled and no non-sterile override matched,EXPIRY_ITEM_TYPE,,
00-00000971,832803,"JUST , HARMONY Acetabular Cup , Φ54mm",JUST HIP,Ժամկետով ապրանքներ,հատ,BATCH_EXPIRY,MEDIUM,NO,1C item_type says expiry-controlled and no non-sterile override matched,EXPIRY_ITEM_TYPE,,
00-00000970,832804,"JUST , HARMONY Acetabular Cup , Φ56mm",JUST HIP,Ժամկետով ապրանքներ,հատ,BATCH_EXPIRY,MEDIUM,NO,1C item_type says expiry-controlled and no non-sterile override matched,EXPIRY_ITEM_TYPE,,
00-00000969,832805,"JUST , HARMONY Acetabular Cup , Φ58mm",JUST HIP,Ժամկետով ապրանքներ,հատ,BATCH_EXPIRY,MEDIUM,NO,1C item_type says expiry-controlled and no non-sterile override matched,EXPIRY_ITEM_TYPE,,
00-00000968,832806,"JUST , HARMONY Acetabular Cup , Φ60mm",JUST HIP,Ժամկետով ապրանքներ,հատ,BATCH_EXPIRY,MEDIUM,NO,1C item_type says expiry-controlled and no non-sterile override matched,EXPIRY_ITEM_TYPE,,
00-00000967,832807,"JUST , HARMONY Acetabular Cup , Φ62mm",JUST HIP,Ժամկետով ապրանքներ,հատ,BATCH_EXPIRY,MEDIUM,NO,1C item_type says expiry-controlled and no non-sterile override matched,EXPIRY_ITEM_TYPE,,
00-00000966,832808,"JUST , HARMONY Acetabular Cup , Φ64mm",JUST HIP,Ժամկետով ապրանքներ,հատ,BATCH_EXPIRY,MEDIUM,NO,1C item_type says expiry-controlled and no non-sterile override matched,EXPIRY_ITEM_TYPE,,
00-00000965,832853-549813,"JUST , HARMONY Liner 10-degree Lip ID:28mm , 4",JUST HIP,Ժամկետով ապրանքներ,հատ,BATCH_EXPIRY,MEDIUM,NO,1C item_type says expiry-controlled and no non-sterile override matched,EXPIRY_ITEM_TYPE,,
00-00000964,832854-549812,"JUST , HARMONY Liner 10-degree Lip ID:28mm , 5",JUST HIP,Ժամկետով ապրանքներ,հատ,BATCH_EXPIRY,MEDIUM,NO,1C item_type says expiry-controlled and no non-sterile override matched,EXPIRY_ITEM_TYPE,,
00-00000963,832855,"JUST , HARMONY Liner 10-degree Lip ID:28mm , 6",JUST HIP,Ժամկետով ապրանքներ,հատ,BATCH_EXPIRY,MEDIUM,NO,1C item_type says expiry-controlled and no non-sterile override matched,EXPIRY_ITEM_TYPE,,
00-00000958,832865,"JUST , HARMONY Liner 10-degree Lip ID:32mm , 7",JUST HIP,Ժամկետով ապրանքներ,հատ,BATCH_EXPIRY,MEDIUM,NO,1C item_type says expiry-controlled and no non-sterile override matched,EXPIRY_ITEM_TYPE,,
00-00000957,832866,"JUST , HARMONY Liner 10-degree Lip ID:32mm , 8",JUST HIP,Ժամկետով ապրանքներ,հատ,BATCH_EXPIRY,MEDIUM,NO,1C item_type says expiry-controlled and no non-sterile override matched,EXPIRY_ITEM_TYPE,,
00-00000956,832867,"JUST , HARMONY Liner 10-degree Lip ID:32mm , 9",JUST HIP,Ժամկետով ապրանքներ,հատ,BATCH_EXPIRY,MEDIUM,NO,1C item_type says expiry-controlled and no non-sterile override matched,EXPIRY_ITEM_TYPE,,
00-00000962,832868,"JUST , HARMONY Liner 10-degree Lip ID:32mm , 10",JUST HIP,Ժամկետով ապրանքներ,հատ,BATCH_EXPIRY,MEDIUM,NO,1C item_type says expiry-controlled and no non-sterile override matched,EXPIRY_ITEM_TYPE,,
00-00000961,832869,"JUST , HARMONY Liner 10-degree Lip ID:32mm , 11",JUST HIP,Ժամկետով ապրանքներ,հատ,BATCH_EXPIRY,MEDIUM,NO,1C item_type says expiry-controlled and no non-sterile override matched,EXPIRY_ITEM_TYPE,,
00-00000960,832870-549797,"JUST , HARMONY Liner 10-degree Lip ID:32mm , 12",JUST HIP,Ժամկետով ապրանքներ,հատ,BATCH_EXPIRY,MEDIUM,NO,1C item_type says expiry-controlled and no non-sterile override matched,EXPIRY_ITEM_TYPE,,
00-00000959,832871-549796,"JUST , HARMONY Liner 10-degree Lip ID:32mm , 13",JUST HIP,Ժամկետով ապրանքներ,հատ,BATCH_EXPIRY,MEDIUM,NO,1C item_type says expiry-controlled and no non-sterile override matched,EXPIRY_ITEM_TYPE,,
00-00000948,832700,"JUST , HARMONY Stem , 9",JUST HIP,Ժամկետով ապրանքներ,հատ,BATCH_EXPIRY,MEDIUM,NO,1C item_type says expiry-controlled and no non-sterile override matched,EXPIRY_ITEM_TYPE,,
00-00000955,832701,"JUST , HARMONY Stem , 10",JUST HIP,Ժամկետով ապրանքներ,հատ,BATCH_EXPIRY,MEDIUM,NO,1C item_type says expiry-controlled and no non-sterile override matched,EXPIRY_ITEM_TYPE,,
00-00000954,832702,"JUST , HARMONY Stem , 11",JUST HIP,Ժամկետով ապրանքներ,հատ,BATCH_EXPIRY,MEDIUM,NO,1C item_type says expiry-controlled and no non-sterile override matched,EXPIRY_ITEM_TYPE,,
00-00000953,832703,"JUST , HARMONY Stem , 12",JUST HIP,Ժամկետով ապրանքներ,հատ,BATCH_EXPIRY,MEDIUM,NO,1C item_type says expiry-controlled and no non-sterile override matched,EXPIRY_ITEM_TYPE,,
00-00000947,832704,"JUST , HARMONY Stem , 13",JUST HIP,Ժամկետով ապրանքներ,հատ,BATCH_EXPIRY,MEDIUM,NO,1C item_type says expiry-controlled and no non-sterile override matched,EXPIRY_ITEM_TYPE,,
00-00000952,832705,"JUST , HARMONY Stem , 14",JUST HIP,Ժամկետով ապրանքներ,հատ,BATCH_EXPIRY,MEDIUM,NO,1C item_type says expiry-controlled and no non-sterile override matched,EXPIRY_ITEM_TYPE,,
00-00000951,832706,"JUST , HARMONY Stem , 15",JUST HIP,Ժամկետով ապրանքներ,հատ,BATCH_EXPIRY,MEDIUM,NO,1C item_type says expiry-controlled and no non-sterile override matched,EXPIRY_ITEM_TYPE,,
00-00000950,832707,"JUST , HARMONY Stem , 16",JUST HIP,Ժամկետով ապրանքներ,հատ,BATCH_EXPIRY,MEDIUM,NO,1C item_type says expiry-controlled and no non-sterile override matched,EXPIRY_ITEM_TYPE,,
00-00000949,832708,"JUST , HARMONY Stem , 17",JUST HIP,Ժամկետով ապրանքներ,հատ,BATCH_EXPIRY,MEDIUM,NO,1C item_type says expiry-controlled and no non-sterile override matched,EXPIRY_ITEM_TYPE,,
00-00000988,549656,"JUST , Acetabular Screw , 6.0x16",JUST HIP,Ժամկետով ապրանքներ,հատ,BATCH_EXPIRY,LOW,NO,Chunli/Permedica/Just screw requires expiry,SCREW;STERILE_SCREW_BRAND,,
00-00000987,549741,"JUST , Acetabular Screw , 6.0x20",JUST HIP,Ժամկետով ապրանքներ,հատ,BATCH_EXPIRY,LOW,NO,Chunli/Permedica/Just screw requires expiry,SCREW;STERILE_SCREW_BRAND,,
00-00000986,549740,"JUST , Acetabular Screw , 6.0x26",JUST HIP,Ժամկետով ապրանքներ,հատ,BATCH_EXPIRY,LOW,NO,Chunli/Permedica/Just screw requires expiry,SCREW;STERILE_SCREW_BRAND,,
00-00000985,549739,"JUST , Acetabular Screw , 6.0x30",JUST HIP,Ժամկետով ապրանքներ,հատ,BATCH_EXPIRY,LOW,NO,Chunli/Permedica/Just screw requires expiry,SCREW;STERILE_SCREW_BRAND,,
00-00000984,549738,"JUST , Acetabular Screw , 6.0x36",JUST HIP,Ժամկետով ապրանքներ,հատ,BATCH_EXPIRY,LOW,NO,Chunli/Permedica/Just screw requires expiry,SCREW;STERILE_SCREW_BRAND,,
00-00000989,10004,JUST Hip Instrument Set N1,JUST,Հատ,հատ,REF_ONLY,HIGH,YES,Set/kit/instrument/tool is non-sterile; verify because item also looks expiry/sterile,NON_STERILE_TOOLING,,
00-00000990,10005․2,JUST Hip Instrument Set N2․2,JUST,Հատ,հատ,REF_ONLY,HIGH,YES,Set/kit/instrument/tool is non-sterile; verify because item also looks expiry/sterile,NON_STERILE_TOOLING,,
00-00000991,10006․2,JUST Hip Instrument Set N3․2,JUST,Հատ,հատ,REF_ONLY,HIGH,YES,Set/kit/instrument/tool is non-sterile; verify because item also looks expiry/sterile,NON_STERILE_TOOLING,,
00-00001003,PSO-PBT,"PRESSIO ICP & ICT MONITORING KIT, PARENCHYMAL W/BOLT",SOPHYSA,Ժամկետով ապրանքներ,հատ,REF_ONLY,HIGH,YES,Set/kit/instrument/tool is non-sterile; verify because item also looks expiry/sterile,NON_STERILE_TOOLING,,
00-00001002,PSO-PT,"PRESSIO ICP MONITORING KIT, PARENCHYMAL TUNNELING",SOPHYSA,Ժամկետով ապրանքներ,հատ,REF_ONLY,HIGH,YES,Set/kit/instrument/tool is non-sterile; verify because item also looks expiry/sterile,NON_STERILE_TOOLING,,
00-00001001,PSO-PTT,"PRESSIO ICP & ICT MONITORING KIT, PARENCH.TUNNELING",SOPHYSA,Ժամկետով ապրանքներ,հատ,REF_ONLY,HIGH,YES,Set/kit/instrument/tool is non-sterile; verify because item also looks expiry/sterile,NON_STERILE_TOOLING,,
00-00001000,PSO-VT,"PRESSIO ICP MONITORING KIT, VENTRIC. TUNNELING",SOPHYSA,Ժամկետով ապրանքներ,հատ,REF_ONLY,HIGH,YES,Set/kit/instrument/tool is non-sterile; verify because item also looks expiry/sterile,NON_STERILE_TOOLING,,
00-00000999,PSO-VTT,"PRESSIO ICP & ICT MONITORING KIT, VENTRIC. TUNNELING",SOPHYSA,Ժամկետով ապրանքներ,հատ,REF_ONLY,HIGH,YES,Set/kit/instrument/tool is non-sterile; verify because item also looks expiry/sterile,NON_STERILE_TOOLING,,
00-00000996,SM1-2010L,"SM1-L Sophy® Mini Monopressure Valve, Low Pressure, Fixed operating pressure of 50 mmH2O.",SOPHYSA,Ժամկետով ապրանքներ,հատ,BATCH_EXPIRY,MEDIUM,NO,1C item_type says expiry-controlled and no non-sterile override matched,EXPIRY_ITEM_TYPE,,
00-00000995,SM1-2010M,"SM1-M Sophy® Mini Monopressure Valve, Medium Pressure Fixed operating pressure of 110 mmH2O.",SOPHYSA,Ժամկետով ապրանքներ,հատ,BATCH_EXPIRY,MEDIUM,NO,1C item_type says expiry-controlled and no non-sterile override matched,EXPIRY_ITEM_TYPE,,
00-00000997,SM1-2010H,"SM1-H Sophy® Mini Monopressure Valve, High Pressure",SOPHYSA,Ժամկետով ապրանքներ,հատ,BATCH_EXPIRY,MEDIUM,NO,1C item_type says expiry-controlled and no non-sterile override matched,EXPIRY_ITEM_TYPE,,
00-00001004,DE-306,"DE-306 External Ventricular Drainage System, Complete Kit",SOPHYSA,Ժամկետով ապրանքներ,հատ,REF_ONLY,HIGH,YES,Set/kit/instrument/tool is non-sterile; verify because item also looks expiry/sterile,NON_STERILE_TOOLING,,
00-00001005,DE-210,DE-210 External CSF Drainage System,SOPHYSA,Ժամկետով ապրանքներ,հատ,BATCH_EXPIRY,MEDIUM,NO,1C item_type says expiry-controlled and no non-sterile override matched,EXPIRY_ITEM_TYPE,,
00-00001006,DE-109,DE-109 External Lumbar Catheter with Introducer Guide,SOPHYSA,Ժամկետով ապրանքներ,հատ,BATCH_EXPIRY,MEDIUM,NO,1C item_type says expiry-controlled and no non-sterile override matched,EXPIRY_ITEM_TYPE,,
00-00001007,DE-106,"DE-106 External Ventricular Catheter  29 cm length, 1.5 mm ID, 3.0 mm OD,",SOPHYSA,Ժամկետով ապրանքներ,հատ,BATCH_EXPIRY,MEDIUM,NO,1C item_type says expiry-controlled and no non-sterile override matched,EXPIRY_ITEM_TYPE,,
00-00001008,DE-105,"DE-105 External Ventricular Catheter  35 cm length, 2.3 mm ID, 4.0 mm OD,",SOPHYSA,Ժամկետով ապրանքներ,հատ,BATCH_EXPIRY,MEDIUM,NO,1C item_type says expiry-controlled and no non-sterile override matched,EXPIRY_ITEM_TYPE,,
00-00000994,SM8A-2010,SM8A - 2010 Sophy® Mini SM8A Kit B905S/BO19-10 Right Angle Adapter on the ventricular catheter.,SOPHYSA,Ժամկետով ապրանքներ,հատ,REF_ONLY,HIGH,YES,Set/kit/instrument/tool is non-sterile; verify because item also looks expiry/sterile,NON_STERILE_TOOLING,,
00-00000998,RE-1141,"RE-1141 In-Line CSF Reservoir, Single Dome, Single-dome, In-Line CSF Reservoir.",SOPHYSA,Ժամկետով ապրանքներ,հատ,BATCH_EXPIRY,MEDIUM,NO,1C item_type says expiry-controlled and no non-sterile override matched,EXPIRY_ITEM_TYPE,,
00-00001011,B905S,B905S - Catheter distal atrial 1.1 х 2.2 ммДистальный,SOPHYSA,Ժամկետով ապրանքներ,հատ,BATCH_EXPIRY,MEDIUM,NO,1C item_type says expiry-controlled and no non-sterile override matched,EXPIRY_ITEM_TYPE,,
00-00001009,CO-3010,"CO-3010 Catheter Connector, Three-Way",SOPHYSA,Ժամկետով ապրանքներ,հատ,BATCH_EXPIRY,MEDIUM,NO,1C item_type says expiry-controlled and no non-sterile override matched,EXPIRY_ITEM_TYPE,,
00-00000993,SX-200,SX-200 Gravitational anti-siphon device SiphonX® Adds up to 200 mmH2O in vertical position.,SOPHYSA,Ժամկետով ապրանքներ,հատ,BATCH_EXPIRY,MEDIUM,NO,1C item_type says expiry-controlled and no non-sterile override matched,EXPIRY_ITEM_TYPE,,
00-00001010,BO19-10,"BO19-10 Catheter, Ventricular, Straight, Standard 1.3 x 2.5 mm Depth markings at 5, 10, 15 cm from t",SOPHYSA,Ժամկետով ապրանքներ,հատ,BATCH_EXPIRY,MEDIUM,NO,1C item_type says expiry-controlled and no non-sterile override matched,EXPIRY_ITEM_TYPE,,
00-00001015,RDP-7,NeoDura 6*8,Medprin GMBH,Ժամկետով ապրանքներ,հատ,BATCH_EXPIRY,MEDIUM,NO,1C item_type says expiry-controlled and no non-sterile override matched,EXPIRY_ITEM_TYPE,,
00-00001014,RDP-8,NeoDura 7.5*7.5,Medprin GMBH,Ժամկետով ապրանքներ,հատ,BATCH_EXPIRY,MEDIUM,NO,1C item_type says expiry-controlled and no non-sterile override matched,EXPIRY_ITEM_TYPE,,
00-00001016,RDP-10,NeoDura 8*12,Medprin GMBH,Ժամկետով ապրանքներ,հատ,BATCH_EXPIRY,MEDIUM,NO,1C item_type says expiry-controlled and no non-sterile override matched,EXPIRY_ITEM_TYPE,,
00-00001019,DS4C-050,Immiseal 5ml,Medprin GMBH,Ժամկետով ապրանքներ,հատ,BATCH_EXPIRY,MEDIUM,NO,1C item_type says expiry-controlled and no non-sterile override matched,EXPIRY_ITEM_TYPE,,
00-00001018,DS4C-080,Immiseal 8ml,Medprin GMBH,Ժամկետով ապրանքներ,հատ,BATCH_EXPIRY,MEDIUM,NO,1C item_type says expiry-controlled and no non-sterile override matched,EXPIRY_ITEM_TYPE,,
00-00001017,HF-A-118,StypCel 2.5*2.5,Medprin GMBH,Ժամկետով ապրանքներ,հատ,BATCH_EXPIRY,MEDIUM,NO,1C item_type says expiry-controlled and no non-sterile override matched,EXPIRY_ITEM_TYPE,,
00-00001013,102.06.02125,Cage N5,Prodorth,Հատ,հատ,REF_ONLY,MEDIUM,NO,No sterile indicators matched,,,
00-00001021,102.06.02126,Cage N6,Prodorth,Հատ,հատ,REF_ONLY,MEDIUM,NO,No sterile indicators matched,,,
00-00001020,102.06.02127,Cage N7,Prodorth,Հատ,հատ,REF_ONLY,MEDIUM,NO,No sterile indicators matched,,,
00-00001024,04135,"Albomed 2,5%, 3.0 ml",Albomed,Ժամկետով ապրանքներ,հատ,BATCH_EXPIRY,MEDIUM,NO,1C item_type says expiry-controlled and no non-sterile override matched,EXPIRY_ITEM_TYPE,,
00-00001023,00091,"Albomed 2,2%, 2.0 ml",Albomed,Ժամկետով ապրանքներ,հատ,BATCH_EXPIRY,MEDIUM,NO,1C item_type says expiry-controlled and no non-sterile override matched,EXPIRY_ITEM_TYPE,,
00-00001027,00219,Albomed 10% 2.0 ml,Albomed,Ժամկետով ապրանքներ,հատ,BATCH_EXPIRY,MEDIUM,NO,1C item_type says expiry-controlled and no non-sterile override matched,EXPIRY_ITEM_TYPE,,
00-00001026,03277,Albomed 10% 1.0 ml,Albomed,Ժամկետով ապրանքներ,հատ,BATCH_EXPIRY,MEDIUM,NO,1C item_type says expiry-controlled and no non-sterile override matched,EXPIRY_ITEM_TYPE,,
00-00001025,03279,"Albomed 2,5%, 4.8 ml",Albomed,Ժամկետով ապրանքներ,հատ,BATCH_EXPIRY,MEDIUM,NO,1C item_type says expiry-controlled and no non-sterile override matched,EXPIRY_ITEM_TYPE,,
00-00001038,BOI.03.155.37.S,AUSTIN MOORE HIP PROSTHESIS . XL 37,MOORE,Ժամկետով ապրանքներ,հատ,BATCH_EXPIRY,MEDIUM,NO,1C item_type says expiry-controlled and no non-sterile override matched,EXPIRY_ITEM_TYPE,,
00-00001037,BOI.03.155.39.S,AUSTIN MOORE HIP PROSTHESIS . XL 39,MOORE,Ժամկետով ապրանքներ,հատ,BATCH_EXPIRY,MEDIUM,NO,1C item_type says expiry-controlled and no non-sterile override matched,EXPIRY_ITEM_TYPE,,
00-00001029,BOI.03.155.41.S,AUSTIN MOORE HIP PROSTHESIS . XL 41,MOORE,Ժամկետով ապրանքներ,հատ,BATCH_EXPIRY,MEDIUM,NO,1C item_type says expiry-controlled and no non-sterile override matched,EXPIRY_ITEM_TYPE,,
00-00001036,BOI.03.155.43.S,AUSTIN MOORE HIP PROSTHESIS . XL 43,MOORE,Ժամկետով ապրանքներ,հատ,BATCH_EXPIRY,MEDIUM,NO,1C item_type says expiry-controlled and no non-sterile override matched,EXPIRY_ITEM_TYPE,,
00-00001035,BOI.03.155.45.S,AUSTIN MOORE HIP PROSTHESIS . XL 45,MOORE,Ժամկետով ապրանքներ,հատ,BATCH_EXPIRY,MEDIUM,NO,1C item_type says expiry-controlled and no non-sterile override matched,EXPIRY_ITEM_TYPE,,
00-00001034,BOI.03.155.47.S,AUSTIN MOORE HIP PROSTHESIS . XL 47,MOORE,Ժամկետով ապրանքներ,հատ,BATCH_EXPIRY,MEDIUM,NO,1C item_type says expiry-controlled and no non-sterile override matched,EXPIRY_ITEM_TYPE,,
00-00001033,BOI.03.155.49.S,AUSTIN MOORE HIP PROSTHESIS . XL 49,MOORE,Ժամկետով ապրանքներ,հատ,BATCH_EXPIRY,MEDIUM,NO,1C item_type says expiry-controlled and no non-sterile override matched,EXPIRY_ITEM_TYPE,,
00-00001032,BOI.03.155.51.S,AUSTIN MOORE HIP PROSTHESIS . XL 51,MOORE,Ժամկետով ապրանքներ,հատ,BATCH_EXPIRY,MEDIUM,NO,1C item_type says expiry-controlled and no non-sterile override matched,EXPIRY_ITEM_TYPE,,
00-00001031,BOI.03.155.53.S,AUSTIN MOORE HIP PROSTHESIS . XL 53,MOORE,Ժամկետով ապրանքներ,հատ,BATCH_EXPIRY,MEDIUM,NO,1C item_type says expiry-controlled and no non-sterile override matched,EXPIRY_ITEM_TYPE,,
00-00001030,BOI.03.155.55.S,AUSTIN MOORE HIP PROSTHESIS . XL 55,MOORE,Ժամկետով ապրանքներ,հատ,BATCH_EXPIRY,MEDIUM,NO,1C item_type says expiry-controlled and no non-sterile override matched,EXPIRY_ITEM_TYPE,,
00-00001074,BO.9949.37,BIPOLAR FIX (NF)- 37,Bombay Hip,Ժամկետով ապրանքներ,հատ,BATCH_EXPIRY,MEDIUM,NO,1C item_type says expiry-controlled and no non-sterile override matched,EXPIRY_ITEM_TYPE,,
00-00001073,BO.9949.39,BIPOLAR FIX (NF)- 39,Bombay Hip,Ժամկետով ապրանքներ,հատ,BATCH_EXPIRY,MEDIUM,NO,1C item_type says expiry-controlled and no non-sterile override matched,EXPIRY_ITEM_TYPE,,
00-00001072,BO.9949.41,BIPOLAR FIX (NF)- 41,Bombay Hip,Ժամկետով ապրանքներ,հատ,BATCH_EXPIRY,MEDIUM,NO,1C item_type says expiry-controlled and no non-sterile override matched,EXPIRY_ITEM_TYPE,,
00-00001071,BO.9949.43,BIPOLAR FIX (NF)- 43,Bombay Hip,Ժամկետով ապրանքներ,հատ,BATCH_EXPIRY,MEDIUM,NO,1C item_type says expiry-controlled and no non-sterile override matched,EXPIRY_ITEM_TYPE,,
00-00001070,BO.9949.45,BIPOLAR FIX (NF)- 45,Bombay Hip,Ժամկետով ապրանքներ,հատ,BATCH_EXPIRY,MEDIUM,NO,1C item_type says expiry-controlled and no non-sterile override matched,EXPIRY_ITEM_TYPE,,
00-00001069,BO.9949.47,BIPOLAR FIX (NF)- 47,Bombay Hip,Ժամկետով ապրանքներ,հատ,BATCH_EXPIRY,MEDIUM,NO,1C item_type says expiry-controlled and no non-sterile override matched,EXPIRY_ITEM_TYPE,,
00-00001068,BO.9949.49,BIPOLAR FIX (NF)- 49,Bombay Hip,Ժամկետով ապրանքներ,հատ,BATCH_EXPIRY,MEDIUM,NO,1C item_type says expiry-controlled and no non-sterile override matched,EXPIRY_ITEM_TYPE,,
00-00001067,BO.9949.51,BIPOLAR FIX (NF)- 51,Bombay Hip,Ժամկետով ապրանքներ,հատ,BATCH_EXPIRY,MEDIUM,NO,1C item_type says expiry-controlled and no non-sterile override matched,EXPIRY_ITEM_TYPE,,
00-00001066,BO.9949.53,BIPOLAR FIX (NF)- 53,Bombay Hip,Ժամկետով ապրանքներ,հատ,BATCH_EXPIRY,MEDIUM,NO,1C item_type says expiry-controlled and no non-sterile override matched,EXPIRY_ITEM_TYPE,,
00-00001065,BO.9949.55,BIPOLAR FIX (NF)- 55,Bombay Hip,Ժամկետով ապրանքներ,հատ,BATCH_EXPIRY,MEDIUM,NO,1C item_type says expiry-controlled and no non-sterile override matched,EXPIRY_ITEM_TYPE,,
00-00001064,BO.995002.37,MODULAR BIPOLAR CUP MEDIUM- 37,Bombay Hip,Ժամկետով ապրանքներ,հատ,BATCH_EXPIRY,MEDIUM,NO,1C item_type says expiry-controlled and no non-sterile override matched,EXPIRY_ITEM_TYPE,,
00-00001062,BO.995002.39,MODULAR BIPOLAR CUP MEDIUM- 39,Bombay Hip,Ժամկետով ապրանքներ,հատ,BATCH_EXPIRY,MEDIUM,NO,1C item_type says expiry-controlled and no non-sterile override matched,EXPIRY_ITEM_TYPE,,
00-00001060,BO.995002.41,MODULAR BIPOLAR CUP MEDIUM- 41,Bombay Hip,Ժամկետով ապրանքներ,հատ,BATCH_EXPIRY,MEDIUM,NO,1C item_type says expiry-controlled and no non-sterile override matched,EXPIRY_ITEM_TYPE,,
00-00001058,BO.995002.43,MODULAR BIPOLAR CUP MEDIUM- 43,Bombay Hip,Ժամկետով ապրանքներ,հատ,BATCH_EXPIRY,MEDIUM,NO,1C item_type says expiry-controlled and no non-sterile override matched,EXPIRY_ITEM_TYPE,,
00-00001056,BO.995002.45,MODULAR BIPOLAR CUP MEDIUM- 45,Bombay Hip,Ժամկետով ապրանքներ,հատ,BATCH_EXPIRY,MEDIUM,NO,1C item_type says expiry-controlled and no non-sterile override matched,EXPIRY_ITEM_TYPE,,
00-00001054,BO.995002.47,MODULAR BIPOLAR CUP MEDIUM- 47,Bombay Hip,Ժամկետով ապրանքներ,հատ,BATCH_EXPIRY,MEDIUM,NO,1C item_type says expiry-controlled and no non-sterile override matched,EXPIRY_ITEM_TYPE,,
00-00001052,BO.995002.49,MODULAR BIPOLAR CUP MEDIUM- 49,Bombay Hip,Ժամկետով ապրանքներ,հատ,BATCH_EXPIRY,MEDIUM,NO,1C item_type says expiry-controlled and no non-sterile override matched,EXPIRY_ITEM_TYPE,,
00-00001050,BO.995002.51,MODULAR BIPOLAR CUP MEDIUM- 51,Bombay Hip,Ժամկետով ապրանքներ,հատ,BATCH_EXPIRY,MEDIUM,NO,1C item_type says expiry-controlled and no non-sterile override matched,EXPIRY_ITEM_TYPE,,
00-00001048,BO.995002.53,MODULAR BIPOLAR CUP MEDIUM- 53,Bombay Hip,Ժամկետով ապրանքներ,հատ,BATCH_EXPIRY,MEDIUM,NO,1C item_type says expiry-controlled and no non-sterile override matched,EXPIRY_ITEM_TYPE,,
00-00001047,BO.995002.55,MODULAR BIPOLAR CUP MEDIUM- 55,Bombay Hip,Ժամկետով ապրանքներ,հատ,BATCH_EXPIRY,MEDIUM,NO,1C item_type says expiry-controlled and no non-sterile override matched,EXPIRY_ITEM_TYPE,,
00-00001063,"BO.995002.37 -0,5","MODULAR BIPOLAR CUP MEDIUM - 0,5mm- 37",Bombay Hip,Ժամկետով ապրանքներ,հատ,BATCH_EXPIRY,MEDIUM,NO,1C item_type says expiry-controlled and no non-sterile override matched,EXPIRY_ITEM_TYPE,,
00-00001061,"BO.995002.39 -0,5","MODULAR BIPOLAR CUP MEDIUM - 0,5mm- 39",Bombay Hip,Ժամկետով ապրանքներ,հատ,BATCH_EXPIRY,MEDIUM,NO,1C item_type says expiry-controlled and no non-sterile override matched,EXPIRY_ITEM_TYPE,,
00-00001059,"BO.995002.41 -0,5","MODULAR BIPOLAR CUP MEDIUM - 0,5mm- 41",Bombay Hip,Ժամկետով ապրանքներ,հատ,BATCH_EXPIRY,MEDIUM,NO,1C item_type says expiry-controlled and no non-sterile override matched,EXPIRY_ITEM_TYPE,,
00-00001057,"BO.995002.43 -0,5","MODULAR BIPOLAR CUP MEDIUM - 0,5mm- 43",Bombay Hip,Ժամկետով ապրանքներ,հատ,BATCH_EXPIRY,MEDIUM,NO,1C item_type says expiry-controlled and no non-sterile override matched,EXPIRY_ITEM_TYPE,,
00-00001055,"BO.995002.45 -0,5","MODULAR BIPOLAR CUP MEDIUM - 0,5mm- 45",Bombay Hip,Ժամկետով ապրանքներ,հատ,BATCH_EXPIRY,MEDIUM,NO,1C item_type says expiry-controlled and no non-sterile override matched,EXPIRY_ITEM_TYPE,,
00-00001053,"BO.995002.47 -0,5","MODULAR BIPOLAR CUP MEDIUM - 0,5mm- 47",Bombay Hip,Ժամկետով ապրանքներ,հատ,BATCH_EXPIRY,MEDIUM,NO,1C item_type says expiry-controlled and no non-sterile override matched,EXPIRY_ITEM_TYPE,,
00-00001051,"BO.995002.49 -0,5","MODULAR BIPOLAR CUP MEDIUM - 0,5mm- 49",Bombay Hip,Ժամկետով ապրանքներ,հատ,BATCH_EXPIRY,MEDIUM,NO,1C item_type says expiry-controlled and no non-sterile override matched,EXPIRY_ITEM_TYPE,,
00-00001049,"BO.995002.51 -0,5","MODULAR BIPOLAR CUP MEDIUM - 0,5mm- 51",Bombay Hip,Ժամկետով ապրանքներ,հատ,BATCH_EXPIRY,MEDIUM,NO,1C item_type says expiry-controlled and no non-sterile override matched,EXPIRY_ITEM_TYPE,,
00-00001040,"BO.995002.53 -0,5","MODULAR BIPOLAR CUP MEDIUM - 0,5mm- 53",Bombay Hip,Ժամկետով ապրանքներ,հատ,BATCH_EXPIRY,MEDIUM,NO,1C item_type says expiry-controlled and no non-sterile override matched,EXPIRY_ITEM_TYPE,,
00-00001046,"BO.995002.55 -0,5","MODULAR BIPOLAR CUP MEDIUM - 0,5mm- 55",Bombay Hip,Ժամկետով ապրանքներ,հատ,BATCH_EXPIRY,MEDIUM,NO,1C item_type says expiry-controlled and no non-sterile override matched,EXPIRY_ITEM_TYPE,,
00-00001045,BO.995101,MODULAR BIPOLAR STEM- S,Bombay Hip,Ժամկետով ապրանքներ,հատ,BATCH_EXPIRY,MEDIUM,NO,1C item_type says expiry-controlled and no non-sterile override matched,EXPIRY_ITEM_TYPE,,
00-00001044,BO.995102,MODULAR BIPOLAR STEM- M,Bombay Hip,Ժամկետով ապրանքներ,հատ,BATCH_EXPIRY,MEDIUM,NO,1C item_type says expiry-controlled and no non-sterile override matched,EXPIRY_ITEM_TYPE,,
00-00001043,BO.995103,MODULAR BIPOLAR STEM- L,Bombay Hip,Ժամկետով ապրանքներ,հատ,BATCH_EXPIRY,MEDIUM,NO,1C item_type says expiry-controlled and no non-sterile override matched,EXPIRY_ITEM_TYPE,,
00-00001042,BO.995104,MODULAR BIPOLAR STEM- XL,Bombay Hip,Ժամկետով ապրանքներ,հատ,BATCH_EXPIRY,MEDIUM,NO,1C item_type says expiry-controlled and no non-sterile override matched,EXPIRY_ITEM_TYPE,,
00-00001041,BO.995105,MODULAR BIPOLAR STEM- XXL,Bombay Hip,Ժամկետով ապրանքներ,հատ,BATCH_EXPIRY,MEDIUM,NO,1C item_type says expiry-controlled and no non-sterile override matched,EXPIRY_ITEM_TYPE,,
00-00001129,BOI.149.06.18.S,"HUMERUS INTERLOCKING NAIL  Dia -  6 mm, (Length -  18 cm ) SS , 180mm",Humeral nail,Հատ,հատ,REF_ONLY,LOW,NO,All nails are non-sterile REF-only,NAIL,,
00-00001127,BOI.149.06.20.S,"HUMERUS INTERLOCKING NAIL  Dia -  6 mm, (Length -  20 cm ) SS , 200mm",Humeral nail,Հատ,հատ,REF_ONLY,LOW,NO,All nails are non-sterile REF-only,NAIL,,
00-00001125,BOI.149.06.22.S,"HUMERUS INTERLOCKING NAIL  Dia -  6 mm, (Length -  22 cm ) SS , 220mm",Humeral nail,Հատ,հատ,REF_ONLY,LOW,NO,All nails are non-sterile REF-only,NAIL,,
00-00001123,BOI.149.06.24.S,"HUMERUS INTERLOCKING NAIL  Dia -  6 mm, (Length -  24 cm ) SS , 240mm",Humeral nail,Հատ,հատ,REF_ONLY,LOW,NO,All nails are non-sterile REF-only,NAIL,,
00-00001121,BOI.149.06.26.S,"HUMERUS INTERLOCKING NAIL  Dia -  6 mm, (Length -  26 cm ) SS , 260mm",Humeral nail,Հատ,հատ,REF_ONLY,LOW,NO,All nails are non-sterile REF-only,NAIL,,
00-00001119,BOI.149.06.28.S,"HUMERUS INTERLOCKING NAIL  Dia -  6 mm, (Length -  28 cm ) SS , 280mm",Humeral nail,Հատ,հատ,REF_ONLY,LOW,NO,All nails are non-sterile REF-only,NAIL,,
00-00001117,BOI.149.07.18.S,"HUMERUS INTERLOCKING NAIL  Dia -  7 mm, (Length -  18 cm ) SS , 180mm",Humeral nail,Հատ,հատ,REF_ONLY,LOW,NO,All nails are non-sterile REF-only,NAIL,,
00-00001115,BOI.149.07.20.S,"HUMERUS INTERLOCKING NAIL  Dia -  7 mm, (Length -  20 cm ) SS , 200mm",Humeral nail,Հատ,հատ,REF_ONLY,LOW,NO,All nails are non-sterile REF-only,NAIL,,
00-00001113,BOI.149.07.22.S,"HUMERUS INTERLOCKING NAIL  Dia -  7 mm, (Length -  22 cm ) SS , 220mm",Humeral nail,Հատ,հատ,REF_ONLY,LOW,NO,All nails are non-sterile REF-only,NAIL,,
00-00001111,BOI.149.07.24.S,"HUMERUS INTERLOCKING NAIL  Dia -  7 mm, (Length -  24 cm ) SS , 240mm",Humeral nail,Հատ,հատ,REF_ONLY,LOW,NO,All nails are non-sterile REF-only,NAIL,,
00-00001109,BOI.149.07.26.S,"HUMERUS INTERLOCKING NAIL  Dia -  7 mm, (Length -  26 cm ) SS , 260mm",Humeral nail,Հատ,հատ,REF_ONLY,LOW,NO,All nails are non-sterile REF-only,NAIL,,
00-00001107,BOI.149.07.28.S,"HUMERUS INTERLOCKING NAIL  Dia -  7 mm, (Length -  28 cm ) SS , 280mm",Humeral nail,Հատ,հատ,REF_ONLY,LOW,NO,All nails are non-sterile REF-only,NAIL,,
00-00001105,BOI.149.08.18.S,"HUMERUS INTERLOCKING NAIL  Dia -  8 mm, (Length -  18 cm ) SS , 180mm",Humeral nail,Հատ,հատ,REF_ONLY,LOW,NO,All nails are non-sterile REF-only,NAIL,,
00-00001103,BOI.149.08.20.S,"HUMERUS INTERLOCKING NAIL  Dia -  8 mm, (Length -  20 cm ) SS , 200mm",Humeral nail,Հատ,հատ,REF_ONLY,LOW,NO,All nails are non-sterile REF-only,NAIL,,
00-00001101,BOI.149.08.22.S,"HUMERUS INTERLOCKING NAIL  Dia -  8 mm, (Length -  22 cm ) SS , 220mm",Humeral nail,Հատ,հատ,REF_ONLY,LOW,NO,All nails are non-sterile REF-only,NAIL,,
00-00001099,BOI.149.08.24.S,"HUMERUS INTERLOCKING NAIL  Dia -  8 mm, (Length -  24 cm ) SS , 240mm",Humeral nail,Հատ,հատ,REF_ONLY,LOW,NO,All nails are non-sterile REF-only,NAIL,,
00-00001097,BOI.149.08.26.S,"HUMERUS INTERLOCKING NAIL  Dia -  8 mm, (Length -  26 cm ) SS , 260mm",Humeral nail,Հատ,հատ,REF_ONLY,LOW,NO,All nails are non-sterile REF-only,NAIL,,
00-00001095,BOI.149.08.28.S,"HUMERUS INTERLOCKING NAIL  Dia -  8 mm, (Length -  28 cm ) SS , 280mm",Humeral nail,Հատ,հատ,REF_ONLY,LOW,NO,All nails are non-sterile REF-only,NAIL,,
00-00001093,BOI.01.233.24.S,"HUMERUS INTERLOCKING BOLT  3.1 mm  SS , 24mm",Humeral nail,Հատ,հատ,REF_ONLY,LOW,NO,All nails are non-sterile REF-only,NAIL,,
00-00001091,BOI.01.233.26.S,"HUMERUS INTERLOCKING BOLT  3.1 mm  SS , 26mm",Humeral nail,Հատ,հատ,REF_ONLY,LOW,NO,All nails are non-sterile REF-only,NAIL,,
00-00001089,BOI.01.233.28.S,"HUMERUS INTERLOCKING BOLT  3.1 mm  SS , 28mm",Humeral nail,Հատ,հատ,REF_ONLY,LOW,NO,All nails are non-sterile REF-only,NAIL,,
00-00001087,BOI.01.233.32.S,"HUMERUS INTERLOCKING BOLT  3.1 mm  SS , 32mm",Humeral nail,Հատ,հատ,REF_ONLY,LOW,NO,All nails are non-sterile REF-only,NAIL,,
00-00001085,BOI.01.233.36.S,"HUMERUS INTERLOCKING BOLT  3.1 mm  SS , 36mm",Humeral nail,Հատ,հատ,REF_ONLY,LOW,NO,All nails are non-sterile REF-only,NAIL,,
00-00001083,BOI.01.233.40.S,"HUMERUS INTERLOCKING BOLT  3.1 mm  SS , 40mm",Humeral nail,Հատ,հատ,REF_ONLY,LOW,NO,All nails are non-sterile REF-only,NAIL,,
00-00001081,BOI.01.233.45.S,"HUMERUS INTERLOCKING BOLT  3.1 mm  SS , 45mm",Humeral nail,Հատ,հատ,REF_ONLY,LOW,NO,All nails are non-sterile REF-only,NAIL,,
00-00001076,BOI.01.233.50.S,"HUMERUS INTERLOCKING BOLT  3.1 mm  SS , 50mm",Humeral nail,Հատ,հատ,REF_ONLY,LOW,NO,All nails are non-sterile REF-only,NAIL,,
00-00001078,BO.710.042.S,"End cup for HUMERUS INTERLOCKING NAIL S.S. ,",Humeral nail,Հատ,հատ,REF_ONLY,LOW,NO,All nails are non-sterile REF-only,NAIL,,
00-00001128,BOI.149.06.18.T,"HUMERUS INTERLOCKING NAIL  Dia -  6 mm, (Length -  18 cm ) TT , 180mm",Humeral nail,Հատ,հատ,REF_ONLY,LOW,NO,All nails are non-sterile REF-only,NAIL,,
00-00001126,BOI.149.06.20.T,"HUMERUS INTERLOCKING NAIL  Dia -  6 mm, (Length -  20 cm ) TT , 200mm",Humeral nail,Հատ,հատ,REF_ONLY,LOW,NO,All nails are non-sterile REF-only,NAIL,,
00-00001124,BOI.149.06.22.T,"HUMERUS INTERLOCKING NAIL  Dia -  6 mm, (Length -  22 cm ) TT , 220mm",Humeral nail,Հատ,հատ,REF_ONLY,LOW,NO,All nails are non-sterile REF-only,NAIL,,
00-00001122,BOI.149.06.24.T,"HUMERUS INTERLOCKING NAIL  Dia -  6 mm, (Length -  24 cm ) TT , 240mm",Humeral nail,Հատ,հատ,REF_ONLY,LOW,NO,All nails are non-sterile REF-only,NAIL,,
00-00001120,BOI.149.06.26.T,"HUMERUS INTERLOCKING NAIL  Dia -  6 mm, (Length -  26 cm ) TT , 260mm",Humeral nail,Հատ,հատ,REF_ONLY,LOW,NO,All nails are non-sterile REF-only,NAIL,,
00-00001118,BOI.149.06.28.T,"HUMERUS INTERLOCKING NAIL  Dia -  6 mm, (Length -  28 cm ) TT , 280mm",Humeral nail,Հատ,հատ,REF_ONLY,LOW,NO,All nails are non-sterile REF-only,NAIL,,
00-00001116,BOI.149.07.18.T,"HUMERUS INTERLOCKING NAIL  Dia -  7 mm, (Length -  18 cm ) TT , 180mm",Humeral nail,Հատ,հատ,REF_ONLY,LOW,NO,All nails are non-sterile REF-only,NAIL,,
00-00001114,BOI.149.07.20.T,"HUMERUS INTERLOCKING NAIL  Dia -  7 mm, (Length -  20 cm ) TT , 200mm",Humeral nail,Հատ,հատ,REF_ONLY,LOW,NO,All nails are non-sterile REF-only,NAIL,,
00-00001112,BOI.149.07.22.T,"HUMERUS INTERLOCKING NAIL  Dia -  7 mm, (Length -  22 cm ) TT , 220mm",Humeral nail,Հատ,հատ,REF_ONLY,LOW,NO,All nails are non-sterile REF-only,NAIL,,
00-00001110,BOI.149.07.24.T,"HUMERUS INTERLOCKING NAIL  Dia -  7 mm, (Length -  24 cm ) TT , 240mm",Humeral nail,Հատ,հատ,REF_ONLY,LOW,NO,All nails are non-sterile REF-only,NAIL,,
00-00001108,BOI.149.07.26.T,"HUMERUS INTERLOCKING NAIL  Dia -  7 mm, (Length -  26 cm ) TT , 260mm",Humeral nail,Հատ,հատ,REF_ONLY,LOW,NO,All nails are non-sterile REF-only,NAIL,,
00-00001106,BOI.149.07.28.T,"HUMERUS INTERLOCKING NAIL  Dia -  7 mm, (Length -  28 cm ) TT , 280mm",Humeral nail,Հատ,հատ,REF_ONLY,LOW,NO,All nails are non-sterile REF-only,NAIL,,
00-00001104,BOI.149.08.18.T,"HUMERUS INTERLOCKING NAIL  Dia -  8 mm, (Length -  18 cm ) TT , 180mm",Humeral nail,Հատ,հատ,REF_ONLY,LOW,NO,All nails are non-sterile REF-only,NAIL,,
00-00001102,BOI.149.08.20.T,"HUMERUS INTERLOCKING NAIL  Dia -  8 mm, (Length -  20 cm ) TT , 200mm",Humeral nail,Հատ,հատ,REF_ONLY,LOW,NO,All nails are non-sterile REF-only,NAIL,,
00-00001100,BOI.149.08.22.T,"HUMERUS INTERLOCKING NAIL  Dia -  8 mm, (Length -  22 cm ) TT , 220mm",Humeral nail,Հատ,հատ,REF_ONLY,LOW,NO,All nails are non-sterile REF-only,NAIL,,
00-00001098,BOI.149.08.24.T,"HUMERUS INTERLOCKING NAIL  Dia -  8 mm, (Length -  24 cm ) TT , 240mm",Humeral nail,Հատ,հատ,REF_ONLY,LOW,NO,All nails are non-sterile REF-only,NAIL,,
00-00001096,BOI.149.08.26.T,"HUMERUS INTERLOCKING NAIL  Dia -  8 mm, (Length -  26 cm ) TT , 260mm",Humeral nail,Հատ,հատ,REF_ONLY,LOW,NO,All nails are non-sterile REF-only,NAIL,,
00-00001094,BOI.149.08.28.T,"HUMERUS INTERLOCKING NAIL  Dia -  8 mm, (Length -  28 cm ) TT , 280mm",Humeral nail,Հատ,հատ,REF_ONLY,LOW,NO,All nails are non-sterile REF-only,NAIL,,
00-00001092,BOI.01.233.24.T,"HUMERUS INTERLOCKING BOLT  3.1 mm  TT , 24mm",Humeral nail,Հատ,հատ,REF_ONLY,LOW,NO,All nails are non-sterile REF-only,NAIL,,
00-00001090,BOI.01.233.26.T,"HUMERUS INTERLOCKING BOLT  3.1 mm  TT , 26mm",Humeral nail,Հատ,հատ,REF_ONLY,LOW,NO,All nails are non-sterile REF-only,NAIL,,
00-00001088,BOI.01.233.28.T,"HUMERUS INTERLOCKING BOLT  3.1 mm  TT , 28mm",Humeral nail,Հատ,հատ,REF_ONLY,LOW,NO,All nails are non-sterile REF-only,NAIL,,
00-00001086,BOI.01.233.32.T,"HUMERUS INTERLOCKING BOLT  3.1 mm  TT , 32mm",Humeral nail,Հատ,հատ,REF_ONLY,LOW,NO,All nails are non-sterile REF-only,NAIL,,
00-00001084,BOI.01.233.36.T,"HUMERUS INTERLOCKING BOLT  3.1 mm  TT , 36mm",Humeral nail,Հատ,հատ,REF_ONLY,LOW,NO,All nails are non-sterile REF-only,NAIL,,
00-00001082,BOI.01.233.40.T,"HUMERUS INTERLOCKING BOLT  3.1 mm  TT , 40mm",Humeral nail,Հատ,հատ,REF_ONLY,LOW,NO,All nails are non-sterile REF-only,NAIL,,
00-00001080,BOI.01.233.45.T,"HUMERUS INTERLOCKING BOLT  3.1 mm  TT , 45mm",Humeral nail,Հատ,հատ,REF_ONLY,LOW,NO,All nails are non-sterile REF-only,NAIL,,
00-00001079,BOI.01.233.50.T,"HUMERUS INTERLOCKING BOLT  3.1 mm  TT , 50mm",Humeral nail,Հատ,հատ,REF_ONLY,LOW,NO,All nails are non-sterile REF-only,NAIL,,
00-00001077,BO.710.042.T,"End cup for HUMERUS INTERLOCKING NAIL TT ,",Humeral nail,Հատ,հատ,REF_ONLY,LOW,NO,All nails are non-sterile REF-only,NAIL,,
00-00001137,MB1PS535,"Spineway-Polyaxial Pedicle screws, 5x35 , Ti",Spineway,Հատ,հատ,REF_ONLY,LOW,NO,Usual screw is non-sterile REF-only,SCREW,,
00-00001131,MB1PSS440,"Spineway-Polyaxial screws, Traction & 3D+ 4x40 , Ti",Spineway,Հատ,հատ,REF_ONLY,LOW,NO,Usual screw is non-sterile REF-only,SCREW,,
00-00001138,MB1PSS540,"Spineway-Polyaxial screws, Traction & 3D+ 5x40 , Ti",Spineway,Հատ,հատ,REF_ONLY,LOW,NO,Usual screw is non-sterile REF-only,SCREW,,
00-00001139,MB1PSS545,"Spineway-Polyaxial screws, Traction & 3D+ 5x45 , Ti",Spineway,Հատ,հատ,REF_ONLY,LOW,NO,Usual screw is non-sterile REF-only,SCREW,,
00-00001140,MB1PSS550,"Spineway-Polyaxial screws, Traction & 3D+ 5x50 , Ti",Spineway,Հատ,հատ,REF_ONLY,LOW,NO,Usual screw is non-sterile REF-only,SCREW,,
00-00001141,MB1PSS640,"Spineway-Polyaxial screws, Traction & 3D+ 6x40 , Ti",Spineway,Հատ,հատ,REF_ONLY,LOW,NO,Usual screw is non-sterile REF-only,SCREW,,
00-00001142,MB1PSS645,"Spineway-Polyaxial screws, Traction & 3D+ 6x45 , Ti",Spineway,Հատ,հատ,REF_ONLY,LOW,NO,Usual screw is non-sterile REF-only,SCREW,,
00-00001143,MB1PSS650,"Spineway-Polyaxial screws, Traction & 3D+ 6x50 , Ti",Spineway,Հատ,հատ,REF_ONLY,LOW,NO,Usual screw is non-sterile REF-only,SCREW,,
00-00001144,MB1PSS745,"Spineway-Polyaxial screws, Traction & 3D+ 7x45 , Ti",Spineway,Հատ,հատ,REF_ONLY,LOW,NO,Usual screw is non-sterile REF-only,SCREW,,
00-00001145,MB1PSS750,"Spineway-Polyaxial screws, Traction & 3D+ 7x50 , Ti",Spineway,Հատ,հատ,REF_ONLY,LOW,NO,Usual screw is non-sterile REF-only,SCREW,,
00-00001133,MB1PS780,"Spineway-iliac polyaxial screw , Ti",Spineway,Հատ,հատ,REF_ONLY,LOW,NO,Usual screw is non-sterile REF-only,SCREW,,
00-00001134,MB1PS845,"Spineway-iliac polyaxial screw , Ti",Spineway,Հատ,հատ,REF_ONLY,LOW,NO,Usual screw is non-sterile REF-only,SCREW,,
00-00001135,MB1PS850,"Spineway-iliac polyaxial screw , Ti",Spineway,Հատ,հատ,REF_ONLY,LOW,NO,Usual screw is non-sterile REF-only,SCREW,,
00-00001132,MB1LC40,"Spineway-iliac lateral connector L:40mm , Ti",Spineway,Հատ,հատ,REF_ONLY,MEDIUM,NO,No sterile indicators matched,,,
00-00001147,MB2LS,"Spineway-VIS DE VERROUILLAGE POUR VIS MONT BLANC LOCK. SCREW , Ti",Spineway,Հատ,հատ,REF_ONLY,LOW,NO,Usual screw is non-sterile REF-only,SCREW,,
00-00001136,MB2DTTL,"Spineway-MONT BLANC TRANSVERSE CONNECTOR, SIZE L L:45 , Ti",Spineway,Հատ,հատ,REF_ONLY,MEDIUM,NO,No sterile indicators matched,,,
00-00001146,MB1R55500,"Spineway-Straight Rods 5.5 diametr L=500mm , Ti",Spineway,Հատ,հատ,REF_ONLY,MEDIUM,NO,No sterile indicators matched,,,
00-00001199,BO.163.R.05.T,Distal Femur LCP 6.5mm 5h R Ti,Plates,Հատ,հատ,REF_ONLY,LOW,NO,All plates are non-sterile REF-only,PLATE,,
00-00001209,BO.163.R.07.T,Distal Femur LCP 6.5mm 7h R Ti,Plates,Հատ,հատ,REF_ONLY,LOW,NO,All plates are non-sterile REF-only,PLATE,,
00-00001212,BO.163.R.09.T,Distal Femur LCP 6.5mm 9h R Ti,Plates,Հատ,հատ,REF_ONLY,LOW,NO,All plates are non-sterile REF-only,PLATE,,
00-00001202,BO.163.R.11.T,Distal Femur LCP 6.5mm 11 R Ti,Plates,Հատ,հատ,REF_ONLY,LOW,NO,All plates are non-sterile REF-only,PLATE,,
00-00001205,BO.163.R.13.T,Distal Femur LCP 6.5mm 13 R Ti,Plates,Հատ,հատ,REF_ONLY,LOW,NO,All plates are non-sterile REF-only,PLATE,,
00-00001198,BO.163.L.05.T,Distal Femur LCP 6.5mm 5h L Ti,Plates,Հատ,հատ,REF_ONLY,LOW,NO,All plates are non-sterile REF-only,PLATE,,
00-00001207,BO.163.L.07.T,Distal Femur LCP 6.5mm 7h L Ti,Plates,Հատ,հատ,REF_ONLY,LOW,NO,All plates are non-sterile REF-only,PLATE,,
00-00001210,BO.163.L.09.T,Distal Femur LCP 6.5mm 9h L Ti,Plates,Հատ,հատ,REF_ONLY,LOW,NO,All plates are non-sterile REF-only,PLATE,,
00-00001200,BO.163.L.11.T,Distal Femur LCP 6.5mm 11 L Ti,Plates,Հատ,հատ,REF_ONLY,LOW,NO,All plates are non-sterile REF-only,PLATE,,
00-00001203,BO.163.L.13.T,Distal Femur LCP 6.5mm 13 L Ti,Plates,Հատ,հատ,REF_ONLY,LOW,NO,All plates are non-sterile REF-only,PLATE,,
00-00001450,BO.02.156.03.T,Proximal Humerus LCP PHILOS (SMALL DYNAMIC HOLE) 3h Ti,Plates,Հատ,հատ,REF_ONLY,LOW,NO,All plates are non-sterile REF-only,PLATE,,
00-00001452,BO.02.156.04.T,Proximal Humerus LCP PHILOS (SMALL DYNAMIC HOLE) 4h Ti,Plates,Հատ,հատ,REF_ONLY,LOW,NO,All plates are non-sterile REF-only,PLATE,,
00-00001454,BO.02.156.05.T,Proximal Humerus LCP PHILOS (SMALL DYNAMIC HOLE) 5h Ti,Plates,Հատ,հատ,REF_ONLY,LOW,NO,All plates are non-sterile REF-only,PLATE,,
00-00001456,BO.02.156.06.T,Proximal Humerus LCP PHILOS (SMALL DYNAMIC HOLE) 6h Ti,Plates,Հատ,հատ,REF_ONLY,LOW,NO,All plates are non-sterile REF-only,PLATE,,
00-00001458,BO.02.156.07.T,Proximal Humerus LCP PHILOS (SMALL DYNAMIC HOLE) 7h Ti,Plates,Հատ,հատ,REF_ONLY,LOW,NO,All plates are non-sterile REF-only,PLATE,,
00-00001460,BO.02.156.08.T,Proximal Humerus LCP PHILOS (SMALL DYNAMIC HOLE) 8h Ti,Plates,Հատ,հատ,REF_ONLY,LOW,NO,All plates are non-sterile REF-only,PLATE,,
00-00001445,BO.02.156.10.T,Proximal Humerus LCP PHILOS (SMALL DYNAMIC HOLE) 10h Ti,Plates,Հատ,հատ,REF_ONLY,LOW,NO,All plates are non-sterile REF-only,PLATE,,
00-00001447,BO.02.156.12.T,Proximal Humerus LCP PHILOS (SMALL DYNAMIC HOLE) 12h Ti,Plates,Հատ,հատ,REF_ONLY,LOW,NO,All plates are non-sterile REF-only,PLATE,,
00-00001179,BO.9928.L.04.T,Clavicle locking  plate 4h L Ti,Plates,Հատ,հատ,REF_ONLY,LOW,NO,All plates are non-sterile REF-only,PLATE,,
00-00001180,BO.9928.L.06.T,Clavicle locking  plate 6h L Ti,Plates,Հատ,հատ,REF_ONLY,LOW,NO,All plates are non-sterile REF-only,PLATE,,
00-00001182,BO.9928.L.08.T,Clavicle locking  plate 8h L Ti,Plates,Հատ,հատ,REF_ONLY,LOW,NO,All plates are non-sterile REF-only,PLATE,,
00-00001166,BO.9928.R.04.T,Clavicle locking  plate 4h R Ti,Plates,Հատ,հատ,REF_ONLY,LOW,NO,All plates are non-sterile REF-only,PLATE,,
00-00001181,BO.9928.R.06.T,Clavicle locking  plate 6h R Ti,Plates,Հատ,հատ,REF_ONLY,LOW,NO,All plates are non-sterile REF-only,PLATE,,
00-00001183,BO.9928.R.08.T,Clavicle locking  plate 8h R Ti,Plates,Հատ,հատ,REF_ONLY,LOW,NO,All plates are non-sterile REF-only,PLATE,,
00-00001169,BO.01.9928.L.06.T,Clavicle locking  plate - II LCP 6h L Ti,Plates,Հատ,հատ,REF_ONLY,LOW,NO,All plates are non-sterile REF-only,PLATE,,
00-00001171,BO.01.9928.L.08.T,Clavicle locking  plate - II LCP 8h L Ti,Plates,Հատ,հատ,REF_ONLY,LOW,NO,All plates are non-sterile REF-only,PLATE,,
00-00001167,BO.01.9928.L.10.T,Clavicle locking  plate - II LCP 10h L Ti,Plates,Հատ,հատ,REF_ONLY,LOW,NO,All plates are non-sterile REF-only,PLATE,,
00-00001170,BO.01.9928.R.06.T,Clavicle locking  plate - II LCP 6h R Ti,Plates,Հատ,հատ,REF_ONLY,LOW,NO,All plates are non-sterile REF-only,PLATE,,
00-00001172,BO.01.9928.R.08.T,Clavicle locking  plate - II LCP 8h R Ti,Plates,Հատ,հատ,REF_ONLY,LOW,NO,All plates are non-sterile REF-only,PLATE,,
00-00001168,BO.01.9928.R.10.T,Clavicle locking  plate - II LCP 10h R Ti,Plates,Հատ,հատ,REF_ONLY,LOW,NO,All plates are non-sterile REF-only,PLATE,,
00-00001227,BO.9907.R.3.T,Distal Humerus With Lateral Support LCP (2.7mm&3.5mm) 3h R Ti,Plates,Հատ,հատ,REF_ONLY,LOW,NO,All plates are non-sterile REF-only,PLATE,,
00-00001230,BO.9907.R.5.T,Distal Humerus With Lateral Support LCP (2.7mm&3.5mm) 5h R Ti,Plates,Հատ,հատ,REF_ONLY,LOW,NO,All plates are non-sterile REF-only,PLATE,,
00-00001232,BO.9907.R.7.T,Distal Humerus With Lateral Support LCP (2.7mm&3.5mm) 7h R Ti,Plates,Հատ,հատ,REF_ONLY,LOW,NO,All plates are non-sterile REF-only,PLATE,,
00-00001224,BO.9907.R.11.T,Distal Humerus With Lateral Support LCP (2.7mm&3.5mm) 11h R Ti,Plates,Հատ,հատ,REF_ONLY,LOW,NO,All plates are non-sterile REF-only,PLATE,,
00-00001226,BO.9907.R.13.T,Distal Humerus With Lateral Support LCP (2.7mm&3.5mm) 13h R Ti,Plates,Հատ,հատ,REF_ONLY,LOW,NO,All plates are non-sterile REF-only,PLATE,,
00-00001228,BO.9907.L.3.T,Distal Humerus With Lateral Support LCP (2.7mm&3.5mm) 3h R Ti,Plates,Հատ,հատ,REF_ONLY,LOW,NO,All plates are non-sterile REF-only,PLATE,,
00-00001229,BO.9907.L.5.T,Distal Humerus With Lateral Support LCP (2.7mm&3.5mm) 5h L Ti,Plates,Հատ,հատ,REF_ONLY,LOW,NO,All plates are non-sterile REF-only,PLATE,,
00-00001231,BO.9907.L.7.T,Distal Humerus With Lateral Support LCP (2.7mm&3.5mm) 7h L Ti,Plates,Հատ,հատ,REF_ONLY,LOW,NO,All plates are non-sterile REF-only,PLATE,,
00-00001223,BO.9907.L.11.T,Distal Humerus With Lateral Support LCP (2.7mm&3.5mm) 11h L Ti,Plates,Հատ,հատ,REF_ONLY,LOW,NO,All plates are non-sterile REF-only,PLATE,,
00-00001225,BO.9907.L.13.T,Distal Humerus With Lateral Support LCP (2.7mm&3.5mm) 13h L Ti,Plates,Հատ,հատ,REF_ONLY,LOW,NO,All plates are non-sterile REF-only,PLATE,,
00-00001416,BO.9908.R.3.T,Medial Distal Humerus LCP (2.7mm&3.5mm) 3h R Ti,Plates,Հատ,հատ,REF_ONLY,LOW,NO,All plates are non-sterile REF-only,PLATE,,
00-00001418,BO.9908.R.5.T,Medial Distal Humerus LCP (2.7mm&3.5mm) 5h R Ti,Plates,Հատ,հատ,REF_ONLY,LOW,NO,All plates are non-sterile REF-only,PLATE,,
00-00001420,BO.9908.R.7.T,Medial Distal Humerus LCP (2.7mm&3.5mm) 7h R Ti,Plates,Հատ,հատ,REF_ONLY,LOW,NO,All plates are non-sterile REF-only,PLATE,,
00-00001412,BO.9908.R.11.T,Medial Distal Humerus LCP (2.7mm&3.5mm) 11h R Ti,Plates,Հատ,հատ,REF_ONLY,LOW,NO,All plates are non-sterile REF-only,PLATE,,
00-00001414,BO.9908.R.13.T,Medial Distal Humerus LCP (2.7mm&3.5mm) 13h R Ti,Plates,Հատ,հատ,REF_ONLY,LOW,NO,All plates are non-sterile REF-only,PLATE,,
00-00001415,BO.9908.L.3.T,Medial Distal Humerus LCP (2.7mm&3.5mm) 3h L Ti,Plates,Հատ,հատ,REF_ONLY,LOW,NO,All plates are non-sterile REF-only,PLATE,,
00-00001417,BO.9908.L.5.T,Medial Distal Humerus LCP (2.7mm&3.5mm) 5h L Ti,Plates,Հատ,հատ,REF_ONLY,LOW,NO,All plates are non-sterile REF-only,PLATE,,
00-00001419,BO.9908.L.7.T,Medial Distal Humerus LCP (2.7mm&3.5mm) 7h L Ti,Plates,Հատ,հատ,REF_ONLY,LOW,NO,All plates are non-sterile REF-only,PLATE,,
00-00001421,BO.9908.L.9.T,Medial Distal Humerus LCP (2.7mm&3.5mm) 9h L Ti,Plates,Հատ,հատ,REF_ONLY,LOW,NO,All plates are non-sterile REF-only,PLATE,,
00-00001411,BO.9908.L.11.T,Medial Distal Humerus LCP (2.7mm&3.5mm) 11h L Ti,Plates,Հատ,հատ,REF_ONLY,LOW,NO,All plates are non-sterile REF-only,PLATE,,
00-00001413,BO.9908.L.13.T,Medial Distal Humerus LCP (2.7mm&3.5mm) 13h L Ti,Plates,Հատ,հատ,REF_ONLY,LOW,NO,All plates are non-sterile REF-only,PLATE,,
00-00001240,BO.9941.R.4.T,Extra-Aarticular Distal Humerus Locking Plate 4h R Ti,Plates,Հատ,հատ,REF_ONLY,LOW,NO,All plates are non-sterile REF-only,PLATE,,
00-00001242,BO.9941.R.6.T,Extra-Aarticular Distal Humerus Locking Plate 6h R Ti,Plates,Հատ,հատ,REF_ONLY,LOW,NO,All plates are non-sterile REF-only,PLATE,,
00-00001244,BO.9941.R.8.T,Extra-Aarticular Distal Humerus Locking Plate 8h R Ti,Plates,Հատ,հատ,REF_ONLY,LOW,NO,All plates are non-sterile REF-only,PLATE,,
00-00001234,BO.9941.R.10.T,Extra-Aarticular Distal Humerus Locking Plate 10h R Ti,Plates,Հատ,հատ,REF_ONLY,LOW,NO,All plates are non-sterile REF-only,PLATE,,
00-00001236,BO.9941.R.12.T,Extra-Aarticular Distal Humerus Locking Plate 12h R Ti,Plates,Հատ,հատ,REF_ONLY,LOW,NO,All plates are non-sterile REF-only,PLATE,,
00-00001238,BO.9941.R.14.T,Extra-Aarticular Distal Humerus Locking Plate 14h R Ti,Plates,Հատ,հատ,REF_ONLY,LOW,NO,All plates are non-sterile REF-only,PLATE,,
00-00001239,BO.9941.L.4.T,Extra-Aarticular Distal Humerus Locking Plate 4h L Ti,Plates,Հատ,հատ,REF_ONLY,LOW,NO,All plates are non-sterile REF-only,PLATE,,
00-00001241,BO.9941.L.6.T,Extra-Aarticular Distal Humerus Locking Plate 6h L Ti,Plates,Հատ,հատ,REF_ONLY,LOW,NO,All plates are non-sterile REF-only,PLATE,,
00-00001243,BO.9941.L.8.T,Extra-Aarticular Distal Humerus Locking Plate 8h L Ti,Plates,Հատ,հատ,REF_ONLY,LOW,NO,All plates are non-sterile REF-only,PLATE,,
00-00001233,BO.9941.L.10.T,Extra-Aarticular Distal Humerus Locking Plate 10h L Ti,Plates,Հատ,հատ,REF_ONLY,LOW,NO,All plates are non-sterile REF-only,PLATE,,
00-00001235,BO.9941.L.12.T,Extra-Aarticular Distal Humerus Locking Plate 12h L Ti,Plates,Հատ,հատ,REF_ONLY,LOW,NO,All plates are non-sterile REF-only,PLATE,,
00-00001237,BO.9941.L.14.T,Extra-Aarticular Distal Humerus Locking Plate 14h L Ti,Plates,Հատ,հատ,REF_ONLY,LOW,NO,All plates are non-sterile REF-only,PLATE,,
00-00001255,BO.186.10.T,"Locking screw 2.4mm, 10mm Ti",Screws,Հատ,հատ,REF_ONLY,LOW,NO,Usual screw is non-sterile REF-only,SCREW,,
00-00001256,BO.186.12.T,"Locking screw 2.4mm, 12mm Ti",Screws,Հատ,հատ,REF_ONLY,LOW,NO,Usual screw is non-sterile REF-only,SCREW,,
00-00001257,BO.186.14.T,"Locking screw 2.4mm, 14mm Ti",Screws,Հատ,հատ,REF_ONLY,LOW,NO,Usual screw is non-sterile REF-only,SCREW,,
00-00001258,BO.186.16.T,"Locking screw 2.4mm, 16mm Ti",Screws,Հատ,հատ,REF_ONLY,LOW,NO,Usual screw is non-sterile REF-only,SCREW,,
00-00001259,BO.186.18.T,"Locking screw 2.4mm, 18mm Ti",Screws,Հատ,հատ,REF_ONLY,LOW,NO,Usual screw is non-sterile REF-only,SCREW,,
00-00001260,BO.186.20.T,"Locking screw 2.4mm, 20mm Ti",Screws,Հատ,հատ,REF_ONLY,LOW,NO,Usual screw is non-sterile REF-only,SCREW,,
00-00001261,BO.186.22.T,"Locking screw 2.4mm, 22mm Ti",Screws,Հատ,հատ,REF_ONLY,LOW,NO,Usual screw is non-sterile REF-only,SCREW,,
00-00001262,BO.186.24.T,"Locking screw 2.4mm, 24mm Ti",Screws,Հատ,հատ,REF_ONLY,LOW,NO,Usual screw is non-sterile REF-only,SCREW,,
00-00001263,BO.186.26.T,"Locking screw 2.4mm, 26mm Ti",Screws,Հատ,հատ,REF_ONLY,LOW,NO,Usual screw is non-sterile REF-only,SCREW,,
00-00001264,BO.186.28.T,"Locking screw 2.4mm, 28mm Ti",Screws,Հատ,հատ,REF_ONLY,LOW,NO,Usual screw is non-sterile REF-only,SCREW,,
00-00001265,BO.186.30.T,"Locking screw 2.4mm, 30mm Ti",Screws,Հատ,հատ,REF_ONLY,LOW,NO,Usual screw is non-sterile REF-only,SCREW,,
00-00001266,BO.204.32.T,"Locking screw 2.7mm, 32mm Ti",Screws,Հատ,հատ,REF_ONLY,LOW,NO,Usual screw is non-sterile REF-only,SCREW,,
00-00001267,BO.204.34.T,"Locking screw 2.7mm, 34mm Ti",Screws,Հատ,հատ,REF_ONLY,LOW,NO,Usual screw is non-sterile REF-only,SCREW,,
00-00001268,BO.204.36.T,"Locking screw 2.7mm, 36mm Ti",Screws,Հատ,հատ,REF_ONLY,LOW,NO,Usual screw is non-sterile REF-only,SCREW,,
00-00001269,BO.204.38.T,"Locking screw 2.7mm, 38mm Ti",Screws,Հատ,հատ,REF_ONLY,LOW,NO,Usual screw is non-sterile REF-only,SCREW,,
00-00001270,BO.204.40.T,"Locking screw 2.7mm, 40mm Ti",Screws,Հատ,հատ,REF_ONLY,LOW,NO,Usual screw is non-sterile REF-only,SCREW,,
00-00001190,BOI.185.10.T,"Cortex screw 2.4mm, 10mm Ti",Screws,Հատ,հատ,REF_ONLY,LOW,NO,Usual screw is non-sterile REF-only,SCREW,,
00-00001191,BOI.185.12.T,"Cortex screw 2.4mm, 12mm Ti",Screws,Հատ,հատ,REF_ONLY,LOW,NO,Usual screw is non-sterile REF-only,SCREW,,
00-00001192,BOI.185.14.T,"Cortex screw 2.4mm, 14mm Ti",Screws,Հատ,հատ,REF_ONLY,LOW,NO,Usual screw is non-sterile REF-only,SCREW,,
00-00001193,BOI.185.16.T,"Cortex screw 2.4mm, 16mm Ti",Screws,Հատ,հատ,REF_ONLY,LOW,NO,Usual screw is non-sterile REF-only,SCREW,,
00-00001194,BOI.185.20.T,"Cortex screw 2.4mm, 20mm Ti",Screws,Հատ,հատ,REF_ONLY,LOW,NO,Usual screw is non-sterile REF-only,SCREW,,
00-00001195,BOI.185.22.T,"Cortex screw 2.4mm, 22mm Ti",Screws,Հատ,հատ,REF_ONLY,LOW,NO,Usual screw is non-sterile REF-only,SCREW,,
00-00001196,BOI.185.24.T,"Cortex screw 2.4mm, 24mm Ti",Screws,Հատ,հատ,REF_ONLY,LOW,NO,Usual screw is non-sterile REF-only,SCREW,,
00-00001197,BOI.185.26.T,"Cortex screw 2.4mm, 26mm Ti",Screws,Հատ,հատ,REF_ONLY,LOW,NO,Usual screw is non-sterile REF-only,SCREW,,
00-00001245,BO.9930.30.T,"Locking Cancellous Screw 5.0mm, 30mm Ti",Screws,Հատ,հատ,REF_ONLY,LOW,NO,Usual screw is non-sterile REF-only,SCREW,,
00-00001246,BO.9930.35.T,"Locking Cancellous Screw 5.0mm, 35mm Ti",Screws,Հատ,հատ,REF_ONLY,LOW,NO,Usual screw is non-sterile REF-only,SCREW,,
00-00001247,BO.9930.40.T,"Locking Cancellous Screw 5.0mm, 40mm Ti",Screws,Հատ,հատ,REF_ONLY,LOW,NO,Usual screw is non-sterile REF-only,SCREW,,
00-00001248,BO.9930.45.T,"Locking Cancellous Screw 5.0mm, 45mm Ti",Screws,Հատ,հատ,REF_ONLY,LOW,NO,Usual screw is non-sterile REF-only,SCREW,,
00-00001249,BO.9930.50.T,"Locking Cancellous Screw 5.0mm, 50mm Ti",Screws,Հատ,հատ,REF_ONLY,LOW,NO,Usual screw is non-sterile REF-only,SCREW,,
00-00001250,BO.9930.55.T,"Locking Cancellous Screw 5.0mm, 55mm Ti",Screws,Հատ,հատ,REF_ONLY,LOW,NO,Usual screw is non-sterile REF-only,SCREW,,
00-00001251,BO.9930.60.T,"Locking Cancellous Screw 5.0mm, 60mm Ti",Screws,Հատ,հատ,REF_ONLY,LOW,NO,Usual screw is non-sterile REF-only,SCREW,,
00-00001252,BO.9930.65.T,"Locking Cancellous Screw 5.0mm, 65mm Ti",Screws,Հատ,հատ,REF_ONLY,LOW,NO,Usual screw is non-sterile REF-only,SCREW,,
00-00001253,BO.9930.70.T,"Locking Cancellous Screw 5.0mm, 70mm Ti",Screws,Հատ,հատ,REF_ONLY,LOW,NO,Usual screw is non-sterile REF-only,SCREW,,
00-00001254,BO.9930.80.T,"Locking Cancellous Screw 5.0mm, 80mm Ti",Screws,Հատ,հատ,REF_ONLY,LOW,NO,Usual screw is non-sterile REF-only,SCREW,,
00-00001379,BO.171.55.T,"Locking Screw Dia 6.5mm, 55mm Ti",Screws,Հատ,հատ,REF_ONLY,LOW,NO,Usual screw is non-sterile REF-only,SCREW,,
00-00001380,BO.171.60.T,"Locking Screw Dia 6.5mm, 60mm Ti",Screws,Հատ,հատ,REF_ONLY,LOW,NO,Usual screw is non-sterile REF-only,SCREW,,
00-00001381,BO.171.65.T,"Locking Screw Dia 6.5mm, 65mm Ti",Screws,Հատ,հատ,REF_ONLY,LOW,NO,Usual screw is non-sterile REF-only,SCREW,,
00-00001382,BO.171.70.T,"Locking Screw Dia 6.5mm, 70mm Ti",Screws,Հատ,հատ,REF_ONLY,LOW,NO,Usual screw is non-sterile REF-only,SCREW,,
00-00001383,BO.171.75.T,"Locking Screw Dia 6.5mm, 75mm Ti",Screws,Հատ,հատ,REF_ONLY,LOW,NO,Usual screw is non-sterile REF-only,SCREW,,
00-00001271,BO.168.10.T,"Locking Screw 3.5mm, 10mm Ti",Screws,Հատ,հատ,REF_ONLY,LOW,NO,Usual screw is non-sterile REF-only,SCREW,,
00-00001272,BO.168.12.T,"Locking Screw 3.5mm, 12mm Ti",Screws,Հատ,հատ,REF_ONLY,LOW,NO,Usual screw is non-sterile REF-only,SCREW,,
00-00001273,BO.168.14.T,"Locking Screw 3.5mm, 14mm Ti",Screws,Հատ,հատ,REF_ONLY,LOW,NO,Usual screw is non-sterile REF-only,SCREW,,
00-00001274,BO.168.16.T,"Locking Screw 3.5mm, 16mm Ti",Screws,Հատ,հատ,REF_ONLY,LOW,NO,Usual screw is non-sterile REF-only,SCREW,,
00-00001275,BO.168.18.T,"Locking Screw 3.5mm, 18mm Ti",Screws,Հատ,հատ,REF_ONLY,LOW,NO,Usual screw is non-sterile REF-only,SCREW,,
00-00001276,BO.168.20.T,"Locking Screw 3.5mm, 20mm Ti",Screws,Հատ,հատ,REF_ONLY,LOW,NO,Usual screw is non-sterile REF-only,SCREW,,
00-00001277,BO.168.22.T,"Locking Screw 3.5mm, 22mm Ti",Screws,Հատ,հատ,REF_ONLY,LOW,NO,Usual screw is non-sterile REF-only,SCREW,,
00-00001278,BO.168.24.T,"Locking Screw 3.5mm, 24mm Ti",Screws,Հատ,հատ,REF_ONLY,LOW,NO,Usual screw is non-sterile REF-only,SCREW,,
00-00001279,BO.168.26.T,"Locking Screw 3.5mm, 26mm Ti",Screws,Հատ,հատ,REF_ONLY,LOW,NO,Usual screw is non-sterile REF-only,SCREW,,
00-00001280,BO.168.28.T,"Locking Screw 3.5mm, 28mm Ti",Screws,Հատ,հատ,REF_ONLY,LOW,NO,Usual screw is non-sterile REF-only,SCREW,,
00-00001281,BO.168.30.T,"Locking Screw 3.5mm, 30mm Ti",Screws,Հատ,հատ,REF_ONLY,LOW,NO,Usual screw is non-sterile REF-only,SCREW,,
00-00001282,BO.168.32.T,"Locking Screw 3.5mm, 32mm Ti",Screws,Հատ,հատ,REF_ONLY,LOW,NO,Usual screw is non-sterile REF-only,SCREW,,
00-00001283,BO.168.34.T,"Locking Screw 3.5mm, 34mm Ti",Screws,Հատ,հատ,REF_ONLY,LOW,NO,Usual screw is non-sterile REF-only,SCREW,,
00-00001284,BO.168.36.T,"Locking Screw 3.5mm, 36mm Ti",Screws,Հատ,հատ,REF_ONLY,LOW,NO,Usual screw is non-sterile REF-only,SCREW,,
00-00001285,BO.168.38.T,"Locking Screw 3.5mm, 38mm Ti",Screws,Հատ,հատ,REF_ONLY,LOW,NO,Usual screw is non-sterile REF-only,SCREW,,
00-00001286,BO.168.40.T,"Locking Screw 3.5mm, 40mm Ti",Screws,Հատ,հատ,REF_ONLY,LOW,NO,Usual screw is non-sterile REF-only,SCREW,,
00-00001287,BO.168.42.T,"Locking Screw 3.5mm, 42mm Ti",Screws,Հատ,հատ,REF_ONLY,LOW,NO,Usual screw is non-sterile REF-only,SCREW,,
00-00001288,BO.168.44.T,"Locking Screw 3.5mm, 44mm Ti",Screws,Հատ,հատ,REF_ONLY,LOW,NO,Usual screw is non-sterile REF-only,SCREW,,
00-00001289,BO.168.46.T,"Locking Screw 3.5mm, 46mm Ti",Screws,Հատ,հատ,REF_ONLY,LOW,NO,Usual screw is non-sterile REF-only,SCREW,,
00-00001290,BO.168.48.T,"Locking Screw 3.5mm, 48mm Ti",Screws,Հատ,հատ,REF_ONLY,LOW,NO,Usual screw is non-sterile REF-only,SCREW,,
00-00001291,BO.168.50.T,"Locking Screw 3.5mm, 50mm Ti",Screws,Հատ,հատ,REF_ONLY,LOW,NO,Usual screw is non-sterile REF-only,SCREW,,
00-00001292,BO.168.52.T,"Locking Screw 3.5mm, 52mm Ti",Screws,Հատ,հատ,REF_ONLY,LOW,NO,Usual screw is non-sterile REF-only,SCREW,,
00-00001293,BO.168.54.T,"Locking Screw 3.5mm, 54mm Ti",Screws,Հատ,հատ,REF_ONLY,LOW,NO,Usual screw is non-sterile REF-only,SCREW,,
00-00001294,BO.168.56.T,"Locking Screw 3.5mm, 56mm Ti",Screws,Հատ,հատ,REF_ONLY,LOW,NO,Usual screw is non-sterile REF-only,SCREW,,
00-00001295,BO.168.58.T,"Locking Screw 3.5mm, 58mm Ti",Screws,Հատ,հատ,REF_ONLY,LOW,NO,Usual screw is non-sterile REF-only,SCREW,,
00-00001296,BO.168.60.T,"Locking Screw 3.5mm, 60mm Ti",Screws,Հատ,հատ,REF_ONLY,LOW,NO,Usual screw is non-sterile REF-only,SCREW,,
00-00001365,BO.9929.14.T,"Locking Screw Dia 3.5mm,14mm (Cancellous 14TPI Thread) Ti",Screws,Հատ,հատ,REF_ONLY,LOW,NO,Usual screw is non-sterile REF-only,SCREW,,
00-00001366,BO.9929.16.T,"Locking Screw Dia 3.5mm,16mm (Cancellous 14TPI Thread) Ti",Screws,Հատ,հատ,REF_ONLY,LOW,NO,Usual screw is non-sterile REF-only,SCREW,,
00-00001367,BO.9929.18.T,"Locking Screw Dia 3.5mm,18mm (Cancellous 14TPI Thread) Ti",Screws,Հատ,հատ,REF_ONLY,LOW,NO,Usual screw is non-sterile REF-only,SCREW,,
00-00001368,BO.9929.30.T,"Locking Screw Dia 3.5mm,30mm (Cancellous 14TPI Thread) Ti",Screws,Հատ,հատ,REF_ONLY,LOW,NO,Usual screw is non-sterile REF-only,SCREW,,
00-00001369,BO.9929.32.T,"Locking Screw Dia 3.5mm,32mm (Cancellous 14TPI Thread) Ti",Screws,Հատ,հատ,REF_ONLY,LOW,NO,Usual screw is non-sterile REF-only,SCREW,,
00-00001370,BO.9929.36.T,"Locking Screw Dia 3.5mm,36mm (Cancellous 14TPI Thread) Ti",Screws,Հատ,հատ,REF_ONLY,LOW,NO,Usual screw is non-sterile REF-only,SCREW,,
00-00001371,BO.9929.38.T,"Locking Screw Dia 3.5mm,38mm (Cancellous 14TPI Thread) Ti",Screws,Հատ,հատ,REF_ONLY,LOW,NO,Usual screw is non-sterile REF-only,SCREW,,
00-00001372,BO.9929.40.T,"Locking Screw Dia 3.5mm,40mm (Cancellous 14TPI Thread) Ti",Screws,Հատ,հատ,REF_ONLY,LOW,NO,Usual screw is non-sterile REF-only,SCREW,,
00-00001373,BO.9929.42.T,"Locking Screw Dia 3.5mm,42mm (Cancellous 14TPI Thread) Ti",Screws,Հատ,հատ,REF_ONLY,LOW,NO,Usual screw is non-sterile REF-only,SCREW,,
00-00001374,BO.9929.44.T,"Locking Screw Dia 3.5mm,44mm (Cancellous 14TPI Thread) Ti",Screws,Հատ,հատ,REF_ONLY,LOW,NO,Usual screw is non-sterile REF-only,SCREW,,
00-00001375,BO.9929.48.T,"Locking Screw Dia 3.5mm,48mm (Cancellous 14TPI Thread) Ti",Screws,Հատ,հատ,REF_ONLY,LOW,NO,Usual screw is non-sterile REF-only,SCREW,,
00-00001376,BO.9929.50.T,"Locking Screw Dia 3.5mm,50mm (Cancellous 14TPI Thread) Ti",Screws,Հատ,հատ,REF_ONLY,LOW,NO,Usual screw is non-sterile REF-only,SCREW,,
00-00001377,BO.9929.54.T,"Locking Screw Dia 3.5mm,54mm (Cancellous 14TPI Thread) Ti",Screws,Հատ,հատ,REF_ONLY,LOW,NO,Usual screw is non-sterile REF-only,SCREW,,
00-00001378,BO.9929.58.T,"Locking Screw Dia 3.5mm,58mm (Cancellous 14TPI Thread) Ti",Screws,Հատ,հատ,REF_ONLY,LOW,NO,Usual screw is non-sterile REF-only,SCREW,,
00-00001352,BO.170.20.T,"Locking screw cancellous 4,0mm, 20mm Ti",Screws,Հատ,հատ,REF_ONLY,LOW,NO,Usual screw is non-sterile REF-only,SCREW,,
00-00001353,BO.170.25.T,"Locking screw cancellous 4,0mm, 25mm Ti",Screws,Հատ,հատ,REF_ONLY,LOW,NO,Usual screw is non-sterile REF-only,SCREW,,
00-00001354,BO.170.30.T,"Locking screw cancellous 4,0mm, 30mm Ti",Screws,Հատ,հատ,REF_ONLY,LOW,NO,Usual screw is non-sterile REF-only,SCREW,,
00-00001355,BO.170.35.T,"Locking screw cancellous 4,0mm, 35mm Ti",Screws,Հատ,հատ,REF_ONLY,LOW,NO,Usual screw is non-sterile REF-only,SCREW,,
00-00001356,BO.170.40.T,"Locking screw cancellous 4,0mm, 40mm Ti",Screws,Հատ,հատ,REF_ONLY,LOW,NO,Usual screw is non-sterile REF-only,SCREW,,
00-00001357,BO.170.45.T,"Locking screw cancellous 4,0mm, 45mm Ti",Screws,Հատ,հատ,REF_ONLY,LOW,NO,Usual screw is non-sterile REF-only,SCREW,,
00-00001358,BO.170.50.T,"Locking screw cancellous 4,0mm, 50mm Ti",Screws,Հատ,հատ,REF_ONLY,LOW,NO,Usual screw is non-sterile REF-only,SCREW,,
00-00001359,BO.170.55.T,"Locking screw cancellous 4,0mm, 55mm Ti",Screws,Հատ,հատ,REF_ONLY,LOW,NO,Usual screw is non-sterile REF-only,SCREW,,
00-00001360,BO.170.60.T,"Locking screw cancellous 4,0mm, 60mm Ti",Screws,Հատ,հատ,REF_ONLY,LOW,NO,Usual screw is non-sterile REF-only,SCREW,,
00-00001361,BO.170.65.T,"Locking screw cancellous 4,0mm, 65mm Ti",Screws,Հատ,հատ,REF_ONLY,LOW,NO,Usual screw is non-sterile REF-only,SCREW,,
00-00001362,BO.170.70.T,"Locking screw cancellous 4,0mm, 70mm Ti",Screws,Հատ,հատ,REF_ONLY,LOW,NO,Usual screw is non-sterile REF-only,SCREW,,
00-00001363,BO.170.75.T,"Locking screw cancellous 4,0mm, 75mm Ti",Screws,Հատ,հատ,REF_ONLY,LOW,NO,Usual screw is non-sterile REF-only,SCREW,,
00-00001364,BO.170.80.T,"Locking screw cancellous 4,0mm, 80mm Ti",Screws,Հատ,հատ,REF_ONLY,LOW,NO,Usual screw is non-sterile REF-only,SCREW,,
00-00001214,BO.269.4.S,"Distal Fibula Locking Plate 3.5mm, 4h  S.S.",Plates,Հատ,հատ,REF_ONLY,LOW,NO,All plates are non-sterile REF-only,PLATE,,
00-00001215,BO.269.6.S,"Distal Fibula Locking Plate 3.5mm, 6h  S.S.",Plates,Հատ,հատ,REF_ONLY,LOW,NO,All plates are non-sterile REF-only,PLATE,,
00-00001216,BO.269.8.S,"Distal Fibula Locking Plate 3.5mm, 8h  S.S.",Plates,Հատ,հատ,REF_ONLY,LOW,NO,All plates are non-sterile REF-only,PLATE,,
00-00001213,BO.269.10.S,"Distal Fibula Locking Plate 3.5mm, 10h  S.S.",Plates,Հատ,հատ,REF_ONLY,LOW,NO,All plates are non-sterile REF-only,PLATE,,
00-00001482,BO.9912.5.S,"Reconstruction Locking Plate Dynamic hole 3,5mm, 5h S.S.",Plates,Հատ,հատ,REF_ONLY,LOW,NO,All plates are non-sterile REF-only,PLATE,,
00-00001483,BO.9912.7.S,"Reconstruction Locking Plate Dynamic hole 3,5mm, 7h S.S.",Plates,Հատ,հատ,REF_ONLY,LOW,NO,All plates are non-sterile REF-only,PLATE,,
00-00001484,BO.9912.9.S,"Reconstruction Locking Plate Dynamic hole 3,5mm, 9h S.S.",Plates,Հատ,հատ,REF_ONLY,LOW,NO,All plates are non-sterile REF-only,PLATE,,
00-00001479,BO.9912.11.S,"Reconstruction Locking Plate Dynamic hole 3,5mm, 11h S.S.",Plates,Հատ,հատ,REF_ONLY,LOW,NO,All plates are non-sterile REF-only,PLATE,,
00-00001480,BO.9912.12.S,"Reconstruction Locking Plate Dynamic hole 3,5mm, 12h S.S.",Plates,Հատ,հատ,REF_ONLY,LOW,NO,All plates are non-sterile REF-only,PLATE,,
00-00001481,BO.9912.14.S,"Reconstruction Locking Plate Dynamic hole 3,5mm, 14h S.S.",Plates,Հատ,հատ,REF_ONLY,LOW,NO,All plates are non-sterile REF-only,PLATE,,
00-00001184,BO.9928.L.04.S,Clavicle locking plate 4h L S.S.,Plates,Հատ,հատ,REF_ONLY,LOW,NO,All plates are non-sterile REF-only,PLATE,,
00-00001186,BO.9928.L.06.S,Clavicle locking plate 6h L S.S.,Plates,Հատ,հատ,REF_ONLY,LOW,NO,All plates are non-sterile REF-only,PLATE,,
00-00001188,BO.9928.L.08.S,Clavicle locking plate 8h L S.S.,Plates,Հատ,հատ,REF_ONLY,LOW,NO,All plates are non-sterile REF-only,PLATE,,
00-00001185,BO.9928.R.04.S,Clavicle locking plate 4h R S.S.,Plates,Հատ,հատ,REF_ONLY,LOW,NO,All plates are non-sterile REF-only,PLATE,,
00-00001187,BO.9928.R.06.S,Clavicle locking plate 6h R S.S.,Plates,Հատ,հատ,REF_ONLY,LOW,NO,All plates are non-sterile REF-only,PLATE,,
00-00001189,BO.9928.R.08.S,Clavicle locking plate 8h R S.S.,Plates,Հատ,հատ,REF_ONLY,LOW,NO,All plates are non-sterile REF-only,PLATE,,
00-00001175,BO.01.9928.L.06.S,"Clavicle locking  plate - II LCP, 6h L S.S.",Plates,Հատ,հատ,REF_ONLY,LOW,NO,All plates are non-sterile REF-only,PLATE,,
00-00001177,BO.01.9928.L.08.S,"Clavicle locking  plate - II LCP, 8h L S.S.",Plates,Հատ,հատ,REF_ONLY,LOW,NO,All plates are non-sterile REF-only,PLATE,,
00-00001173,BO.01.9928.L.10.S,"Clavicle locking  plate - II LCP, 10h L S.S.",Plates,Հատ,հատ,REF_ONLY,LOW,NO,All plates are non-sterile REF-only,PLATE,,
00-00001176,BO.01.9928.R.06.S,"Clavicle locking  plate - II LCP, 6h R S.S.",Plates,Հատ,հատ,REF_ONLY,LOW,NO,All plates are non-sterile REF-only,PLATE,,
00-00001178,BO.01.9928.R.08.S,"Clavicle locking  plate - II LCP, 8h R S.S.",Plates,Հատ,հատ,REF_ONLY,LOW,NO,All plates are non-sterile REF-only,PLATE,,
00-00001174,BO.01.9928.R.10.S,"Clavicle locking  plate - II LCP, 10h R S.S.",Plates,Հատ,հատ,REF_ONLY,LOW,NO,All plates are non-sterile REF-only,PLATE,,
00-00001428,BO.9909.5.L,Medial Distal Tibia Locking Plate 5h L S.S,Plates,Հատ,հատ,REF_ONLY,LOW,NO,All plates are non-sterile REF-only,PLATE,,
00-00001430,BO.9909.7.L,Medial Distal Tibia Locking Plate 7h L S.S,Plates,Հատ,հատ,REF_ONLY,LOW,NO,All plates are non-sterile REF-only,PLATE,,
00-00001432,BO.9909.9.L,Medial Distal Tibia Locking Plate 9h L S.S,Plates,Հատ,հատ,REF_ONLY,LOW,NO,All plates are non-sterile REF-only,PLATE,,
00-00001422,BO.9909.11.L,Medial Distal Tibia Locking Plate 11h L S.S,Plates,Հատ,հատ,REF_ONLY,LOW,NO,All plates are non-sterile REF-only,PLATE,,
00-00001424,BO.9909.13.L,Medial Distal Tibia Locking Plate 13h L S.S,Plates,Հատ,հատ,REF_ONLY,LOW,NO,All plates are non-sterile REF-only,PLATE,,
00-00001426,BO.9909.15.L,Medial Distal Tibia Locking Plate 15h L S.S,Plates,Հատ,հատ,REF_ONLY,LOW,NO,All plates are non-sterile REF-only,PLATE,,
00-00001429,BO.9909.5.R,Medial Distal Tibia Locking Plate 5h R S.S,Plates,Հատ,հատ,REF_ONLY,LOW,NO,All plates are non-sterile REF-only,PLATE,,
00-00001431,BO.9909.7.R,Medial Distal Tibia Locking Plate 7h R S.S,Plates,Հատ,հատ,REF_ONLY,LOW,NO,All plates are non-sterile REF-only,PLATE,,
00-00001433,BO.9909.9.R,Medial Distal Tibia Locking Plate 9h R S.S,Plates,Հատ,հատ,REF_ONLY,LOW,NO,All plates are non-sterile REF-only,PLATE,,
00-00001423,BO.9909.11.R,Medial Distal Tibia Locking Plate 11h R S.S,Plates,Հատ,հատ,REF_ONLY,LOW,NO,All plates are non-sterile REF-only,PLATE,,
00-00001425,BO.9909.13.R,Medial Distal Tibia Locking Plate 13h R S.S,Plates,Հատ,հատ,REF_ONLY,LOW,NO,All plates are non-sterile REF-only,PLATE,,
00-00001427,BO.9909.15.R,Medial Distal Tibia Locking Plate 15h R S.S,Plates,Հատ,հատ,REF_ONLY,LOW,NO,All plates are non-sterile REF-only,PLATE,,
00-00001151,BO.9940.75.R.S,"Calcaneal LCP 3.5mm, 75mm R S.S.",Plates,Հատ,հատ,REF_ONLY,LOW,NO,All plates are non-sterile REF-only,PLATE,,
00-00001149,BO.9940.75.R.S,"Calcaneal LCP 3.5mm, 70mm R S.S.",Plates,Հատ,հատ,REF_ONLY,LOW,NO,All plates are non-sterile REF-only,PLATE,,
00-00001150,BO.9940.75.L.S,"Calcaneal LCP 3.5mm, 75mm L S.S.",Plates,Հատ,հատ,REF_ONLY,LOW,NO,All plates are non-sterile REF-only,PLATE,,
00-00001148,BO.9940.75.L.S,"Calcaneal LCP 3.5mm, 70mm L S.S.",Plates,Հատ,հատ,REF_ONLY,LOW,NO,All plates are non-sterile REF-only,PLATE,,
00-00001437,BO.01.156.03.S,Proximal humerus LCP PHILOS (long dynamic hole) 3h S.S,Plates,Հատ,հատ,REF_ONLY,LOW,NO,All plates are non-sterile REF-only,PLATE,,
00-00001438,BO.01.156.04.S,Proximal humerus LCP PHILOS (long dynamic hole) 4h S.S,Plates,Հատ,հատ,REF_ONLY,LOW,NO,All plates are non-sterile REF-only,PLATE,,
00-00001439,BO.01.156.05.S,Proximal humerus LCP PHILOS (long dynamic hole) 5h S.S,Plates,Հատ,հատ,REF_ONLY,LOW,NO,All plates are non-sterile REF-only,PLATE,,
00-00001440,BO.01.156.06.S,Proximal humerus LCP PHILOS (long dynamic hole) 6h S.S,Plates,Հատ,հատ,REF_ONLY,LOW,NO,All plates are non-sterile REF-only,PLATE,,
00-00001441,BO.01.156.07.S,Proximal humerus LCP PHILOS (long dynamic hole) 7h S.S,Plates,Հատ,հատ,REF_ONLY,LOW,NO,All plates are non-sterile REF-only,PLATE,,
00-00001442,BO.01.156.08.S,Proximal humerus LCP PHILOS (long dynamic hole) 8h S.S,Plates,Հատ,հատ,REF_ONLY,LOW,NO,All plates are non-sterile REF-only,PLATE,,
00-00001443,BO.01.156.09.S,Proximal humerus LCP PHILOS (long dynamic hole) 9h S.S,Plates,Հատ,հատ,REF_ONLY,LOW,NO,All plates are non-sterile REF-only,PLATE,,
00-00001434,BO.01.156.10.S,Proximal humerus LCP PHILOS (long dynamic hole) 10h S.S,Plates,Հատ,հատ,REF_ONLY,LOW,NO,All plates are non-sterile REF-only,PLATE,,
00-00001435,BO.01.156.12.S,Proximal humerus LCP PHILOS (long dynamic hole) 12h S.S,Plates,Հատ,հատ,REF_ONLY,LOW,NO,All plates are non-sterile REF-only,PLATE,,
00-00001436,BO.01.156.13.S,Proximal humerus LCP PHILOS (long dynamic hole) 13h S.S,Plates,Հատ,հատ,REF_ONLY,LOW,NO,All plates are non-sterile REF-only,PLATE,,
00-00001449,BO.02.156.03.S,Proximal humerus LCP PHILOS (small dynamic hole) 3h S.S,Plates,Հատ,հատ,REF_ONLY,LOW,NO,All plates are non-sterile REF-only,PLATE,,
00-00001451,BO.02.156.04.S,Proximal humerus LCP PHILOS (small dynamic hole) 4h S.S,Plates,Հատ,հատ,REF_ONLY,LOW,NO,All plates are non-sterile REF-only,PLATE,,
00-00001453,BO.02.156.05.S,Proximal humerus LCP PHILOS (small dynamic hole) 5h S.S,Plates,Հատ,հատ,REF_ONLY,LOW,NO,All plates are non-sterile REF-only,PLATE,,
00-00001455,BO.02.156.06.S,Proximal humerus LCP PHILOS (small dynamic hole) 6h S.S,Plates,Հատ,հատ,REF_ONLY,LOW,NO,All plates are non-sterile REF-only,PLATE,,
00-00001457,BO.02.156.07.S,Proximal humerus LCP PHILOS (small dynamic hole) 7h S.S,Plates,Հատ,հատ,REF_ONLY,LOW,NO,All plates are non-sterile REF-only,PLATE,,
00-00001459,BO.02.156.08.S,Proximal humerus LCP PHILOS (small dynamic hole) 8h S.S,Plates,Հատ,հատ,REF_ONLY,LOW,NO,All plates are non-sterile REF-only,PLATE,,
00-00001461,BO.02.156.09.S,Proximal humerus LCP PHILOS (small dynamic hole) 9h S.S,Plates,Հատ,հատ,REF_ONLY,LOW,NO,All plates are non-sterile REF-only,PLATE,,
00-00001444,BO.02.156.10.S,Proximal humerus LCP PHILOS (small dynamic hole) 10h S.S,Plates,Հատ,հատ,REF_ONLY,LOW,NO,All plates are non-sterile REF-only,PLATE,,
00-00001446,BO.02.156.12.S,Proximal humerus LCP PHILOS (small dynamic hole) 12h S.S,Plates,Հատ,հատ,REF_ONLY,LOW,NO,All plates are non-sterile REF-only,PLATE,,
00-00001448,BO.02.156.13.S,Proximal humerus LCP PHILOS (small dynamic hole) 13h S.S,Plates,Հատ,հատ,REF_ONLY,LOW,NO,All plates are non-sterile REF-only,PLATE,,
00-00001486,B01.262.4.S,T Buttress LCP 4h S.S,Plates,Հատ,հատ,REF_ONLY,LOW,NO,All plates are non-sterile REF-only,PLATE,,
00-00001487,B01.262.5.S,T Buttress LCP 5h S.S,Plates,Հատ,հատ,REF_ONLY,LOW,NO,All plates are non-sterile REF-only,PLATE,,
00-00001488,B01.262.6.S,T Buttress LCP 6h S.S,Plates,Հատ,հատ,REF_ONLY,LOW,NO,All plates are non-sterile REF-only,PLATE,,
00-00001489,B01.262.7.S,T Buttress LCP 7h S.S,Plates,Հատ,հատ,REF_ONLY,LOW,NO,All plates are non-sterile REF-only,PLATE,,
00-00001490,B01.262.8.S,T Buttress LCP 8h S.S,Plates,Հատ,հատ,REF_ONLY,LOW,NO,All plates are non-sterile REF-only,PLATE,,
00-00001491,B01.262.9.S,T Buttress LCP 9h S.S,Plates,Հատ,հատ,REF_ONLY,LOW,NO,All plates are non-sterile REF-only,PLATE,,
00-00001485,B01.262.10.S,T Buttress LCP 10h S.S,Plates,Հատ,հատ,REF_ONLY,LOW,NO,All plates are non-sterile REF-only,PLATE,,
00-00001206,BO.163.R.05.S,Distal Femur LCP 6.5mm 5h R S.S,Plates,Հատ,հատ,REF_ONLY,LOW,NO,All plates are non-sterile REF-only,PLATE,,
00-00001208,BO.163.R.07.S,Distal Femur LCP 6.5mm 7h R S.S,Plates,Հատ,հատ,REF_ONLY,LOW,NO,All plates are non-sterile REF-only,PLATE,,
00-00001211,BO.163.R.09.S,Distal Femur LCP 6.5mm 9h R S.S,Plates,Հատ,հատ,REF_ONLY,LOW,NO,All plates are non-sterile REF-only,PLATE,,
00-00001201,BO.163.R.11.S,Distal Femur LCP 6.5mm 11 R S.S,Plates,Հատ,հատ,REF_ONLY,LOW,NO,All plates are non-sterile REF-only,PLATE,,
00-00001204,BO.163.R.13.S,Distal Femur LCP 6.5mm 13 R S.S,Plates,Հատ,հատ,REF_ONLY,LOW,NO,All plates are non-sterile REF-only,PLATE,,
00-00001297,BO.168.12.S,"Locking screw 3.5mm,12mm S.S.",Screws,Հատ,հատ,REF_ONLY,LOW,NO,Usual screw is non-sterile REF-only,SCREW,,
00-00001298,BO.168.14.S,"Locking screw 3.5mm,14mm S.S.",Screws,Հատ,հատ,REF_ONLY,LOW,NO,Usual screw is non-sterile REF-only,SCREW,,
00-00001299,BO.168.16.S,"Locking screw 3.5mm,16mm S.S.",Screws,Հատ,հատ,REF_ONLY,LOW,NO,Usual screw is non-sterile REF-only,SCREW,,
00-00001300,BO.168.18.S,"Locking screw 3.5mm,18mm S.S.",Screws,Հատ,հատ,REF_ONLY,LOW,NO,Usual screw is non-sterile REF-only,SCREW,,
00-00001301,BO.168.20.S,"Locking screw 3.5mm,20mm S.S.",Screws,Հատ,հատ,REF_ONLY,LOW,NO,Usual screw is non-sterile REF-only,SCREW,,
00-00001302,BO.168.22.S,"Locking screw 3.5mm,22mm S.S.",Screws,Հատ,հատ,REF_ONLY,LOW,NO,Usual screw is non-sterile REF-only,SCREW,,
00-00001303,BO.168.24.S,"Locking screw 3.5mm,24mm S.S.",Screws,Հատ,հատ,REF_ONLY,LOW,NO,Usual screw is non-sterile REF-only,SCREW,,
00-00001304,BO.168.26.S,"Locking screw 3.5mm,26mm S.S.",Screws,Հատ,հատ,REF_ONLY,LOW,NO,Usual screw is non-sterile REF-only,SCREW,,
00-00001305,BO.168.28.S,"Locking screw 3.5mm,28mm S.S.",Screws,Հատ,հատ,REF_ONLY,LOW,NO,Usual screw is non-sterile REF-only,SCREW,,
00-00001306,BO.168.30.S,"Locking screw 3.5mm,30mm S.S.",Screws,Հատ,հատ,REF_ONLY,LOW,NO,Usual screw is non-sterile REF-only,SCREW,,
00-00001307,BO.168.32.S,"Locking screw 3.5mm,32mm S.S.",Screws,Հատ,հատ,REF_ONLY,LOW,NO,Usual screw is non-sterile REF-only,SCREW,,
00-00001308,BO.168.34.S,"Locking screw 3.5mm,34mm S.S.",Screws,Հատ,հատ,REF_ONLY,LOW,NO,Usual screw is non-sterile REF-only,SCREW,,
00-00001309,BO.168.36.S,"Locking screw 3.5mm,36mm S.S.",Screws,Հատ,հատ,REF_ONLY,LOW,NO,Usual screw is non-sterile REF-only,SCREW,,
00-00001310,BO.168.38.S,"Locking screw 3.5mm,38mm S.S.",Screws,Հատ,հատ,REF_ONLY,LOW,NO,Usual screw is non-sterile REF-only,SCREW,,
00-00001311,BO.168.40.S,"Locking screw 3.5mm,40mm S.S.",Screws,Հատ,հատ,REF_ONLY,LOW,NO,Usual screw is non-sterile REF-only,SCREW,,
00-00001312,BO.168.42.S,"Locking screw 3.5mm,42mm S.S.",Screws,Հատ,հատ,REF_ONLY,LOW,NO,Usual screw is non-sterile REF-only,SCREW,,
00-00001313,BO.168.44.S,"Locking screw 3.5mm,44mm S.S.",Screws,Հատ,հատ,REF_ONLY,LOW,NO,Usual screw is non-sterile REF-only,SCREW,,
00-00001314,BO.168.46.S,"Locking screw 3.5mm,46mm S.S.",Screws,Հատ,հատ,REF_ONLY,LOW,NO,Usual screw is non-sterile REF-only,SCREW,,
00-00001315,BO.168.48.S,"Locking screw 3.5mm,48mm S.S.",Screws,Հատ,հատ,REF_ONLY,LOW,NO,Usual screw is non-sterile REF-only,SCREW,,
00-00001316,BO.168.50.S,"Locking screw 3.5mm,50mm S.S.",Screws,Հատ,հատ,REF_ONLY,LOW,NO,Usual screw is non-sterile REF-only,SCREW,,
00-00001384,BO.9929.30.S,"Locking screw DIA. 3.5mm,30mm (Cancellous 14TPI Thread) S.S",Screws,Հատ,հատ,REF_ONLY,LOW,NO,Usual screw is non-sterile REF-only,SCREW,,
00-00001385,BO.9929.32.S,"Locking screw DIA. 3.5mm,32mm (Cancellous 14TPI Thread) S.S",Screws,Հատ,հատ,REF_ONLY,LOW,NO,Usual screw is non-sterile REF-only,SCREW,,
00-00001386,BO.9929.34.S,"Locking screw DIA. 3.5mm,34mm (Cancellous 14TPI Thread) S.S",Screws,Հատ,հատ,REF_ONLY,LOW,NO,Usual screw is non-sterile REF-only,SCREW,,
00-00001387,BO.9929.36.S,"Locking screw DIA. 3.5mm,36mm (Cancellous 14TPI Thread) S.S",Screws,Հատ,հատ,REF_ONLY,LOW,NO,Usual screw is non-sterile REF-only,SCREW,,
00-00001388,BO.9929.38.S,"Locking screw DIA. 3.5mm,38mm (Cancellous 14TPI Thread) S.S",Screws,Հատ,հատ,REF_ONLY,LOW,NO,Usual screw is non-sterile REF-only,SCREW,,
00-00001389,BO.9929.40.S,"Locking screw DIA. 3.5mm,40mm (Cancellous 14TPI Thread) S.S",Screws,Հատ,հատ,REF_ONLY,LOW,NO,Usual screw is non-sterile REF-only,SCREW,,
00-00001390,BO.9929.42.S,"Locking screw DIA. 3.5mm,42mm (Cancellous 14TPI Thread) S.S",Screws,Հատ,հատ,REF_ONLY,LOW,NO,Usual screw is non-sterile REF-only,SCREW,,
00-00001391,BO.9929.44.S,"Locking screw DIA. 3.5mm,44mm (Cancellous 14TPI Thread) S.S",Screws,Հատ,հատ,REF_ONLY,LOW,NO,Usual screw is non-sterile REF-only,SCREW,,
00-00001392,BO.9929.48.S,"Locking screw DIA. 3.5mm,48mm (Cancellous 14TPI Thread) S.S",Screws,Հատ,հատ,REF_ONLY,LOW,NO,Usual screw is non-sterile REF-only,SCREW,,
00-00001393,BO.9929.50.S,"Locking screw DIA. 3.5mm,50mm (Cancellous 14TPI Thread) S.S",Screws,Հատ,հատ,REF_ONLY,LOW,NO,Usual screw is non-sterile REF-only,SCREW,,
00-00001394,BO.9929.52.S,"Locking screw DIA. 3.5mm,52mm (Cancellous 14TPI Thread) S.S",Screws,Հատ,հատ,REF_ONLY,LOW,NO,Usual screw is non-sterile REF-only,SCREW,,
00-00001330,BO.169.24.S,"Locking Screw 5.0mm,24mm S.S",Screws,Հատ,հատ,REF_ONLY,LOW,NO,Usual screw is non-sterile REF-only,SCREW,,
00-00001331,BO.169.26.S,"Locking Screw 5.0mm,26mm S.S",Screws,Հատ,հատ,REF_ONLY,LOW,NO,Usual screw is non-sterile REF-only,SCREW,,
00-00001332,BO.169.28.S,"Locking Screw 5.0mm,28mm S.S",Screws,Հատ,հատ,REF_ONLY,LOW,NO,Usual screw is non-sterile REF-only,SCREW,,
00-00001333,BO.169.30.S,"Locking Screw 5.0mm,30mm S.S",Screws,Հատ,հատ,REF_ONLY,LOW,NO,Usual screw is non-sterile REF-only,SCREW,,
00-00001334,BO.169.32.S,"Locking Screw 5.0mm,32mm S.S",Screws,Հատ,հատ,REF_ONLY,LOW,NO,Usual screw is non-sterile REF-only,SCREW,,
00-00001335,BO.169.34.S,"Locking Screw 5.0mm,34mm S.S",Screws,Հատ,հատ,REF_ONLY,LOW,NO,Usual screw is non-sterile REF-only,SCREW,,
00-00001336,BO.169.36.S,"Locking Screw 5.0mm,36mm S.S",Screws,Հատ,հատ,REF_ONLY,LOW,NO,Usual screw is non-sterile REF-only,SCREW,,
00-00001337,BO.169.38.S,"Locking Screw 5.0mm,38mm S.S",Screws,Հատ,հատ,REF_ONLY,LOW,NO,Usual screw is non-sterile REF-only,SCREW,,
00-00001338,BO.169.40.S,"Locking Screw 5.0mm,40mm S.S",Screws,Հատ,հատ,REF_ONLY,LOW,NO,Usual screw is non-sterile REF-only,SCREW,,
00-00001339,BO.169.42.S,"Locking Screw 5.0mm,42mm S.S",Screws,Հատ,հատ,REF_ONLY,LOW,NO,Usual screw is non-sterile REF-only,SCREW,,
00-00001340,BO.169.44.S,"Locking Screw 5.0mm,44mm S.S",Screws,Հատ,հատ,REF_ONLY,LOW,NO,Usual screw is non-sterile REF-only,SCREW,,
00-00001341,BO.169.46.S,"Locking Screw 5.0mm,46mm S.S",Screws,Հատ,հատ,REF_ONLY,LOW,NO,Usual screw is non-sterile REF-only,SCREW,,
00-00001342,BO.169.48.S,"Locking Screw 5.0mm,48mm S.S",Screws,Հատ,հատ,REF_ONLY,LOW,NO,Usual screw is non-sterile REF-only,SCREW,,
00-00001343,BO.169.50.S,"Locking Screw 5.0mm,50mm S.S",Screws,Հատ,հատ,REF_ONLY,LOW,NO,Usual screw is non-sterile REF-only,SCREW,,
00-00001344,BO.169.55.S,"Locking Screw 5.0mm,55mm S.S",Screws,Հատ,հատ,REF_ONLY,LOW,NO,Usual screw is non-sterile REF-only,SCREW,,
00-00001345,BO.169.60.S,"Locking Screw 5.0mm,60mm S.S",Screws,Հատ,հատ,REF_ONLY,LOW,NO,Usual screw is non-sterile REF-only,SCREW,,
00-00001346,BO.169.65.S,"Locking Screw 5.0mm,65mm S.S",Screws,Հատ,հատ,REF_ONLY,LOW,NO,Usual screw is non-sterile REF-only,SCREW,,
00-00001347,BO.169.70.S,"Locking Screw 5.0mm,70mm S.S",Screws,Հատ,հատ,REF_ONLY,LOW,NO,Usual screw is non-sterile REF-only,SCREW,,
00-00001348,BO.169.75.S,"Locking Screw 5.0mm,75mm S.S",Screws,Հատ,հատ,REF_ONLY,LOW,NO,Usual screw is non-sterile REF-only,SCREW,,
00-00001349,BO.169.80.S,"Locking Screw 5.0mm,80mm S.S",Screws,Հատ,հատ,REF_ONLY,LOW,NO,Usual screw is non-sterile REF-only,SCREW,,
00-00001350,BO.169.85.S,"Locking Screw 5.0mm,85mm S.S",Screws,Հատ,հատ,REF_ONLY,LOW,NO,Usual screw is non-sterile REF-only,SCREW,,
00-00001351,BO.169.90.S,"Locking Screw 5.0mm,90mm S.S",Screws,Հատ,հատ,REF_ONLY,LOW,NO,Usual screw is non-sterile REF-only,SCREW,,
00-00001395,BO.9930.40.S,"Locking screw DIA. 5.0mm,40mm (Cancellous Thread) S.S.",Screws,Հատ,հատ,REF_ONLY,LOW,NO,Usual screw is non-sterile REF-only,SCREW,,
00-00001396,BO.9930.45.S,"Locking screw DIA. 5.0mm,45mm (Cancellous Thread) S.S.",Screws,Հատ,հատ,REF_ONLY,LOW,NO,Usual screw is non-sterile REF-only,SCREW,,
00-00001397,BO.9930.50.S,"Locking screw DIA. 5.0mm,50mm (Cancellous Thread) S.S.",Screws,Հատ,հատ,REF_ONLY,LOW,NO,Usual screw is non-sterile REF-only,SCREW,,
00-00001398,BO.9930.55.S,"Locking screw DIA. 5.0mm,55mm (Cancellous Thread) S.S.",Screws,Հատ,հատ,REF_ONLY,LOW,NO,Usual screw is non-sterile REF-only,SCREW,,
00-00001399,BO.9930.60.S,"Locking screw DIA. 5.0mm,60mm (Cancellous Thread) S.S.",Screws,Հատ,հատ,REF_ONLY,LOW,NO,Usual screw is non-sterile REF-only,SCREW,,
00-00001400,BO.9930.65.S,"Locking screw DIA. 5.0mm,65mm (Cancellous Thread) S.S.",Screws,Հատ,հատ,REF_ONLY,LOW,NO,Usual screw is non-sterile REF-only,SCREW,,
00-00001401,BO.9930.70.S,"Locking screw DIA. 5.0mm,70mm (Cancellous Thread) S.S.",Screws,Հատ,հատ,REF_ONLY,LOW,NO,Usual screw is non-sterile REF-only,SCREW,,
00-00001402,BO.9930.75.S,"Locking screw DIA. 5.0mm,75mm (Cancellous Thread) S.S.",Screws,Հատ,հատ,REF_ONLY,LOW,NO,Usual screw is non-sterile REF-only,SCREW,,
00-00001403,BO.9930.80.S,"Locking screw DIA. 5.0mm,80mm (Cancellous Thread) S.S.",Screws,Հատ,հատ,REF_ONLY,LOW,NO,Usual screw is non-sterile REF-only,SCREW,,
00-00001404,BO.171.50.S,"Locking screw DIA. 6.5mm,50mm S.S",Screws,Հատ,հատ,REF_ONLY,LOW,NO,Usual screw is non-sterile REF-only,SCREW,,
00-00001405,BO.171.55.S,"Locking screw DIA. 6.5mm,55mm S.S",Screws,Հատ,հատ,REF_ONLY,LOW,NO,Usual screw is non-sterile REF-only,SCREW,,
00-00001406,BO.171.60.S,"Locking screw DIA. 6.5mm,60mm S.S",Screws,Հատ,հատ,REF_ONLY,LOW,NO,Usual screw is non-sterile REF-only,SCREW,,
00-00001407,BO.171.65.S,"Locking screw DIA. 6.5mm,65mm S.S",Screws,Հատ,հատ,REF_ONLY,LOW,NO,Usual screw is non-sterile REF-only,SCREW,,
00-00001408,BO.171.70.S,"Locking screw DIA. 6.5mm,70mm S.S",Screws,Հատ,հատ,REF_ONLY,LOW,NO,Usual screw is non-sterile REF-only,SCREW,,
00-00001409,BO.171.75.S,"Locking screw DIA. 6.5mm,75mm S.S",Screws,Հատ,հատ,REF_ONLY,LOW,NO,Usual screw is non-sterile REF-only,SCREW,,
00-00001410,BO.171.80.S,"Locking screw DIA. 6.5mm,80mm S.S",Screws,Հատ,հատ,REF_ONLY,LOW,NO,Usual screw is non-sterile REF-only,SCREW,,
00-00001218,BO.269.4.T,Distal Fibula Loking Plate 3.5mm 4h Ti,Plates,Հատ,հատ,REF_ONLY,LOW,NO,All plates are non-sterile REF-only,PLATE,,
00-00001219,BO.269.5.T,Distal Fibula Loking Plate 3.5mm 5h Ti,Plates,Հատ,հատ,REF_ONLY,LOW,NO,All plates are non-sterile REF-only,PLATE,,
00-00001220,BO.269.6.T,Distal Fibula Loking Plate 3.5mm 6h Ti,Plates,Հատ,հատ,REF_ONLY,LOW,NO,All plates are non-sterile REF-only,PLATE,,
00-00001221,BO.269.7.T,Distal Fibula Loking Plate 3.5mm 7h Ti,Plates,Հատ,հատ,REF_ONLY,LOW,NO,All plates are non-sterile REF-only,PLATE,,
00-00001222,BO.269.8.T,Distal Fibula Loking Plate 3.5mm 8h Ti,Plates,Հատ,հատ,REF_ONLY,LOW,NO,All plates are non-sterile REF-only,PLATE,,
00-00001217,BO.269.10.T,Distal Fibula Loking Plate 3.5mm 10h Ti,Plates,Հատ,հատ,REF_ONLY,LOW,NO,All plates are non-sterile REF-only,PLATE,,
00-00001492,BO.9946.L.02.T,"Two-columa distal Radius Plate, 2h L Ti",Plates,Հատ,հատ,REF_ONLY,LOW,NO,All plates are non-sterile REF-only,PLATE,,
00-00001494,BO.9946.L.03.T,"Two-columa distal Radius Plate, 3h L Ti",Plates,Հատ,հատ,REF_ONLY,LOW,NO,All plates are non-sterile REF-only,PLATE,,
00-00001496,BO.9946.L.04.T,"Two-columa distal Radius Plate, 4h L Ti",Plates,Հատ,հատ,REF_ONLY,LOW,NO,All plates are non-sterile REF-only,PLATE,,
00-00001498,BO.9946.L.06.T,"Two-columa distal Radius Plate, 6h L Ti",Plates,Հատ,հատ,REF_ONLY,LOW,NO,All plates are non-sterile REF-only,PLATE,,
00-00001500,BO.9946.L.08.T,"Two-columa distal Radius Plate, 8h L Ti",Plates,Հատ,հատ,REF_ONLY,LOW,NO,All plates are non-sterile REF-only,PLATE,,
00-00001493,BO.9946.R.02.T,"Two-columa distal Radius Plate, 2h R Ti",Plates,Հատ,հատ,REF_ONLY,LOW,NO,All plates are non-sterile REF-only,PLATE,,
00-00001495,BO.9946.R.03.T,"Two-columa distal Radius Plate, 3h R Ti",Plates,Հատ,հատ,REF_ONLY,LOW,NO,All plates are non-sterile REF-only,PLATE,,
00-00001497,BO.9946.R.04.T,"Two-columa distal Radius Plate, 4h R Ti",Plates,Հատ,հատ,REF_ONLY,LOW,NO,All plates are non-sterile REF-only,PLATE,,
00-00001499,BO.9946.R.06.T,"Two-columa distal Radius Plate, 6h R Ti",Plates,Հատ,հատ,REF_ONLY,LOW,NO,All plates are non-sterile REF-only,PLATE,,
00-00001501,BO.9946.R.08.T,"Two-columa distal Radius Plate, 8h R Ti",Plates,Հատ,հատ,REF_ONLY,LOW,NO,All plates are non-sterile REF-only,PLATE,,
00-00001476,BO.9912. 5.T,Reconstruction Locking Plate 3.5mm Dynamic hole 5h Ti,Plates,Հատ,հատ,REF_ONLY,LOW,NO,All plates are non-sterile REF-only,PLATE,,
00-00001477,BO.9912.7.T,Reconstruction Locking Plate 3.5mm Dynamic hole 7h Ti,Plates,Հատ,հատ,REF_ONLY,LOW,NO,All plates are non-sterile REF-only,PLATE,,
00-00001478,BO.9912.9.T,Reconstruction Locking Plate 3.5mm Dynamic hole 9h Ti,Plates,Հատ,հատ,REF_ONLY,LOW,NO,All plates are non-sterile REF-only,PLATE,,
00-00001474,BO.9912.11.T,Reconstruction Locking Plate 3.5mm Dynamic hole 11h Ti,Plates,Հատ,հատ,REF_ONLY,LOW,NO,All plates are non-sterile REF-only,PLATE,,
00-00001475,BO.9912.13.T,Reconstruction Locking Plate 3.5mm Dynamic hole 13h Ti,Plates,Հատ,հատ,REF_ONLY,LOW,NO,All plates are non-sterile REF-only,PLATE,,
00-00001159,BOI.116.30.S,"Cannulated Screw DIA. 4.0mm,30mm (short Thread) S.S",Screws,Հատ,հատ,REF_ONLY,LOW,NO,Usual screw is non-sterile REF-only,SCREW,,
00-00001160,BOI.116.35.S,"Cannulated Screw DIA. 4.0mm,35mm (short Thread) S.S",Screws,Հատ,հատ,REF_ONLY,LOW,NO,Usual screw is non-sterile REF-only,SCREW,,
00-00001161,BOI.116.40.S,"Cannulated Screw DIA. 4.0mm,40mm (short Thread) S.S",Screws,Հատ,հատ,REF_ONLY,LOW,NO,Usual screw is non-sterile REF-only,SCREW,,
00-00001162,BOI.116.45.S,"Cannulated Screw DIA. 4.0mm,45mm (short Thread) S.S",Screws,Հատ,հատ,REF_ONLY,LOW,NO,Usual screw is non-sterile REF-only,SCREW,,
00-00001163,BOI.116.50.S,"Cannulated Screw DIA. 4.0mm,50mm (short Thread) S.S",Screws,Հատ,հատ,REF_ONLY,LOW,NO,Usual screw is non-sterile REF-only,SCREW,,
00-00001164,BOI.116.55.S,"Cannulated Screw DIA. 4.0mm,55mm (short Thread) S.S",Screws,Հատ,հատ,REF_ONLY,LOW,NO,Usual screw is non-sterile REF-only,SCREW,,
00-00001165,BOI.116.60.S,"Cannulated Screw DIA. 4.0mm,60mm (short Thread) S.S",Screws,Հատ,հատ,REF_ONLY,LOW,NO,Usual screw is non-sterile REF-only,SCREW,,
00-00001152,BOI.115.30.S,"Cannulated Screw 6.5mm,30mm (32mm thread)S.S",Screws,Հատ,հատ,REF_ONLY,LOW,NO,Usual screw is non-sterile REF-only,SCREW,,
00-00001153,BOI.115.35.S,"Cannulated Screw 6.5mm,35mm (32mm thread)S.S",Screws,Հատ,հատ,REF_ONLY,LOW,NO,Usual screw is non-sterile REF-only,SCREW,,
00-00001154,BOI.115.40.S,"Cannulated Screw 6.5mm,40mm (32mm thread)S.S",Screws,Հատ,հատ,REF_ONLY,LOW,NO,Usual screw is non-sterile REF-only,SCREW,,
00-00001155,BOI.115.45.S,"Cannulated Screw 6.5mm,45mm (32mm thread)S.S",Screws,Հատ,հատ,REF_ONLY,LOW,NO,Usual screw is non-sterile REF-only,SCREW,,
00-00001156,BOI.115.50.S,"Cannulated Screw 6.5mm,50mm (32mm thread)S.S",Screws,Հատ,հատ,REF_ONLY,LOW,NO,Usual screw is non-sterile REF-only,SCREW,,
00-00001157,BOI.115.55.S,"Cannulated Screw 6.5mm,55mm (32mm thread)S.S",Screws,Հատ,հատ,REF_ONLY,LOW,NO,Usual screw is non-sterile REF-only,SCREW,,
00-00001158,BOI.115.60.S,"Cannulated Screw 6.5mm,60mm (32mm thread)S.S",Screws,Հատ,հատ,REF_ONLY,LOW,NO,Usual screw is non-sterile REF-only,SCREW,,
00-00001471,BO.9986.R.04.T,Proximal Tibia Locking Plate R 4h Ti,Plates,Հատ,հատ,REF_ONLY,LOW,NO,All plates are non-sterile REF-only,PLATE,,
00-00001472,BO.9986.R.06.T,Proximal Tibia Locking Plate R 6h Ti,Plates,Հատ,հատ,REF_ONLY,LOW,NO,All plates are non-sterile REF-only,PLATE,,
00-00001473,BO.9986.R.08.T,Proximal Tibia Locking Plate R 8h Ti,Plates,Հատ,հատ,REF_ONLY,LOW,NO,All plates are non-sterile REF-only,PLATE,,
00-00001468,BO.9986.R.10.T,Proximal Tibia Locking Plate R 10h Ti,Plates,Հատ,հատ,REF_ONLY,LOW,NO,All plates are non-sterile REF-only,PLATE,,
00-00001469,BO.9986.R.12.T,Proximal Tibia Locking Plate R 12h Ti,Plates,Հատ,հատ,REF_ONLY,LOW,NO,All plates are non-sterile REF-only,PLATE,,
00-00001470,BO.9986.R.14.T,Proximal Tibia Locking Plate R 14h Ti,Plates,Հատ,հատ,REF_ONLY,LOW,NO,All plates are non-sterile REF-only,PLATE,,
00-00001465,BO.9986.L.04.T,Proximal Tibia Locking Plate L 4h Ti,Plates,Հատ,հատ,REF_ONLY,LOW,NO,All plates are non-sterile REF-only,PLATE,,
00-00001466,BO.9986.L.06.T,Proximal Tibia Locking Plate L 6h Ti,Plates,Հատ,հատ,REF_ONLY,LOW,NO,All plates are non-sterile REF-only,PLATE,,
00-00001467,BO.9986.L.08.T,Proximal Tibia Locking Plate L 8h Ti,Plates,Հատ,հատ,REF_ONLY,LOW,NO,All plates are non-sterile REF-only,PLATE,,
00-00001462,BO.9986.L.10.T,Proximal Tibia Locking Plate L 10h Ti,Plates,Հատ,հատ,REF_ONLY,LOW,NO,All plates are non-sterile REF-only,PLATE,,
00-00001463,BO.9986.L.12.T,Proximal Tibia Locking Plate L 12h Ti,Plates,Հատ,հատ,REF_ONLY,LOW,NO,All plates are non-sterile REF-only,PLATE,,
00-00001464,BO.9986.L.14.T,Proximal Tibia Locking Plate L 14h Ti,Plates,Հատ,հատ,REF_ONLY,LOW,NO,All plates are non-sterile REF-only,PLATE,,
00-00001506,BOI.161.2.5.300.S,"BOMBAY, K-WIRE DOUBLE TROCAR 2,5x300mm, , S.S.",BOMBAY,Հատ,հատ,REF_ONLY,MEDIUM,NO,No sterile indicators matched,,,
00-00001505,BOI.161.2.0.300.S,"BOMBAY, K-WIRE DOUBLE TROCAR 2,0x300mm, , S.S.",BOMBAY,Հատ,հատ,REF_ONLY,MEDIUM,NO,No sterile indicators matched,,,
00-00001504,BOI.161.1.5.300.S,"BOMBAY, K-WIRE DOUBLE TROCAR 1,5x300mm, , S.S.",BOMBAY,Հատ,հատ,REF_ONLY,MEDIUM,NO,No sterile indicators matched,,,
00-00001507,BOI.185.18.T,"Cortex screw 2.4mm, 18mm Ti",Screws,Հատ,հատ,REF_ONLY,LOW,NO,Usual screw is non-sterile REF-only,SCREW,,
00-00001508,BO.170.12.T,"Locking screw cancellous 4,0mm, 12mm Ti",Screws,Հատ,հատ,REF_ONLY,LOW,NO,Usual screw is non-sterile REF-only,SCREW,,
00-00001509,BO.170.28.T,"Locking screw cancellous 4,0mm, 28mm Ti",Screws,Հատ,հատ,REF_ONLY,LOW,NO,Usual screw is non-sterile REF-only,SCREW,,
00-00001519,BO.9929.14.S,"Locking screw DIA. 3.5mm,14mm (Cancellous 14TPI Thread) S.S",Screws,Հատ,հատ,REF_ONLY,LOW,NO,Usual screw is non-sterile REF-only,SCREW,,
00-00001520,BO.9929.16.S,"Locking screw DIA. 3.5mm,16mm (Cancellous 14TPI Thread) S.S",Screws,Հատ,հատ,REF_ONLY,LOW,NO,Usual screw is non-sterile REF-only,SCREW,,
00-00001521,BO.9929.18.S,"Locking screw DIA. 3.5mm,18mm (Cancellous 14TPI Thread) S.S",Screws,Հատ,հատ,REF_ONLY,LOW,NO,Usual screw is non-sterile REF-only,SCREW,,
00-00001522,BO.9929.54.S,"Locking screw DIA. 3.5mm,54mm (Cancellous 14TPI Thread) S.S",Screws,Հատ,հատ,REF_ONLY,LOW,NO,Usual screw is non-sterile REF-only,SCREW,,
00-00001523,BO.9929.58.S,"Locking screw DIA. 3.5mm,58mm (Cancellous 14TPI Thread) S.S",Screws,Հատ,հատ,REF_ONLY,LOW,NO,Usual screw is non-sterile REF-only,SCREW,,
00-00001511,BOI.106.30.S,"Cannulated Screw DIA. 4.0mm,30mm (short Thread) S.S",Screws,Հատ,հատ,REF_ONLY,LOW,NO,Usual screw is non-sterile REF-only,SCREW,,
00-00001512,BOI.106.35.S,"Cannulated Screw DIA. 4.0mm,35mm (short Thread) S.S",Screws,Հատ,հատ,REF_ONLY,LOW,NO,Usual screw is non-sterile REF-only,SCREW,,
00-00001513,BOI.106.40.S,"Cannulated Screw DIA. 4.0mm,40mm (short Thread) S.S",Screws,Հատ,հատ,REF_ONLY,LOW,NO,Usual screw is non-sterile REF-only,SCREW,,
00-00001514,BOI.106.45.S,"Cannulated Screw DIA. 4.0mm,45mm (short Thread) S.S",Screws,Հատ,հատ,REF_ONLY,LOW,NO,Usual screw is non-sterile REF-only,SCREW,,
00-00001515,BOI.106.50.S,"Cannulated Screw DIA. 4.0mm,50mm (short Thread) S.S",Screws,Հատ,հատ,REF_ONLY,LOW,NO,Usual screw is non-sterile REF-only,SCREW,,
00-00001516,BOI.106.55.S,"Cannulated Screw DIA. 4.0mm,55mm (short Thread) S.S",Screws,Հատ,հատ,REF_ONLY,LOW,NO,Usual screw is non-sterile REF-only,SCREW,,
00-00001517,BOI.106.60.S,"Cannulated Screw DIA. 4.0mm,60mm (short Thread) S.S",Screws,Հատ,հատ,REF_ONLY,LOW,NO,Usual screw is non-sterile REF-only,SCREW,,
00-00001518,BO.168.55.S,"Locking screw 3.5mm,55mm S.S.",Screws,Հատ,հատ,REF_ONLY,LOW,NO,Usual screw is non-sterile REF-only,SCREW,,
00-00001524,3146-60250,Screw - 6/25,Chunli Hip,Ժամկետով ապրանքներ,հատ,BATCH_EXPIRY,LOW,NO,Chunli/Permedica/Just screw requires expiry,SCREW;STERILE_SCREW_BRAND,,
00-00001525,3111-02602,Revision Cementless Cage 46 B - 60 Լ,Chunli Hip,Ժամկետով ապրանքներ,հատ,BATCH_EXPIRY,MEDIUM,NO,1C item_type says expiry-controlled and no non-sterile override matched,EXPIRY_ITEM_TYPE,,
00-00001526,3111-12602,Revision Cementless Cage 46 B - 60 R,Chunli Hip,Ժամկետով ապրանքներ,հատ,BATCH_EXPIRY,MEDIUM,NO,1C item_type says expiry-controlled and no non-sterile override matched,EXPIRY_ITEM_TYPE,,
00-00001528,BOI.105.12.S,"CANCELLOUS SCREW 4.0 mm,12mm (Full Thread) S.S.",Screws,Հատ,հատ,REF_ONLY,LOW,NO,Usual screw is non-sterile REF-only,SCREW,,
00-00001529,BOI.105.14.S,"CANCELLOUS SCREW 4.0 mm,14mm (Full Thread) S.S.",Screws,Հատ,հատ,REF_ONLY,LOW,NO,Usual screw is non-sterile REF-only,SCREW,,
00-00001530,BOI.105.16.S,"CANCELLOUS SCREW 4.0 mm,16mm (Full Thread) S.S.",Screws,Հատ,հատ,REF_ONLY,LOW,NO,Usual screw is non-sterile REF-only,SCREW,,
00-00001531,BOI.105.18.S,"CANCELLOUS SCREW 4.0 mm,18mm (Full Thread) S.S.",Screws,Հատ,հատ,REF_ONLY,LOW,NO,Usual screw is non-sterile REF-only,SCREW,,
00-00001533,BOI.105.20.S,"CANCELLOUS SCREW 4.0 mm,20mm (Full Thread) S.S.",Screws,Հատ,հատ,REF_ONLY,LOW,NO,Usual screw is non-sterile REF-only,SCREW,,
00-00001532,BOI.105.28.S,"CANCELLOUS SCREW 4.0 mm,28mm (Full Thread) S.S.",Screws,Հատ,հատ,REF_ONLY,LOW,NO,Usual screw is non-sterile REF-only,SCREW,,
00-00001534,BOI.105.30.S,"CANCELLOUS SCREW 4.0 mm,30mm (Full Thread) S.S.",Screws,Հատ,հատ,REF_ONLY,LOW,NO,Usual screw is non-sterile REF-only,SCREW,,
00-00001535,BOI.105.32.S,"CANCELLOUS SCREW 4.0 mm,32mm (Full Thread) S.S.",Screws,Հատ,հատ,REF_ONLY,LOW,NO,Usual screw is non-sterile REF-only,SCREW,,
00-00001536,BOI.105.34.S,"CANCELLOUS SCREW 4.0 mm,34mm (Full Thread) S.S.",Screws,Հատ,հատ,REF_ONLY,LOW,NO,Usual screw is non-sterile REF-only,SCREW,,
00-00001538,BOI.105.36.S,"CANCELLOUS SCREW 4.0 mm,36mm (Full Thread) S.S.",Screws,Հատ,հատ,REF_ONLY,LOW,NO,Usual screw is non-sterile REF-only,SCREW,,
00-00001539,BOI.105.40.S,"CANCELLOUS SCREW 4.0 mm,40mm (Full Thread) S.S.",Screws,Հատ,հատ,REF_ONLY,LOW,NO,Usual screw is non-sterile REF-only,SCREW,,
00-00001541,BOI.105.42.S,"CANCELLOUS SCREW 4.0 mm,42mm (Full Thread) S.S.",Screws,Հատ,հատ,REF_ONLY,LOW,NO,Usual screw is non-sterile REF-only,SCREW,,
00-00001542,BOI.105.44.S,"CANCELLOUS SCREW 4.0 mm,44mm (Full Thread) S.S.",Screws,Հատ,հատ,REF_ONLY,LOW,NO,Usual screw is non-sterile REF-only,SCREW,,
00-00001544,BOI.105.46.S,"CANCELLOUS SCREW 4.0 mm,46mm (Full Thread) S.S.",Screws,Հատ,հատ,REF_ONLY,LOW,NO,Usual screw is non-sterile REF-only,SCREW,,
00-00001545,BOI.105.48.S,"CANCELLOUS SCREW 4.0 mm,48mm (Full Thread) S.S.",Screws,Հատ,հատ,REF_ONLY,LOW,NO,Usual screw is non-sterile REF-only,SCREW,,
00-00001547,BOI.105.50.S,"CANCELLOUS SCREW 4.0 mm,50mm (Full Thread) S.S.",Screws,Հատ,հատ,REF_ONLY,LOW,NO,Usual screw is non-sterile REF-only,SCREW,,
00-00001548,BOI.105.55.S,"CANCELLOUS SCREW 4.0 mm,55mm (Full Thread) S.S.",Screws,Հատ,հատ,REF_ONLY,LOW,NO,Usual screw is non-sterile REF-only,SCREW,,
00-00001550,BOI.105.60.S,"CANCELLOUS SCREW 4.0 mm,60mm (Full Thread) S.S.",Screws,Հատ,հատ,REF_ONLY,LOW,NO,Usual screw is non-sterile REF-only,SCREW,,
00-00001552,BOI.105.65.S,"CANCELLOUS SCREW 4.0 mm,65mm (Full Thread) S.S.",Screws,Հատ,հատ,REF_ONLY,LOW,NO,Usual screw is non-sterile REF-only,SCREW,,
00-00001553,BOI.105.70.S,"CANCELLOUS SCREW 4.0 mm,70mm (Full Thread) S.S.",Screws,Հատ,հատ,REF_ONLY,LOW,NO,Usual screw is non-sterile REF-only,SCREW,,
00-00001527,BOI.104.30.S,"CANCELLOUS SCREW 4.0 mm,30mm (Short Thread) S.S.",Screws,Հատ,հատ,REF_ONLY,LOW,NO,Usual screw is non-sterile REF-only,SCREW,,
00-00001537,BOI.104.35.S,"CANCELLOUS SCREW 4.0 mm,35mm (Short Thread) S.S.",Screws,Հատ,հատ,REF_ONLY,LOW,NO,Usual screw is non-sterile REF-only,SCREW,,
00-00001540,BOI.104.40.S,"CANCELLOUS SCREW 4.0 mm,40mm (Short Thread) S.S.",Screws,Հատ,հատ,REF_ONLY,LOW,NO,Usual screw is non-sterile REF-only,SCREW,,
00-00001543,BOI.104.45.S,"CANCELLOUS SCREW 4.0 mm,45mm (Short Thread) S.S.",Screws,Հատ,հատ,REF_ONLY,LOW,NO,Usual screw is non-sterile REF-only,SCREW,,
00-00001546,BOI.104.50.S,"CANCELLOUS SCREW 4.0 mm,50mm (Short Thread) S.S.",Screws,Հատ,հատ,REF_ONLY,LOW,NO,Usual screw is non-sterile REF-only,SCREW,,
00-00001549,BOI.104.55.S,"CANCELLOUS SCREW 4.0 mm,55mm (Short Thread) S.S.",Screws,Հատ,հատ,REF_ONLY,LOW,NO,Usual screw is non-sterile REF-only,SCREW,,
00-00001551,BOI.104.60.S,"CANCELLOUS SCREW 4.0 mm,60mm (Short Thread) S.S.",Screws,Հատ,հատ,REF_ONLY,LOW,NO,Usual screw is non-sterile REF-only,SCREW,,
00-00001589,BOI.01.109.38.T,"CORTICAL SCREW 4.5mm,38mm Dia -    SELF TAPPING, Ti",Screws,Հատ,հատ,REF_ONLY,LOW,NO,Usual screw is non-sterile REF-only,SCREW,,
00-00001590,BOI.01.109.40.T,"CORTICAL SCREW 4.5mm,40mm Dia -    SELF TAPPING, Ti",Screws,Հատ,հատ,REF_ONLY,LOW,NO,Usual screw is non-sterile REF-only,SCREW,,
00-00001591,BOI.01.109.42.T,"CORTICAL SCREW 4.5mm,42mm Dia -    SELF TAPPING, Ti",Screws,Հատ,հատ,REF_ONLY,LOW,NO,Usual screw is non-sterile REF-only,SCREW,,
00-00001592,BOI.01.109.44.T,"CORTICAL SCREW 4.5mm,44mm Dia -    SELF TAPPING, Ti",Screws,Հատ,հատ,REF_ONLY,LOW,NO,Usual screw is non-sterile REF-only,SCREW,,
00-00001593,BOI.01.109.46.T,"CORTICAL SCREW 4.5mm,46mm Dia -    SELF TAPPING, Ti",Screws,Հատ,հատ,REF_ONLY,LOW,NO,Usual screw is non-sterile REF-only,SCREW,,
00-00001594,BOI.01.109.48.T,"CORTICAL SCREW 4.5mm,48mm Dia -    SELF TAPPING, Ti",Screws,Հատ,հատ,REF_ONLY,LOW,NO,Usual screw is non-sterile REF-only,SCREW,,
00-00001581,BO.103.34.S,"Cortex screw 4.5mm,34mm S.S.",Screws,Հատ,հատ,REF_ONLY,LOW,NO,Usual screw is non-sterile REF-only,SCREW,,
00-00001582,BO.103.36.S,"Cortex screw 4.5mm,36mm S.S.",Screws,Հատ,հատ,REF_ONLY,LOW,NO,Usual screw is non-sterile REF-only,SCREW,,
00-00001583,BO.103.38.S,"Cortex screw 4.5mm,38mm S.S.",Screws,Հատ,հատ,REF_ONLY,LOW,NO,Usual screw is non-sterile REF-only,SCREW,,
00-00001584,BO.103.40.S,"Cortex screw 4.5mm,40mm S.S.",Screws,Հատ,հատ,REF_ONLY,LOW,NO,Usual screw is non-sterile REF-only,SCREW,,
00-00001585,BO.103.42.S,"Cortex screw 4.5mm,42mm S.S.",Screws,Հատ,հատ,REF_ONLY,LOW,NO,Usual screw is non-sterile REF-only,SCREW,,
00-00001586,BO.103.44.S,"Cortex screw 4.5mm,44mm S.S.",Screws,Հատ,հատ,REF_ONLY,LOW,NO,Usual screw is non-sterile REF-only,SCREW,,
00-00001587,BO.103.46.S,"Cortex screw 4.5mm,46mm S.S.",Screws,Հատ,հատ,REF_ONLY,LOW,NO,Usual screw is non-sterile REF-only,SCREW,,
00-00001588,BO.103.48.S,"Cortex screw 4.5mm,48mm S.S.",Screws,Հատ,հատ,REF_ONLY,LOW,NO,Usual screw is non-sterile REF-only,SCREW,,
00-00001554,BO.102.14.S,"Cortex screw 3.5mm,14mm S.S.",Screws,Հատ,հատ,REF_ONLY,LOW,NO,Usual screw is non-sterile REF-only,SCREW,,
00-00001556,BO.102.16.S,"Cortex screw 3.5mm,16mm S.S.",Screws,Հատ,հատ,REF_ONLY,LOW,NO,Usual screw is non-sterile REF-only,SCREW,,
00-00001557,BO.102.18.S,"Cortex screw 3.5mm,18mm S.S.",Screws,Հատ,հատ,REF_ONLY,LOW,NO,Usual screw is non-sterile REF-only,SCREW,,
00-00001559,BO.102.20.S,"Cortex screw 3.5mm,20mm S.S.",Screws,Հատ,հատ,REF_ONLY,LOW,NO,Usual screw is non-sterile REF-only,SCREW,,
00-00001560,BO.102.22.S,"Cortex screw 3.5mm,22mm S.S.",Screws,Հատ,հատ,REF_ONLY,LOW,NO,Usual screw is non-sterile REF-only,SCREW,,
00-00001561,BO.102.24.S,"Cortex screw 3.5mm,24mm S.S.",Screws,Հատ,հատ,REF_ONLY,LOW,NO,Usual screw is non-sterile REF-only,SCREW,,
00-00001563,BO.102.26.S,"Cortex screw 3.5mm,26mm S.S.",Screws,Հատ,հատ,REF_ONLY,LOW,NO,Usual screw is non-sterile REF-only,SCREW,,
00-00001565,BO.102.28.S,"Cortex screw 3.5mm,28mm S.S.",Screws,Հատ,հատ,REF_ONLY,LOW,NO,Usual screw is non-sterile REF-only,SCREW,,
00-00001567,BO.102.30.S,"Cortex screw 3.5mm,30mm S.S.",Screws,Հատ,հատ,REF_ONLY,LOW,NO,Usual screw is non-sterile REF-only,SCREW,,
00-00001568,BO.102.32.S,"Cortex screw 3.5mm,32mm S.S.",Screws,Հատ,հատ,REF_ONLY,LOW,NO,Usual screw is non-sterile REF-only,SCREW,,
00-00001569,BO.102.34.S,"Cortex screw 3.5mm,34mm S.S.",Screws,Հատ,հատ,REF_ONLY,LOW,NO,Usual screw is non-sterile REF-only,SCREW,,
00-00001571,BO.102.36.S,"Cortex screw 3.5mm,36mm S.S.",Screws,Հատ,հատ,REF_ONLY,LOW,NO,Usual screw is non-sterile REF-only,SCREW,,
00-00001572,BO.102.38.S,"Cortex screw 3.5mm,38mm S.S.",Screws,Հատ,հատ,REF_ONLY,LOW,NO,Usual screw is non-sterile REF-only,SCREW,,
00-00001573,BO.102.40.S,"Cortex screw 3.5mm,40mm S.S.",Screws,Հատ,հատ,REF_ONLY,LOW,NO,Usual screw is non-sterile REF-only,SCREW,,
00-00001574,BO.102.42.S,"Cortex screw 3.5mm,42mm S.S.",Screws,Հատ,հատ,REF_ONLY,LOW,NO,Usual screw is non-sterile REF-only,SCREW,,
00-00001575,BO.102.44.S,"Cortex screw 3.5mm,44mm S.S.",Screws,Հատ,հատ,REF_ONLY,LOW,NO,Usual screw is non-sterile REF-only,SCREW,,
00-00001576,BO.102.46.S,"Cortex screw 3.5mm,46mm S.S.",Screws,Հատ,հատ,REF_ONLY,LOW,NO,Usual screw is non-sterile REF-only,SCREW,,
00-00001577,BO.102.48.S,"Cortex screw 3.5mm,48mm S.S.",Screws,Հատ,հատ,REF_ONLY,LOW,NO,Usual screw is non-sterile REF-only,SCREW,,
00-00001578,BO.102.50.S,"Cortex screw 3.5mm,50mm S.S.",Screws,Հատ,հատ,REF_ONLY,LOW,NO,Usual screw is non-sterile REF-only,SCREW,,
00-00001579,BO.102.58.S,"Cortex screw 3.5mm,58mm S.S.",Screws,Հատ,հատ,REF_ONLY,LOW,NO,Usual screw is non-sterile REF-only,SCREW,,
00-00001580,BO.102.60.S,"Cortex screw 3.5mm,60mm S.S.",Screws,Հատ,հատ,REF_ONLY,LOW,NO,Usual screw is non-sterile REF-only,SCREW,,
00-00001555,BOI.103.14.T,"Cortex screw 3.5mm,14mm Ti",Screws,Հատ,հատ,REF_ONLY,LOW,NO,Usual screw is non-sterile REF-only,SCREW,,
00-00001558,BOI.103.18.T,"Cortex screw 3.5mm,18mm Ti",Screws,Հատ,հատ,REF_ONLY,LOW,NO,Usual screw is non-sterile REF-only,SCREW,,
00-00001562,BOI.103.24.T,"Cortex screw 3.5mm,24mm Ti",Screws,Հատ,հատ,REF_ONLY,LOW,NO,Usual screw is non-sterile REF-only,SCREW,,
00-00001564,BOI.103.26.T,"Cortex screw 3.5mm,26mm Ti",Screws,Հատ,հատ,REF_ONLY,LOW,NO,Usual screw is non-sterile REF-only,SCREW,,
00-00001566,BOI.103.28.T,"Cortex screw 3.5mm,28mm Ti",Screws,Հատ,հատ,REF_ONLY,LOW,NO,Usual screw is non-sterile REF-only,SCREW,,
00-00001570,BOI.103.34.T,"Cortex screw 3.5mm,34mm Ti",Screws,Հատ,հատ,REF_ONLY,LOW,NO,Usual screw is non-sterile REF-only,SCREW,,
00-00001657,4101.0826,Tibia Lockable Intr. Nail 8*260mm S.S,Tibia Nails,Հատ,հատ,REF_ONLY,LOW,NO,All nails are non-sterile REF-only,NAIL,,
00-00001658,4101.0828,Tibia Lockable Intr. Nail 8*280mm S.S,Tibia Nails,Հատ,հատ,REF_ONLY,LOW,NO,All nails are non-sterile REF-only,NAIL,,
00-00001659,4101.0830,Tibia Lockable Intr. Nail 8*300mm S.S,Tibia Nails,Հատ,հատ,REF_ONLY,LOW,NO,All nails are non-sterile REF-only,NAIL,,
00-00001660,4101.0832,Tibia Lockable Intr. Nail 8*320mm S.S,Tibia Nails,Հատ,հատ,REF_ONLY,LOW,NO,All nails are non-sterile REF-only,NAIL,,
00-00001661,4101.0834,Tibia Lockable Intr. Nail 8*340mm S.S,Tibia Nails,Հատ,հատ,REF_ONLY,LOW,NO,All nails are non-sterile REF-only,NAIL,,
00-00001662,4101.0836,Tibia Lockable Intr. Nail 8*360mm S.S,Tibia Nails,Հատ,հատ,REF_ONLY,LOW,NO,All nails are non-sterile REF-only,NAIL,,
00-00001663,4101.0924,Tibia Lockable Intr. Nail 9*240mm S.S,Tibia Nails,Հատ,հատ,REF_ONLY,LOW,NO,All nails are non-sterile REF-only,NAIL,,
00-00001664,4101.0926,Tibia Lockable Intr. Nail 9*260mm S.S,Tibia Nails,Հատ,հատ,REF_ONLY,LOW,NO,All nails are non-sterile REF-only,NAIL,,
00-00001665,4101.0928,Tibia Lockable Intr. Nail 9*280mm S.S,Tibia Nails,Հատ,հատ,REF_ONLY,LOW,NO,All nails are non-sterile REF-only,NAIL,,
00-00001666,4101.0930,Tibia Lockable Intr. Nail 9*300mm S.S,Tibia Nails,Հատ,հատ,REF_ONLY,LOW,NO,All nails are non-sterile REF-only,NAIL,,
00-00001667,4101.0932,Tibia Lockable Intr. Nail 9*320mm S.S,Tibia Nails,Հատ,հատ,REF_ONLY,LOW,NO,All nails are non-sterile REF-only,NAIL,,
00-00001668,4101.0934,Tibia Lockable Intr. Nail 9*340mm S.S,Tibia Nails,Հատ,հատ,REF_ONLY,LOW,NO,All nails are non-sterile REF-only,NAIL,,
00-00001669,4101.0936,Tibia Lockable Intr. Nail 9*360mm S.S,Tibia Nails,Հատ,հատ,REF_ONLY,LOW,NO,All nails are non-sterile REF-only,NAIL,,
00-00001650,4101.1024,Tibia Lockable Intr. Nail 10*240mm S.S,Tibia Nails,Հատ,հատ,REF_ONLY,LOW,NO,All nails are non-sterile REF-only,NAIL,,
00-00001651,4101.1026,Tibia Lockable Intr. Nail 10*260mm S.S,Tibia Nails,Հատ,հատ,REF_ONLY,LOW,NO,All nails are non-sterile REF-only,NAIL,,
00-00001652,4101.1028,Tibia Lockable Intr. Nail 10*280mm S.S,Tibia Nails,Հատ,հատ,REF_ONLY,LOW,NO,All nails are non-sterile REF-only,NAIL,,
00-00001653,4101.1030,Tibia Lockable Intr. Nail 10*300mm S.S,Tibia Nails,Հատ,հատ,REF_ONLY,LOW,NO,All nails are non-sterile REF-only,NAIL,,
00-00001654,4101.1032,Tibia Lockable Intr. Nail 10*320mm S.S,Tibia Nails,Հատ,հատ,REF_ONLY,LOW,NO,All nails are non-sterile REF-only,NAIL,,
00-00001655,4101.1034,Tibia Lockable Intr. Nail 10*340mm S.S,Tibia Nails,Հատ,հատ,REF_ONLY,LOW,NO,All nails are non-sterile REF-only,NAIL,,
00-00001656,4101.1036,Tibia Lockable Intr. Nail 10*360mm S.S,Tibia Nails,Հատ,հատ,REF_ONLY,LOW,NO,All nails are non-sterile REF-only,NAIL,,
00-00001677,4201.0826,Tibial Intramedullary Nail 8*260mm Ti,Tibia Nails,Հատ,հատ,REF_ONLY,LOW,NO,All nails are non-sterile REF-only,NAIL,,
00-00001678,4201.0828,Tibial Intramedullary Nail 8*280mm Ti,Tibia Nails,Հատ,հատ,REF_ONLY,LOW,NO,All nails are non-sterile REF-only,NAIL,,
00-00001679,4201.0830,Tibial Intramedullary Nail 8*300mm Ti,Tibia Nails,Հատ,հատ,REF_ONLY,LOW,NO,All nails are non-sterile REF-only,NAIL,,
00-00001680,4201.0832,Tibial Intramedullary Nail 8*320mm Ti,Tibia Nails,Հատ,հատ,REF_ONLY,LOW,NO,All nails are non-sterile REF-only,NAIL,,
00-00001681,4201.0834,Tibial Intramedullary Nail 8*340mm Ti,Tibia Nails,Հատ,հատ,REF_ONLY,LOW,NO,All nails are non-sterile REF-only,NAIL,,
00-00001682,4201.0836,Tibial Intramedullary Nail 8*360mm Ti,Tibia Nails,Հատ,հատ,REF_ONLY,LOW,NO,All nails are non-sterile REF-only,NAIL,,
00-00001683,4201.0924,Tibial Intramedullary Nail 9*240mm Ti,Tibia Nails,Հատ,հատ,REF_ONLY,LOW,NO,All nails are non-sterile REF-only,NAIL,,
00-00001684,4201.0926,Tibial Intramedullary Nail 9*260mm Ti,Tibia Nails,Հատ,հատ,REF_ONLY,LOW,NO,All nails are non-sterile REF-only,NAIL,,
00-00001685,4201.0928,Tibial Intramedullary Nail 9*280mm Ti,Tibia Nails,Հատ,հատ,REF_ONLY,LOW,NO,All nails are non-sterile REF-only,NAIL,,
00-00001686,4201.0930,Tibial Intramedullary Nail 9*300mm Ti,Tibia Nails,Հատ,հատ,REF_ONLY,LOW,NO,All nails are non-sterile REF-only,NAIL,,
00-00001687,4201.0932,Tibial Intramedullary Nail 9*320mm Ti,Tibia Nails,Հատ,հատ,REF_ONLY,LOW,NO,All nails are non-sterile REF-only,NAIL,,
00-00001688,4201.0934,Tibial Intramedullary Nail 9*340mm Ti,Tibia Nails,Հատ,հատ,REF_ONLY,LOW,NO,All nails are non-sterile REF-only,NAIL,,
00-00001689,4201.0936,Tibial Intramedullary Nail 9*360mm Ti,Tibia Nails,Հատ,հատ,REF_ONLY,LOW,NO,All nails are non-sterile REF-only,NAIL,,
00-00001670,4201.1024,Tibial Intramedullary Nail 10*240mm Ti,Tibia Nails,Հատ,հատ,REF_ONLY,LOW,NO,All nails are non-sterile REF-only,NAIL,,
00-00001671,4201.1026,Tibial Intramedullary Nail 10*260mm Ti,Tibia Nails,Հատ,հատ,REF_ONLY,LOW,NO,All nails are non-sterile REF-only,NAIL,,
00-00001672,4201.1028,Tibial Intramedullary Nail 10*280mm Ti,Tibia Nails,Հատ,հատ,REF_ONLY,LOW,NO,All nails are non-sterile REF-only,NAIL,,
00-00001673,4201.1030,Tibial Intramedullary Nail 10*300mm Ti,Tibia Nails,Հատ,հատ,REF_ONLY,LOW,NO,All nails are non-sterile REF-only,NAIL,,
00-00001674,4201.1032,Tibial Intramedullary Nail 10*320mm Ti,Tibia Nails,Հատ,հատ,REF_ONLY,LOW,NO,All nails are non-sterile REF-only,NAIL,,
00-00001675,4201.1034,Tibial Intramedullary Nail 10*340mm Ti,Tibia Nails,Հատ,հատ,REF_ONLY,LOW,NO,All nails are non-sterile REF-only,NAIL,,
00-00001676,4201.1036,Tibial Intramedullary Nail 10*360mm Ti,Tibia Nails,Հատ,հատ,REF_ONLY,LOW,NO,All nails are non-sterile REF-only,NAIL,,
00-00001631,4209.0924,Long PFNA right 9*240mm Ti,PFNA,Հատ,հատ,REF_ONLY,LOW,NO,All nails are non-sterile REF-only,NAIL,,
00-00001632,4209.0928,Long PFNA right 9*280mm Ti,PFNA,Հատ,հատ,REF_ONLY,LOW,NO,All nails are non-sterile REF-only,NAIL,,
00-00001633,4209.0932,Long PFNA right 9*320mm Ti,PFNA,Հատ,հատ,REF_ONLY,LOW,NO,All nails are non-sterile REF-only,NAIL,,
00-00001621,4209.1024,Long PFNA right 10*240mm Ti,PFNA,Հատ,հատ,REF_ONLY,LOW,NO,All nails are non-sterile REF-only,NAIL,,
00-00001622,4209.1028,Long PFNA right 10*280mm Ti,PFNA,Հատ,հատ,REF_ONLY,LOW,NO,All nails are non-sterile REF-only,NAIL,,
00-00001623,4209.1032,Long PFNA right 10*320mm Ti,PFNA,Հատ,հատ,REF_ONLY,LOW,NO,All nails are non-sterile REF-only,NAIL,,
00-00001624,4209.1036,Long PFNA right 10*360mm Ti,PFNA,Հատ,հատ,REF_ONLY,LOW,NO,All nails are non-sterile REF-only,NAIL,,
00-00001625,4209.1038,Long PFNA right 10*380mm Ti,PFNA,Հատ,հատ,REF_ONLY,LOW,NO,All nails are non-sterile REF-only,NAIL,,
00-00001626,4209.1124,Long PFNA right 11*240mm Ti,PFNA,Հատ,հատ,REF_ONLY,LOW,NO,All nails are non-sterile REF-only,NAIL,,
00-00001627,4209.1128,Long PFNA right 11*280mm Ti,PFNA,Հատ,հատ,REF_ONLY,LOW,NO,All nails are non-sterile REF-only,NAIL,,
00-00001628,4209.1132,Long PFNA right 11*320mm Ti,PFNA,Հատ,հատ,REF_ONLY,LOW,NO,All nails are non-sterile REF-only,NAIL,,
00-00001629,4209.1136,Long PFNA right 11*360mm Ti,PFNA,Հատ,հատ,REF_ONLY,LOW,NO,All nails are non-sterile REF-only,NAIL,,
00-00001630,4209.1138,Long PFNA right 11*380mm Ti,PFNA,Հատ,հատ,REF_ONLY,LOW,NO,All nails are non-sterile REF-only,NAIL,,
00-00001618,4208.0924,Long PFNA left 9*240mm Ti,PFNA,Հատ,հատ,REF_ONLY,LOW,NO,All nails are non-sterile REF-only,NAIL,,
00-00001619,4208.0928,Long PFNA left 9*280mm Ti,PFNA,Հատ,հատ,REF_ONLY,LOW,NO,All nails are non-sterile REF-only,NAIL,,
00-00001620,4208.0932,Long PFNA left 9*320mm Ti,PFNA,Հատ,հատ,REF_ONLY,LOW,NO,All nails are non-sterile REF-only,NAIL,,
00-00001608,4208.1024,Long PFNA left 10*240mm Ti,PFNA,Հատ,հատ,REF_ONLY,LOW,NO,All nails are non-sterile REF-only,NAIL,,
00-00001609,4208.1028,Long PFNA left 10*280mm Ti,PFNA,Հատ,հատ,REF_ONLY,LOW,NO,All nails are non-sterile REF-only,NAIL,,
00-00001610,4208.1032,Long PFNA left 10*320mm Ti,PFNA,Հատ,հատ,REF_ONLY,LOW,NO,All nails are non-sterile REF-only,NAIL,,
00-00001611,4208.1036,Long PFNA left 10*360mm Ti,PFNA,Հատ,հատ,REF_ONLY,LOW,NO,All nails are non-sterile REF-only,NAIL,,
00-00001612,4208.1038,Long PFNA left 10*380mm Ti,PFNA,Հատ,հատ,REF_ONLY,LOW,NO,All nails are non-sterile REF-only,NAIL,,
00-00001613,4208.1124,Long PFNA left 11*240mm Ti,PFNA,Հատ,հատ,REF_ONLY,LOW,NO,All nails are non-sterile REF-only,NAIL,,
00-00001614,4208.1128,Long PFNA left 11*280mm Ti,PFNA,Հատ,հատ,REF_ONLY,LOW,NO,All nails are non-sterile REF-only,NAIL,,
00-00001615,4208.1132,Long PFNA left 11*320mm Ti,PFNA,Հատ,հատ,REF_ONLY,LOW,NO,All nails are non-sterile REF-only,NAIL,,
00-00001616,4208.1136,Long PFNA left 11*360mm Ti,PFNA,Հատ,հատ,REF_ONLY,LOW,NO,All nails are non-sterile REF-only,NAIL,,
00-00001617,4208.1138,Long PFNA left 11*380mm Ti,PFNA,Հատ,հատ,REF_ONLY,LOW,NO,All nails are non-sterile REF-only,NAIL,,
00-00001640,4207.0918,PFNA 9*180mm Ti,PFNA,Հատ,հատ,REF_ONLY,LOW,NO,All nails are non-sterile REF-only,NAIL,,
00-00001641,4207.0920,PFNA 9*200mm Ti,PFNA,Հատ,հատ,REF_ONLY,LOW,NO,All nails are non-sterile REF-only,NAIL,,
00-00001642,4207.0922,PFNA 9*220mm Ti,PFNA,Հատ,հատ,REF_ONLY,LOW,NO,All nails are non-sterile REF-only,NAIL,,
00-00001634,4207.1018,PFNA 10*180mm Ti,PFNA,Հատ,հատ,REF_ONLY,LOW,NO,All nails are non-sterile REF-only,NAIL,,
00-00001635,4207.1020,PFNA 10*200mm Ti,PFNA,Հատ,հատ,REF_ONLY,LOW,NO,All nails are non-sterile REF-only,NAIL,,
00-00001636,4207.1022,PFNA 10*220mm Ti,PFNA,Հատ,հատ,REF_ONLY,LOW,NO,All nails are non-sterile REF-only,NAIL,,
00-00001637,4207.1118,PFNA 11*180mm Ti,PFNA,Հատ,հատ,REF_ONLY,LOW,NO,All nails are non-sterile REF-only,NAIL,,
00-00001638,4207.1120,PFNA 11*200mm Ti,PFNA,Հատ,հատ,REF_ONLY,LOW,NO,All nails are non-sterile REF-only,NAIL,,
00-00001639,4207.1122,PFNA 11*220mm Ti,PFNA,Հատ,հատ,REF_ONLY,LOW,NO,All nails are non-sterile REF-only,NAIL,,
00-00001646,4230.1080,PFNA blade 10*80mm Ti,PFNA,Հատ,հատ,REF_ONLY,LOW,NO,All nails are non-sterile REF-only,NAIL,,
00-00001647,4230.1085,PFNA blade 10*85mm Ti,PFNA,Հատ,հատ,REF_ONLY,LOW,NO,All nails are non-sterile REF-only,NAIL,,
00-00001648,4230.1090,PFNA blade 10*90mm Ti,PFNA,Հատ,հատ,REF_ONLY,LOW,NO,All nails are non-sterile REF-only,NAIL,,
00-00001649,4230.1095,PFNA blade 10*95mm Ti,PFNA,Հատ,հատ,REF_ONLY,LOW,NO,All nails are non-sterile REF-only,NAIL,,
00-00001643,4230.1000,PFNA blade 10*100mm Ti,PFNA,Հատ,հատ,REF_ONLY,LOW,NO,All nails are non-sterile REF-only,NAIL,,
00-00001644,4230.1005,PFNA blade 10*105mm Ti,PFNA,Հատ,հատ,REF_ONLY,LOW,NO,All nails are non-sterile REF-only,NAIL,,
00-00001645,4230.1010,PFNA blade 10*110mm Ti,PFNA,Հատ,հատ,REF_ONLY,LOW,NO,All nails are non-sterile REF-only,NAIL,,
00-00001597,4214.4535,Locking Screw 4.8*35mm Ti,ZMD Screws,Հատ,հատ,REF_ONLY,LOW,NO,Usual screw is non-sterile REF-only,SCREW,,
00-00001598,4214.4540,Locking Screw 4.8*40mm Ti,ZMD Screws,Հատ,հատ,REF_ONLY,LOW,NO,Usual screw is non-sterile REF-only,SCREW,,
00-00001599,4214.4545,Locking Screw 4.8*45mm Ti,ZMD Screws,Հատ,հատ,REF_ONLY,LOW,NO,Usual screw is non-sterile REF-only,SCREW,,
00-00001600,4214.4550,Locking Screw 4.8*50mm Ti,ZMD Screws,Հատ,հատ,REF_ONLY,LOW,NO,Usual screw is non-sterile REF-only,SCREW,,
00-00001601,4214.4555,Locking Screw 4.8*55mm Ti,ZMD Screws,Հատ,հատ,REF_ONLY,LOW,NO,Usual screw is non-sterile REF-only,SCREW,,
00-00001602,4214.4560,Locking Screw 4.8*60mm Ti,ZMD Screws,Հատ,հատ,REF_ONLY,LOW,NO,Usual screw is non-sterile REF-only,SCREW,,
00-00001596,4214.4565,Locking Screw 4.8*65mm Ti,ZMD Screws,Հատ,հատ,REF_ONLY,LOW,NO,Usual screw is non-sterile REF-only,SCREW,,
00-00001603,4214.4570,Locking Screw 4.8*70mm Ti,ZMD Screws,Հատ,հատ,REF_ONLY,LOW,NO,Usual screw is non-sterile REF-only,SCREW,,
00-00001604,4214.4575,Locking Screw 4.8*75mm Ti,ZMD Screws,Հատ,հատ,REF_ONLY,LOW,NO,Usual screw is non-sterile REF-only,SCREW,,
00-00001605,4214.4580,Locking Screw 4.8*80mm Ti,ZMD Screws,Հատ,հատ,REF_ONLY,LOW,NO,Usual screw is non-sterile REF-only,SCREW,,
00-00001606,4214.4585,Locking Screw 4.8*85mm Ti,ZMD Screws,Հատ,հատ,REF_ONLY,LOW,NO,Usual screw is non-sterile REF-only,SCREW,,
00-00001607,4214.4590,Locking Screw 4.8*90mm Ti,ZMD Screws,Հատ,հատ,REF_ONLY,LOW,NO,Usual screw is non-sterile REF-only,SCREW,,
00-00001823,4114.4535,ZMD.Locking screw 4.8x35mm S.S,ZMD Screws,Հատ,հատ,REF_ONLY,LOW,NO,Usual screw is non-sterile REF-only,SCREW,,
00-00001824,4114.4540,ZMD.Locking screw 4.8x40mm S.S,ZMD Screws,Հատ,հատ,REF_ONLY,LOW,NO,Usual screw is non-sterile REF-only,SCREW,,
00-00001825,4114.4545,ZMD.Locking screw 4.8x45mm S.S,ZMD Screws,Հատ,հատ,REF_ONLY,LOW,NO,Usual screw is non-sterile REF-only,SCREW,,
00-00001826,4114.4550,ZMD.Locking screw 4.8x50mm S.S,ZMD Screws,Հատ,հատ,REF_ONLY,LOW,NO,Usual screw is non-sterile REF-only,SCREW,,
00-00001827,4114.4555,ZMD.Locking screw 4.8x55mm S.S,ZMD Screws,Հատ,հատ,REF_ONLY,LOW,NO,Usual screw is non-sterile REF-only,SCREW,,
00-00001828,4114.4560,ZMD.Locking screw 4.8x60mm S.S,ZMD Screws,Հատ,հատ,REF_ONLY,LOW,NO,Usual screw is non-sterile REF-only,SCREW,,
00-00001829,4114.4565,ZMD.Locking screw 4.8x65mm S.S,ZMD Screws,Հատ,հատ,REF_ONLY,LOW,NO,Usual screw is non-sterile REF-only,SCREW,,
00-00001830,4114.4570,ZMD.Locking screw 4.8x70mm S.S,ZMD Screws,Հատ,հատ,REF_ONLY,LOW,NO,Usual screw is non-sterile REF-only,SCREW,,
00-00001831,4114.4575,ZMD.Locking screw 4.8x75mm S.S,ZMD Screws,Հատ,հատ,REF_ONLY,LOW,NO,Usual screw is non-sterile REF-only,SCREW,,
00-00001832,4114.4580,ZMD.Locking screw 4.8x80mm S.S,ZMD Screws,Հատ,հատ,REF_ONLY,LOW,NO,Usual screw is non-sterile REF-only,SCREW,,
00-00001833,4114.4585,ZMD.Locking screw 4.8x85mm S.S,ZMD Screws,Հատ,հատ,REF_ONLY,LOW,NO,Usual screw is non-sterile REF-only,SCREW,,
00-00001834,4114.4590,ZMD.Locking screw 4.8x90mm S.S,ZMD Screws,Հատ,հատ,REF_ONLY,LOW,NO,Usual screw is non-sterile REF-only,SCREW,,
00-00001811,50204.9.220.S,ZMD.St. Gamma Femoral Prox. Lock. I.N. 9*220mm S.S,Gamma,Հատ,հատ,BATCH_EXPIRY,MEDIUM,NO,Looks like sterile prosthesis/component/medical product,STERILE_PRODUCT_KEYWORD,,
00-00001812,50204.9.240.S,ZMD.St. Gamma Femoral Prox. Lock. I.N. 9*240mm S.S,Gamma,Հատ,հատ,BATCH_EXPIRY,MEDIUM,NO,Looks like sterile prosthesis/component/medical product,STERILE_PRODUCT_KEYWORD,,
00-00001813,50204.9.260.S,ZMD.St. Gamma Femoral Prox. Lock. I.N. 9*260mm S.S,Gamma,Հատ,հատ,BATCH_EXPIRY,MEDIUM,NO,Looks like sterile prosthesis/component/medical product,STERILE_PRODUCT_KEYWORD,,
00-00001814,50204.9.280.S,ZMD.St. Gamma Femoral Prox. Lock. I.N. 9*280mm S.S,Gamma,Հատ,հատ,BATCH_EXPIRY,MEDIUM,NO,Looks like sterile prosthesis/component/medical product,STERILE_PRODUCT_KEYWORD,,
00-00001803,50204.10.200.S,ZMD.St. Gamma Femoral Prox. Lock. I.N. 10*200mm S.S,Gamma,Հատ,հատ,BATCH_EXPIRY,MEDIUM,NO,Looks like sterile prosthesis/component/medical product,STERILE_PRODUCT_KEYWORD,,
00-00001804,50204.10.220.S,ZMD.St. Gamma Femoral Prox. Lock. I.N. 10*220mm S.S,Gamma,Հատ,հատ,BATCH_EXPIRY,MEDIUM,NO,Looks like sterile prosthesis/component/medical product,STERILE_PRODUCT_KEYWORD,,
00-00001805,50204.10.240.S,ZMD.St. Gamma Femoral Prox. Lock. I.N. 10*240mm S.S,Gamma,Հատ,հատ,BATCH_EXPIRY,MEDIUM,NO,Looks like sterile prosthesis/component/medical product,STERILE_PRODUCT_KEYWORD,,
00-00001806,50204.10.260.S,ZMD.St. Gamma Femoral Prox. Lock. I.N. 10*260mm S.S,Gamma,Հատ,հատ,BATCH_EXPIRY,MEDIUM,NO,Looks like sterile prosthesis/component/medical product,STERILE_PRODUCT_KEYWORD,,
00-00001807,50204.10.280.S,ZMD.St. Gamma Femoral Prox. Lock. I.N. 10*280mm S.S,Gamma,Հատ,հատ,BATCH_EXPIRY,MEDIUM,NO,Looks like sterile prosthesis/component/medical product,STERILE_PRODUCT_KEYWORD,,
00-00001808,50204.11.200.S,ZMD.St. Gamma Femoral Prox. Lock. I.N. 11*200mm S.S,Gamma,Հատ,հատ,BATCH_EXPIRY,MEDIUM,NO,Looks like sterile prosthesis/component/medical product,STERILE_PRODUCT_KEYWORD,,
00-00001809,50204.11.240.S,ZMD.St. Gamma Femoral Prox. Lock. I.N. 11*240mm S.S,Gamma,Հատ,հատ,BATCH_EXPIRY,MEDIUM,NO,Looks like sterile prosthesis/component/medical product,STERILE_PRODUCT_KEYWORD,,
00-00001810,50204.11.260.S,ZMD.St. Gamma Femoral Prox. Lock. I.N. 11*260mm S.S,Gamma,Հատ,հատ,BATCH_EXPIRY,MEDIUM,NO,Looks like sterile prosthesis/component/medical product,STERILE_PRODUCT_KEYWORD,,
00-00001797,50202.9.320.S,ZMD.Femoral Proximal Lockable Intr. Nail 9*320mm S.S,Femoral Nails,Հատ,հատ,REF_ONLY,LOW,NO,All nails are non-sterile REF-only,NAIL,,
00-00001798,50202.9.340.S,ZMD.Femoral Proximal Lockable Intr. Nail 9*340mm S.S,Femoral Nails,Հատ,հատ,REF_ONLY,LOW,NO,All nails are non-sterile REF-only,NAIL,,
00-00001799,50202.9.360.S,ZMD.Femoral Proximal Lockable Intr. Nail 9*360mm S.S,Femoral Nails,Հատ,հատ,REF_ONLY,LOW,NO,All nails are non-sterile REF-only,NAIL,,
00-00001800,4102.0938,ZMD.Femoral Proximal Lockable Intr. Nail 9*380mm S.S,Femoral Nails,Հատ,հատ,REF_ONLY,LOW,NO,All nails are non-sterile REF-only,NAIL,,
00-00001801,50202.9.400.S,ZMD.Femoral Proximal Lockable Intr. Nail 9*400mm S.S,Femoral Nails,Հատ,հատ,REF_ONLY,LOW,NO,All nails are non-sterile REF-only,NAIL,,
00-00001802,50202.9.420.S,ZMD.Femoral Proximal Lockable Intr. Nail 9*420mm S.S,Femoral Nails,Հատ,հատ,REF_ONLY,LOW,NO,All nails are non-sterile REF-only,NAIL,,
00-00001785,50202.10.320.S,ZMD.Femoral Proximal Lockable Intr. Nail 10*320mm S.S,Femoral Nails,Հատ,հատ,REF_ONLY,LOW,NO,All nails are non-sterile REF-only,NAIL,,
00-00001786,50202.10.340.S,ZMD.Femoral Proximal Lockable Intr. Nail 10*340mm S.S,Femoral Nails,Հատ,հատ,REF_ONLY,LOW,NO,All nails are non-sterile REF-only,NAIL,,
00-00001787,50202.10.360.S,ZMD.Femoral Proximal Lockable Intr. Nail 10*360mm S.S,Femoral Nails,Հատ,հատ,REF_ONLY,LOW,NO,All nails are non-sterile REF-only,NAIL,,
00-00001788,4102.1038,ZMD.Femoral Proximal Lockable Intr. Nail 10*380mm S.S,Femoral Nails,Հատ,հատ,REF_ONLY,LOW,NO,All nails are non-sterile REF-only,NAIL,,
00-00001789,50202.10.400.S,ZMD.Femoral Proximal Lockable Intr. Nail 10*400mm S.S,Femoral Nails,Հատ,հատ,REF_ONLY,LOW,NO,All nails are non-sterile REF-only,NAIL,,
00-00001790,50202.10.420.S,ZMD.Femoral Proximal Lockable Intr. Nail 10*420mm S.S,Femoral Nails,Հատ,հատ,REF_ONLY,LOW,NO,All nails are non-sterile REF-only,NAIL,,
00-00001791,4202.1132,ZMD.Femoral Proximal Lockable Intr. Nail 11*320mm S.S,Femoral Nails,Հատ,հատ,REF_ONLY,LOW,NO,All nails are non-sterile REF-only,NAIL,,
00-00001792,50202.11.340.S,ZMD.Femoral Proximal Lockable Intr. Nail 11*340mm S.S,Femoral Nails,Հատ,հատ,REF_ONLY,LOW,NO,All nails are non-sterile REF-only,NAIL,,
00-00001793,50202.11.360.S,ZMD.Femoral Proximal Lockable Intr. Nail 11*360mm S.S,Femoral Nails,Հատ,հատ,REF_ONLY,LOW,NO,All nails are non-sterile REF-only,NAIL,,
00-00001794,50202.11.380.S,ZMD.Femoral Proximal Lockable Intr. Nail 11*380mm S.S,Femoral Nails,Հատ,հատ,REF_ONLY,LOW,NO,All nails are non-sterile REF-only,NAIL,,
00-00001795,50202.11.400.S,ZMD.Femoral Proximal Lockable Intr. Nail 11*400mm S.S,Femoral Nails,Հատ,հատ,REF_ONLY,LOW,NO,All nails are non-sterile REF-only,NAIL,,
00-00001796,4102.1142,ZMD.Femoral Proximal Lockable Intr. Nail 11*420mm S.S,Femoral Nails,Հատ,հատ,REF_ONLY,LOW,NO,All nails are non-sterile REF-only,NAIL,,
00-00001728,4106.0718,Humeral Self-Lockable Intr. Nail 7x180mm S.S,Humeral nails,Հատ,հատ,REF_ONLY,LOW,NO,All nails are non-sterile REF-only,NAIL,,
00-00001729,4106.0720,Humeral Self-Lockable Intr. Nail 7x200mm S.S,Humeral nails,Հատ,հատ,REF_ONLY,LOW,NO,All nails are non-sterile REF-only,NAIL,,
00-00001730,4106.0722,Humeral Self-Lockable Intr. Nail 7x220mm S.S,Humeral nails,Հատ,հատ,REF_ONLY,LOW,NO,All nails are non-sterile REF-only,NAIL,,
00-00001731,4106.0724,Humeral Self-Lockable Intr. Nail 7x240mm S.S,Humeral nails,Հատ,հատ,REF_ONLY,LOW,NO,All nails are non-sterile REF-only,NAIL,,
00-00001732,4106.0726,Humeral Self-Lockable Intr. Nail 7x260mm S.S,Humeral nails,Հատ,հատ,REF_ONLY,LOW,NO,All nails are non-sterile REF-only,NAIL,,
00-00001733,4106.0728,Humeral Self-Lockable Intr. Nail 7x280mm S.S,Humeral nails,Հատ,հատ,REF_ONLY,LOW,NO,All nails are non-sterile REF-only,NAIL,,
00-00001722,4106.0918,Humeral Self-Lockable Intr. Nail 7.5x180mm S.S,Humeral nails,Հատ,հատ,REF_ONLY,LOW,NO,All nails are non-sterile REF-only,NAIL,,
00-00001723,4106.0920,Humeral Self-Lockable Intr. Nail 7.5x200mm S.S,Humeral nails,Հատ,հատ,REF_ONLY,LOW,NO,All nails are non-sterile REF-only,NAIL,,
00-00001724,4106.0922,Humeral Self-Lockable Intr. Nail 7.5x220mm S.S,Humeral nails,Հատ,հատ,REF_ONLY,LOW,NO,All nails are non-sterile REF-only,NAIL,,
00-00001725,4106.0924,Humeral Self-Lockable Intr. Nail 7.5x240mm S.S,Humeral nails,Հատ,հատ,REF_ONLY,LOW,NO,All nails are non-sterile REF-only,NAIL,,
00-00001726,4106.0926,Humeral Self-Lockable Intr. Nail 7.5x260mm S.S,Humeral nails,Հատ,հատ,REF_ONLY,LOW,NO,All nails are non-sterile REF-only,NAIL,,
00-00001727,4106.0928,Humeral Self-Lockable Intr. Nail 7.5x280mm S.S,Humeral nails,Հատ,հատ,REF_ONLY,LOW,NO,All nails are non-sterile REF-only,NAIL,,
00-00001734,4106.0818,Humeral Self-Lockable Intr. Nail 8x180mm S.S,Humeral nails,Հատ,հատ,REF_ONLY,LOW,NO,All nails are non-sterile REF-only,NAIL,,
00-00001735,4106.0820,Humeral Self-Lockable Intr. Nail 8x200mm S.S,Humeral nails,Հատ,հատ,REF_ONLY,LOW,NO,All nails are non-sterile REF-only,NAIL,,
00-00001736,4106.0822,Humeral Self-Lockable Intr. Nail 8x220mm S.S,Humeral nails,Հատ,հատ,REF_ONLY,LOW,NO,All nails are non-sterile REF-only,NAIL,,
00-00001737,4106.0824,Humeral Self-Lockable Intr. Nail 8x240mm S.S,Humeral nails,Հատ,հատ,REF_ONLY,LOW,NO,All nails are non-sterile REF-only,NAIL,,
00-00001738,4106.0826,Humeral Self-Lockable Intr. Nail 8x260mm S.S,Humeral nails,Հատ,հատ,REF_ONLY,LOW,NO,All nails are non-sterile REF-only,NAIL,,
00-00001739,4106.0828,Humeral Self-Lockable Intr. Nail 8x280mm S.S,Humeral nails,Հատ,հատ,REF_ONLY,LOW,NO,All nails are non-sterile REF-only,NAIL,,
00-00001766,50208.90.S,Pulling screws for Gamma 6.5*90mm S.S,Gamma,Հատ,հատ,REF_ONLY,LOW,NO,Usual screw is non-sterile REF-only,SCREW,,
00-00001767,50208.95.S,Pulling screws for Gamma 6.5*95mm S.S,Gamma,Հատ,հատ,REF_ONLY,LOW,NO,Usual screw is non-sterile REF-only,SCREW,,
00-00001765,50208.85.S,Pulling screws for Gamma 6.0*85mm S.S,Gamma,Հատ,հատ,REF_ONLY,LOW,NO,Usual screw is non-sterile REF-only,SCREW,,
00-00001781,50209.2.440.T,Zim.TEN 2.0x440mm Ti,TEN,Հատ,հատ,REF_ONLY,LOW,NO,All nails are non-sterile REF-only,NAIL,,
00-00001782,50209.3.440.T,Zim.TEN 3.0x440mm Ti,TEN,Հատ,հատ,REF_ONLY,LOW,NO,All nails are non-sterile REF-only,NAIL,,
00-00001783,"50209.3,5.440.T",Zim.TEN 3.5x440mm Ti,TEN,Հատ,հատ,REF_ONLY,LOW,NO,All nails are non-sterile REF-only,NAIL,,
00-00001784,50209.4.440.T,Zim.TEN 4.0x440mm Ti,TEN,Հատ,հատ,REF_ONLY,LOW,NO,All nails are non-sterile REF-only,NAIL,,
00-00001697,BOI.9938.3.0.T,BOI.TEN 3.0mm Ti,TEN,Հատ,հատ,REF_ONLY,LOW,NO,All nails are non-sterile REF-only,NAIL,,
00-00001699,BOI.9938.4.0.T,BOI.TEN 4.0mm Ti,TEN,Հատ,հատ,REF_ONLY,LOW,NO,All nails are non-sterile REF-only,NAIL,,
00-00001698,BOI.9938.3.5.T,BOI.TEN 3.5mm Ti,TEN,Հատ,հատ,REF_ONLY,LOW,NO,All nails are non-sterile REF-only,NAIL,,
00-00001700,DM.073520400.1.5.T,DM.TEN 1.5x400mm Ti,DOUBLE MDDICAL,Հատ,հատ,REF_ONLY,LOW,NO,All nails are non-sterile REF-only,NAIL,,
00-00001701,DM.073520400.2.T,DM.TEN 2.0x400mm Ti,DOUBLE MDDICAL,Հատ,հատ,REF_ONLY,LOW,NO,All nails are non-sterile REF-only,NAIL,,
00-00001702,DM.073520400.2.5.T,DM.TEN 2.5x400mm Ti,DOUBLE MDDICAL,Հատ,հատ,REF_ONLY,LOW,NO,All nails are non-sterile REF-only,NAIL,,
00-00001691,DM.073520400.3.T,DM.TEN 3.0x400mm Ti,DOUBLE MDDICAL,Հատ,հատ,REF_ONLY,LOW,NO,All nails are non-sterile REF-only,NAIL,,
00-00001703,DM.073520400.3.5.T,DM.TEN 3.5x400mm Ti,DOUBLE MDDICAL,Հատ,հատ,REF_ONLY,LOW,NO,All nails are non-sterile REF-only,NAIL,,
00-00001704,DM.073520400.4.T,DM.TEN 4.0x400mm Ti,DOUBLE MDDICAL,Հատ,հատ,REF_ONLY,LOW,NO,All nails are non-sterile REF-only,NAIL,,
00-00001692,BM.3052180400.2.T,BON.TEN 2.0x400mm Ti,Boneunion,Հատ,հատ,REF_ONLY,LOW,NO,All nails are non-sterile REF-only,NAIL,,
00-00001693,BM.3052180400.2.5.T,BON.TEN 2.5x400mm Ti,Boneunion,Հատ,հատ,REF_ONLY,LOW,NO,All nails are non-sterile REF-only,NAIL,,
00-00001694,BM.3052180400.2.T,BON.TEN 3.0x400mm Ti,Boneunion,Հատ,հատ,REF_ONLY,LOW,NO,All nails are non-sterile REF-only,NAIL,,
00-00001695,BM.3052180400.2.T,BON.TEN 3.5x400mm Ti,Boneunion,Հատ,հատ,REF_ONLY,LOW,NO,All nails are non-sterile REF-only,NAIL,,
00-00001696,BM.3052180400.2.T,BON.TEN 4.0x400mm Ti,Boneunion,Հատ,հատ,REF_ONLY,LOW,NO,All nails are non-sterile REF-only,NAIL,,
00-00001754,20310.4H.T,Phalanx Locking plate Straight-tape 4h Ti,ZMD Plates,Հատ,հատ,REF_ONLY,LOW,NO,All plates are non-sterile REF-only,PLATE,,
00-00001755,20310.5H.T,Phalanx Locking plate Straight-tape 5h Ti,ZMD Plates,Հատ,հատ,REF_ONLY,LOW,NO,All plates are non-sterile REF-only,PLATE,,
00-00001756,20310.6H.T,Phalanx Locking plate Straight-tape 6h Ti,ZMD Plates,Հատ,հատ,REF_ONLY,LOW,NO,All plates are non-sterile REF-only,PLATE,,
00-00001757,20310.7H.T,Phalanx Locking plate Straight-tape 7h Ti,ZMD Plates,Հատ,հատ,REF_ONLY,LOW,NO,All plates are non-sterile REF-only,PLATE,,
00-00001758,20310.8H.T,Phalanx Locking plate Straight-tape 8h Ti,ZMD Plates,Հատ,հատ,REF_ONLY,LOW,NO,All plates are non-sterile REF-only,PLATE,,
00-00001759,20311.3H.T,Phalanx Locking Plate T-type 3h Ti,ZMD Plates,Հատ,հատ,REF_ONLY,LOW,NO,All plates are non-sterile REF-only,PLATE,,
00-00001760,20311.4H.T,Phalanx Locking Plate T-type 4h Ti,ZMD Plates,Հատ,հատ,REF_ONLY,LOW,NO,All plates are non-sterile REF-only,PLATE,,
00-00001761,20311.5H.T,Phalanx Locking Plate T-type 5h Ti,ZMD Plates,Հատ,հատ,REF_ONLY,LOW,NO,All plates are non-sterile REF-only,PLATE,,
00-00001762,20311.6H.T,Phalanx Locking Plate T-type 6h Ti,ZMD Plates,Հատ,հատ,REF_ONLY,LOW,NO,All plates are non-sterile REF-only,PLATE,,
00-00001763,20311.7H.T,Phalanx Locking Plate T-type 7h Ti,ZMD Plates,Հատ,հատ,REF_ONLY,LOW,NO,All plates are non-sterile REF-only,PLATE,,
00-00001764,20311.8H.T,Phalanx Locking Plate T-type 8h Ti,ZMD Plates,Հատ,հատ,REF_ONLY,LOW,NO,All plates are non-sterile REF-only,PLATE,,
00-00001752,20311.3H.R.T,Phalanx Locking Plate L-type Right 3h Ti,ZMD Plates,Հատ,հատ,REF_ONLY,LOW,NO,All plates are non-sterile REF-only,PLATE,,
00-00001753,20311.4H.R.T,Phalanx Locking Plate L-type Right 4h Ti,ZMD Plates,Հատ,հատ,REF_ONLY,LOW,NO,All plates are non-sterile REF-only,PLATE,,
00-00001750,20311.3H.L.T,Phalanx Locking Plate L-type Left 3h Ti,ZMD Plates,Հատ,հատ,REF_ONLY,LOW,NO,All plates are non-sterile REF-only,PLATE,,
00-00001751,20311.4H.L.T,Phalanx Locking Plate L-type Left 4h Ti,ZMD Plates,Հատ,հատ,REF_ONLY,LOW,NO,All plates are non-sterile REF-only,PLATE,,
00-00001772,30230A.4H.T,Straigհt bone plate phalangs 4h Ti,ZMD Plates,Հատ,հատ,REF_ONLY,LOW,NO,All plates are non-sterile REF-only,PLATE,,
00-00001773,30230A.5H.T,Straigհt bone plate phalangs 5h Ti,ZMD Plates,Հատ,հատ,REF_ONLY,LOW,NO,All plates are non-sterile REF-only,PLATE,,
00-00001774,30230A.6H.T,Straigհt bone plate phalangs 6h Ti,ZMD Plates,Հատ,հատ,REF_ONLY,LOW,NO,All plates are non-sterile REF-only,PLATE,,
00-00001775,30230A.7H.T,Straigհt bone plate phalangs 7h Ti,ZMD Plates,Հատ,հատ,REF_ONLY,LOW,NO,All plates are non-sterile REF-only,PLATE,,
00-00001776,30230A.8H.T,Straigհt bone plate phalangs 8h Ti,ZMD Plates,Հատ,հատ,REF_ONLY,LOW,NO,All plates are non-sterile REF-only,PLATE,,
00-00001705,1113.1804,Fibula distal plate 4h S.S,ZMD Plates,Հատ,հատ,REF_ONLY,LOW,NO,All plates are non-sterile REF-only,PLATE,,
00-00001706,1113.1805,Fibula distal plate 5h S.S,ZMD Plates,Հատ,հատ,REF_ONLY,LOW,NO,All plates are non-sterile REF-only,PLATE,,
00-00001707,1113.1806,Fibula distal plate 6h S.S,ZMD Plates,Հատ,հատ,REF_ONLY,LOW,NO,All plates are non-sterile REF-only,PLATE,,
00-00001708,1113.1807,Fibula distal plate 7h S.S,ZMD Plates,Հատ,հատ,REF_ONLY,LOW,NO,All plates are non-sterile REF-only,PLATE,,
00-00001709,1113.1808,Fibula distal plate 8h S.S,ZMD Plates,Հատ,հատ,REF_ONLY,LOW,NO,All plates are non-sterile REF-only,PLATE,,
00-00001744,30211.4H.S,One‐third Tubular Plate 4h S.S,ZMD Plates,Հատ,հատ,REF_ONLY,LOW,NO,All plates are non-sterile REF-only,PLATE,,
00-00001745,30211.5H.S,One‐third Tubular Plate 5h S.S,ZMD Plates,Հատ,հատ,REF_ONLY,LOW,NO,All plates are non-sterile REF-only,PLATE,,
00-00001746,30211.6H.S,One‐third Tubular Plate 6h S.S,ZMD Plates,Հատ,հատ,REF_ONLY,LOW,NO,All plates are non-sterile REF-only,PLATE,,
00-00001747,30211.7H.S,One‐third Tubular Plate 7h S.S,ZMD Plates,Հատ,հատ,REF_ONLY,LOW,NO,All plates are non-sterile REF-only,PLATE,,
00-00001748,30211.8H.S,One‐third Tubular Plate 8h S.S,ZMD Plates,Հատ,հատ,REF_ONLY,LOW,NO,All plates are non-sterile REF-only,PLATE,,
00-00001749,30211.9H.S,One‐third Tubular Plate 9h S.S,ZMD Plates,Հատ,հատ,REF_ONLY,LOW,NO,All plates are non-sterile REF-only,PLATE,,
00-00001777,30205.4H.S,Tri-leaflet-headed plate 4h S.S,ZMD Plates,Հատ,հատ,REF_ONLY,LOW,NO,All plates are non-sterile REF-only,PLATE,,
00-00001778,30205.5H.S,Tri-leaflet-headed plate 5h S.S,ZMD Plates,Հատ,հատ,REF_ONLY,LOW,NO,All plates are non-sterile REF-only,PLATE,,
00-00001779,30205.6H.S,Tri-leaflet-headed plate 6h S.S,ZMD Plates,Հատ,հատ,REF_ONLY,LOW,NO,All plates are non-sterile REF-only,PLATE,,
00-00001780,30205.7H.S,Tri-leaflet-headed plate 7h S.S,ZMD Plates,Հատ,հատ,REF_ONLY,LOW,NO,All plates are non-sterile REF-only,PLATE,,
00-00001768,1113.1104,Radius Distal Small T Plate 4h S.S,ZMD Plates,Հատ,հատ,REF_ONLY,LOW,NO,All plates are non-sterile REF-only,PLATE,,
00-00001769,1113.1105,Radius Distal Small T Plate 5h S.S,ZMD Plates,Հատ,հատ,REF_ONLY,LOW,NO,All plates are non-sterile REF-only,PLATE,,
00-00001770,1113.1107,Radius Distal Small T Plate 7h S.S,ZMD Plates,Հատ,հատ,REF_ONLY,LOW,NO,All plates are non-sterile REF-only,PLATE,,
00-00001771,1113.1108,Radius Distal Small T Plate 8h S.S,ZMD Plates,Հատ,հատ,REF_ONLY,LOW,NO,All plates are non-sterile REF-only,PLATE,,
00-00001740,1111.1104,Oblique T-plate 4h Left S.S,ZMD Plates,Հատ,հատ,REF_ONLY,LOW,NO,All plates are non-sterile REF-only,PLATE,,
00-00001741,1112.1104,Oblique T-plate 4h Right S.S,ZMD Plates,Հատ,հատ,REF_ONLY,LOW,NO,All plates are non-sterile REF-only,PLATE,,
00-00001742,1111.1105,Oblique T-plate 5h Left S.S,ZMD Plates,Հատ,հատ,REF_ONLY,LOW,NO,All plates are non-sterile REF-only,PLATE,,
00-00001743,1112.1105,Oblique T-plate 5h Right S.S,ZMD Plates,Հատ,հատ,REF_ONLY,LOW,NO,All plates are non-sterile REF-only,PLATE,,
00-00001711,1111.1704,Humeral Proximal Plate Left 4h S.S,ZMD Plates,Հատ,հատ,REF_ONLY,LOW,NO,All plates are non-sterile REF-only,PLATE,,
00-00001717,1112.1704,Humeral Proximal Plate Right 4h S.S,ZMD Plates,Հատ,հատ,REF_ONLY,LOW,NO,All plates are non-sterile REF-only,PLATE,,
00-00001712,1111.1705,Humeral Proximal Plate Left 5h S.S,ZMD Plates,Հատ,հատ,REF_ONLY,LOW,NO,All plates are non-sterile REF-only,PLATE,,
00-00001718,1112.1705,Humeral Proximal Plate Right 5h S.S,ZMD Plates,Հատ,հատ,REF_ONLY,LOW,NO,All plates are non-sterile REF-only,PLATE,,
00-00001713,1111.1706,Humeral Proximal Plate Left 6h S.S,ZMD Plates,Հատ,հատ,REF_ONLY,LOW,NO,All plates are non-sterile REF-only,PLATE,,
00-00001719,1112.1706,Humeral Proximal Plate Right 6h S.S,ZMD Plates,Հատ,հատ,REF_ONLY,LOW,NO,All plates are non-sterile REF-only,PLATE,,
00-00001714,1111.1707,Humeral Proximal Plate Left 7h S.S,ZMD Plates,Հատ,հատ,REF_ONLY,LOW,NO,All plates are non-sterile REF-only,PLATE,,
00-00001720,1112.1707,Humeral Proximal Plate Right 7h S.S,ZMD Plates,Հատ,հատ,REF_ONLY,LOW,NO,All plates are non-sterile REF-only,PLATE,,
00-00001715,1111.1708,Humeral Proximal Plate Left 8h S.S,ZMD Plates,Հատ,հատ,REF_ONLY,LOW,NO,All plates are non-sterile REF-only,PLATE,,
00-00001721,1112.1708,Humeral Proximal Plate Right 8h S.S,ZMD Plates,Հատ,հատ,REF_ONLY,LOW,NO,All plates are non-sterile REF-only,PLATE,,
00-00001710,1111.1710,Humeral Proximal Plate Left 10h S.S,ZMD Plates,Հատ,հատ,REF_ONLY,LOW,NO,All plates are non-sterile REF-only,PLATE,,
00-00001716,1112.1710,Humeral Proximal Plate Right 10h S.S,ZMD Plates,Հատ,հատ,REF_ONLY,LOW,NO,All plates are non-sterile REF-only,PLATE,,
00-00001835,BO.163.L.05.S,Distal Femur LCP 6.5mm 5h L S.S,Plates,Հատ,հատ,REF_ONLY,LOW,NO,All plates are non-sterile REF-only,PLATE,,
00-00001836,BO.163.L.07.S,Distal Femur LCP 6.5mm 7h L S.S,Plates,Հատ,հատ,REF_ONLY,LOW,NO,All plates are non-sterile REF-only,PLATE,,
00-00001837,BO.163.L.09.S,Distal Femur LCP 6.5mm 9h L S.S,Plates,Հատ,հատ,REF_ONLY,LOW,NO,All plates are non-sterile REF-only,PLATE,,
00-00001838,BO.163.L.11.S,Distal Femur LCP 6.5mm 11 L S.S,Plates,Հատ,հատ,REF_ONLY,LOW,NO,All plates are non-sterile REF-only,PLATE,,
00-00001839,BO.163.L.13.S,Distal Femur LCP 6.5mm 13 L S.S,Plates,Հատ,հատ,REF_ONLY,LOW,NO,All plates are non-sterile REF-only,PLATE,,
00-00001840,PSO-PB,"PRESSIO ICP MONITORING KIT, PARENCHYMAL WITH BOLT",SOPHYSA,Ժամկետով ապրանքներ,հատ,REF_ONLY,HIGH,YES,Set/kit/instrument/tool is non-sterile; verify because item also looks expiry/sterile,NON_STERILE_TOOLING,,
00-00001843,152000100S,"AC Butterfly Button, 10mm",DOUBLE MDDICAL,Ժամկետով ապրանքներ,հատ,BATCH_EXPIRY,MEDIUM,NO,1C item_type says expiry-controlled and no non-sterile override matched,EXPIRY_ITEM_TYPE,,
00-00001842,152000140S,"Low Profile and Attachable Button, 14mm",DOUBLE MDDICAL,Ժամկետով ապրանքներ,հատ,BATCH_EXPIRY,MEDIUM,NO,1C item_type says expiry-controlled and no non-sterile override matched,EXPIRY_ITEM_TYPE,,
00-00001845,151355317S,"Merit MFT Suture Anchor, Ф5.3x17mm, with two #2 sutures, 950mm Ф5.0mm",DOUBLE MDDICAL,Ժամկետով ապրանքներ,հատ,BATCH_EXPIRY,MEDIUM,NO,1C item_type says expiry-controlled and no non-sterile override matched,EXPIRY_ITEM_TYPE,,
00-00001844,152040550S,"Knotless Syndesmosis CFLoop Button, 55mm",DOUBLE MDDICAL,Ժամկետով ապրանքներ,հատ,BATCH_EXPIRY,MEDIUM,NO,1C item_type says expiry-controlled and no non-sterile override matched,EXPIRY_ITEM_TYPE,,
00-00001846,152000200S,"Low Profile and Attachable Button, 20mm",DOUBLE MDDICAL,Ժամկետով ապրանքներ,հատ,BATCH_EXPIRY,MEDIUM,NO,1C item_type says expiry-controlled and no non-sterile override matched,EXPIRY_ITEM_TYPE,,
00-00001847,152000120S,All-inside and Attachable button 12mm,DOUBLE MDDICAL,Ժամկետով ապրանքներ,հատ,BATCH_EXPIRY,MEDIUM,NO,1C item_type says expiry-controlled and no non-sterile override matched,EXPIRY_ITEM_TYPE,,
00-00001848,153210950S,"Non-absorbale Surgigal Suture Tape, Blue-with, 2-0#x950mm,",DOUBLE MDDICAL,Ժամկետով ապրանքներ,հատ,BATCH_EXPIRY,MEDIUM,NO,1C item_type says expiry-controlled and no non-sterile override matched,EXPIRY_ITEM_TYPE,,
00-00001849,151173014S,"Merit MFT Suture Anchor 3,0mm",DOUBLE MDDICAL,Ժամկետով ապրանքներ,հատ,BATCH_EXPIRY,MEDIUM,NO,1C item_type says expiry-controlled and no non-sterile override matched,EXPIRY_ITEM_TYPE,,
00-00001850,152060300S,"Peek Towar lock suture anchor 3.0x13mm,1/2#x950mm¶",DOUBLE MDDICAL,Ժամկետով ապրանքներ,հատ,BATCH_EXPIRY,MEDIUM,NO,1C item_type says expiry-controlled and no non-sterile override matched,EXPIRY_ITEM_TYPE,,
00-00001851,157130500S,"CFLoop Adjustable Button, 50mm",DOUBLE MDDICAL,Ժամկետով ապրանքներ,հատ,BATCH_EXPIRY,MEDIUM,NO,1C item_type says expiry-controlled and no non-sterile override matched,EXPIRY_ITEM_TYPE,,
00-00001852,150110035S,CFLoop Button System 35mm,DOUBLE MDDICAL,Ժամկետով ապրանքներ,հատ,BATCH_EXPIRY,MEDIUM,NO,1C item_type says expiry-controlled and no non-sterile override matched,EXPIRY_ITEM_TYPE,,
00-00001856,238025M5,GENESYS MATRYX INTERFERENCE SCREW 8.0 X25MM,ConMed,Ժամկետով ապրանքներ,հատ,REF_ONLY,HIGH,YES,Usual screws are non-sterile REF-only; verify because 1C item_type says expiry,SCREW,,
00-00001862,M03 S0001,REFERENCE TOE IMPLANT SIZER SIZE 1-4,In2Bones,Ժամկետով ապրանքներ,հատ,BATCH_EXPIRY,MEDIUM,NO,1C item_type says expiry-controlled and no non-sterile override matched,EXPIRY_ITEM_TYPE,,
00-00001854,M30 SE010,REFERENCE TOE 1ST MTP IMPLANT SIZE 1,In2Bones,Ժամկետով ապրանքներ,հատ,BATCH_EXPIRY,MEDIUM,NO,1C item_type says expiry-controlled and no non-sterile override matched,EXPIRY_ITEM_TYPE,,
00-00001859,M30 SE020,REFERENCE TOE 1ST MTP IMPLANTB SIZE 2,In2Bones,Ժամկետով ապրանքներ,հատ,BATCH_EXPIRY,MEDIUM,NO,1C item_type says expiry-controlled and no non-sterile override matched,EXPIRY_ITEM_TYPE,,
00-00001857,M30 SE030,REFERENCE TOE 1ST MTP IMPLANT SIZE 3,In2Bones,Ժամկետով ապրանքներ,հատ,BATCH_EXPIRY,MEDIUM,NO,1C item_type says expiry-controlled and no non-sterile override matched,EXPIRY_ITEM_TYPE,,
00-00001858,M30 SE040,REFERENCE TOE 1ST MTP IMPLANT SIZE 4,In2Bones,Ժամկետով ապրանքներ,հատ,BATCH_EXPIRY,MEDIUM,NO,1C item_type says expiry-controlled and no non-sterile override matched,EXPIRY_ITEM_TYPE,,
00-00001860,M03 S0002,REFERENCE TOE DISPOSABLE INSTR SIZE 1-2,In2Bones,Ժամկետով ապրանքներ,հատ,BATCH_EXPIRY,MEDIUM,NO,1C item_type says expiry-controlled and no non-sterile override matched,EXPIRY_ITEM_TYPE,,
00-00001861,M03 S0003,REFERENCE TOE DISPOSABLE INSTR SIZE 3-4,In2Bones,Ժամկետով ապրանքներ,հատ,BATCH_EXPIRY,MEDIUM,NO,1C item_type says expiry-controlled and no non-sterile override matched,EXPIRY_ITEM_TYPE,,
00-00001855,C8039,BIOSCREW 8MM X 30MM SCREW,ConMed,Ժամկետով ապրանքներ,հատ,REF_ONLY,HIGH,YES,Usual screws are non-sterile REF-only; verify because 1C item_type says expiry,SCREW,,
00-00001884,D08-10AM,"Միկրոխորը էլեկտրոդ 10 կոնտակտով, D08-10AM",DIXI MEDICAL,Հատ,հատ,REF_ONLY,MEDIUM,NO,No sterile indicators matched,,,
00-00001883,D08-18AM,"Միկրոխորը էլեկտրոդ 18 կոնտակտով, D08-18AM",DIXI MEDICAL,Հատ,հատ,REF_ONLY,MEDIUM,NO,No sterile indicators matched,,,
00-00001887,D08-08AM,"Միկրոխորը էլեկտրոդ 8 կոնտակտով, D08-08AM",DIXI MEDICAL,Հատ,հատ,REF_ONLY,MEDIUM,NO,No sterile indicators matched,,,
00-00001885,D08-12AМ,"Միկրոխորը էլեկտրոդ 12 կոնտակտով, D08-12AМ",DIXI MEDICAL,Հատ,հատ,REF_ONLY,MEDIUM,NO,No sterile indicators matched,,,
00-00001886,D08-15AM,"Միկրոխորը էլեկտրոդ 15 կոնտակտով, D08-15AM",DIXI MEDICAL,Հատ,հատ,REF_ONLY,MEDIUM,NO,No sterile indicators matched,,,
00-00001878,KIP-ACS-605,"Կոագուլացիոն էլեկտրոդ (մաշկի) արգելակիչով, KIP-ACS-605",DIXI MEDICAL,Հատ,հատ,REF_ONLY,MEDIUM,NO,No sterile indicators matched,,,
00-00001877,KIP-ACS-600,"Կոագուլացիոն էլեկտրոդ (կարծրենու) արգելակիչով, KIP-ACS-600",DIXI MEDICAL,Հատ,հատ,REF_ONLY,MEDIUM,NO,No sterile indicators matched,,,
00-00001879,ACS-050S-5,"Հավաքածու 5 քափից,ACS-050S-5",DIXI MEDICAL,Հատ,հատ,REF_ONLY,MEDIUM,NO,No sterile indicators matched,,,
00-00001889,KIP-ACS-515,"Շաղափ արգելակիչով, KIP-ACS-515",DIXI MEDICAL,Հատ,հատ,REF_ONLY,MEDIUM,NO,No sterile indicators matched,,,
00-00001866,ACS-015SMS-10,"10 ուղղորդիչ պտուտակների հավաքածու L 15mm, ACS-015SMS-10",DIXI MEDICAL,Հատ,հատ,REF_ONLY,MEDIUM,NO,No sterile indicators matched,,,
00-00001867,ACS-020SMS-10,"10 ուղղորդիչ պտուտակների հավաքածու L 20 mm, ACS-020SMS-10",DIXI MEDICAL,Հատ,հատ,REF_ONLY,MEDIUM,NO,No sterile indicators matched,,,
00-00001868,ACS-025SMS-10,"10 ուղղորդիչ պտուտակների հավաքածու L 25 mm, ACS-025SMS-10",DIXI MEDICAL,Հատ,հատ,REF_ONLY,MEDIUM,NO,No sterile indicators matched,,,
00-00001873,ACS-770S-10,"Էլեկտրոդի ուղին ձևավորող գործիք,ACS-770S-10",DIXI MEDICAL,Հատ,հատ,REF_ONLY,MEDIUM,NO,No sterile indicators matched,,,
00-00001872,ACS-710,"Երկար պտուտակահան, ACS-710",DIXI MEDICAL,Հատ,հատ,REF_ONLY,MEDIUM,NO,No sterile indicators matched,,,
00-00001876,ACS-711,"Կարճ պտուտակահան, ACS-711",DIXI MEDICAL,Հատ,հատ,REF_ONLY,MEDIUM,NO,No sterile indicators matched,,,
00-00001888,ACS-740,"Նշումներով փող,ACS-740",DIXI MEDICAL,Հատ,հատ,REF_ONLY,MEDIUM,NO,No sterile indicators matched,,,
00-00001880,ACS-745,"Հորատումից առաջ մաշկը ծածկելու և գանգի ոսկրը նշելու գործակից, ACS-745",DIXI MEDICAL,Հատ,հատ,REF_ONLY,MEDIUM,NO,No sterile indicators matched,,,
00-00001874,АСS-750,"Էլեկտրոդի չափիչ, АСS-750",DIXI MEDICAL,Հատ,հատ,REF_ONLY,MEDIUM,NO,No sterile indicators matched,,,
00-00001875,АСS-751,"Խորության չափիչ, АСS-751",DIXI MEDICAL,Հատ,հատ,REF_ONLY,MEDIUM,NO,No sterile indicators matched,,,
00-00001865,АСS-760,"Արգելակիչ, АСS-760",DIXI MEDICAL,Հատ,հատ,REF_ONLY,MEDIUM,NO,No sterile indicators matched,,,
00-00001881,CBL-10/180,"Միացման մալուխ 10 կոնտակտ (L180), CBL-10/180",DIXI MEDICAL,Հատ,հատ,REF_ONLY,MEDIUM,NO,No sterile indicators matched,,,
00-00001882,CBL-12/180,"Միացման մալուխ 12 կոնտակտ (L180), CBL-12/180",DIXI MEDICAL,Հատ,հատ,REF_ONLY,MEDIUM,NO,No sterile indicators matched,,,
00-00001871,ACS-1300,"Գործիքի ուղորդիչ, ACS-1300",DIXI MEDICAL,Հատ,հատ,REF_ONLY,MEDIUM,NO,No sterile indicators matched,,,
00-00001869,CBL-15/180,"Գլխուղեղի էլեկտրական ակտիվության հաղորդիչ 15 կոնտակտով (L180), CBL-15/180",DIXI MEDICAL,Հատ,հատ,REF_ONLY,MEDIUM,NO,No sterile indicators matched,,,
00-00001870,CBL-18/180,"Գլխուղեղի էլեկտրական ակտիվության հաղորդիչ 18 կոնտակտով (L180), CBL-18/180",DIXI MEDICAL,Հատ,հատ,REF_ONLY,MEDIUM,NO,No sterile indicators matched,,,
00-00002006,1113.0105,LC-DCP upper limbs plate 5h S.S,ZMD Plates,Հատ,հատ,REF_ONLY,LOW,NO,All plates are non-sterile REF-only,PLATE,,
00-00002007,1113.0106,LC-DCP upper limbs plate 6h S.S,ZMD Plates,Հատ,հատ,REF_ONLY,LOW,NO,All plates are non-sterile REF-only,PLATE,,
00-00002008,1113.0107,LC-DCP upper limbs plate 7h S.S,ZMD Plates,Հատ,հատ,REF_ONLY,LOW,NO,All plates are non-sterile REF-only,PLATE,,
00-00002009,1113.0108,LC-DCP upper limbs plate 8h S.S,ZMD Plates,Հատ,հատ,REF_ONLY,LOW,NO,All plates are non-sterile REF-only,PLATE,,
00-00002010,1113.0109,LC-DCP upper limbs plate 9h S.S,ZMD Plates,Հատ,հատ,REF_ONLY,LOW,NO,All plates are non-sterile REF-only,PLATE,,
00-00002056,30230A.4H.S,Straigjt bone plate phalangs 4h S.S,ZMD Plates,Հատ,հատ,REF_ONLY,LOW,NO,All plates are non-sterile REF-only,PLATE,,
00-00002057,30230A.5H.S,Straigjt bone plate phalangs 5h S.S,ZMD Plates,Հատ,հատ,REF_ONLY,LOW,NO,All plates are non-sterile REF-only,PLATE,,
00-00002058,30230A.6H.S,Straigjt bone plate phalangs 6h S.S,ZMD Plates,Հատ,հատ,REF_ONLY,LOW,NO,All plates are non-sterile REF-only,PLATE,,
00-00002095,30231A.4H.S,T-Plate for Phalanx 4h S.S,ZMD Plates,Հատ,հատ,REF_ONLY,LOW,NO,All plates are non-sterile REF-only,PLATE,,
00-00002097,30231A.5H.S,T-Plate for Phalanx 5h S.S,ZMD Plates,Հատ,հատ,REF_ONLY,LOW,NO,All plates are non-sterile REF-only,PLATE,,
00-00002099,30231A.6H.S,T-Plate for Phalanx 6h S.S,ZMD Plates,Հատ,հատ,REF_ONLY,LOW,NO,All plates are non-sterile REF-only,PLATE,,
00-00002100,30231A.7H.S,T-Plate for Phalanx 7h S.S,ZMD Plates,Հատ,հատ,REF_ONLY,LOW,NO,All plates are non-sterile REF-only,PLATE,,
00-00001909,30236.2.12.S,Cortex screw 2.0*12mm S.S,ZMD Screws,Հատ,հատ,REF_ONLY,LOW,NO,Usual screw is non-sterile REF-only,SCREW,,
00-00001912,30236.2.14.S,Cortex screw 2.0*14mm S.S,ZMD Screws,Հատ,հատ,REF_ONLY,LOW,NO,Usual screw is non-sterile REF-only,SCREW,,
00-00001915,30236.2.16.S,Cortex screw 2.0*16mm S.S,ZMD Screws,Հատ,հատ,REF_ONLY,LOW,NO,Usual screw is non-sterile REF-only,SCREW,,
00-00001918,30236.2.18.S,Cortex screw 2.0*18mm S.S,ZMD Screws,Հատ,հատ,REF_ONLY,LOW,NO,Usual screw is non-sterile REF-only,SCREW,,
00-00001921,30236.2.20.S,Cortex screw 2.0*20mm S.S,ZMD Screws,Հատ,հատ,REF_ONLY,LOW,NO,Usual screw is non-sterile REF-only,SCREW,,
00-00001911,1204.2012,Cortex screw 2.0*12mm Ti (*),ZMD Screws,Հատ,հատ,REF_ONLY,LOW,NO,Usual screw is non-sterile REF-only,SCREW,,
00-00001914,1204.2014,Cortex screw 2.0*14mm Ti (*),ZMD Screws,Հատ,հատ,REF_ONLY,LOW,NO,Usual screw is non-sterile REF-only,SCREW,,
00-00001917,1204.2016,Cortex screw 2.0*16mm Ti (*),ZMD Screws,Հատ,հատ,REF_ONLY,LOW,NO,Usual screw is non-sterile REF-only,SCREW,,
00-00001920,1204.2018,Cortex screw 2.0*18mm Ti (*),ZMD Screws,Հատ,հատ,REF_ONLY,LOW,NO,Usual screw is non-sterile REF-only,SCREW,,
00-00001923,1204.2020,Cortex screw 2.0*20mm Ti (*),ZMD Screws,Հատ,հատ,REF_ONLY,LOW,NO,Usual screw is non-sterile REF-only,SCREW,,
00-00001910,30236.2.12.T.1,Cortex screw 2.0*12mm Ti (#),ZMD Screws,Հատ,հատ,REF_ONLY,LOW,NO,Usual screw is non-sterile REF-only,SCREW,,
00-00001913,30236.2.14.T.1,Cortex screw 2.0*14mm Ti (#),ZMD Screws,Հատ,հատ,REF_ONLY,LOW,NO,Usual screw is non-sterile REF-only,SCREW,,
00-00001916,30236.2.16.T.1,Cortex screw 2.0*16mm Ti (#),ZMD Screws,Հատ,հատ,REF_ONLY,LOW,NO,Usual screw is non-sterile REF-only,SCREW,,
00-00001919,30236.2.18.T.1,Cortex screw 2.0*18mm Ti (#),ZMD Screws,Հատ,հատ,REF_ONLY,LOW,NO,Usual screw is non-sterile REF-only,SCREW,,
00-00001922,30236.2.20.T.1,Cortex screw 2.0*20mm Ti (#),ZMD Screws,Հատ,հատ,REF_ONLY,LOW,NO,Usual screw is non-sterile REF-only,SCREW,,
00-00001892,2204.2012,2.0mm Locking screw 2.0*12mm Ti,Delated,Հատ,հատ,REF_ONLY,LOW,NO,Usual screw is non-sterile REF-only,SCREW,,
00-00001893,2204.2014,2.0mm Locking screw 2.0*14mm Ti,ZMD Screws,Հատ,հատ,REF_ONLY,LOW,NO,Usual screw is non-sterile REF-only,SCREW,,
00-00001894,2204.2016,2.0mm Locking screw 2.0*16mm Ti,ZMD Screws,Հատ,հատ,REF_ONLY,LOW,NO,Usual screw is non-sterile REF-only,SCREW,,
00-00001895,2204.2018,2.0mm Locking screw 2.0*18mm Ti,ZMD Screws,Հատ,հատ,REF_ONLY,LOW,NO,Usual screw is non-sterile REF-only,SCREW,,
00-00001896,2204.2020,2.0mm Locking screw 2.0*20mm Ti,ZMD Screws,Հատ,հատ,REF_ONLY,LOW,NO,Usual screw is non-sterile REF-only,SCREW,,
00-00002037,1111.1406,S claviculare plate 6h Left S.S,ZMD Plates,Հատ,հատ,REF_ONLY,LOW,NO,All plates are non-sterile REF-only,PLATE,,
00-00002038,1112.1406,S claviculare plate 6h Right S.S,ZMD Plates,Հատ,հատ,REF_ONLY,LOW,NO,All plates are non-sterile REF-only,PLATE,,
00-00002039,1111.1407,S claviculare plate 7h Left S.S,ZMD Plates,Հատ,հատ,REF_ONLY,LOW,NO,All plates are non-sterile REF-only,PLATE,,
00-00002040,1112.1407,S claviculare plate 7h Right S.S,ZMD Plates,Հատ,հատ,REF_ONLY,LOW,NO,All plates are non-sterile REF-only,PLATE,,
00-00002041,1111.1408,S claviculare plate 8h Left S.S,ZMD Plates,Հատ,հատ,REF_ONLY,LOW,NO,All plates are non-sterile REF-only,PLATE,,
00-00002042,1112.1408,S claviculare plate 8h Right S.S,ZMD Plates,Հատ,հատ,REF_ONLY,LOW,NO,All plates are non-sterile REF-only,PLATE,,
00-00002043,1111.1409,S claviculare plate 9h Left S.S,ZMD Plates,Հատ,հատ,REF_ONLY,LOW,NO,All plates are non-sterile REF-only,PLATE,,
00-00002044,1112.1409,S claviculare plate 9h Right S.S,ZMD Plates,Հատ,հատ,REF_ONLY,LOW,NO,All plates are non-sterile REF-only,PLATE,,
00-00002035,1111.1412,S claviculare plate 12h Left S.S,ZMD Plates,Հատ,հատ,REF_ONLY,LOW,NO,All plates are non-sterile REF-only,PLATE,,
00-00002036,1112.1412,S claviculare plate 12h Right S.S,ZMD Plates,Հատ,հատ,REF_ONLY,LOW,NO,All plates are non-sterile REF-only,PLATE,,
00-00002101,30219.4H.S,T-shaped bone plate 4h S.S,ZMD Plates,Հատ,հատ,REF_ONLY,LOW,NO,All plates are non-sterile REF-only,PLATE,,
00-00002102,30219.5H.S,T-shaped bone plate 5h S.S,ZMD Plates,Հատ,հատ,REF_ONLY,LOW,NO,All plates are non-sterile REF-only,PLATE,,
00-00002103,30219.6H.S,T-shaped bone plate 6h S.S,ZMD Plates,Հատ,հատ,REF_ONLY,LOW,NO,All plates are non-sterile REF-only,PLATE,,
00-00002104,30219.7H.S,T-shaped bone plate 7h S.S,ZMD Plates,Հատ,հատ,REF_ONLY,LOW,NO,All plates are non-sterile REF-only,PLATE,,
00-00002105,30219.8H.S,T-shaped bone plate 8h S.S,ZMD Plates,Հատ,հատ,REF_ONLY,LOW,NO,All plates are non-sterile REF-only,PLATE,,
00-00002013,30220.6H.L.S,L-shaped bone plate 6h Left S.S,ZMD Plates,Հատ,հատ,REF_ONLY,LOW,NO,All plates are non-sterile REF-only,PLATE,,
00-00002014,30220.6H.R.S,L-shaped bone plate 6h Right S.S,ZMD Plates,Հատ,հատ,REF_ONLY,LOW,NO,All plates are non-sterile REF-only,PLATE,,
00-00002012,30220.4H.R.S,L-shaped bone plate 4h Right S.S,ZMD Plates,Հատ,հատ,REF_ONLY,LOW,NO,All plates are non-sterile REF-only,PLATE,,
00-00002011,30220.4L.R.S,L-shaped bone plate 4h Left S.S,ZMD Plates,Հատ,հատ,REF_ONLY,LOW,NO,All plates are non-sterile REF-only,PLATE,,
00-00002016,30220.8H.R.S,L-shaped bone plate 8h Right (Proximal-3h) S.S,ZMD Plates,Հատ,հատ,REF_ONLY,LOW,NO,All plates are non-sterile REF-only,PLATE,,
00-00002015,30220.8H.L.S,L-shaped bone plate 8h Left (Proximal-3h) S.S,ZMD Plates,Հատ,հատ,REF_ONLY,LOW,NO,All plates are non-sterile REF-only,PLATE,,
00-00002096,30231A.4h.T,T-Plate for Phalanx 4h Ti,ZMD Plates,Հատ,հատ,REF_ONLY,LOW,NO,All plates are non-sterile REF-only,PLATE,,
00-00002098,30231A.5h.T,T-Plate for Phalanx 5h Ti,ZMD Plates,Հատ,հատ,REF_ONLY,LOW,NO,All plates are non-sterile REF-only,PLATE,,
00-00002033,30202.10H.S,Reconstructional plate 10հ S.S,ZMD Plates,Հատ,հատ,REF_ONLY,LOW,NO,All plates are non-sterile REF-only,PLATE,,
00-00002034,30212.14H.S,Reconstructional plate 14h S.S,ZMD Plates,Հատ,հատ,REF_ONLY,LOW,NO,All plates are non-sterile REF-only,PLATE,,
00-00001890,30225.10H.S,(Curved) Pelvic plate 10հ S.S,ZMD Plates,Հատ,հատ,REF_ONLY,LOW,NO,All plates are non-sterile REF-only,PLATE,,
00-00001891,30225.12H.S,(Curved) Pelvic plate 12հ S.S,ZMD Plates,Հատ,հատ,REF_ONLY,LOW,NO,All plates are non-sterile REF-only,PLATE,,
00-00001973,30204.4H.L.S,Humeral Distal Y-plate 4h left S.S,ZMD Plates,Հատ,հատ,REF_ONLY,LOW,NO,All plates are non-sterile REF-only,PLATE,,
00-00001974,30204.4H.R.S,Humeral Distal Y-plate 4h right S.S,ZMD Plates,Հատ,հատ,REF_ONLY,LOW,NO,All plates are non-sterile REF-only,PLATE,,
00-00001975,30204.5H.L.S,Humeral Distal Y-plate 5h left S.S,ZMD Plates,Հատ,հատ,REF_ONLY,LOW,NO,All plates are non-sterile REF-only,PLATE,,
00-00001976,30204.5H.R.S,Humeral Distal Y-plate 5h right S.S,ZMD Plates,Հատ,հատ,REF_ONLY,LOW,NO,All plates are non-sterile REF-only,PLATE,,
00-00001996,1113.0206,LC‐DCP for Tibia plate 6h S.S,ZMD Plates,Հատ,հատ,REF_ONLY,LOW,NO,All plates are non-sterile REF-only,PLATE,,
00-00001997,1113.0207,LC‐DCP for Tibia plate 7h S.S,ZMD Plates,Հատ,հատ,REF_ONLY,LOW,NO,All plates are non-sterile REF-only,PLATE,,
00-00001998,1113.0208,LC‐DCP for Tibia plate 8h S.S,ZMD Plates,Հատ,հատ,REF_ONLY,LOW,NO,All plates are non-sterile REF-only,PLATE,,
00-00001999,1113.0209,LC‐DCP for Tibia plate 9h S.S,ZMD Plates,Հատ,հատ,REF_ONLY,LOW,NO,All plates are non-sterile REF-only,PLATE,,
00-00001994,1113.0210,LC‐DCP for Tibia plate 10h S.S,ZMD Plates,Հատ,հատ,REF_ONLY,LOW,NO,All plates are non-sterile REF-only,PLATE,,
00-00001995,1113.0211,LC‐DCP for Tibia plate 11h S.S,ZMD Plates,Հատ,հատ,REF_ONLY,LOW,NO,All plates are non-sterile REF-only,PLATE,,
00-00002002,1113.4706,LC-DCP Humeral plate 6h S.S,ZMD Plates,Հատ,հատ,REF_ONLY,LOW,NO,All plates are non-sterile REF-only,PLATE,,
00-00002003,1113.4707,LC-DCP Humeral plate 7h S.S,ZMD Plates,Հատ,հատ,REF_ONLY,LOW,NO,All plates are non-sterile REF-only,PLATE,,
00-00002004,1113.4708,LC-DCP Humeral plate 8h S.S,ZMD Plates,Հատ,հատ,REF_ONLY,LOW,NO,All plates are non-sterile REF-only,PLATE,,
00-00002005,1113.4709,LC-DCP Humeral plate 9h S.S,ZMD Plates,Հատ,հատ,REF_ONLY,LOW,NO,All plates are non-sterile REF-only,PLATE,,
00-00002000,1113.4710,LC-DCP Humeral plate 10h S.S,ZMD Plates,Հատ,հատ,REF_ONLY,LOW,NO,All plates are non-sterile REF-only,PLATE,,
00-00002001,1113.4712,LC-DCP Humeral plate 12h S.S,ZMD Plates,Հատ,հատ,REF_ONLY,LOW,NO,All plates are non-sterile REF-only,PLATE,,
00-00001991,1113.0307,LC‐DCP Femoral Plate 7h S.S,ZMD Plates,Հատ,հատ,REF_ONLY,LOW,NO,All plates are non-sterile REF-only,PLATE,,
00-00001992,1113.0308,LC‐DCP Femoral Plate 8h S.S,ZMD Plates,Հատ,հատ,REF_ONLY,LOW,NO,All plates are non-sterile REF-only,PLATE,,
00-00001993,1113.0309,LC‐DCP Femoral Plate 9h S.S,ZMD Plates,Հատ,հատ,REF_ONLY,LOW,NO,All plates are non-sterile REF-only,PLATE,,
00-00001987,1113.0310,LC‐DCP Femoral Plate 10h S.S,ZMD Plates,Հատ,հատ,REF_ONLY,LOW,NO,All plates are non-sterile REF-only,PLATE,,
00-00001988,1113.0311,LC‐DCP Femoral Plate 11h S.S,ZMD Plates,Հատ,հատ,REF_ONLY,LOW,NO,All plates are non-sterile REF-only,PLATE,,
00-00001989,1113.0312,LC‐DCP Femoral Plate 12h S.S,ZMD Plates,Հատ,հատ,REF_ONLY,LOW,NO,All plates are non-sterile REF-only,PLATE,,
00-00001990,1113.0314,LC‐DCP Femoral Plate 14h S.S,ZMD Plates,Հատ,հատ,REF_ONLY,LOW,NO,All plates are non-sterile REF-only,PLATE,,
00-00001925,30227.5H.S,DCS Plate 5h S.S,ZMD Plates,Հատ,հատ,REF_ONLY,LOW,NO,All plates are non-sterile REF-only,PLATE,,
00-00001926,30227.6H.S,DCS Plate 6h S.S,ZMD Plates,Հատ,հատ,REF_ONLY,LOW,NO,All plates are non-sterile REF-only,PLATE,,
00-00001927,30227.7H.S,DCS Plate 7h S.S,ZMD Plates,Հատ,հատ,REF_ONLY,LOW,NO,All plates are non-sterile REF-only,PLATE,,
00-00001928,30227.8H.S,DCS Plate 8h S.S,ZMD Plates,Հատ,հատ,REF_ONLY,LOW,NO,All plates are non-sterile REF-only,PLATE,,
00-00001924,30227.10H.S,DCS Plate 10h S.S,ZMD Plates,Հատ,հատ,REF_ONLY,LOW,NO,All plates are non-sterile REF-only,PLATE,,
00-00001930,30226.4H.S,DHS Plate 4h S.S,ZMD Plates,Հատ,հատ,REF_ONLY,LOW,NO,All plates are non-sterile REF-only,PLATE,,
00-00001931,30226.5H.S,DHS Plate 5h S.S,ZMD Plates,Հատ,հատ,REF_ONLY,LOW,NO,All plates are non-sterile REF-only,PLATE,,
00-00001932,30226.6H.S,DHS Plate 6h S.S,ZMD Plates,Հատ,հատ,REF_ONLY,LOW,NO,All plates are non-sterile REF-only,PLATE,,
00-00001933,30226.7H.S,DHS Plate 7h S.S,ZMD Plates,Հատ,հատ,REF_ONLY,LOW,NO,All plates are non-sterile REF-only,PLATE,,
00-00001934,30226.8H.S,DHS Plate 8h S.S,ZMD Plates,Հատ,հատ,REF_ONLY,LOW,NO,All plates are non-sterile REF-only,PLATE,,
00-00001935,30226.9H.S,DHS Plate 9h S.S,ZMD Plates,Հատ,հատ,REF_ONLY,LOW,NO,All plates are non-sterile REF-only,PLATE,,
00-00001929,30226.10H.S,DHS Plate 10h S.S,ZMD Plates,Հատ,հատ,REF_ONLY,LOW,NO,All plates are non-sterile REF-only,PLATE,,
00-00002048,30239.12.60.S,"Screws, DHS / DCS 12*60mm S.S",ZMD Plates,Հատ,հատ,REF_ONLY,LOW,NO,All plates are non-sterile REF-only,PLATE,,
00-00002049,30239.12.65.S,"Screws, DHS / DCS 12*65mm S.S",ZMD Plates,Հատ,հատ,REF_ONLY,LOW,NO,All plates are non-sterile REF-only,PLATE,,
00-00002050,30239.12.70.S,"Screws, DHS / DCS 12*70mm S.S",ZMD Plates,Հատ,հատ,REF_ONLY,LOW,NO,All plates are non-sterile REF-only,PLATE,,
00-00002051,30239.12.75.S,"Screws, DHS / DCS 12*75mm S.S",ZMD Plates,Հատ,հատ,REF_ONLY,LOW,NO,All plates are non-sterile REF-only,PLATE,,
00-00002052,30239.12.80.S,"Screws, DHS / DCS 12*80mm S.S",ZMD Plates,Հատ,հատ,REF_ONLY,LOW,NO,All plates are non-sterile REF-only,PLATE,,
00-00002053,30239.12.85.S,"Screws, DHS / DCS 12*85mm S.S",ZMD Plates,Հատ,հատ,REF_ONLY,LOW,NO,All plates are non-sterile REF-only,PLATE,,
00-00002054,30239.12.90.S,"Screws, DHS / DCS 12*90mm S.S",ZMD Plates,Հատ,հատ,REF_ONLY,LOW,NO,All plates are non-sterile REF-only,PLATE,,
00-00002055,30239.12.95.S,"Screws, DHS / DCS 12*95mm S.S",ZMD Plates,Հատ,հատ,REF_ONLY,LOW,NO,All plates are non-sterile REF-only,PLATE,,
00-00002045,30239.12.100.S,"Screws, DHS / DCS 12*100mm S.S",ZMD Plates,Հատ,հատ,REF_ONLY,LOW,NO,All plates are non-sterile REF-only,PLATE,,
00-00002046,30239.12.105.S,"Screws, DHS / DCS 12*105mm S.S",ZMD Plates,Հատ,հատ,REF_ONLY,LOW,NO,All plates are non-sterile REF-only,PLATE,,
00-00002047,30239.12.110.S,"Screws, DHS / DCS 12*110mm S.S",ZMD Plates,Հատ,հատ,REF_ONLY,LOW,NO,All plates are non-sterile REF-only,PLATE,,
00-00002075,4211.0703,Tibial proximal lateral lock-plate combination 3h L TI,ZMD Plates,Հատ,հատ,REF_ONLY,LOW,NO,All plates are non-sterile REF-only,PLATE,,
00-00002077,4211.0705,Tibial proximal lateral lock-plate combination 5h L TI,ZMD Plates,Հատ,հատ,REF_ONLY,LOW,NO,All plates are non-sterile REF-only,PLATE,,
00-00002079,4211.0707,Tibial proximal lateral lock-plate combination 7h L TI,ZMD Plates,Հատ,հատ,REF_ONLY,LOW,NO,All plates are non-sterile REF-only,PLATE,,
00-00002081,4211.0709,Tibial proximal lateral lock-plate combination 9h L TI,ZMD Plates,Հատ,հատ,REF_ONLY,LOW,NO,All plates are non-sterile REF-only,PLATE,,
00-00002073,4211.0711,Tibial proximal lateral lock-plate combination 11h L TI,ZMD Plates,Հատ,հատ,REF_ONLY,LOW,NO,All plates are non-sterile REF-only,PLATE,,
00-00002076,4212.0703,Tibial proximal lateral lock-plate combination 3h R TI,ZMD Plates,Հատ,հատ,REF_ONLY,LOW,NO,All plates are non-sterile REF-only,PLATE,,
00-00002078,4212.0705,Tibial proximal lateral lock-plate combination 5h R TI,ZMD Plates,Հատ,հատ,REF_ONLY,LOW,NO,All plates are non-sterile REF-only,PLATE,,
00-00002080,4212.0707,Tibial proximal lateral lock-plate combination 7h R TI,ZMD Plates,Հատ,հատ,REF_ONLY,LOW,NO,All plates are non-sterile REF-only,PLATE,,
00-00002082,4212.0709,Tibial proximal lateral lock-plate combination 9h R TI,ZMD Plates,Հատ,հատ,REF_ONLY,LOW,NO,All plates are non-sterile REF-only,PLATE,,
00-00002074,4212.0711,Tibial proximal lateral lock-plate combination 11h R TI,ZMD Plates,Հատ,հատ,REF_ONLY,LOW,NO,All plates are non-sterile REF-only,PLATE,,
00-00002087,4211.0803,Tibial proximal medial locking plate combination 3h L Ti,ZMD Plates,Հատ,հատ,REF_ONLY,LOW,NO,All plates are non-sterile REF-only,PLATE,,
00-00002089,4211.0805,Tibial proximal medial locking plate combination 5h L Ti,ZMD Plates,Հատ,հատ,REF_ONLY,LOW,NO,All plates are non-sterile REF-only,PLATE,,
00-00002091,4211.0807,Tibial proximal medial locking plate combination 7h L Ti,ZMD Plates,Հատ,հատ,REF_ONLY,LOW,NO,All plates are non-sterile REF-only,PLATE,,
00-00002093,4211.0809,Tibial proximal medial locking plate combination 9h L Ti,ZMD Plates,Հատ,հատ,REF_ONLY,LOW,NO,All plates are non-sterile REF-only,PLATE,,
00-00002083,4211.0811,Tibial proximal medial locking plate combination 11h L Ti,ZMD Plates,Հատ,հատ,REF_ONLY,LOW,NO,All plates are non-sterile REF-only,PLATE,,
00-00002085,4211.0813,Tibial proximal medial locking plate combination 13h L Ti,ZMD Plates,Հատ,հատ,REF_ONLY,LOW,NO,All plates are non-sterile REF-only,PLATE,,
00-00002088,4212.0803,Tibial proximal medial locking plate combination 3h R Ti,ZMD Plates,Հատ,հատ,REF_ONLY,LOW,NO,All plates are non-sterile REF-only,PLATE,,
00-00002090,4212.0805,Tibial proximal medial locking plate combination 5h R Ti,ZMD Plates,Հատ,հատ,REF_ONLY,LOW,NO,All plates are non-sterile REF-only,PLATE,,
00-00002092,4212.0807,Tibial proximal medial locking plate combination 7h R Ti,ZMD Plates,Հատ,հատ,REF_ONLY,LOW,NO,All plates are non-sterile REF-only,PLATE,,
00-00002094,4212.0809,Tibial proximal medial locking plate combination 9h R Ti,ZMD Plates,Հատ,հատ,REF_ONLY,LOW,NO,All plates are non-sterile REF-only,PLATE,,
00-00002084,4212.0811,Tibial proximal medial locking plate combination 11h R Ti,ZMD Plates,Հատ,հատ,REF_ONLY,LOW,NO,All plates are non-sterile REF-only,PLATE,,
00-00002086,4212.0813,Tibial proximal medial locking plate combination 13h R Ti,ZMD Plates,Հատ,հատ,REF_ONLY,LOW,NO,All plates are non-sterile REF-only,PLATE,,
00-00001898,1113.1508,Calcaneal plate 8h S.S,ZMD Plates,Հատ,հատ,REF_ONLY,LOW,NO,All plates are non-sterile REF-only,PLATE,,
00-00001897,1113.1510,Calcaneal plate 10h S.S,ZMD Plates,Հատ,հատ,REF_ONLY,LOW,NO,All plates are non-sterile REF-only,PLATE,,
00-00001968,4213.1804,Fibula Distal Locking Plate combination 4h Ti,ZMD Plates,Հատ,հատ,REF_ONLY,LOW,NO,All plates are non-sterile REF-only,PLATE,,
00-00001969,4213.1805,Fibula Distal Locking Plate combination 5h Ti,ZMD Plates,Հատ,հատ,REF_ONLY,LOW,NO,All plates are non-sterile REF-only,PLATE,,
00-00001970,4213.1806,Fibula Distal Locking Plate combination 6h Ti,ZMD Plates,Հատ,հատ,REF_ONLY,LOW,NO,All plates are non-sterile REF-only,PLATE,,
00-00001971,4213.1807,Fibula Distal Locking Plate combination 7h Ti,ZMD Plates,Հատ,հատ,REF_ONLY,LOW,NO,All plates are non-sterile REF-only,PLATE,,
00-00001972,4213.1808,Fibula Distal Locking Plate combination 8h Ti,ZMD Plates,Հատ,հատ,REF_ONLY,LOW,NO,All plates are non-sterile REF-only,PLATE,,
00-00002068,2212.0505,Tibia Distal Medial Combinated Locking plate-II 5h R Ti,ZMD Plates,Հատ,հատ,REF_ONLY,LOW,NO,All plates are non-sterile REF-only,PLATE,,
00-00002067,2211.0505,Tibia Distal Medial Combinated Locking plate-II 5h L Ti,ZMD Plates,Հատ,հատ,REF_ONLY,LOW,NO,All plates are non-sterile REF-only,PLATE,,
00-00002070,2212.0507,Tibia Distal Medial Combinated Locking plate-II 7h R Ti,ZMD Plates,Հատ,հատ,REF_ONLY,LOW,NO,All plates are non-sterile REF-only,PLATE,,
00-00002069,2211.0507,Tibia Distal Medial Combinated Locking plate-II 7h L Ti,ZMD Plates,Հատ,հատ,REF_ONLY,LOW,NO,All plates are non-sterile REF-only,PLATE,,
00-00002072,2212.0509,Tibia Distal Medial Combinated Locking plate-II 9h R Ti,ZMD Plates,Հատ,հատ,REF_ONLY,LOW,NO,All plates are non-sterile REF-only,PLATE,,
00-00002071,2211.0509,Tibia Distal Medial Combinated Locking plate-II 9h L Ti,ZMD Plates,Հատ,հատ,REF_ONLY,LOW,NO,All plates are non-sterile REF-only,PLATE,,
00-00002059,4211.0503,Tibia Distal Medial Combinated Locking plate 3h L Ti,ZMD Plates,Հատ,հատ,REF_ONLY,LOW,NO,All plates are non-sterile REF-only,PLATE,,
00-00002060,4212.0503,Tibia Distal Medial Combinated Locking plate 3h R Ti,ZMD Plates,Հատ,հատ,REF_ONLY,LOW,NO,All plates are non-sterile REF-only,PLATE,,
00-00002061,4211.0505,Tibia Distal Medial Combinated Locking plate 5h L Ti,ZMD Plates,Հատ,հատ,REF_ONLY,LOW,NO,All plates are non-sterile REF-only,PLATE,,
00-00002062,4212.0505,Tibia Distal Medial Combinated Locking plate 5h R Ti,ZMD Plates,Հատ,հատ,REF_ONLY,LOW,NO,All plates are non-sterile REF-only,PLATE,,
00-00002063,4211.0507,Tibia Distal Medial Combinated Locking plate 7h L Ti,ZMD Plates,Հատ,հատ,REF_ONLY,LOW,NO,All plates are non-sterile REF-only,PLATE,,
00-00002064,4212.0507,Tibia Distal Medial Combinated Locking plate 7h R Ti,ZMD Plates,Հատ,հատ,REF_ONLY,LOW,NO,All plates are non-sterile REF-only,PLATE,,
00-00002065,4211.0509,Tibia Distal Medial Combinated Locking plate 9h L Ti,ZMD Plates,Հատ,հատ,REF_ONLY,LOW,NO,All plates are non-sterile REF-only,PLATE,,
00-00002066,4212.0509,Tibia Distal Medial Combinated Locking plate 9h R Ti,ZMD Plates,Հատ,հատ,REF_ONLY,LOW,NO,All plates are non-sterile REF-only,PLATE,,
00-00001900,4212.1902,Clavicular Hook Locking Plate Combination 2h R Ti,ZMD Plates,Հատ,հատ,REF_ONLY,LOW,NO,All plates are non-sterile REF-only,PLATE,,
00-00001902,4212.1903,Clavicular Hook Locking Plate Combination 3h R Ti,ZMD Plates,Հատ,հատ,REF_ONLY,LOW,NO,All plates are non-sterile REF-only,PLATE,,
00-00001904,4212.1904,Clavicular Hook Locking Plate Combination 4h R Ti,ZMD Plates,Հատ,հատ,REF_ONLY,LOW,NO,All plates are non-sterile REF-only,PLATE,,
00-00001906,4212.1905,Clavicular Hook Locking Plate Combination 5h R Ti,ZMD Plates,Հատ,հատ,REF_ONLY,LOW,NO,All plates are non-sterile REF-only,PLATE,,
00-00001908,4212.1906,Clavicular Hook Locking Plate Combination 6h R Ti,ZMD Plates,Հատ,հատ,REF_ONLY,LOW,NO,All plates are non-sterile REF-only,PLATE,,
00-00001899,4211.1902,Clavicular Hook Locking Plate Combination 2h L Ti,ZMD Plates,Հատ,հատ,REF_ONLY,LOW,NO,All plates are non-sterile REF-only,PLATE,,
00-00001901,4211.1903,Clavicular Hook Locking Plate Combination 3h L Ti,ZMD Plates,Հատ,հատ,REF_ONLY,LOW,NO,All plates are non-sterile REF-only,PLATE,,
00-00001903,4211.1904,Clavicular Hook Locking Plate Combination 4h L Ti,ZMD Plates,Հատ,հատ,REF_ONLY,LOW,NO,All plates are non-sterile REF-only,PLATE,,
00-00001905,4211.1905,Clavicular Hook Locking Plate Combination 5h L Ti,ZMD Plates,Հատ,հատ,REF_ONLY,LOW,NO,All plates are non-sterile REF-only,PLATE,,
00-00001907,4211.1906,Clavicular Hook Locking Plate Combination 6h L Ti,ZMD Plates,Հատ,հատ,REF_ONLY,LOW,NO,All plates are non-sterile REF-only,PLATE,,
00-00002113,4213.0105,Upper Limbs Locking plate Combination 5h Ti,ZMD Plates,Հատ,հատ,REF_ONLY,LOW,NO,All plates are non-sterile REF-only,PLATE,,
00-00002114,4213.0106,Upper Limbs Locking plate Combination 6h Ti,ZMD Plates,Հատ,հատ,REF_ONLY,LOW,NO,All plates are non-sterile REF-only,PLATE,,
00-00002115,4213.0107,Upper Limbs Locking plate Combination 7h Ti,ZMD Plates,Հատ,հատ,REF_ONLY,LOW,NO,All plates are non-sterile REF-only,PLATE,,
00-00002116,4213.0109,Upper Limbs Locking plate Combination 9h Ti,ZMD Plates,Հատ,հատ,REF_ONLY,LOW,NO,All plates are non-sterile REF-only,PLATE,,
00-00002112,4213.0110,Upper Limbs Locking plate Combination 10h Ti,ZMD Plates,Հատ,հատ,REF_ONLY,LOW,NO,All plates are non-sterile REF-only,PLATE,,
00-00001979,4213.1703,Humeral proximal locking plate combination 3h Ti,ZMD Plates,Հատ,հատ,REF_ONLY,LOW,NO,All plates are non-sterile REF-only,PLATE,,
00-00001980,4213.1704,Humeral proximal locking plate combination 4h Ti,ZMD Plates,Հատ,հատ,REF_ONLY,LOW,NO,All plates are non-sterile REF-only,PLATE,,
00-00001981,4213.1706,Humeral proximal locking plate combination 6h Ti,ZMD Plates,Հատ,հատ,REF_ONLY,LOW,NO,All plates are non-sterile REF-only,PLATE,,
00-00001982,4213.1708,Humeral proximal locking plate combination 8h Ti,ZMD Plates,Հատ,հատ,REF_ONLY,LOW,NO,All plates are non-sterile REF-only,PLATE,,
00-00001977,4213.1710,Humeral proximal locking plate combination 10 Ti,ZMD Plates,Հատ,հատ,REF_ONLY,LOW,NO,All plates are non-sterile REF-only,PLATE,,
00-00001978,4213.1712,Humeral proximal locking plate combination 12 Ti,ZMD Plates,Հատ,հատ,REF_ONLY,LOW,NO,All plates are non-sterile REF-only,PLATE,,
00-00001984,1212.1704,Humeral proximal plate 4h R Ti,ZMD Plates,Հատ,հատ,REF_ONLY,LOW,NO,All plates are non-sterile REF-only,PLATE,,
00-00001983,1211.1704,Humeral proximal plate 4h L Ti,ZMD Plates,Հատ,հատ,REF_ONLY,LOW,NO,All plates are non-sterile REF-only,PLATE,,
00-00001986,1212.1705,Humeral proximal plate 5h R Ti,ZMD Plates,Հատ,հատ,REF_ONLY,LOW,NO,All plates are non-sterile REF-only,PLATE,,
00-00001985,1211.1705,Humeral proximal plate 5h L Ti,ZMD Plates,Հատ,հատ,REF_ONLY,LOW,NO,All plates are non-sterile REF-only,PLATE,,
00-00002106,4211.4503,Ulna Olecranon Locking Plate Combination 3h L Ti,ZMD Plates,Հատ,հատ,REF_ONLY,LOW,NO,All plates are non-sterile REF-only,PLATE,,
00-00002108,4211.4505,Ulna Olecranon Locking Plate Combination 5h L Ti,ZMD Plates,Հատ,հատ,REF_ONLY,LOW,NO,All plates are non-sterile REF-only,PLATE,,
00-00002110,4211.4507,Ulna Olecranon Locking Plate Combination 7h L Ti,ZMD Plates,Հատ,հատ,REF_ONLY,LOW,NO,All plates are non-sterile REF-only,PLATE,,
00-00002107,4212.4503,Ulna Olecranon Locking Plate Combination 3h R Ti,ZMD Plates,Հատ,հատ,REF_ONLY,LOW,NO,All plates are non-sterile REF-only,PLATE,,
00-00002109,4212.4505,Ulna Olecranon Locking Plate Combination 5h R Ti,ZMD Plates,Հատ,հատ,REF_ONLY,LOW,NO,All plates are non-sterile REF-only,PLATE,,
00-00002111,4212.4507,Ulna Olecranon Locking Plate Combination 7h R Ti,ZMD Plates,Հատ,հատ,REF_ONLY,LOW,NO,All plates are non-sterile REF-only,PLATE,,
00-00002018,2212.1204,Oblique T-Locking Plate 4h R Ti,ZMD Plates,Հատ,հատ,REF_ONLY,LOW,NO,All plates are non-sterile REF-only,PLATE,,
00-00002020,2212.1205,Oblique T-Locking Plate 5h R Ti,ZMD Plates,Հատ,հատ,REF_ONLY,LOW,NO,All plates are non-sterile REF-only,PLATE,,
00-00002017,2211.1204,Oblique T-Locking Plate 4h L Ti,ZMD Plates,Հատ,հատ,REF_ONLY,LOW,NO,All plates are non-sterile REF-only,PLATE,,
00-00002019,2211.1205,Oblique T-Locking Plate 5h L Ti,ZMD Plates,Հատ,հատ,REF_ONLY,LOW,NO,All plates are non-sterile REF-only,PLATE,,
00-00001936,DM.04007000.20.CL,"DM Locking screw (K) 3.5mm, 20mm Ti",Boneunion,Հատ,հատ,REF_ONLY,LOW,NO,Usual screw is non-sterile REF-only,SCREW,,
00-00001937,DM.04007000.24.CL,"DM Locking screw (K) 3.5mm, 24mm Ti",Boneunion,Հատ,հատ,REF_ONLY,LOW,NO,Usual screw is non-sterile REF-only,SCREW,,
00-00001938,DM.04007000.26.CL,"DM Locking screw (K) 3.5mm, 26mm Ti",Boneunion,Հատ,հատ,REF_ONLY,LOW,NO,Usual screw is non-sterile REF-only,SCREW,,
00-00001939,DM.04007000.28.CL,"DM Locking screw (K) 3.5mm, 28mm Ti",Boneunion,Հատ,հատ,REF_ONLY,LOW,NO,Usual screw is non-sterile REF-only,SCREW,,
00-00001940,DM.04007000.32.CL,"DM Locking screw (K) 3.5mm, 32mm Ti",Boneunion,Հատ,հատ,REF_ONLY,LOW,NO,Usual screw is non-sterile REF-only,SCREW,,
00-00001941,DM.04007000.34.CL,"DM Locking screw (K) 3.5mm, 34mm Ti",Boneunion,Հատ,հատ,REF_ONLY,LOW,NO,Usual screw is non-sterile REF-only,SCREW,,
00-00001942,DM.04007000.36.CL,"DM Locking screw (K) 3.5mm, 36mm Ti",Boneunion,Հատ,հատ,REF_ONLY,LOW,NO,Usual screw is non-sterile REF-only,SCREW,,
00-00001943,DM.04007000.38.CL,"DM Locking screw (K) 3.5mm, 38mm Ti",Boneunion,Հատ,հատ,REF_ONLY,LOW,NO,Usual screw is non-sterile REF-only,SCREW,,
00-00001944,DM.04007000.40.CL,"DM Locking screw (K) 3.5mm, 40mm Ti",Boneunion,Հատ,հատ,REF_ONLY,LOW,NO,Usual screw is non-sterile REF-only,SCREW,,
00-00001945,DM.04007000.42.CL,"DM Locking screw (K) 3.5mm, 42mm Ti",Boneunion,Հատ,հատ,REF_ONLY,LOW,NO,Usual screw is non-sterile REF-only,SCREW,,
00-00001946,DM.04007000.14,"DM Locking screw 3.5mm, 14mm Ti",Boneunion,Հատ,հատ,REF_ONLY,LOW,NO,Usual screw is non-sterile REF-only,SCREW,,
00-00001947,DM.04007000.16,"DM Locking screw 3.5mm, 16mm Ti",Boneunion,Հատ,հատ,REF_ONLY,LOW,NO,Usual screw is non-sterile REF-only,SCREW,,
00-00001948,DM.04007000.18,"DM Locking screw 3.5mm, 18mm Ti",Boneunion,Հատ,հատ,REF_ONLY,LOW,NO,Usual screw is non-sterile REF-only,SCREW,,
00-00001949,DM.04007000.20,"DM Locking screw 3.5mm, 20mm Ti",Boneunion,Հատ,հատ,REF_ONLY,LOW,NO,Usual screw is non-sterile REF-only,SCREW,,
00-00001950,DM.04007000.22,"DM Locking screw 3.5mm, 22mm Ti",Boneunion,Հատ,հատ,REF_ONLY,LOW,NO,Usual screw is non-sterile REF-only,SCREW,,
00-00001951,DM.04007000.24,"DM Locking screw 3.5mm, 24mm Ti",Boneunion,Հատ,հատ,REF_ONLY,LOW,NO,Usual screw is non-sterile REF-only,SCREW,,
00-00001952,3070090026,"3.5mm Locking Screw, torxdrive, self-tapping, 26mm Ti",Boneunion,Հատ,հատ,REF_ONLY,LOW,NO,Usual screw is non-sterile REF-only,SCREW,,
00-00001953,3070090028,"3.5mm Locking Screw, torxdrive, self-tapping, 28mm Ti",Boneunion,Հատ,հատ,REF_ONLY,LOW,NO,Usual screw is non-sterile REF-only,SCREW,,
00-00001954,3070090030,"3.5mm Locking Screw, torxdrive, self-tapping, 30mm Ti",Boneunion,Հատ,հատ,REF_ONLY,LOW,NO,Usual screw is non-sterile REF-only,SCREW,,
00-00001955,3070090032,"3.5mm Locking Screw, torxdrive, self-tapping, 32mm Ti",Boneunion,Հատ,հատ,REF_ONLY,LOW,NO,Usual screw is non-sterile REF-only,SCREW,,
00-00001956,3070090034,"3.5mm Locking Screw, torxdrive, self-tapping, 34mm Ti",Boneunion,Հատ,հատ,REF_ONLY,LOW,NO,Usual screw is non-sterile REF-only,SCREW,,
00-00001957,3070090036,"3.5mm Locking Screw, torxdrive, self-tapping, 36mm Ti",Boneunion,Հատ,հատ,REF_ONLY,LOW,NO,Usual screw is non-sterile REF-only,SCREW,,
00-00001958,3070090038,"3.5mm Locking Screw, torxdrive, self-tapping, 38mm Ti",Boneunion,Հատ,հատ,REF_ONLY,LOW,NO,Usual screw is non-sterile REF-only,SCREW,,
00-00001959,3070090040,"3.5mm Locking Screw, torxdrive, self-tapping, 40mm Ti",Boneunion,Հատ,հատ,REF_ONLY,LOW,NO,Usual screw is non-sterile REF-only,SCREW,,
00-00001960,3070090042,"3.5mm Locking Screw, torxdrive, self-tapping, 42mm Ti",Boneunion,Հատ,հատ,REF_ONLY,LOW,NO,Usual screw is non-sterile REF-only,SCREW,,
00-00001961,3070090044,"3.5mm Locking Screw, torxdrive, self-tapping, 44mm Ti",Boneunion,Հատ,հատ,REF_ONLY,LOW,NO,Usual screw is non-sterile REF-only,SCREW,,
00-00001962,3070090046,"3.5mm Locking Screw, torxdrive, self-tapping, 46mm Ti",Boneunion,Հատ,հատ,REF_ONLY,LOW,NO,Usual screw is non-sterile REF-only,SCREW,,
00-00001963,3070090048,"3.5mm Locking Screw, torxdrive, self-tapping, 48mm Ti",Boneunion,Հատ,հատ,REF_ONLY,LOW,NO,Usual screw is non-sterile REF-only,SCREW,,
00-00001964,3070090050,"3.5mm Locking Screw, torxdrive, self-tapping, 50mm Ti",Boneunion,Հատ,հատ,REF_ONLY,LOW,NO,Usual screw is non-sterile REF-only,SCREW,,
00-00001965,DM.04007000.52,"DM Locking screw 3.5mm, 52mm Ti",Boneunion,Հատ,հատ,REF_ONLY,LOW,NO,Usual screw is non-sterile REF-only,SCREW,,
00-00001966,3070090054,"3.5mm Locking Screw, torxdrive, self-tapping, 54mm Ti",Boneunion,Հատ,հատ,REF_ONLY,LOW,NO,Usual screw is non-sterile REF-only,SCREW,,
00-00001967,3070090056,"3.5mm Locking Screw, torxdrive, self-tapping, 56mm Ti",Boneunion,Հատ,հատ,REF_ONLY,LOW,NO,Usual screw is non-sterile REF-only,SCREW,,
00-00002194,2201.3512,"ZM Locking screw 3.5mm, 12mm Ti",ZMD Screws,Հատ,հատ,REF_ONLY,LOW,NO,Usual screw is non-sterile REF-only,SCREW,,
00-00002195,2201.3514,"ZM Locking screw 3.5mm, 14mm Ti",ZMD Screws,Հատ,հատ,REF_ONLY,LOW,NO,Usual screw is non-sterile REF-only,SCREW,,
00-00002196,2201.3516,"ZM Locking screw 3.5mm, 16mm Ti",ZMD Screws,Հատ,հատ,REF_ONLY,LOW,NO,Usual screw is non-sterile REF-only,SCREW,,
00-00002197,2201.3518,"ZM Locking screw 3.5mm, 18mm Ti",ZMD Screws,Հատ,հատ,REF_ONLY,LOW,NO,Usual screw is non-sterile REF-only,SCREW,,
00-00002198,2201.3520,"ZM Locking screw 3.5mm, 20mm Ti",ZMD Screws,Հատ,հատ,REF_ONLY,LOW,NO,Usual screw is non-sterile REF-only,SCREW,,
00-00002199,2201.3522,"ZM Locking screw 3.5mm, 22mm Ti",ZMD Screws,Հատ,հատ,REF_ONLY,LOW,NO,Usual screw is non-sterile REF-only,SCREW,,
00-00002200,2201.3524,"ZM Locking screw 3.5mm, 24mm Ti",ZMD Screws,Հատ,հատ,REF_ONLY,LOW,NO,Usual screw is non-sterile REF-only,SCREW,,
00-00002201,2201.3526,"ZM Locking screw 3.5mm, 26mm Ti",ZMD Screws,Հատ,հատ,REF_ONLY,LOW,NO,Usual screw is non-sterile REF-only,SCREW,,
00-00002202,2201.3528,"ZM Locking screw 3.5mm, 28mm Ti",ZMD Screws,Հատ,հատ,REF_ONLY,LOW,NO,Usual screw is non-sterile REF-only,SCREW,,
00-00002203,2201.3530,"ZM Locking screw 3.5mm, 30mm Ti",ZMD Screws,Հատ,հատ,REF_ONLY,LOW,NO,Usual screw is non-sterile REF-only,SCREW,,
00-00002204,2201.3532,"ZM Locking screw 3.5mm, 32mm Ti",ZMD Screws,Հատ,հատ,REF_ONLY,LOW,NO,Usual screw is non-sterile REF-only,SCREW,,
00-00002205,2201.3534,"ZM Locking screw 3.5mm, 34mm Ti",ZMD Screws,Հատ,հատ,REF_ONLY,LOW,NO,Usual screw is non-sterile REF-only,SCREW,,
00-00002206,2201.3536,"ZM Locking screw 3.5mm, 36mm Ti",ZMD Screws,Հատ,հատ,REF_ONLY,LOW,NO,Usual screw is non-sterile REF-only,SCREW,,
00-00002207,2201.3538,"ZM Locking screw 3.5mm, 38mm Ti",ZMD Screws,Հատ,հատ,REF_ONLY,LOW,NO,Usual screw is non-sterile REF-only,SCREW,,
00-00002208,2201.3540,"ZM Locking screw 3.5mm, 40mm Ti",ZMD Screws,Հատ,հատ,REF_ONLY,LOW,NO,Usual screw is non-sterile REF-only,SCREW,,
00-00002209,2201.3542,"ZM Locking screw 3.5mm, 42mm Ti",ZMD Screws,Հատ,հատ,REF_ONLY,LOW,NO,Usual screw is non-sterile REF-only,SCREW,,
00-00002210,2201.3544,"ZM Locking screw 3.5mm, 44mm Ti",ZMD Screws,Հատ,հատ,REF_ONLY,LOW,NO,Usual screw is non-sterile REF-only,SCREW,,
00-00002211,2201.3546,"ZM Locking screw 3.5mm, 46mm Ti",ZMD Screws,Հատ,հատ,REF_ONLY,LOW,NO,Usual screw is non-sterile REF-only,SCREW,,
00-00002212,2201.3548,"ZM Locking screw 3.5mm, 48mm Ti",ZMD Screws,Հատ,հատ,REF_ONLY,LOW,NO,Usual screw is non-sterile REF-only,SCREW,,
00-00002213,2201.3550,"ZM Locking screw 3.5mm, 50mm Ti",ZMD Screws,Հատ,հատ,REF_ONLY,LOW,NO,Usual screw is non-sterile REF-only,SCREW,,
00-00002158,1201.3512,"ZM Cortex screw 3.5mm, 12mm Ti",ZMD Screws,Հատ,հատ,REF_ONLY,LOW,NO,Usual screw is non-sterile REF-only,SCREW,,
00-00002159,1201.3514,"ZM Cortex screw 3.5mm, 14mm Ti",ZMD Screws,Հատ,հատ,REF_ONLY,LOW,NO,Usual screw is non-sterile REF-only,SCREW,,
00-00002160,1201.3516,"ZM Cortex screw 3.5mm, 16mm Ti",ZMD Screws,Հատ,հատ,REF_ONLY,LOW,NO,Usual screw is non-sterile REF-only,SCREW,,
00-00002161,1201.3518,"ZM Cortex screw 3.5mm, 18mm Ti",ZMD Screws,Հատ,հատ,REF_ONLY,LOW,NO,Usual screw is non-sterile REF-only,SCREW,,
00-00002162,1201.3520,"ZM Cortex screw 3.5mm, 20mm Ti",ZMD Screws,Հատ,հատ,REF_ONLY,LOW,NO,Usual screw is non-sterile REF-only,SCREW,,
00-00002163,1201.3522,"ZM Cortex screw 3.5mm, 22mm Ti",ZMD Screws,Հատ,հատ,REF_ONLY,LOW,NO,Usual screw is non-sterile REF-only,SCREW,,
00-00002164,1201.3524,"ZM Cortex screw 3.5mm, 24mm Ti",ZMD Screws,Հատ,հատ,REF_ONLY,LOW,NO,Usual screw is non-sterile REF-only,SCREW,,
00-00002165,1201.3526,"ZM Cortex screw 3.5mm, 26mm Ti",ZMD Screws,Հատ,հատ,REF_ONLY,LOW,NO,Usual screw is non-sterile REF-only,SCREW,,
00-00002166,1201.3528,"ZM Cortex screw 3.5mm, 28mm Ti",ZMD Screws,Հատ,հատ,REF_ONLY,LOW,NO,Usual screw is non-sterile REF-only,SCREW,,
00-00002167,1201.3530,"ZM Cortex screw 3.5mm, 30mm Ti",ZMD Screws,Հատ,հատ,REF_ONLY,LOW,NO,Usual screw is non-sterile REF-only,SCREW,,
00-00002168,1201.3532,"ZM Cortex screw 3.5mm, 32mm Ti",ZMD Screws,Հատ,հատ,REF_ONLY,LOW,NO,Usual screw is non-sterile REF-only,SCREW,,
00-00002169,1201.3534,"ZM Cortex screw 3.5mm, 34mm Ti",ZMD Screws,Հատ,հատ,REF_ONLY,LOW,NO,Usual screw is non-sterile REF-only,SCREW,,
00-00002170,1201.3536,"ZM Cortex screw 3.5mm, 36mm Ti",ZMD Screws,Հատ,հատ,REF_ONLY,LOW,NO,Usual screw is non-sterile REF-only,SCREW,,
00-00002171,1201.3538,"ZM Cortex screw 3.5mm, 38mm Ti",ZMD Screws,Հատ,հատ,REF_ONLY,LOW,NO,Usual screw is non-sterile REF-only,SCREW,,
00-00002172,1201.3540,"ZM Cortex screw 3.5mm, 40mm Ti",ZMD Screws,Հատ,հատ,REF_ONLY,LOW,NO,Usual screw is non-sterile REF-only,SCREW,,
00-00002173,1201.3542,"ZM Cortex screw 3.5mm, 42mm Ti",ZMD Screws,Հատ,հատ,REF_ONLY,LOW,NO,Usual screw is non-sterile REF-only,SCREW,,
00-00002174,1201.3544,"ZM Cortex screw 3.5mm, 44mm Ti",ZMD Screws,Հատ,հատ,REF_ONLY,LOW,NO,Usual screw is non-sterile REF-only,SCREW,,
00-00002175,1201.3546,"ZM Cortex screw 3.5mm, 46mm Ti",ZMD Screws,Հատ,հատ,REF_ONLY,LOW,NO,Usual screw is non-sterile REF-only,SCREW,,
00-00002176,1201.3548,"ZM Cortex screw 3.5mm, 48mm Ti",ZMD Screws,Հատ,հատ,REF_ONLY,LOW,NO,Usual screw is non-sterile REF-only,SCREW,,
00-00002177,1201.3550,"ZM Cortex screw 3.5mm, 50mm Ti",ZMD Screws,Հատ,հատ,REF_ONLY,LOW,NO,Usual screw is non-sterile REF-only,SCREW,,
00-00002178,1201.3554,"ZM Cortex screw 3.5mm, 54mm Ti",ZMD Screws,Հատ,հատ,REF_ONLY,LOW,NO,Usual screw is non-sterile REF-only,SCREW,,
00-00002179,1201.3555,"ZM Cortex screw 3.5mm, 55mm Ti",ZMD Screws,Հատ,հատ,REF_ONLY,LOW,NO,Usual screw is non-sterile REF-only,SCREW,,
00-00002136,1202.4020,"ZM Cortex Cancellous screw 1/2 4.0mm,20mm Ti",ZMD Screws,Հատ,հատ,REF_ONLY,LOW,NO,Usual screw is non-sterile REF-only,SCREW,,
00-00002137,1202.4025,"ZM Cortex Cancellous screw 1/2 4.0mm,25mm Ti",ZMD Screws,Հատ,հատ,REF_ONLY,LOW,NO,Usual screw is non-sterile REF-only,SCREW,,
00-00002138,1202.4030,"ZM Cortex Cancellous screw 1/2 4.0mm,30mm Ti",ZMD Screws,Հատ,հատ,REF_ONLY,LOW,NO,Usual screw is non-sterile REF-only,SCREW,,
00-00002139,1202.4035,"ZM Cortex Cancellous screw 1/2 4.0mm,35mm Ti",ZMD Screws,Հատ,հատ,REF_ONLY,LOW,NO,Usual screw is non-sterile REF-only,SCREW,,
00-00002140,1202.4040,"ZM Cortex Cancellous screw 1/2 4.0mm,40mm Ti",ZMD Screws,Հատ,հատ,REF_ONLY,LOW,NO,Usual screw is non-sterile REF-only,SCREW,,
00-00002141,1202.4045,"ZM Cortex Cancellous screw 1/2 4.0mm,45mm Ti",ZMD Screws,Հատ,հատ,REF_ONLY,LOW,NO,Usual screw is non-sterile REF-only,SCREW,,
00-00002142,1202.4050,"ZM Cortex Cancellous screw 1/2 4.0mm,50mm Ti",ZMD Screws,Հատ,հատ,REF_ONLY,LOW,NO,Usual screw is non-sterile REF-only,SCREW,,
00-00002143,30238-40.12,"ZM Cortex Cancellous screw 4.0mm,12mm Ti",ZMD Screws,Հատ,հատ,REF_ONLY,LOW,NO,Usual screw is non-sterile REF-only,SCREW,,
00-00002144,30238-40.14,"ZM Cortex Cancellous screw 4.0mm,14mm Ti",ZMD Screws,Հատ,հատ,REF_ONLY,LOW,NO,Usual screw is non-sterile REF-only,SCREW,,
00-00002145,30238-40.16,"ZM Cortex Cancellous screw 4.0mm,16mm Ti",ZMD Screws,Հատ,հատ,REF_ONLY,LOW,NO,Usual screw is non-sterile REF-only,SCREW,,
00-00002146,30238-40.18,"ZM Cortex Cancellous screw 4.0mm,18mm Ti",ZMD Screws,Հատ,հատ,REF_ONLY,LOW,NO,Usual screw is non-sterile REF-only,SCREW,,
00-00002147,30238-40.20,"ZM Cortex Cancellous screw 4.0mm,20mm Ti",ZMD Screws,Հատ,հատ,REF_ONLY,LOW,NO,Usual screw is non-sterile REF-only,SCREW,,
00-00002148,30238-40.22,"ZM Cortex Cancellous screw 4.0mm,22mm Ti",ZMD Screws,Հատ,հատ,REF_ONLY,LOW,NO,Usual screw is non-sterile REF-only,SCREW,,
00-00002149,30238-40.24,"ZM Cortex Cancellous screw 4.0mm,24mm Ti",ZMD Screws,Հատ,հատ,REF_ONLY,LOW,NO,Usual screw is non-sterile REF-only,SCREW,,
00-00002150,30238-40.26,"ZM Cortex Cancellous screw 4.0mm,26mm Ti",ZMD Screws,Հատ,հատ,REF_ONLY,LOW,NO,Usual screw is non-sterile REF-only,SCREW,,
00-00002151,30238-40.28,"ZM Cortex Cancellous screw 4.0mm,28mm Ti",ZMD Screws,Հատ,հատ,REF_ONLY,LOW,NO,Usual screw is non-sterile REF-only,SCREW,,
00-00002152,30238-40.30,"ZM Cortex Cancellous screw 4.0mm,30mm Ti",ZMD Screws,Հատ,հատ,REF_ONLY,LOW,NO,Usual screw is non-sterile REF-only,SCREW,,
00-00002153,30238-40.32,"ZM Cortex Cancellous screw 4.0mm,32mm Ti",ZMD Screws,Հատ,հատ,REF_ONLY,LOW,NO,Usual screw is non-sterile REF-only,SCREW,,
00-00002154,30238-40.34,"ZM Cortex Cancellous screw 4.0mm,34mm Ti",ZMD Screws,Հատ,հատ,REF_ONLY,LOW,NO,Usual screw is non-sterile REF-only,SCREW,,
00-00002155,30238-40.36,"ZM Cortex Cancellous screw 4.0mm,36mm Ti",ZMD Screws,Հատ,հատ,REF_ONLY,LOW,NO,Usual screw is non-sterile REF-only,SCREW,,
00-00002156,30238-40.38,"ZM Cortex Cancellous screw 4.0mm,38mm Ti",ZMD Screws,Հատ,հատ,REF_ONLY,LOW,NO,Usual screw is non-sterile REF-only,SCREW,,
00-00002157,30238-40.40,"ZM Cortex Cancellous screw 4.0mm,40mm Ti",ZMD Screws,Հատ,հատ,REF_ONLY,LOW,NO,Usual screw is non-sterile REF-only,SCREW,,
00-00002180,1201.4524,"ZM Cortex screw 4.5mm,24mm Ti",ZMD Screws,Հատ,հատ,REF_ONLY,LOW,NO,Usual screw is non-sterile REF-only,SCREW,,
00-00002181,1201.4526,"ZM Cortex screw 4.5mm,26mm Ti",ZMD Screws,Հատ,հատ,REF_ONLY,LOW,NO,Usual screw is non-sterile REF-only,SCREW,,
00-00002182,1201.4528,"ZM Cortex screw 4.5mm,28mm Ti",ZMD Screws,Հատ,հատ,REF_ONLY,LOW,NO,Usual screw is non-sterile REF-only,SCREW,,
00-00002183,1201.4530,"ZM Cortex screw 4.5mm,30mm Ti",ZMD Screws,Հատ,հատ,REF_ONLY,LOW,NO,Usual screw is non-sterile REF-only,SCREW,,
00-00002184,1201.4532,"ZM Cortex screw 4.5mm,32mm Ti",ZMD Screws,Հատ,հատ,REF_ONLY,LOW,NO,Usual screw is non-sterile REF-only,SCREW,,
00-00002185,1201.4534,"ZM Cortex screw 4.5mm,34mm Ti",ZMD Screws,Հատ,հատ,REF_ONLY,LOW,NO,Usual screw is non-sterile REF-only,SCREW,,
00-00002186,1201.4536,"ZM Cortex screw 4.5mm,36mm Ti",ZMD Screws,Հատ,հատ,REF_ONLY,LOW,NO,Usual screw is non-sterile REF-only,SCREW,,
00-00002187,1201.4538,"ZM Cortex screw 4.5mm,38mm Ti",ZMD Screws,Հատ,հատ,REF_ONLY,LOW,NO,Usual screw is non-sterile REF-only,SCREW,,
00-00002188,1201.4540,"ZM Cortex screw 4.5mm,40mm Ti",ZMD Screws,Հատ,հատ,REF_ONLY,LOW,NO,Usual screw is non-sterile REF-only,SCREW,,
00-00002189,1201.4542,"ZM Cortex screw 4.5mm,42mm Ti",ZMD Screws,Հատ,հատ,REF_ONLY,LOW,NO,Usual screw is non-sterile REF-only,SCREW,,
00-00002190,1201.4544,"ZM Cortex screw 4.5mm,44mm Ti",ZMD Screws,Հատ,հատ,REF_ONLY,LOW,NO,Usual screw is non-sterile REF-only,SCREW,,
00-00002191,1201.4546,"ZM Cortex screw 4.5mm,46mm Ti",ZMD Screws,Հատ,հատ,REF_ONLY,LOW,NO,Usual screw is non-sterile REF-only,SCREW,,
00-00002192,1201.4548,"ZM Cortex screw 4.5mm,48mm Ti",ZMD Screws,Հատ,հատ,REF_ONLY,LOW,NO,Usual screw is non-sterile REF-only,SCREW,,
00-00002193,1201.4550,"ZM Cortex screw 4.5mm,50mm Ti",ZMD Screws,Հատ,հատ,REF_ONLY,LOW,NO,Usual screw is non-sterile REF-only,SCREW,,
00-00002214,2201.5024,"ZM Locking screw 5.0mm,24mm Ti",ZMD Screws,Հատ,հատ,REF_ONLY,LOW,NO,Usual screw is non-sterile REF-only,SCREW,,
00-00002215,2201.5026,"ZM Locking screw 5.0mm,26mm Ti",ZMD Screws,Հատ,հատ,REF_ONLY,LOW,NO,Usual screw is non-sterile REF-only,SCREW,,
00-00002216,2201.5028,"ZM Locking screw 5.0mm,28mm Ti",ZMD Screws,Հատ,հատ,REF_ONLY,LOW,NO,Usual screw is non-sterile REF-only,SCREW,,
00-00002217,2201.5030,"ZM Locking screw 5.0mm,30mm Ti",ZMD Screws,Հատ,հատ,REF_ONLY,LOW,NO,Usual screw is non-sterile REF-only,SCREW,,
00-00002218,2201.5032,"ZM Locking screw 5.0mm,32mm Ti",ZMD Screws,Հատ,հատ,REF_ONLY,LOW,NO,Usual screw is non-sterile REF-only,SCREW,,
00-00002219,2201.5034,"ZM Locking screw 5.0mm,34mm Ti",ZMD Screws,Հատ,հատ,REF_ONLY,LOW,NO,Usual screw is non-sterile REF-only,SCREW,,
00-00002220,2201.5036,"ZM Locking screw 5.0mm,36mm Ti",ZMD Screws,Հատ,հատ,REF_ONLY,LOW,NO,Usual screw is non-sterile REF-only,SCREW,,
00-00002221,2201.5038,"ZM Locking screw 5.0mm,38mm Ti",ZMD Screws,Հատ,հատ,REF_ONLY,LOW,NO,Usual screw is non-sterile REF-only,SCREW,,
00-00002222,2201.5040,"ZM Locking screw 5.0mm,40mm Ti",ZMD Screws,Հատ,հատ,REF_ONLY,LOW,NO,Usual screw is non-sterile REF-only,SCREW,,
00-00002223,2201.5042,"ZM Locking screw 5.0mm,42mm Ti",ZMD Screws,Հատ,հատ,REF_ONLY,LOW,NO,Usual screw is non-sterile REF-only,SCREW,,
00-00002224,2201.5044,"ZM Locking screw 5.0mm,44mm Ti",ZMD Screws,Հատ,հատ,REF_ONLY,LOW,NO,Usual screw is non-sterile REF-only,SCREW,,
00-00002225,2201.5046,"ZM Locking screw 5.0mm,46mm Ti",ZMD Screws,Հատ,հատ,REF_ONLY,LOW,NO,Usual screw is non-sterile REF-only,SCREW,,
00-00002226,2201.5048,"ZM Locking screw 5.0mm,48mm Ti",ZMD Screws,Հատ,հատ,REF_ONLY,LOW,NO,Usual screw is non-sterile REF-only,SCREW,,
00-00002227,2201.5050,"ZM Locking screw 5.0mm,50mm Ti",ZMD Screws,Հատ,հատ,REF_ONLY,LOW,NO,Usual screw is non-sterile REF-only,SCREW,,
00-00002228,2201.5055,"ZM Locking screw 5.0mm,55mm Ti",ZMD Screws,Հատ,հատ,REF_ONLY,LOW,NO,Usual screw is non-sterile REF-only,SCREW,,
00-00002229,2201.5060,"ZM Locking screw 5.0mm,60mm Ti",ZMD Screws,Հատ,հատ,REF_ONLY,LOW,NO,Usual screw is non-sterile REF-only,SCREW,,
00-00002230,2201.5065,"ZM Locking screw 5.0mm,65mm Ti",ZMD Screws,Հատ,հատ,REF_ONLY,LOW,NO,Usual screw is non-sterile REF-only,SCREW,,
00-00002231,2201.5070,"ZM Locking screw 5.0mm,70mm Ti",ZMD Screws,Հատ,հատ,REF_ONLY,LOW,NO,Usual screw is non-sterile REF-only,SCREW,,
00-00002232,2201.5075,"ZM Locking screw 5.0mm,75mm Ti",ZMD Screws,Հատ,հատ,REF_ONLY,LOW,NO,Usual screw is non-sterile REF-only,SCREW,,
00-00002233,2201.5080,"ZM Locking screw 5.0mm,80mm Ti",ZMD Screws,Հատ,հատ,REF_ONLY,LOW,NO,Usual screw is non-sterile REF-only,SCREW,,
00-00002234,2201.5085,"ZM Locking screw 5.0mm,85mm Ti",ZMD Screws,Հատ,հատ,REF_ONLY,LOW,NO,Usual screw is non-sterile REF-only,SCREW,,
00-00002235,2201.5090,"ZM Locking screw 5.0mm,90mm Ti",ZMD Screws,Հատ,հատ,REF_ONLY,LOW,NO,Usual screw is non-sterile REF-only,SCREW,,
00-00002128,30238-65.S.45,"ZM Cortex Cancellous Full screw 6.5mm,45mm S.S",ZMD Screws,Հատ,հատ,REF_ONLY,LOW,NO,Usual screw is non-sterile REF-only,SCREW,,
00-00002129,30238-65.S.55,"ZM Cortex Cancellous Full screw 6.5mm,55mm S.S",ZMD Screws,Հատ,հատ,REF_ONLY,LOW,NO,Usual screw is non-sterile REF-only,SCREW,,
00-00002130,30238-65.S.65,"ZM Cortex Cancellous Full screw 6.5mm,65mm S.S",ZMD Screws,Հատ,հատ,REF_ONLY,LOW,NO,Usual screw is non-sterile REF-only,SCREW,,
00-00002131,30238-65.S.70,"ZM Cortex Cancellous Full screw 6.5mm,70mm S.S",ZMD Screws,Հատ,հատ,REF_ONLY,LOW,NO,Usual screw is non-sterile REF-only,SCREW,,
00-00002132,30238-65.S.75,"ZM Cortex Cancellous Full screw 6.5mm,75mm S.S",ZMD Screws,Հատ,հատ,REF_ONLY,LOW,NO,Usual screw is non-sterile REF-only,SCREW,,
00-00002133,30238-65.S.80,"ZM Cortex Cancellous Full screw 6.5mm,80mm S.S",ZMD Screws,Հատ,հատ,REF_ONLY,LOW,NO,Usual screw is non-sterile REF-only,SCREW,,
00-00002134,30238-65.S.85,"ZM Cortex Cancellous Full screw 6.5mm,85mm S.S",ZMD Screws,Հատ,հատ,REF_ONLY,LOW,NO,Usual screw is non-sterile REF-only,SCREW,,
00-00002135,30238-65.S.90,"ZM Cortex Cancellous Full screw 6.5mm,90mm S.S",ZMD Screws,Հատ,հատ,REF_ONLY,LOW,NO,Usual screw is non-sterile REF-only,SCREW,,
00-00002117,30237-65.S.40,"ZM Cortex Cancellous 1/2 screw 6.5mm,40mm S.S",ZMD Screws,Հատ,հատ,REF_ONLY,LOW,NO,Usual screw is non-sterile REF-only,SCREW,,
00-00002118,30237-65.S.45,"ZM Cortex Cancellous 1/2 screw 6.5mm,45mm S.S",ZMD Screws,Հատ,հատ,REF_ONLY,LOW,NO,Usual screw is non-sterile REF-only,SCREW,,
00-00002119,30237-65.S.50,"ZM Cortex Cancellous 1/2 screw 6.5mm,50mm S.S",ZMD Screws,Հատ,հատ,REF_ONLY,LOW,NO,Usual screw is non-sterile REF-only,SCREW,,
00-00002120,30237-65.S.55,"ZM Cortex Cancellous 1/2 screw 6.5mm,55mm S.S",ZMD Screws,Հատ,հատ,REF_ONLY,LOW,NO,Usual screw is non-sterile REF-only,SCREW,,
00-00002121,30237-65.S.60,"ZM Cortex Cancellous 1/2 screw 6.5mm,60mm S.S",ZMD Screws,Հատ,հատ,REF_ONLY,LOW,NO,Usual screw is non-sterile REF-only,SCREW,,
00-00002122,30237-65.S.65,"ZM Cortex Cancellous 1/2 screw 6.5mm,65mm S.S",ZMD Screws,Հատ,հատ,REF_ONLY,LOW,NO,Usual screw is non-sterile REF-only,SCREW,,
00-00002123,30237-65.S.70,"ZM Cortex Cancellous 1/2 screw 6.5mm,70mm S.S",ZMD Screws,Հատ,հատ,REF_ONLY,LOW,NO,Usual screw is non-sterile REF-only,SCREW,,
00-00002124,30237-65.S.75,"ZM Cortex Cancellous 1/2 screw 6.5mm,75mm S.S",ZMD Screws,Հատ,հատ,REF_ONLY,LOW,NO,Usual screw is non-sterile REF-only,SCREW,,
00-00002125,30237-65.S.80,"ZM Cortex Cancellous 1/2 screw 6.5mm,80mm S.S",ZMD Screws,Հատ,հատ,REF_ONLY,LOW,NO,Usual screw is non-sterile REF-only,SCREW,,
00-00002126,30237-65.S.85,"ZM Cortex Cancellous 1/2 screw 6.5mm,85mm S.S",ZMD Screws,Հատ,հատ,REF_ONLY,LOW,NO,Usual screw is non-sterile REF-only,SCREW,,
00-00002127,30237-65.S.90,"ZM Cortex Cancellous 1/2 screw 6.5mm,90mm S.S",ZMD Screws,Հատ,հատ,REF_ONLY,LOW,NO,Usual screw is non-sterile REF-only,SCREW,,
00-00002292,1101.3512,"ZM Cortex screw 3.5mm,12mm S.S",ZMD Screws,Հատ,հատ,REF_ONLY,LOW,NO,Usual screw is non-sterile REF-only,SCREW,,
00-00002293,1101.3514,"ZM Cortex screw 3.5mm,14mm S.S",ZMD Screws,Հատ,հատ,REF_ONLY,LOW,NO,Usual screw is non-sterile REF-only,SCREW,,
00-00002294,1101.3516,"ZM Cortex screw 3.5mm,16mm S.S",ZMD Screws,Հատ,հատ,REF_ONLY,LOW,NO,Usual screw is non-sterile REF-only,SCREW,,
00-00002295,1101.3518,"ZM Cortex screw 3.5mm,18mm S.S",ZMD Screws,Հատ,հատ,REF_ONLY,LOW,NO,Usual screw is non-sterile REF-only,SCREW,,
00-00002296,1101.3520,"ZM Cortex screw 3.5mm,20mm S.S",ZMD Screws,Հատ,հատ,REF_ONLY,LOW,NO,Usual screw is non-sterile REF-only,SCREW,,
00-00002297,1101.3522,"ZM Cortex screw 3.5mm,22mm S.S",ZMD Screws,Հատ,հատ,REF_ONLY,LOW,NO,Usual screw is non-sterile REF-only,SCREW,,
00-00002298,1101.3524,"ZM Cortex screw 3.5mm,24mm S.S",ZMD Screws,Հատ,հատ,REF_ONLY,LOW,NO,Usual screw is non-sterile REF-only,SCREW,,
00-00002299,1101.3526,"ZM Cortex screw 3.5mm,26mm S.S",ZMD Screws,Հատ,հատ,REF_ONLY,LOW,NO,Usual screw is non-sterile REF-only,SCREW,,
00-00002300,1101.3528,"ZM Cortex screw 3.5mm,28mm S.S",ZMD Screws,Հատ,հատ,REF_ONLY,LOW,NO,Usual screw is non-sterile REF-only,SCREW,,
00-00002301,1101.3530,"ZM Cortex screw 3.5mm,30mm S.S",ZMD Screws,Հատ,հատ,REF_ONLY,LOW,NO,Usual screw is non-sterile REF-only,SCREW,,
00-00002302,1101.3532,"ZM Cortex screw 3.5mm,32mm S.S",ZMD Screws,Հատ,հատ,REF_ONLY,LOW,NO,Usual screw is non-sterile REF-only,SCREW,,
00-00002303,1101.3534,"ZM Cortex screw 3.5mm,34mm S.S",ZMD Screws,Հատ,հատ,REF_ONLY,LOW,NO,Usual screw is non-sterile REF-only,SCREW,,
00-00002304,1101.3536,"ZM Cortex screw 3.5mm,36mm S.S",ZMD Screws,Հատ,հատ,REF_ONLY,LOW,NO,Usual screw is non-sterile REF-only,SCREW,,
00-00002305,1101.3538,"ZM Cortex screw 3.5mm,38mm S.S",ZMD Screws,Հատ,հատ,REF_ONLY,LOW,NO,Usual screw is non-sterile REF-only,SCREW,,
00-00002306,1101.3540,"ZM Cortex screw 3.5mm,40mm S.S",ZMD Screws,Հատ,հատ,REF_ONLY,LOW,NO,Usual screw is non-sterile REF-only,SCREW,,
00-00002307,1101.3542,"ZM Cortex screw 3.5mm,42mm S.S",ZMD Screws,Հատ,հատ,REF_ONLY,LOW,NO,Usual screw is non-sterile REF-only,SCREW,,
00-00002308,1101.3544,"ZM Cortex screw 3.5mm,44mm S.S",ZMD Screws,Հատ,հատ,REF_ONLY,LOW,NO,Usual screw is non-sterile REF-only,SCREW,,
00-00002309,1101.3546,"ZM Cortex screw 3.5mm,46mm S.S",ZMD Screws,Հատ,հատ,REF_ONLY,LOW,NO,Usual screw is non-sterile REF-only,SCREW,,
00-00002310,1101.3548,"ZM Cortex screw 3.5mm,48mm S.S",ZMD Screws,Հատ,հատ,REF_ONLY,LOW,NO,Usual screw is non-sterile REF-only,SCREW,,
00-00002311,1101.3550,"ZM Cortex screw 3.5mm,50mm S.S",ZMD Screws,Հատ,հատ,REF_ONLY,LOW,NO,Usual screw is non-sterile REF-only,SCREW,,
00-00002279,300240.4.0.28.S.S,"ZM Cortex  screw 1/2 4.0mm,28mm S.S",ZMD Screws,Հատ,հատ,REF_ONLY,LOW,NO,Usual screw is non-sterile REF-only,SCREW,,
00-00002280,300240.4.0.30.S.S,"ZM Cortex  screw 1/2 4.0mm,30mm S.S",ZMD Screws,Հատ,հատ,REF_ONLY,LOW,NO,Usual screw is non-sterile REF-only,SCREW,,
00-00002281,300240.4.0.28.S.S,"ZM Cortex  screw 1/2 4.0mm,32mm S.S",ZMD Screws,Հատ,հատ,REF_ONLY,LOW,NO,Usual screw is non-sterile REF-only,SCREW,,
00-00002282,300240.4.0.28.S.S,"ZM Cortex  screw 1/2 4.0mm,34mm S.S",ZMD Screws,Հատ,հատ,REF_ONLY,LOW,NO,Usual screw is non-sterile REF-only,SCREW,,
00-00002283,300240.4.0.28.S.S,"ZM Cortex  screw 1/2 4.0mm,36mm S.S",ZMD Screws,Հատ,հատ,REF_ONLY,LOW,NO,Usual screw is non-sterile REF-only,SCREW,,
00-00002284,300240.4.0.28.S.S,"ZM Cortex  screw 1/2 4.0mm,38mm S.S",ZMD Screws,Հատ,հատ,REF_ONLY,LOW,NO,Usual screw is non-sterile REF-only,SCREW,,
00-00002285,300240.4.0.28.S.S,"ZM Cortex  screw 1/2 4.0mm,40mm S.S",ZMD Screws,Հատ,հատ,REF_ONLY,LOW,NO,Usual screw is non-sterile REF-only,SCREW,,
00-00002286,300240.4.0.28.S.S,"ZM Cortex  screw 1/2 4.0mm,42mm S.S",ZMD Screws,Հատ,հատ,REF_ONLY,LOW,NO,Usual screw is non-sterile REF-only,SCREW,,
00-00002287,300240.4.0.28.S.S,"ZM Cortex  screw 1/2 4.0mm,44mm S.S",ZMD Screws,Հատ,հատ,REF_ONLY,LOW,NO,Usual screw is non-sterile REF-only,SCREW,,
00-00002288,300240.4.0.28.S.S,"ZM Cortex  screw 1/2 4.0mm,46mm S.S",ZMD Screws,Հատ,հատ,REF_ONLY,LOW,NO,Usual screw is non-sterile REF-only,SCREW,,
00-00002289,300240.4.0.28.S.S,"ZM Cortex  screw 1/2 4.0mm,48mm S.S",ZMD Screws,Հատ,հատ,REF_ONLY,LOW,NO,Usual screw is non-sterile REF-only,SCREW,,
00-00002290,300240.4.0.28.S.S,"ZM Cortex  screw 1/2 4.0mm,50mm S.S",ZMD Screws,Հատ,հատ,REF_ONLY,LOW,NO,Usual screw is non-sterile REF-only,SCREW,,
00-00002291,300240.4.0.28.S.S,"ZM Cortex  screw 1/2 4.0mm,55mm S.S",ZMD Screws,Հատ,հատ,REF_ONLY,LOW,NO,Usual screw is non-sterile REF-only,SCREW,,
00-00002323,3201.3014,"ZM Herbert Screw, 3.0/14mm Ti",ZMD Screws,Հատ,հատ,REF_ONLY,LOW,NO,Usual screw is non-sterile REF-only,SCREW,,
00-00002313,3201.3034,"ZM Herbert Screw, 3.0/34mm Ti",ZMD Screws,Հատ,հատ,REF_ONLY,LOW,NO,Usual screw is non-sterile REF-only,SCREW,,
00-00002318,3201.3024,"ZM Herbert Screw, 3.0/24mm Ti",ZMD Screws,Հատ,հատ,REF_ONLY,LOW,NO,Usual screw is non-sterile REF-only,SCREW,,
00-00002322,3201.3016,"ZM Herbert Screw, 3.0/16mm Ti",ZMD Screws,Հատ,հատ,REF_ONLY,LOW,NO,Usual screw is non-sterile REF-only,SCREW,,
00-00002321,3201.3018,"ZM Herbert Screw, 3.0/18mm, Ti",ZMD Screws,Հատ,հատ,REF_ONLY,LOW,NO,Usual screw is non-sterile REF-only,SCREW,,
00-00002320,3201.3020,"ZM Herbert Screw, 3.0/20mm Ti",ZMD Screws,Հատ,հատ,REF_ONLY,LOW,NO,Usual screw is non-sterile REF-only,SCREW,,
00-00002319,3201.3022,"ZM Herbert Screw, 3.0/22mm Ti",ZMD Screws,Հատ,հատ,REF_ONLY,LOW,NO,Usual screw is non-sterile REF-only,SCREW,,
00-00002314,3201.3032,"ZM Herbert Screw, 3.0/32mm Ti",ZMD Screws,Հատ,հատ,REF_ONLY,LOW,NO,Usual screw is non-sterile REF-only,SCREW,,
00-00002315,3201.3030,"ZM Herbert Screw, 3.0/30mm Ti",ZMD Screws,Հատ,հատ,REF_ONLY,LOW,NO,Usual screw is non-sterile REF-only,SCREW,,
00-00002316,3201.3028,"ZM Herbert Screw, 3.0/28mm Ti",ZMD Screws,Հատ,հատ,REF_ONLY,LOW,NO,Usual screw is non-sterile REF-only,SCREW,,
00-00002317,3201.3026,"ZM Herbert Screw, 3.0/26mm Ti",ZMD Screws,Հատ,հատ,REF_ONLY,LOW,NO,Usual screw is non-sterile REF-only,SCREW,,
00-00002312,9000.0624,ZM K-wire for Herbert,ZMD Screws,Հատ,հատ,REF_ONLY,LOW,NO,Usual screw is non-sterile REF-only,SCREW,,
00-00002268,3102.7360,ZM Cannulated Single -headed Comp. Screws SS 7.3mm/60mm,ZMD Screws,Հատ,հատ,REF_ONLY,LOW,NO,Usual screw is non-sterile REF-only,SCREW,,
00-00002269,3102.7365,ZM Cannulated Single -headed Comp. Screws SS 7.3mm/65mm,ZMD Screws,Հատ,հատ,REF_ONLY,LOW,NO,Usual screw is non-sterile REF-only,SCREW,,
00-00002270,3102.7370,ZM Cannulated Single -headed Comp. Screws SS 7.3mm/70mm,ZMD Screws,Հատ,հատ,REF_ONLY,LOW,NO,Usual screw is non-sterile REF-only,SCREW,,
00-00002271,3102.7375,ZM Cannulated Single -headed Comp. Screws SS 7.3mm/75mm,ZMD Screws,Հատ,հատ,REF_ONLY,LOW,NO,Usual screw is non-sterile REF-only,SCREW,,
00-00002272,3102.7380,ZM Cannulated Single -headed Comp. Screws SS 7.3mm/80mm,ZMD Screws,Հատ,հատ,REF_ONLY,LOW,NO,Usual screw is non-sterile REF-only,SCREW,,
00-00002262,30243.7.3.85,ZM Cannulated  Screws 7.3mm/85mm SS,ZMD Screws,Հատ,հատ,REF_ONLY,LOW,NO,Usual screw is non-sterile REF-only,SCREW,,
00-00002264,30243.7.3.95,ZM Cannulated  Screws 7.3mm/95 mm SS,ZMD Screws,Հատ,հատ,REF_ONLY,LOW,NO,Usual screw is non-sterile REF-only,SCREW,,
00-00002261,30243.7.3.105,ZM Cannulated  Screws 7.3mm/105mm SS,ZMD Screws,Հատ,հատ,REF_ONLY,LOW,NO,Usual screw is non-sterile REF-only,SCREW,,
00-00002260,30243.7.3.100,ZM Cannulated  Screws 7.3mm/100 mm SS,ZMD Screws,Հատ,հատ,REF_ONLY,LOW,NO,Usual screw is non-sterile REF-only,SCREW,,
00-00002263,30243.7.3.90,ZM Cannulated  Screws 7.3mm/90 mm SS,ZMD Screws,Հատ,հատ,REF_ONLY,LOW,NO,Usual screw is non-sterile REF-only,SCREW,,
00-00002259,"30243,1",washer for cannulated screw 7.3 mm,BOMBAY,Հատ,հատ,REF_ONLY,LOW,NO,Usual screw is non-sterile REF-only,SCREW,,
00-00002334,042892012,"DM Snap-off Screw, 2.0 mm/12mm",DOUBLE MDDICAL,Հատ,հատ,REF_ONLY,LOW,NO,Usual screw is non-sterile REF-only,SCREW,,
00-00002336,042892014,"DM Snap-off Screw, 2.0 mm/14mm",DOUBLE MDDICAL,Հատ,հատ,REF_ONLY,LOW,NO,Usual screw is non-sterile REF-only,SCREW,,
00-00002339,042902714,"DM Snap-off Screw, 2.7 mm/14mm",DOUBLE MDDICAL,Հատ,հատ,REF_ONLY,LOW,NO,Usual screw is non-sterile REF-only,SCREW,,
00-00002337,042902712,"DM Snap-off Screw, 2.7 mm/12mm",DOUBLE MDDICAL,Հատ,հատ,REF_ONLY,LOW,NO,Usual screw is non-sterile REF-only,SCREW,,
00-00002338,0429027713,"DM Snap-off Screw, 2.7 mm/13mm",DOUBLE MDDICAL,Հատ,հատ,REF_ONLY,LOW,NO,Usual screw is non-sterile REF-only,SCREW,,
00-00002335,042892013,"DM Snap-off Screw, 2.0 mm/13mm",DOUBLE MDDICAL,Հատ,հատ,REF_ONLY,LOW,NO,Usual screw is non-sterile REF-only,SCREW,,
00-00002332,030740010,"DM Laminoplasty Mini Plate, T-shaped, narrow mouth Ti, 10mm",DOUBLE MDDICAL,Հատ,հատ,REF_ONLY,LOW,NO,All plates are non-sterile REF-only,PLATE,,
00-00002333,030740014,"DM Laminoplasty Mini Plate, T-shaped, narrow mouth Ti, 14mm",DOUBLE MDDICAL,Հատ,հատ,REF_ONLY,LOW,NO,All plates are non-sterile REF-only,PLATE,,
00-00002331,3245452610,"Bon M., Laminoplasty Plate, T-shaped, narrow mouth Ti, 10mm",Plates,Հատ,հատ,REF_ONLY,LOW,NO,All plates are non-sterile REF-only,PLATE,,
00-00002266,30243.4.5.50,"ZM Cannulated Screw, 4.5/50mm  Ti",ZMD Screws,Հատ,հատ,REF_ONLY,LOW,NO,Usual screw is non-sterile REF-only,SCREW,,
00-00002265,30243.4.5.46,"ZM Cannulated Screw, 4.5/46mm Ti",ZMD Screws,Հատ,հատ,REF_ONLY,LOW,NO,Usual screw is non-sterile REF-only,SCREW,,
00-00002267,30243.4.5.56,"ZM Cannulated Screw, 4.5/56mm Ti",ZMD Screws,Հատ,հատ,REF_ONLY,LOW,NO,Usual screw is non-sterile REF-only,SCREW,,
00-00002277,3202.4038,"ZM Cannulated Single -headed Comp. Screws Ti, 4.0/38mm",ZMD Screws,Հատ,հատ,REF_ONLY,LOW,NO,Usual screw is non-sterile REF-only,SCREW,,
00-00002276,3202.4036,"ZM Cannulated Single -headed Comp. Screws Ti, 4.0/36mm",ZMD Screws,Հատ,հատ,REF_ONLY,LOW,NO,Usual screw is non-sterile REF-only,SCREW,,
00-00002275,3202.4034,"ZM Cannulated Single -headed Comp. Screws Ti, 4.0/34mm",ZMD Screws,Հատ,հատ,REF_ONLY,LOW,NO,Usual screw is non-sterile REF-only,SCREW,,
00-00002274,3202.4032,"ZM Cannulated Single -headed Comp. Screws Ti, 4.0/32mm",ZMD Screws,Հատ,հատ,REF_ONLY,LOW,NO,Usual screw is non-sterile REF-only,SCREW,,
00-00002273,3202.4030,"ZM Cannulated Single -headed Comp. Screws Ti, 4.0/30mm",ZMD Screws,Հատ,հատ,REF_ONLY,LOW,NO,Usual screw is non-sterile REF-only,SCREW,,
00-00002278,3202.4040,"ZM Cannulated Single -headed Comp. Screws Ti, 4.0/40mm",ZMD Screws,Հատ,հատ,REF_ONLY,LOW,NO,Usual screw is non-sterile REF-only,SCREW,,
00-00002258,30243.1,"BOMBAY, washer for cannulated screw 4.0/4.5",BOMBAY,Հատ,հատ,REF_ONLY,LOW,NO,Usual screw is non-sterile REF-only,SCREW,,
00-00002242,30248.08.250,"ZM K-wire, 0.8/250mm SS",ZMD Wire,Հատ,հատ,REF_ONLY,MEDIUM,NO,No sterile indicators matched,,,
00-00002245,30248.08.1.2.250,"ZM K-wire, 1.2/250mm SS",ZMD Wire,Հատ,հատ,REF_ONLY,MEDIUM,NO,No sterile indicators matched,,,
00-00002244,30248.1.0.300,"ZM K-wire, 1.0/300mm SS",ZMD Wire,Հատ,հատ,REF_ONLY,MEDIUM,NO,No sterile indicators matched,,,
00-00002243,30248.1.0.230,"ZM K-wire, 1.0/230mm SS",ZMD Wire,Հատ,հատ,REF_ONLY,MEDIUM,NO,No sterile indicators matched,,,
00-00002246,30248.1.2.300,"ZM K-wire, 1.2/300 mm SS",ZMD Wire,Հատ,հատ,REF_ONLY,MEDIUM,NO,No sterile indicators matched,,,
00-00002247,30248.1.5.300,"ZM K-wire, 1.5/300 mm SS",ZMD Wire,Հատ,հատ,REF_ONLY,MEDIUM,NO,No sterile indicators matched,,,
00-00002248,30248.2.0.300,"ZM K-wire, 2.0/300mm SS",ZMD Wire,Հատ,հատ,REF_ONLY,MEDIUM,NO,No sterile indicators matched,,,
00-00002249,30248.2.5.250,"ZM K-wire, 2.5/250mm SS",ZMD Wire,Հատ,հատ,REF_ONLY,MEDIUM,NO,No sterile indicators matched,,,
00-00002250,30248.2.5.300,"ZM K-wire, 2.5/300mm SS",ZMD Wire,Հատ,հատ,REF_ONLY,MEDIUM,NO,No sterile indicators matched,,,
00-00002241,30248.3.0.300,"ZM K-wire, 3.0/300mm SS",ZMD Wire,Հատ,հատ,REF_ONLY,MEDIUM,NO,No sterile indicators matched,,,
00-00002251,30248.3.0.250,"ZM K-wire, 3.0/250mm SS",ZMD Wire,Հատ,հատ,REF_ONLY,MEDIUM,NO,No sterile indicators matched,,,
00-00002253,30248.4.0.250,"ZM K-wire, 4.0/250mm SS",ZMD Wire,Հատ,հատ,REF_ONLY,MEDIUM,NO,No sterile indicators matched,,,
00-00002252,30248.4.0.200,"ZM K-wire, 4.0/200mm SS",ZMD Wire,Հատ,հատ,REF_ONLY,MEDIUM,NO,No sterile indicators matched,,,
00-00002254,9000.0411,ZM Suture Wire 5m 0.6 mm SS,ZMD Wire,Հատ,հատ,REF_ONLY,MEDIUM,NO,No sterile indicators matched,,,
00-00002255,9000.0410,ZM Suture Wire 5m 0.8 mm SS,ZMD Wire,Հատ,հատ,REF_ONLY,MEDIUM,NO,No sterile indicators matched,,,
00-00002256,9000.0412,ZM Suture Wire 5m 1.0 mm SS,ZMD Wire,Հատ,հատ,REF_ONLY,MEDIUM,NO,No sterile indicators matched,,,
00-00002257,9000.0413,ZM Suture Wire 5m 1.2 mm SS,ZMD Wire,Հատ,հատ,REF_ONLY,MEDIUM,NO,No sterile indicators matched,,,
00-00002328,3010262005B,"BOM Distal Lateral Tibial Locking Plate, right, 5 Holes Ti",Plates,Հատ,հատ,REF_ONLY,LOW,NO,All plates are non-sterile REF-only,PLATE,,
00-00002329,3010262007B,"BOM Distal Lateral Tibial Locking Plate, right, 7 Holes Ti",Plates,Հատ,հատ,REF_ONLY,LOW,NO,All plates are non-sterile REF-only,PLATE,,
00-00002324,3010261011B,"BOM Distal Lateral Tibial Locking Plate, left, 11 Holes Ti",Plates,Հատ,հատ,REF_ONLY,LOW,NO,All plates are non-sterile REF-only,PLATE,,
00-00002330,3010262009B,"BOM Distal Lateral Tibial Locking Plate, right, 9 Holes Ti",Plates,Հատ,հատ,REF_ONLY,LOW,NO,All plates are non-sterile REF-only,PLATE,,
00-00002348,2A1112060603,"KALEIDO NEURO Burr Hole Cover Plate, Thickness 0.6mm, 6 Holes, Φ17.0mm (HS9021108004)",World Surgery,Հատ,հատ,REF_ONLY,LOW,NO,All plates are non-sterile REF-only,PLATE,,
00-00002349,2A1112060604,"KALEIDO NEURO Burr Hole Cover Plate, Thickness 0.6mm, 6 Holes, Φ24.0mm (HS9021108004)",World Surgery,Հատ,հատ,REF_ONLY,LOW,NO,All plates are non-sterile REF-only,PLATE,,
00-00002347,2A1112070604,"KALEIDO NEURO Burr Hole Cover for Shunt or Drainage,Thickness0.6mm, 5Holes,Φ24mm (HS9021108004)",World Surgery,Հատ,հատ,REF_ONLY,MEDIUM,NO,No sterile indicators matched,,,
00-00002350,2A1113020601,"KALEIDO NEURO Straight Plate, 3.2*12.2mm, Thickness 0.6mm, 2 Holes (HS9021108004)",World Surgery,Հատ,հատ,REF_ONLY,LOW,NO,All plates are non-sterile REF-only,PLATE,,
00-00002342,2A2220211504,"KALEIDO 1.5mm Screw, self-drilling, 4mm (HS9021108004)",World Surgery,Հատ,հատ,REF_ONLY,LOW,NO,Usual screw is non-sterile REF-only,SCREW,,
00-00002346,WDTO00381,"KALEIDO Drill Bit, Ф1.1mm, drilling depth 4mm, Hexagonal Coupling (HS 9018908409)",World Surgery,Հատ,հատ,REF_ONLY,LOW,NO,Set/kit/instrument/tool is non-sterile,NON_STERILE_TOOLING,,
00-00002353,WDTO02103,"KALEIDO Screwdriver Shaft, Φ1.5mm, cruciform, length 52mm, Hexagonal Coupling (HS 9018908409)",World Surgery,Հատ,հատ,REF_ONLY,LOW,NO,Set/kit/instrument/tool is non-sterile,NON_STERILE_TOOLING,,
00-00002360,WDTO02107,"Screwdriver Handle with Hexagonal Coupling, small(HS 9018908409)",World Surgery,Հատ,հատ,REF_ONLY,LOW,NO,Set/kit/instrument/tool is non-sterile,NON_STERILE_TOOLING,,
00-00002359,WDTO01025,NEURO Plate/Screw Case (HS 9018908409),World Surgery,Հատ,հատ,REF_ONLY,LOW,NO,All plates are non-sterile REF-only,PLATE,,
00-00002354,WDTO01013,Measuring Scale (HS 9018908409) 150*100mm,World Surgery,Հատ,հատ,REF_ONLY,MEDIUM,NO,No sterile indicators matched,,,
00-00002358,WDTO01007,Modeling Trough (HS 9018908409) 100mm,World Surgery,Հատ,հատ,REF_ONLY,MEDIUM,NO,No sterile indicators matched,,,
00-00002357,WDTO01022,Modeling Hammer (HS 9018908409) 260mm,World Surgery,Հատ,հատ,REF_ONLY,MEDIUM,NO,No sterile indicators matched,,,
00-00002366,WDTO01023,Trimming Hammer (HS 9018908409) 300mm,World Surgery,Հատ,հատ,REF_ONLY,MEDIUM,NO,No sterile indicators matched,,,
00-00002356,WDTO01006,Modeling Forcep (HS 9018908409) 230mm,World Surgery,Հատ,հատ,REF_ONLY,MEDIUM,NO,No sterile indicators matched,,,
00-00002355,WDTO01021,Mesh Cutter (HS 9018908409) 135mm,World Surgery,Հատ,հատ,REF_ONLY,MEDIUM,NO,No sterile indicators matched,,,
00-00002361,121105161010,"Titanium Mesh, Rectangular haped, Thickness 0.6mm (HS9021108004) 100*100*0.6mm",World Surgery,Հատ,հատ,REF_ONLY,MEDIUM,NO,No sterile indicators matched,,,
00-00002362,121105161515,"Titanium Mesh, Rectangular shaped, Thickness 0.6mm (HS9021108004) 150*150*0.6mm",World Surgery,Հատ,հատ,REF_ONLY,MEDIUM,NO,No sterile indicators matched,,,
00-00002363,121103161010,"Titanium Mesh, Y shaped, Thickness 0.6mm (HS9021108004) 100*100*0.6mm",World Surgery,Հատ,հատ,REF_ONLY,MEDIUM,NO,No sterile indicators matched,,,
00-00002364,121103161515,"Titanium Mesh, Y shaped, Thickness 0.6mm (HS9021108004) 150*150*0.6mm",World Surgery,Հատ,հատ,REF_ONLY,MEDIUM,NO,No sterile indicators matched,,,
00-00002365,121103161818,"Titanium Mesh, Y shaped, Thickness 0.6mm (HS9021108004) 180*180*0.6mm",World Surgery,Հատ,հատ,REF_ONLY,MEDIUM,NO,No sterile indicators matched,,,
00-00002344,2A2220211506,"KALEIDO 1.5mm Screw, self-drilling, 6mm (HS9021108004) Ф1.5*6.0mm",World Surgery,Հատ,հատ,REF_ONLY,LOW,NO,Usual screw is non-sterile REF-only,SCREW,,
00-00002352,2A1113020602,"KALEIDO NEURO Straight Plate, 3.2*15.2mm, Thickness 0.6mm, 2 Holes (HS9021108004)",World Surgery,Հատ,հատ,REF_ONLY,LOW,NO,All plates are non-sterile REF-only,PLATE,,
00-00002367,BO.135.04.Ti,Ti Pedical HOOK,BOMBAY,Հատ,հատ,REF_ONLY,MEDIUM,NO,No sterile indicators matched,,,
00-00002368,40304.5.0.35,"ZMD.Broken-type Multi-Axial U-shaped Screws 5.0*35mm,Ti",Zimede,Հատ,հատ,REF_ONLY,LOW,NO,Usual screw is non-sterile REF-only,SCREW,,
00-00002369,40304.6.5.45,"ZMD.Broken-type Multi-Axial U-shaped Screws 6.5*45mm,Ti",Zimede,Հատ,հատ,REF_ONLY,LOW,NO,Usual screw is non-sterile REF-only,SCREW,,
00-00002370,40304.5.5.45,"ZMD.Broken-type Multi-Axial U-shaped Screws 5.5*45mm,Ti",Zimede,Հատ,հատ,REF_ONLY,LOW,NO,Usual screw is non-sterile REF-only,SCREW,,
00-00002371,40304.5.5.40,"ZMD, Broken-type Multi-Axial U-shaped Screws, 5.5mm*40mm, Ti",Zimede,Հատ,հատ,REF_ONLY,LOW,NO,Usual screw is non-sterile REF-only,SCREW,,
00-00002372,40304.5.0.40,"ZMD, Broken-type Multi-Axial U-shaped Screws, 5.0mm*40mm, Ti",Zimede,Հատ,հատ,REF_ONLY,LOW,NO,Usual screw is non-sterile REF-only,SCREW,,
00-00002373,BO.145.12.90.T,BOM.ECO CAGE DIA. 12mm length 90mm,BOMBAY,Հատ,հատ,REF_ONLY,MEDIUM,NO,No sterile indicators matched,,,
00-00002374,BO.145.14.90.T,BOM.ECO CAGE DIA. 14mm length 90mm,BOMBAY,Հատ,հատ,REF_ONLY,MEDIUM,NO,No sterile indicators matched,,,
00-00002375,8501.12.100,Mesh Cage 12*100,Gather,Հատ,հատ,REF_ONLY,MEDIUM,NO,No sterile indicators matched,,,
00-00002376,8501.14.100,Mesh Cage 14*100,Gather,Հատ,հատ,REF_ONLY,MEDIUM,NO,No sterile indicators matched,,,
00-00002377,8501.12.90,Mesh Cage 12*90,Gather,Հատ,հատ,REF_ONLY,MEDIUM,NO,No sterile indicators matched,,,
00-00002378,BOI.139.130.03.S,"BOMBAY, DHS plate 130degree, 3 hole, S.S.,",Plates,Հատ,հատ,REF_ONLY,LOW,NO,All plates are non-sterile REF-only,PLATE,,
00-00002379,BOI.141.04.S,"BOMBAY, DCS plate 95degree, 4 hole, S.S",Plates,Հատ,հատ,REF_ONLY,LOW,NO,All plates are non-sterile REF-only,PLATE,,
00-00002380,BOI.205.08.S,"BOMBAY, Straight Pelvic Reconstruction plate 3.5mm 8 hole, S.S",Plates,Հատ,հատ,REF_ONLY,LOW,NO,All plates are non-sterile REF-only,PLATE,,
00-00002381,BOI.205.10.S,"BOMBAY, Straight Pelvic Reconstruction plate 3.5mm 10 hole, S.S",Plates,Հատ,հատ,REF_ONLY,LOW,NO,All plates are non-sterile REF-only,PLATE,,
00-00002382,BOI.206.20.S,"BOMBAY, Straight Pelvic Reconstruction plate 3.5mm 20 hole, S.S",Plates,Հատ,հատ,REF_ONLY,LOW,NO,All plates are non-sterile REF-only,PLATE,,
00-00002383,BO.06.710.25.S,"BOMBAY, CAP FOR (SY) FEMUR NAIL",Femoral nail,Հատ,հատ,REF_ONLY,LOW,NO,All nails are non-sterile REF-only,NAIL,,
00-00002384,BO.06.710.25.T,"BOMBAY, TI CAP FOR (SY) FEMUR NAIL",Femoral nail,Հատ,հատ,REF_ONLY,LOW,NO,All nails are non-sterile REF-only,NAIL,,
00-00002385,BOI.217.5.0.T,"BOMBAY, TI ANCHOR SUTURE DIA. 5.0MM",BOMBAY,Հատ,հատ,REF_ONLY,MEDIUM,NO,No sterile indicators matched,,,
00-00002386,BOI.01.217.5.0.T,"BOMBAY, TI ANCHOR SUTURE WITH LOOP DIA. 5.0MM",BOMBAY,Ժամկետով ապրանքներ,հատ,BATCH_EXPIRY,MEDIUM,NO,1C item_type says expiry-controlled and no non-sterile override matched,EXPIRY_ITEM_TYPE,,
00-00002387,BO.168.56.S,"Locking screw 3.5mm,56mm S.S.",Screws,Հատ,հատ,REF_ONLY,LOW,NO,Usual screw is non-sterile REF-only,SCREW,,
00-00002388,BOI.216.13.T,"BOMBAY, TI WASHER FOR CANCELLOUS SCREW DIA. 13MM",BOMBAY,Հատ,հատ,REF_ONLY,LOW,NO,Usual screw is non-sterile REF-only,SCREW,,
00-00002389,BOI.216.07.T,"BOMBAY, WASHER FOR CANCELLOUS SCREW DIA. 7.0MM",BOMBAY,Հատ,հատ,REF_ONLY,LOW,NO,Usual screw is non-sterile REF-only,SCREW,,
00-00002390,BO.0201.12.I,"BOMBAY, 3.5MM DEPTH GAUGE",BOMBAY,Հատ,հատ,REF_ONLY,MEDIUM,NO,No sterile indicators matched,,,
00-00002391,BO.0201.13.I,"BOMBAY, 4.5MM DEPTH GAUGE",BOMBAY,Հատ,հատ,REF_ONLY,MEDIUM,NO,No sterile indicators matched,,,
00-00002392,BOI.103.16.T,"Cortex screw 3.5mm,16mm Ti",Screws,Հատ,հատ,REF_ONLY,LOW,NO,Usual screw is non-sterile REF-only,SCREW,,
00-00002393,BOI.216.07.S,"BOMBAY, WASHER FOR CANCELLOUS SCREW DIA. 7.0MM S.S",BOMBAY,Հատ,հատ,REF_ONLY,LOW,NO,Usual screw is non-sterile REF-only,SCREW,,
00-00002394,BOI.216.13.S,"BOMBAY,  WASHER FOR CANCELLOUS SCREW DIA. 13MM",BOMBAY,Հատ,հատ,REF_ONLY,LOW,NO,Usual screw is non-sterile REF-only,SCREW,,
00-00002396,RES0812101J15L,RENOVA SPINE™ KYPHOPLASTY KIT 8G CLASSIC,BPB,Ժամկետով ապրանքներ,հատ,REF_ONLY,HIGH,YES,Set/kit/instrument/tool is non-sterile; verify because item also looks expiry/sterile,NON_STERILE_TOOLING,,
00-00002397,KRVT1112200CBP-A,VERTEBROPLASTIC™ 11G X 12CM BEVEL STERILE DM1-1330102,BPB,Ժամկետով ապրանքներ,հատ,BATCH_EXPIRY,MEDIUM,NO,1C item_type says expiry-controlled and no non-sterile override matched,EXPIRY_ITEM_TYPE,,
00-00002400,M30230A.6H.S,"ZMD, Straight Bone Plate for Metacarpal 6 Holes",Metacarpal,Հատ,հատ,REF_ONLY,LOW,NO,All plates are non-sterile REF-only,PLATE,,
00-00002401,M30231A.4H.S,"ZMD, T-Plate for Metacarpal 4 holes",Metacarpal,Հատ,հատ,REF_ONLY,LOW,NO,All plates are non-sterile REF-only,PLATE,,
00-00002402,M30231A.5H.S,"ZMD, T-Plate for Metacarpal 5 holes",Metacarpal,Հատ,հատ,REF_ONLY,LOW,NO,All plates are non-sterile REF-only,PLATE,,
00-00002407,8213.0804,Straight Locking Plate  2.0mm Phalanx Locking plate 4 Holes,ZMD Plates,Հատ,հատ,REF_ONLY,LOW,NO,All plates are non-sterile REF-only,PLATE,,
00-00002408,8213.0805,Straight Locking Plate  2.0mm Phalanx Locking plate 5 Holes,ZMD Plates,Հատ,հատ,REF_ONLY,LOW,NO,All plates are non-sterile REF-only,PLATE,,
00-00002409,8213.0806,Straight Locking Plate  2.0mm Phalanx Locking plate 6 Holes,ZMD Plates,Հատ,հատ,REF_ONLY,LOW,NO,All plates are non-sterile REF-only,PLATE,,
00-00002412,8213.1005,T Locking Plate (2 Holes) 2.0mm Phalanx Locking plate 5 Holes,ZMD Plates,Հատ,հատ,REF_ONLY,LOW,NO,All plates are non-sterile REF-only,PLATE,,
00-00002413,8213.1006,T Locking Plate (2 Holes) 2.0mm Phalanx Locking plate 6 Holes,ZMD Plates,Հատ,հատ,REF_ONLY,LOW,NO,All plates are non-sterile REF-only,PLATE,,
00-00002414,8213.1007,T Locking Plate (2 Holes) 2.0mm Phalanx Locking plate 7 Holes,ZMD Plates,Հատ,հատ,REF_ONLY,LOW,NO,All plates are non-sterile REF-only,PLATE,,
00-00002415,8213.1008,T Locking Plate (2 Holes) 2.0mm Phalanx Locking plate 8 Holes,ZMD Plates,Հատ,հատ,REF_ONLY,LOW,NO,All plates are non-sterile REF-only,PLATE,,
00-00002405,20311.R.3H.T,L Locking Plate 2.7mm Phalanx Locking plate Right 3 Holes,ZMD Plates,Հատ,հատ,REF_ONLY,LOW,NO,All plates are non-sterile REF-only,PLATE,,
00-00002406,20311.R.4H.T,L Locking Plate 2.7mm Phalanx Locking plate Right 4 Holes,ZMD Plates,Հատ,հատ,REF_ONLY,LOW,NO,All plates are non-sterile REF-only,PLATE,,
00-00002403,20311.L.3H.T,L Locking Plate 2.7mm Phalanx Locking plate Left 3 Holes,ZMD Plates,Հատ,հատ,REF_ONLY,LOW,NO,All plates are non-sterile REF-only,PLATE,,
00-00002404,20311.L.4H.T,L Locking Plate 2.7mm Phalanx Locking plate Left 4 Holes,ZMD Plates,Հատ,հատ,REF_ONLY,LOW,NO,All plates are non-sterile REF-only,PLATE,,
00-00002411,8213.1405,Straight Locking Plate 2.4mm 5 Holes,ZMD Plates,Հատ,հատ,REF_ONLY,LOW,NO,All plates are non-sterile REF-only,PLATE,,
00-00002410,8213.1406,Straight Locking Plate 2.4mm 6 Holes,ZMD Plates,Հատ,հատ,REF_ONLY,LOW,NO,All plates are non-sterile REF-only,PLATE,,
00-00002416,8213.1603,T Locking Plate (2 Holes) 2.4mm 3 Holes,ZMD Plates,Հատ,հատ,REF_ONLY,LOW,NO,All plates are non-sterile REF-only,PLATE,,
00-00002417,8213.1605,T Locking Plate (2 Holes) 2.4mm 5 Holes,ZMD Plates,Հատ,հատ,REF_ONLY,LOW,NO,All plates are non-sterile REF-only,PLATE,,
00-00002418,8213.1607,T Locking Plate (2 Holes) 2.4mm 7 Holes,ZMD Plates,Հատ,հատ,REF_ONLY,LOW,NO,All plates are non-sterile REF-only,PLATE,,
00-00002419,1204.2412,Cortex screw 2.4*12mm T,ZMD Screws,Հատ,հատ,REF_ONLY,LOW,NO,Usual screw is non-sterile REF-only,SCREW,,
00-00002420,1204.2414,Cortex screw 2.4*14mm T,ZMD Screws,Հատ,հատ,REF_ONLY,LOW,NO,Usual screw is non-sterile REF-only,SCREW,,
00-00002421,1204.2416,Cortex screw 2.4*16mm T,ZMD Screws,Հատ,հատ,REF_ONLY,LOW,NO,Usual screw is non-sterile REF-only,SCREW,,
00-00002422,1204.2418,Cortex screw 2.4*18mm,ZMD Screws,Հատ,հատ,REF_ONLY,LOW,NO,Usual screw is non-sterile REF-only,SCREW,,
00-00002423,1204.2420,Cortex screw 2.4*20mm,ZMD Screws,Հատ,հատ,REF_ONLY,LOW,NO,Usual screw is non-sterile REF-only,SCREW,,
00-00002700,2204.2412,Locking Screw 2.4*12mm,ZMD Screws,Հատ,հատ,REF_ONLY,LOW,NO,Usual screw is non-sterile REF-only,SCREW,,
00-00002424,2204.2414,Locking Screw 2.4*14mm,ZMD Screws,Հատ,հատ,REF_ONLY,LOW,NO,Usual screw is non-sterile REF-only,SCREW,,
00-00002425,2204.2416,Locking Screw 2.4*16mm,ZMD Screws,Հատ,հատ,REF_ONLY,LOW,NO,Usual screw is non-sterile REF-only,SCREW,,
00-00002426,2204.2418,Locking Screw 2.4*18mm,ZMD Screws,Հատ,հատ,REF_ONLY,LOW,NO,Usual screw is non-sterile REF-only,SCREW,,
00-00002427,2204.2420,Locking Screw 2.4*20mm,ZMD Screws,Հատ,հատ,REF_ONLY,LOW,NO,Usual screw is non-sterile REF-only,SCREW,,
00-00002461,3245452610,"Laminoplasty Plate, T-shaped, narrow mouth  10mm",Boneunion,Հատ,հատ,REF_ONLY,LOW,NO,All plates are non-sterile REF-only,PLATE,,
00-00002430,3246702606,"2.6mm Cortex Screw for Laminoplasty Plate, torxdrive, self-drilling  8mm",Boneunion,Հատ,հատ,REF_ONLY,LOW,NO,All plates are non-sterile REF-only,PLATE,,
00-00002463,3010290003,"Pediatric Hip Locking Plate 3.5, 110 (Small) 3 holes",Boneunion,Հատ,հատ,REF_ONLY,LOW,NO,All plates are non-sterile REF-only,PLATE,,
00-00002462,3010300003,"Pediatric Hip Locking Plate 3.5, 110 (Large)  3 holes",Boneunion,Հատ,հատ,REF_ONLY,LOW,NO,All plates are non-sterile REF-only,PLATE,,
00-00002464,3010310003,"Pediatric Hip Locking Plate 3.5, 120 3 holes",Boneunion,Հատ,հատ,REF_ONLY,LOW,NO,All plates are non-sterile REF-only,PLATE,,
00-00002434,3070090010,"3.5mm Locking Screw, torxdrive, self-tapping 14mm",Boneunion,Հատ,հատ,REF_ONLY,LOW,NO,Usual screw is non-sterile REF-only,SCREW,,
00-00002429,3070090052,"3.5mm Locking Screw, torxdrive, self-tapping 52mm",Boneunion,Հատ,հատ,REF_ONLY,LOW,NO,Usual screw is non-sterile REF-only,SCREW,,
00-00002475,4800100500,"Sleeve for 3,5mm locking screws Double Drill Guide, 2.5/3.5",Boneunion,Հատ,հատ,REF_ONLY,LOW,NO,Set/kit/instrument/tool is non-sterile,NON_STERILE_TOOLING,,
00-00002474,4950403000,"Screwdriver, torxdrive, T15 Screwdriver, torxdrive, T15",Boneunion,Հատ,հատ,REF_ONLY,LOW,NO,Set/kit/instrument/tool is non-sterile,NON_STERILE_TOOLING,,
00-00002431,3070080020,"2.7mm Locking Screw, torxdrive, self-tapping, 20mm",Boneunion,Հատ,հատ,REF_ONLY,LOW,NO,Usual screw is non-sterile REF-only,SCREW,,
00-00002432,3070080035,"2.7mm Locking Screw, torxdrive, self-tapping, 35mm",Boneunion,Հատ,հատ,REF_ONLY,LOW,NO,Usual screw is non-sterile REF-only,SCREW,,
00-00002433,3070080040,"2.7mm Locking Screw, torxdrive, self-tapping, 40mm",Boneunion,Հատ,հատ,REF_ONLY,LOW,NO,Usual screw is non-sterile REF-only,SCREW,,
00-00002465,3010460003,Proximal Humeral Locking Plate 3holes,Boneunion,Հատ,հատ,REF_ONLY,LOW,NO,All plates are non-sterile REF-only,PLATE,,
00-00002454,3010261005,Distal Lateral Tibial Locking Plate LEFT 5holes,Boneunion,Հատ,հատ,REF_ONLY,LOW,NO,All plates are non-sterile REF-only,PLATE,,
00-00002455,3010261007,Distal Lateral Tibial Locking Plate LEFT 7holes,Boneunion,Հատ,հատ,REF_ONLY,LOW,NO,All plates are non-sterile REF-only,PLATE,,
00-00002456,3010261009,Distal Lateral Tibial Locking Plate LEFT 9holes,Boneunion,Հատ,հատ,REF_ONLY,LOW,NO,All plates are non-sterile REF-only,PLATE,,
00-00002453,3010261011,Distal Lateral Tibial Locking Plate LEFT 11holes,Boneunion,Հատ,հատ,REF_ONLY,LOW,NO,All plates are non-sterile REF-only,PLATE,,
00-00002468,3010051004,Proximal Medial Tibial T-Locking Plate 4 H Left,Boneunion,Հատ,հատ,REF_ONLY,LOW,NO,All plates are non-sterile REF-only,PLATE,,
00-00002470,3010051006,Proximal Medial Tibial T-Locking Plate 6 H Left,Boneunion,Հատ,հատ,REF_ONLY,LOW,NO,All plates are non-sterile REF-only,PLATE,,
00-00002472,3010051008,Proximal Medial Tibial T-Locking Plate 8 H Left,Boneunion,Հատ,հատ,REF_ONLY,LOW,NO,All plates are non-sterile REF-only,PLATE,,
00-00002466,3010051010,Proximal Medial Tibial T-Locking Plate 10 H Left,Boneunion,Հատ,հատ,REF_ONLY,LOW,NO,All plates are non-sterile REF-only,PLATE,,
00-00002469,3010052004,Proximal Medial Tibial T-Locking Plate 4 H Right,Boneunion,Հատ,հատ,REF_ONLY,LOW,NO,All plates are non-sterile REF-only,PLATE,,
00-00002471,3010052006,Proximal Medial Tibial T-Locking Plate 6 H Right,Boneunion,Հատ,հատ,REF_ONLY,LOW,NO,All plates are non-sterile REF-only,PLATE,,
00-00002473,3010052008,Proximal Medial Tibial T-Locking Plate 8 H Right,Boneunion,Հատ,հատ,REF_ONLY,LOW,NO,All plates are non-sterile REF-only,PLATE,,
00-00002467,3010052010,Proximal Medial Tibial T-Locking Plate 10 H Right,Boneunion,Հատ,հատ,REF_ONLY,LOW,NO,All plates are non-sterile REF-only,PLATE,,
00-00002498,3081440720,Tarsal Sinus Screw 7mm,Boneunion,Հատ,հատ,REF_ONLY,LOW,NO,Usual screw is non-sterile REF-only,SCREW,,
00-00002499,3081440821,Tarsal Sinus Screw 8mm,Boneunion,Հատ,հատ,REF_ONLY,LOW,NO,Usual screw is non-sterile REF-only,SCREW,,
00-00002500,3081450920,Tarsal Sinus Screw 9mm,Boneunion,Հատ,հատ,REF_ONLY,LOW,NO,Usual screw is non-sterile REF-only,SCREW,,
00-00002497,3081451021,Tarsal Sinus Screw 10mm,Boneunion,Հատ,հատ,REF_ONLY,LOW,NO,Usual screw is non-sterile REF-only,SCREW,,
00-00002496,4803200001,Suprapatellar Tibial Nail Instrument Set,Boneunion,Հատ,հատ,REF_ONLY,LOW,NO,Set/kit/instrument/tool is non-sterile,NON_STERILE_TOOLING,,
00-00002483,3050500260,Suprapatellar Tibial Nail 8*260mm,Boneunion,Հատ,հատ,REF_ONLY,LOW,NO,All nails are non-sterile REF-only,NAIL,,
00-00002484,3050500280,Suprapatellar Tibial Nail 8*280mm,Boneunion,Հատ,հատ,REF_ONLY,LOW,NO,All nails are non-sterile REF-only,NAIL,,
00-00002485,3050500300,Suprapatellar Tibial Nail 8*300mm,Boneunion,Հատ,հատ,REF_ONLY,LOW,NO,All nails are non-sterile REF-only,NAIL,,
00-00002486,3050500320,Suprapatellar Tibial Nail 8*320mm,Boneunion,Հատ,հատ,REF_ONLY,LOW,NO,All nails are non-sterile REF-only,NAIL,,
00-00002487,3050500340,Suprapatellar Tibial Nail 8*340mm,Boneunion,Հատ,հատ,REF_ONLY,LOW,NO,All nails are non-sterile REF-only,NAIL,,
00-00002488,3050500360,Suprapatellar Tibial Nail 8*360mm,Boneunion,Հատ,հատ,REF_ONLY,LOW,NO,All nails are non-sterile REF-only,NAIL,,
00-00002489,3050510240,Suprapatellar Tibial Nail 9*240mm,Boneunion,Հատ,հատ,REF_ONLY,LOW,NO,All nails are non-sterile REF-only,NAIL,,
00-00002490,3050510260,Suprapatellar Tibial Nail 9*260mm,Boneunion,Հատ,հատ,REF_ONLY,LOW,NO,All nails are non-sterile REF-only,NAIL,,
00-00002491,3050510280,Suprapatellar Tibial Nail 9*280mm,Boneunion,Հատ,հատ,REF_ONLY,LOW,NO,All nails are non-sterile REF-only,NAIL,,
00-00002492,3050510300,Suprapatellar Tibial Nail 9*300mm,Boneunion,Հատ,հատ,REF_ONLY,LOW,NO,All nails are non-sterile REF-only,NAIL,,
00-00002493,3050510320,Suprapatellar Tibial Nail 9*320mm,Boneunion,Հատ,հատ,REF_ONLY,LOW,NO,All nails are non-sterile REF-only,NAIL,,
00-00002494,3050510340,Suprapatellar Tibial Nail 9*340mm,Boneunion,Հատ,հատ,REF_ONLY,LOW,NO,All nails are non-sterile REF-only,NAIL,,
00-00002495,3050510360,Suprapatellar Tibial Nail 9*360mm,Boneunion,Հատ,հատ,REF_ONLY,LOW,NO,All nails are non-sterile REF-only,NAIL,,
00-00002476,3050520240,Suprapatellar Tibial Nail 10*240mm,Boneunion,Հատ,հատ,REF_ONLY,LOW,NO,All nails are non-sterile REF-only,NAIL,,
00-00002477,3050520260,Suprapatellar Tibial Nail 10*260mm,Boneunion,Հատ,հատ,REF_ONLY,LOW,NO,All nails are non-sterile REF-only,NAIL,,
00-00002478,3050520280,Suprapatellar Tibial Nail 10*280mm,Boneunion,Հատ,հատ,REF_ONLY,LOW,NO,All nails are non-sterile REF-only,NAIL,,
00-00002479,3050520300,Suprapatellar Tibial Nail 10*300mm,Boneunion,Հատ,հատ,REF_ONLY,LOW,NO,All nails are non-sterile REF-only,NAIL,,
00-00002480,3050520320,Suprapatellar Tibial Nail 10*320mm,Boneunion,Հատ,հատ,REF_ONLY,LOW,NO,All nails are non-sterile REF-only,NAIL,,
00-00002481,3050520340,Suprapatellar Tibial Nail 10*340mm,Boneunion,Հատ,հատ,REF_ONLY,LOW,NO,All nails are non-sterile REF-only,NAIL,,
00-00002482,3050520360,Suprapatellar Tibial Nail 10*360mm,Boneunion,Հատ,հատ,REF_ONLY,LOW,NO,All nails are non-sterile REF-only,NAIL,,
00-00002443,3050550034,"5.0mm Locking Screw for Suprapatellar Tibial Nail 5,0x34",Boneunion,Հատ,հատ,REF_ONLY,LOW,NO,All nails are non-sterile REF-only,NAIL,,
00-00002444,3050550038,"5.0mm Locking Screw for Suprapatellar Tibial Nail 5,0x38",Boneunion,Հատ,հատ,REF_ONLY,LOW,NO,All nails are non-sterile REF-only,NAIL,,
00-00002445,3050550042,"5.0mm Locking Screw for Suprapatellar Tibial Nail 5,0x42",Boneunion,Հատ,հատ,REF_ONLY,LOW,NO,All nails are non-sterile REF-only,NAIL,,
00-00002446,3050550046,"5.0mm Locking Screw for Suprapatellar Tibial Nail 5,0x46",Boneunion,Հատ,հատ,REF_ONLY,LOW,NO,All nails are non-sterile REF-only,NAIL,,
00-00002447,3050550050,"5.0mm Locking Screw for Suprapatellar Tibial Nail 5,0x50",Boneunion,Հատ,հատ,REF_ONLY,LOW,NO,All nails are non-sterile REF-only,NAIL,,
00-00002448,3050550054,"5.0mm Locking Screw for Suprapatellar Tibial Nail 5,0x54",Boneunion,Հատ,հատ,REF_ONLY,LOW,NO,All nails are non-sterile REF-only,NAIL,,
00-00002449,3050550058,"5.0mm Locking Screw for Suprapatellar Tibial Nail 5,0x58",Boneunion,Հատ,հատ,REF_ONLY,LOW,NO,All nails are non-sterile REF-only,NAIL,,
00-00002450,3050550062,"5.0mm Locking Screw for Suprapatellar Tibial Nail 5,0x62",Boneunion,Հատ,հատ,REF_ONLY,LOW,NO,All nails are non-sterile REF-only,NAIL,,
00-00002451,3050550068,"5.0mm Locking Screw for Suprapatellar Tibial Nail 5,0x68",Boneunion,Հատ,հատ,REF_ONLY,LOW,NO,All nails are non-sterile REF-only,NAIL,,
00-00002452,3050550072,"5.0mm Locking Screw for Suprapatellar Tibial Nail 5,0x72",Boneunion,Հատ,հատ,REF_ONLY,LOW,NO,All nails are non-sterile REF-only,NAIL,,
00-00002435,3050540032,"4.5mm Locking Screw for Suprapatellar Tibial Nail 4,5x32",Boneunion,Հատ,հատ,REF_ONLY,LOW,NO,All nails are non-sterile REF-only,NAIL,,
00-00002436,3050540036,"4.5mm Locking Screw for Suprapatellar Tibial Nail 4,5x36",Boneunion,Հատ,հատ,REF_ONLY,LOW,NO,All nails are non-sterile REF-only,NAIL,,
00-00002437,3050540040,"4.5mm Locking Screw for Suprapatellar Tibial Nail 4,5x40",Boneunion,Հատ,հատ,REF_ONLY,LOW,NO,All nails are non-sterile REF-only,NAIL,,
00-00002438,3050540044,"4.5mm Locking Screw for Suprapatellar Tibial Nail 4,5x44",Boneunion,Հատ,հատ,REF_ONLY,LOW,NO,All nails are non-sterile REF-only,NAIL,,
00-00002439,3050540048,"4.5mm Locking Screw for Suprapatellar Tibial Nail 4,5x48",Boneunion,Հատ,հատ,REF_ONLY,LOW,NO,All nails are non-sterile REF-only,NAIL,,
00-00002440,3050540052,"4.5mm Locking Screw for Suprapatellar Tibial Nail 4,5x52",Boneunion,Հատ,հատ,REF_ONLY,LOW,NO,All nails are non-sterile REF-only,NAIL,,
00-00002441,3050540054,"4.5mm Locking Screw for Suprapatellar Tibial Nail 4,5x54",Boneunion,Հատ,հատ,REF_ONLY,LOW,NO,All nails are non-sterile REF-only,NAIL,,
00-00002442,3050540058,"4.5mm Locking Screw for Suprapatellar Tibial Nail 4,5x58",Boneunion,Հատ,հատ,REF_ONLY,LOW,NO,All nails are non-sterile REF-only,NAIL,,
00-00002457,3050560000,End Cap for Suprapatellar Tibial Nail 0mm,Boneunion,Հատ,հատ,REF_ONLY,LOW,NO,All nails are non-sterile REF-only,NAIL,,
00-00002460,3050560005,End Cap for Suprapatellar Tibial Nail 5mm,Boneunion,Հատ,հատ,REF_ONLY,LOW,NO,All nails are non-sterile REF-only,NAIL,,
00-00002458,3050560010,End Cap for Suprapatellar Tibial Nail 10mm,Boneunion,Հատ,հատ,REF_ONLY,LOW,NO,All nails are non-sterile REF-only,NAIL,,
00-00002459,3050560015,End Cap for Suprapatellar Tibial Nail 15mm,Boneunion,Հատ,հատ,REF_ONLY,LOW,NO,All nails are non-sterile REF-only,NAIL,,
00-00002501,3010262007,Distal Lateral Tibial Locking Plate RIGHT 7holes,Boneunion,Հատ,հատ,REF_ONLY,LOW,NO,All plates are non-sterile REF-only,PLATE,,
00-00002502,3010262005,Distal Lateral Tibial Locking Plate RIGHT 5holes,Boneunion,Հատ,հատ,REF_ONLY,LOW,NO,All plates are non-sterile REF-only,PLATE,,
00-00002503,3010262009,Distal Lateral Tibial Locking Plate RIGHT 9holes,Boneunion,Հատ,հատ,REF_ONLY,LOW,NO,All plates are non-sterile REF-only,PLATE,,
00-00002504,3010262011,Distal Lateral Tibial Locking Plate RIGHT 11holes,Boneunion,Հատ,հատ,REF_ONLY,LOW,NO,All plates are non-sterile REF-only,PLATE,,
00-00002505,3010512060,"FA Calcaneal Locking Plate, small,right",Boneunion,Հատ,հատ,REF_ONLY,LOW,NO,All plates are non-sterile REF-only,PLATE,,
00-00002506,3010532072,"FA Calcaneal Locking Plate, large,right",Boneunion,Հատ,հատ,REF_ONLY,LOW,NO,All plates are non-sterile REF-only,PLATE,,
00-00002507,3010621059.L,"FA MIS Calcaneal Locking Plate, medium,left",Boneunion,Հատ,հատ,REF_ONLY,LOW,NO,All plates are non-sterile REF-only,PLATE,,
00-00002508,3010531072,"FA Calcaneal Locking Plate, large,left",Boneunion,Հատ,հատ,REF_ONLY,LOW,NO,All plates are non-sterile REF-only,PLATE,,
00-00002509,3010622059,"FA Calcaneal Locking Plate, medium,right",Boneunion,Հատ,հատ,REF_ONLY,LOW,NO,All plates are non-sterile REF-only,PLATE,,
00-00002510,3010511060,"FA Calcaneal Locking Plate, small,left",Boneunion,Հատ,հատ,REF_ONLY,LOW,NO,All plates are non-sterile REF-only,PLATE,,
00-00002554,3146-60400,Screw - 6/40,Chunli Hip,Ժամկետով ապրանքներ,հատ,BATCH_EXPIRY,LOW,NO,Chunli/Permedica/Just screw requires expiry,SCREW;STERILE_SCREW_BRAND,,
00-00002555,3514-02080,Femoral Stem-BC4 8,Chunli Hip,Ժամկետով ապրանքներ,հատ,BATCH_EXPIRY,MEDIUM,NO,1C item_type says expiry-controlled and no non-sterile override matched,EXPIRY_ITEM_TYPE,,
00-00002556,3514-02090,Femoral Stem-BC4 9,Chunli Hip,Ժամկետով ապրանքներ,հատ,BATCH_EXPIRY,MEDIUM,NO,1C item_type says expiry-controlled and no non-sterile override matched,EXPIRY_ITEM_TYPE,,
00-00002557,3514-02110,Femoral Stem-BC4 11,Chunli Hip,Ժամկետով ապրանքներ,հատ,BATCH_EXPIRY,MEDIUM,NO,1C item_type says expiry-controlled and no non-sterile override matched,EXPIRY_ITEM_TYPE,,
00-00002558,3514-02120,Femoral Stem-BC4 12,Chunli Hip,Ժամկետով ապրանքներ,հատ,BATCH_EXPIRY,MEDIUM,NO,1C item_type says expiry-controlled and no non-sterile override matched,EXPIRY_ITEM_TYPE,,
00-00002559,3514-02130,Femoral Stem-BC4 13,Chunli Hip,Ժամկետով ապրանքներ,հատ,BATCH_EXPIRY,MEDIUM,NO,1C item_type says expiry-controlled and no non-sterile override matched,EXPIRY_ITEM_TYPE,,
00-00002560,3205-10044,WAGNER Femoral Stem-130 - 205mm 10,Chunli Hip,Ժամկետով ապրանքներ,հատ,BATCH_EXPIRY,MEDIUM,NO,1C item_type says expiry-controlled and no non-sterile override matched,EXPIRY_ITEM_TYPE,,
00-00002561,3205-11044,WAGNER Femoral Stem-130 - 205mm 11,Chunli Hip,Ժամկետով ապրանքներ,հատ,BATCH_EXPIRY,MEDIUM,NO,1C item_type says expiry-controlled and no non-sterile override matched,EXPIRY_ITEM_TYPE,,
00-00002562,3205-12044,WAGNER Femoral Stem-130 - 205mm 12,Chunli Hip,Ժամկետով ապրանքներ,հատ,BATCH_EXPIRY,MEDIUM,NO,1C item_type says expiry-controlled and no non-sterile override matched,EXPIRY_ITEM_TYPE,,
00-00002563,3205-13044,WAGNER Femoral Stem-130 - 205mm 13,Chunli Hip,Ժամկետով ապրանքներ,հատ,BATCH_EXPIRY,MEDIUM,NO,1C item_type says expiry-controlled and no non-sterile override matched,EXPIRY_ITEM_TYPE,,
00-00002564,3205-14044,WAGNER Femoral Stem-130 -205mm 14,Chunli Hip,Ժամկետով ապրանքներ,հատ,BATCH_EXPIRY,MEDIUM,NO,1C item_type says expiry-controlled and no non-sterile override matched,EXPIRY_ITEM_TYPE,,
00-00002565,3205-15044,WAGNER Femoral Stem-130-205mm 15,Chunli Hip,Ժամկետով ապրանքներ,հատ,BATCH_EXPIRY,MEDIUM,NO,1C item_type says expiry-controlled and no non-sterile override matched,EXPIRY_ITEM_TYPE,,
00-00002566,3205-16044,WAGNER Femoral Stem-130-205mm 16,Chunli Hip,Ժամկետով ապրանքներ,հատ,BATCH_EXPIRY,MEDIUM,NO,1C item_type says expiry-controlled and no non-sterile override matched,EXPIRY_ITEM_TYPE,,
00-00002567,3250-10044,WAGNER Femoral Stem-130-250mm 10,Chunli Hip,Ժամկետով ապրանքներ,հատ,BATCH_EXPIRY,MEDIUM,NO,1C item_type says expiry-controlled and no non-sterile override matched,EXPIRY_ITEM_TYPE,,
00-00002568,3250-11044,WAGNER Femoral Stem-130-250mm 11,Chunli Hip,Ժամկետով ապրանքներ,հատ,BATCH_EXPIRY,MEDIUM,NO,1C item_type says expiry-controlled and no non-sterile override matched,EXPIRY_ITEM_TYPE,,
00-00002569,3250-12044,WAGNER Femoral Stem-130-250mm 12,Chunli Hip,Ժամկետով ապրանքներ,հատ,BATCH_EXPIRY,MEDIUM,NO,1C item_type says expiry-controlled and no non-sterile override matched,EXPIRY_ITEM_TYPE,,
00-00002570,3250-13044,WAGNER Femoral Stem-130-250mm 13,Chunli Hip,Ժամկետով ապրանքներ,հատ,BATCH_EXPIRY,MEDIUM,NO,1C item_type says expiry-controlled and no non-sterile override matched,EXPIRY_ITEM_TYPE,,
00-00002571,3250-14044,WAGNER Femoral Stem-130-250mm 14,Chunli Hip,Ժամկետով ապրանքներ,հատ,BATCH_EXPIRY,MEDIUM,NO,1C item_type says expiry-controlled and no non-sterile override matched,EXPIRY_ITEM_TYPE,,
00-00002572,3250-15044,WAGNER Femoral Stem-130-250mm 15,Chunli Hip,Ժամկետով ապրանքներ,հատ,BATCH_EXPIRY,MEDIUM,NO,1C item_type says expiry-controlled and no non-sterile override matched,EXPIRY_ITEM_TYPE,,
00-00002573,3250-16044,WAGNER Femoral Stem-130-250mm 16,Chunli Hip,Ժամկետով ապրանքներ,հատ,BATCH_EXPIRY,MEDIUM,NO,1C item_type says expiry-controlled and no non-sterile override matched,EXPIRY_ITEM_TYPE,,
00-00002574,3210-10220,Femoral Head-T 22/0,Chunli Hip,Ժամկետով ապրանքներ,հատ,BATCH_EXPIRY,MEDIUM,NO,1C item_type says expiry-controlled and no non-sterile override matched,EXPIRY_ITEM_TYPE,,
00-00002575,3210-13220,Femoral Head-T - 22/3,Chunli Hip,Ժամկետով ապրանքներ,հատ,BATCH_EXPIRY,MEDIUM,NO,1C item_type says expiry-controlled and no non-sterile override matched,EXPIRY_ITEM_TYPE,,
00-00002576,3210-16220,Femoral Head-T 22/6,Chunli Hip,Ժամկետով ապրանքներ,հատ,BATCH_EXPIRY,MEDIUM,NO,1C item_type says expiry-controlled and no non-sterile override matched,EXPIRY_ITEM_TYPE,,
00-00002577,3154-05480,64 Cup 48,Chunli Hip,Ժամկետով ապրանքներ,հատ,BATCH_EXPIRY,MEDIUM,NO,1C item_type says expiry-controlled and no non-sterile override matched,EXPIRY_ITEM_TYPE,,
00-00002578,3154-05500,64 Cup 50,Chunli Hip,Ժամկետով ապրանքներ,հատ,BATCH_EXPIRY,MEDIUM,NO,1C item_type says expiry-controlled and no non-sterile override matched,EXPIRY_ITEM_TYPE,,
00-00002579,3154-05520,64 Cup 52,Chunli Hip,Ժամկետով ապրանքներ,հատ,BATCH_EXPIRY,MEDIUM,NO,1C item_type says expiry-controlled and no non-sterile override matched,EXPIRY_ITEM_TYPE,,
00-00002580,3154-05540,64 Cup 54,Chunli Hip,Ժամկետով ապրանքներ,հատ,BATCH_EXPIRY,MEDIUM,NO,1C item_type says expiry-controlled and no non-sterile override matched,EXPIRY_ITEM_TYPE,,
00-00002581,3154-05560,64 Cup 56,Chunli Hip,Ժամկետով ապրանքներ,հատ,BATCH_EXPIRY,MEDIUM,NO,1C item_type says expiry-controlled and no non-sterile override matched,EXPIRY_ITEM_TYPE,,
00-00002582,3154-05580,64 Cup 58,Chunli Hip,Ժամկետով ապրանքներ,հատ,BATCH_EXPIRY,MEDIUM,NO,1C item_type says expiry-controlled and no non-sterile override matched,EXPIRY_ITEM_TYPE,,
00-00002583,3154-05600,64 Cup 60,Chunli Hip,Ժամկետով ապրանքներ,հատ,BATCH_EXPIRY,MEDIUM,NO,1C item_type says expiry-controlled and no non-sterile override matched,EXPIRY_ITEM_TYPE,,
00-00002584,3154-05620,64 Cup 62,Chunli Hip,Ժամկետով ապրանքներ,հատ,BATCH_EXPIRY,MEDIUM,NO,1C item_type says expiry-controlled and no non-sterile override matched,EXPIRY_ITEM_TYPE,,
00-00002585,3154-22481,64 Liner 48 (working with cup size of 48),Chunli Hip,Ժամկետով ապրանքներ,հատ,BATCH_EXPIRY,MEDIUM,NO,1C item_type says expiry-controlled and no non-sterile override matched,EXPIRY_ITEM_TYPE,,
00-00002586,3154-22501,"64 Liner 50 (working with cup size of 50,52)",Chunli Hip,Ժամկետով ապրանքներ,հատ,BATCH_EXPIRY,MEDIUM,NO,1C item_type says expiry-controlled and no non-sterile override matched,EXPIRY_ITEM_TYPE,,
00-00002587,3154-22541,"64 Liner 54 (working with cup size of 54,56)",Chunli Hip,Ժամկետով ապրանքներ,հատ,BATCH_EXPIRY,MEDIUM,NO,1C item_type says expiry-controlled and no non-sterile override matched,EXPIRY_ITEM_TYPE,,
00-00002588,3154-22581,"64 Liner 58 (working with cup size of 58,60)",Chunli Hip,Ժամկետով ապրանքներ,հատ,BATCH_EXPIRY,MEDIUM,NO,1C item_type says expiry-controlled and no non-sterile override matched,EXPIRY_ITEM_TYPE,,
00-00002589,3154-22621,"64 Liner 62 (working with cup size of 62,64)",Chunli Hip,Ժամկետով ապրանքներ,հատ,BATCH_EXPIRY,MEDIUM,NO,1C item_type says expiry-controlled and no non-sterile override matched,EXPIRY_ITEM_TYPE,,
00-00002590,3170-28460,Cemented Cup-HXLPE with 32head 46,Chunli Hip,Ժամկետով ապրանքներ,հատ,BATCH_EXPIRY,MEDIUM,NO,1C item_type says expiry-controlled and no non-sterile override matched,EXPIRY_ITEM_TYPE,,
00-00002591,3170-28480,Cemented Cup-HXLPE with 32head 48,Chunli Hip,Ժամկետով ապրանքներ,հատ,BATCH_EXPIRY,MEDIUM,NO,1C item_type says expiry-controlled and no non-sterile override matched,EXPIRY_ITEM_TYPE,,
00-00002592,3170-28500,Cemented Cup-HXLPE with 32head 50,Chunli Hip,Ժամկետով ապրանքներ,հատ,BATCH_EXPIRY,MEDIUM,NO,1C item_type says expiry-controlled and no non-sterile override matched,EXPIRY_ITEM_TYPE,,
00-00002593,3170-28520,Cemented Cup-HXLPE with 32head 52,Chunli Hip,Ժամկետով ապրանքներ,հատ,BATCH_EXPIRY,MEDIUM,NO,1C item_type says expiry-controlled and no non-sterile override matched,EXPIRY_ITEM_TYPE,,
00-00002594,3170-28540,Cemented Cup-HXLPE with 32head 54,Chunli Hip,Ժամկետով ապրանքներ,հատ,BATCH_EXPIRY,MEDIUM,NO,1C item_type says expiry-controlled and no non-sterile override matched,EXPIRY_ITEM_TYPE,,
00-00002595,3170-28560,Cemented Cup-HXLPE with 32head 56,Chunli Hip,Ժամկետով ապրանքներ,հատ,BATCH_EXPIRY,MEDIUM,NO,1C item_type says expiry-controlled and no non-sterile override matched,EXPIRY_ITEM_TYPE,,
00-00002598,3146-60450,Screw - 6/45,Chunli Hip,Ժամկետով ապրանքներ,հատ,BATCH_EXPIRY,LOW,NO,Chunli/Permedica/Just screw requires expiry,SCREW;STERILE_SCREW_BRAND,,
00-00002596,3111-02522,Revision Cementless Cage 46 B 52L,Chunli Hip,Ժամկետով ապրանքներ,հատ,BATCH_EXPIRY,MEDIUM,NO,1C item_type says expiry-controlled and no non-sterile override matched,EXPIRY_ITEM_TYPE,,
00-00002597,3111-12522,Revision Cementless Cage 46 B 52R,Chunli Hip,Ժամկետով ապրանքներ,հատ,BATCH_EXPIRY,MEDIUM,NO,1C item_type says expiry-controlled and no non-sterile override matched,EXPIRY_ITEM_TYPE,,
00-00002601,BOI.9930.0918,TTC Nail 9x18,TTC Nail,Հատ,հատ,REF_ONLY,LOW,NO,All nails are non-sterile REF-only,NAIL,,
00-00002602,BOI.9930.0921,TTC Nail 9x21,TTC Nail,Հատ,հատ,REF_ONLY,LOW,NO,All nails are non-sterile REF-only,NAIL,,
00-00002603,BOI.9930.0924,TTC Nail 9x24,TTC Nail,Հատ,հատ,REF_ONLY,LOW,NO,All nails are non-sterile REF-only,NAIL,,
00-00002604,BOI.9930.1018,TTC Nail 10x18,TTC Nail,Հատ,հատ,REF_ONLY,LOW,NO,All nails are non-sterile REF-only,NAIL,,
00-00002605,BOI.9930.1021,TTC Nail 10x21,TTC Nail,Հատ,հատ,REF_ONLY,LOW,NO,All nails are non-sterile REF-only,NAIL,,
00-00002606,BOI.9930.1024,TTC Nail 10x24,TTC Nail,Հատ,հատ,REF_ONLY,LOW,NO,All nails are non-sterile REF-only,NAIL,,
00-00002600,BOI.9930.1118,TTC Nail 11x18,TTC Nail,Հատ,հատ,REF_ONLY,LOW,NO,All nails are non-sterile REF-only,NAIL,,
00-00002607,BOI.9930.1121,TTC Nail 11x21,TTC Nail,Հատ,հատ,REF_ONLY,LOW,NO,All nails are non-sterile REF-only,NAIL,,
00-00002608,BOI.9930.1124,TTC Nail 11x24,TTC Nail,Հատ,հատ,REF_ONLY,LOW,NO,All nails are non-sterile REF-only,NAIL,,
00-00002609,BOI.3936,"InterLocking Bolt for TTC Nail 3,9X36",TTC Nail,Հատ,հատ,REF_ONLY,LOW,NO,All nails are non-sterile REF-only,NAIL,,
00-00002610,BOI.3940,"InterLocking Bolt for TTC Nail 3,9X40",TTC Nail,Հատ,հատ,REF_ONLY,LOW,NO,All nails are non-sterile REF-only,NAIL,,
00-00002611,BOI.3946,"InterLocking Bolt for TTC Nail 3,9X46",TTC Nail,Հատ,հատ,REF_ONLY,LOW,NO,All nails are non-sterile REF-only,NAIL,,
00-00002612,BOI.3950,"InterLocking Bolt for TTC Nail 3,9X50",TTC Nail,Հատ,հատ,REF_ONLY,LOW,NO,All nails are non-sterile REF-only,NAIL,,
00-00002613,BOI.3956,"InterLocking Bolt for TTC Nail 3,9X56",TTC Nail,Հատ,հատ,REF_ONLY,LOW,NO,All nails are non-sterile REF-only,NAIL,,
00-00002614,BOI.3960,"InterLocking Bolt for TTC Nail 3,9X60",TTC Nail,Հատ,հատ,REF_ONLY,LOW,NO,All nails are non-sterile REF-only,NAIL,,
00-00002615,BOI.3965,"InterLocking Bolt for TTC Nail 3,9X65",TTC Nail,Հատ,հատ,REF_ONLY,LOW,NO,All nails are non-sterile REF-only,NAIL,,
00-00002616,8006.5560,Crosslinks 5.5mm System - 60mm,Gather,Հատ,հատ,REF_ONLY,MEDIUM,NO,No sterile indicators matched,,,
00-00002617,8006.5580,Crosslinks 5.5mm System - 80mm,Gather,Հատ,հատ,REF_ONLY,MEDIUM,NO,No sterile indicators matched,,,
00-00002619,50.45.34.1,Acetabular Reaming drill,Drill,Հատ,հատ,REF_ONLY,LOW,NO,Set/kit/instrument/tool is non-sterile,NON_STERILE_TOOLING,,
00-00002620,50.45.34.2,Canulated drill,Drill,Հատ,հատ,REF_ONLY,LOW,NO,Set/kit/instrument/tool is non-sterile,NON_STERILE_TOOLING,,
00-00002621,50.45.34.3,Ostillating Saw,Drill,Հատ,հատ,REF_ONLY,LOW,NO,Set/kit/instrument/tool is non-sterile,NON_STERILE_TOOLING,,
00-00002622,50.45.34.4,Micro Oscillating Saw,Drill,Հատ,հատ,REF_ONLY,LOW,NO,Set/kit/instrument/tool is non-sterile,NON_STERILE_TOOLING,,
00-00002623,50.45.34.5,Saw Blade for Micro,Drill,Հատ,հատ,REF_ONLY,LOW,NO,Set/kit/instrument/tool is non-sterile,NON_STERILE_TOOLING,,
00-00002624,50.45.34.6,Saw Blade for Ostillating Saw,Drill,Հատ,հատ,REF_ONLY,LOW,NO,Set/kit/instrument/tool is non-sterile,NON_STERILE_TOOLING,,
00-00002626,BMK-MD.1,Guardian-MD mix,BMK,Ժամկետով ապրանքներ,հատ,BATCH_EXPIRY,MEDIUM,NO,1C item_type says expiry-controlled and no non-sterile override matched,EXPIRY_ITEM_TYPE,,
00-00002627,BMD-MD.2,Connector,BMK,Ժամկետով ապրանքներ,հատ,BATCH_EXPIRY,MEDIUM,NO,1C item_type says expiry-controlled and no non-sterile override matched,EXPIRY_ITEM_TYPE,,
00-00002628,BMK-VP,BMD-VP GUARDIAN Needle,BMK,Ժամկետով ապրանքներ,հատ,BATCH_EXPIRY,MEDIUM,NO,1C item_type says expiry-controlled and no non-sterile override matched,EXPIRY_ITEM_TYPE,,
00-00002660,1001,PFNA1,Instruments,Հատ,հատ,REF_ONLY,MEDIUM,NO,No sterile indicators matched,,,
00-00002659,1002,PFNA2,Instruments,Հատ,հատ,REF_ONLY,MEDIUM,NO,No sterile indicators matched,,,
00-00002658,1003,PFNA3,Instruments,Հատ,հատ,REF_ONLY,MEDIUM,NO,No sterile indicators matched,,,
00-00002657,1004,PFNA4,Instruments,Հատ,հատ,REF_ONLY,MEDIUM,NO,No sterile indicators matched,,,
00-00002687,1005,BO Humeral nail1,Instruments,Հատ,հատ,REF_ONLY,MEDIUM,NO,No sterile indicators matched,,,
00-00002686,1006,BO Humeral nail2,Instruments,Հատ,հատ,REF_ONLY,MEDIUM,NO,No sterile indicators matched,,,
00-00002637,1007,Tibia nail ZMD1,Instruments,Հատ,հատ,REF_ONLY,LOW,NO,All nails are non-sterile REF-only,NAIL,,
00-00002638,1008,Tibia nail Extraarticular BU,Instruments,Հատ,հատ,REF_ONLY,LOW,NO,All nails are non-sterile REF-only,NAIL,,
00-00002676,1009,DHS instrument set1,Instruments,Հատ,հատ,REF_ONLY,LOW,NO,Set/kit/instrument/tool is non-sterile,NON_STERILE_TOOLING,,
00-00002675,1010,DHS instrument set2,Instruments,Հատ,հատ,REF_ONLY,LOW,NO,Set/kit/instrument/tool is non-sterile,NON_STERILE_TOOLING,,
00-00002672,1011,Herbert1,Instruments,Հատ,հատ,REF_ONLY,MEDIUM,NO,No sterile indicators matched,,,
00-00002671,1012,Herbert2,Instruments,Հատ,հատ,REF_ONLY,MEDIUM,NO,No sterile indicators matched,,,
00-00002670,1013,Herbert3,Instruments,Հատ,հատ,REF_ONLY,MEDIUM,NO,No sterile indicators matched,,,
00-00002635,1014.2,Wagner stem 2,Instruments,Հատ,հատ,BATCH_EXPIRY,MEDIUM,NO,Looks like sterile prosthesis/component/medical product,STERILE_PRODUCT_KEYWORD,,
00-00002679,1015,Chunli Hip 1,Instruments,Հատ,հատ,BATCH_EXPIRY,MEDIUM,NO,Looks like sterile prosthesis/component/medical product,STERILE_PRODUCT_KEYWORD,,
00-00002678,1016,Chunli Hip 2,Instruments,Հատ,հատ,BATCH_EXPIRY,MEDIUM,NO,Looks like sterile prosthesis/component/medical product,STERILE_PRODUCT_KEYWORD,,
00-00002680,1017,Chunli Dual Mobiliti1,Instruments,Հատ,հատ,REF_ONLY,MEDIUM,NO,No sterile indicators matched,,,
00-00002677,1018,Chunli Knee1,Instruments,Հատ,հատ,REF_ONLY,MEDIUM,NO,No sterile indicators matched,,,
00-00002669,1019,Peddicular 1,Instruments,Հատ,հատ,REF_ONLY,MEDIUM,NO,No sterile indicators matched,,,
00-00002668,1020,Peddicular 2,Instruments,Հատ,հատ,REF_ONLY,MEDIUM,NO,No sterile indicators matched,,,
00-00002667,1021,Peddicular 3,Instruments,Հատ,հատ,REF_ONLY,MEDIUM,NO,No sterile indicators matched,,,
00-00002691,1022,Bipolar1,Instruments,Հատ,հատ,REF_ONLY,MEDIUM,NO,No sterile indicators matched,,,
00-00002690,1023,Bipolar2,Instruments,Հատ,հատ,REF_ONLY,MEDIUM,NO,No sterile indicators matched,,,
00-00002689,1024,Bipolar3,Instruments,Հատ,հատ,REF_ONLY,MEDIUM,NO,No sterile indicators matched,,,
00-00002674,1025,Femur BO nail1,Instruments,Հատ,հատ,REF_ONLY,MEDIUM,NO,No sterile indicators matched,,,
00-00002673,1026,Femur Zim nail1,Instruments,Հատ,հատ,REF_ONLY,MEDIUM,NO,No sterile indicators matched,,,
00-00002664,1027,Permedica Hip non cement1,Instruments,Հատ,հատ,BATCH_EXPIRY,MEDIUM,NO,Looks like sterile prosthesis/component/medical product,STERILE_PRODUCT_KEYWORD,,
00-00002663,1028,Permedica Hip non cement2,Instruments,Հատ,հատ,BATCH_EXPIRY,MEDIUM,NO,Looks like sterile prosthesis/component/medical product,STERILE_PRODUCT_KEYWORD,,
00-00002666,1029,Permedica hip cement1,Instruments,Հատ,հատ,BATCH_EXPIRY,MEDIUM,NO,Looks like sterile prosthesis/component/medical product,STERILE_PRODUCT_KEYWORD,,
00-00002665,1030,Permedica hip cement2,Instruments,Հատ,հատ,BATCH_EXPIRY,MEDIUM,NO,Looks like sterile prosthesis/component/medical product,STERILE_PRODUCT_KEYWORD,,
00-00002662,1031,Permedica Knee1,Instruments,Հատ,հատ,REF_ONLY,MEDIUM,NO,No sterile indicators matched,,,
00-00002661,1032,Permedica Knee2,Instruments,Հատ,հատ,REF_ONLY,MEDIUM,NO,No sterile indicators matched,,,
00-00002655,1033,Reamer rent1,Instruments,Հատ,հատ,REF_ONLY,LOW,NO,Set/kit/instrument/tool is non-sterile,NON_STERILE_TOOLING,,
00-00002654,1034,Saw rent1,Instruments,Հատ,հատ,REF_ONLY,MEDIUM,NO,No sterile indicators matched,,,
00-00002639,1035,Snap-Off1,Instruments,Հատ,հատ,REF_ONLY,MEDIUM,NO,No sterile indicators matched,,,
00-00002652,1036,Screwbox small,Instruments,Հատ,հատ,REF_ONLY,LOW,NO,Usual screw is non-sterile REF-only,SCREW,,
00-00002653,1037,Screwbox big,Instruments,Հատ,հատ,REF_ONLY,LOW,NO,Usual screw is non-sterile REF-only,SCREW,,
00-00002650,BO.1035,"Screwdriver for 3,5mm screws",Instruments,Հատ,հատ,REF_ONLY,LOW,NO,Set/kit/instrument/tool is non-sterile,NON_STERILE_TOOLING,,
00-00002643,1039,"Screwdriver ZMD 3,5mm",Instruments,Հատ,հատ,REF_ONLY,LOW,NO,Set/kit/instrument/tool is non-sterile,NON_STERILE_TOOLING,,
00-00002649,BO.1045,"Screwdriver for 4,5mm screws",Instruments,Հատ,հատ,REF_ONLY,LOW,NO,Set/kit/instrument/tool is non-sterile,NON_STERILE_TOOLING,,
00-00002641,1041,"Screwdriver ZMD 4,5mm",Instruments,Հատ,հատ,REF_ONLY,LOW,NO,Set/kit/instrument/tool is non-sterile,NON_STERILE_TOOLING,,
00-00002651,BO.1042,Screwdriver for 2.4/2.7mm screws,Instruments,Հատ,հատ,REF_ONLY,LOW,NO,Set/kit/instrument/tool is non-sterile,NON_STERILE_TOOLING,,
00-00002688,BO.1043,Screwdriver for Suture anchor,Instruments,Հատ,հատ,REF_ONLY,LOW,NO,Set/kit/instrument/tool is non-sterile,NON_STERILE_TOOLING,,
00-00002642,1044,"Screwdriver ZMD 4,0mm cannul+non cannul",Instruments,Հատ,հատ,REF_ONLY,LOW,NO,Set/kit/instrument/tool is non-sterile,NON_STERILE_TOOLING,,
00-00002640,1045,"Screwdriver ZMD 7,3mm cannulated",Instruments,Հատ,հատ,REF_ONLY,LOW,NO,Set/kit/instrument/tool is non-sterile,NON_STERILE_TOOLING,,
00-00002644,1046,"Screwdriver ZMD 2,0mm phalang 2*/hex",Instruments,Հատ,հատ,REF_ONLY,LOW,NO,Set/kit/instrument/tool is non-sterile,NON_STERILE_TOOLING,,
00-00002656,1047,Phalang mesh tap drill/sleeve/mesh/hendle,Instruments,Հատ,հատ,REF_ONLY,LOW,NO,Set/kit/instrument/tool is non-sterile,NON_STERILE_TOOLING,,
00-00002646,1048,"Screwdriver BU T8 2,0mm *",Instruments,Հատ,հատ,REF_ONLY,LOW,NO,Set/kit/instrument/tool is non-sterile,NON_STERILE_TOOLING,,
00-00002645,1049,"Screwdriver BU T8 2,7mm *",Instruments,Հատ,հատ,REF_ONLY,LOW,NO,Set/kit/instrument/tool is non-sterile,NON_STERILE_TOOLING,,
00-00002647,1050,"Screwdriver BU T153,5mm *",Instruments,Հատ,հատ,REF_ONLY,LOW,NO,Set/kit/instrument/tool is non-sterile,NON_STERILE_TOOLING,,
00-00002648,1051,"Screwdriver BU SW2,5 3,5mm cannul hex",Instruments,Հատ,հատ,REF_ONLY,LOW,NO,Set/kit/instrument/tool is non-sterile,NON_STERILE_TOOLING,,
00-00002636,1052,Tibiofibular Syndesmosis instrumen set REF115260000,Instruments,Հատ,հատ,REF_ONLY,LOW,NO,Set/kit/instrument/tool is non-sterile,NON_STERILE_TOOLING,,
00-00002684,BO.1053,"Sleeve for 3,5mm locking screws",Instruments,Հատ,հատ,REF_ONLY,LOW,NO,Usual screw is non-sterile REF-only,SCREW,,
00-00002685,BO.1054,"Sleeve for 2,4mm locking screws",Instruments,Հատ,հատ,REF_ONLY,LOW,NO,Usual screw is non-sterile REF-only,SCREW,,
00-00002683,BO.1055,"Sleeve for 5,0mm locking screws",Instruments,Հատ,հատ,REF_ONLY,LOW,NO,Usual screw is non-sterile REF-only,SCREW,,
00-00002682,BO.1056,"Sleeve for 6,5mm locking screws",Instruments,Հատ,հատ,REF_ONLY,LOW,NO,Usual screw is non-sterile REF-only,SCREW,,
00-00002633,1057,"ZMD Sleeve 3,5mm",Instruments,Հատ,հատ,REF_ONLY,MEDIUM,NO,No sterile indicators matched,,,
00-00002632,1058,"ZMD Sleeve 5,0mm",Instruments,Հատ,հատ,REF_ONLY,MEDIUM,NO,No sterile indicators matched,,,
00-00002631,1059,"ZMD Sleeve 6,0mm",Instruments,Հատ,հատ,REF_ONLY,MEDIUM,NO,No sterile indicators matched,,,
00-00002630,1060,"ZMD Sleeve 2,4mm",Instruments,Հատ,հատ,REF_ONLY,MEDIUM,NO,No sterile indicators matched,,,
00-00002634,1061,"ZMD Sleeve 2,0mm",Instruments,Հատ,հատ,REF_ONLY,MEDIUM,NO,No sterile indicators matched,,,
00-00002681,1062,"BU Sleeve 3,5mm",Instruments,Հատ,հատ,REF_ONLY,MEDIUM,NO,No sterile indicators matched,,,
00-00002692,10010.2,CHUNLI Hip Instrument Set N1/2,CHUNLI,Հատ,հատ,REF_ONLY,HIGH,YES,Set/kit/instrument/tool is non-sterile; verify because item also looks expiry/sterile,NON_STERILE_TOOLING,,
00-00002693,10002.1,CHUNLI Hip Instrument Set N2/1,CHUNLI,Հատ,հատ,REF_ONLY,HIGH,YES,Set/kit/instrument/tool is non-sterile; verify because item also looks expiry/sterile,NON_STERILE_TOOLING,,
00-00002694,10002,CHUNLI Knee Instrument Set 2,CHUNLI,Հատ,հատ,REF_ONLY,HIGH,YES,Set/kit/instrument/tool is non-sterile; verify because item also looks expiry/sterile,NON_STERILE_TOOLING,,
00-00002695,10003,CHUNLI Knee Instrument Set 3,CHUNLI,Հատ,հատ,REF_ONLY,HIGH,YES,Set/kit/instrument/tool is non-sterile; verify because item also looks expiry/sterile,NON_STERILE_TOOLING,,
00-00002696,10004,CHUNLI Knee Instrument Set 4,CHUNLI,Հատ,հատ,REF_ONLY,HIGH,YES,Set/kit/instrument/tool is non-sterile; verify because item also looks expiry/sterile,NON_STERILE_TOOLING,,
00-00002697,10005,CHUNLI Knee Instrument Set 5,CHUNLI,Հատ,հատ,REF_ONLY,HIGH,YES,Set/kit/instrument/tool is non-sterile; verify because item also looks expiry/sterile,NON_STERILE_TOOLING,,
00-00002698,10003.1,CHUNLI Hip Instrument Set N3/1,CHUNLI,Հատ,հատ,REF_ONLY,HIGH,YES,Set/kit/instrument/tool is non-sterile; verify because item also looks expiry/sterile,NON_STERILE_TOOLING,,
00-00002699,10003.2,CHUNLI Hip Instrument Set N3/2,CHUNLI,Հատ,հատ,REF_ONLY,HIGH,YES,Set/kit/instrument/tool is non-sterile; verify because item also looks expiry/sterile,NON_STERILE_TOOLING,,
00-00002701,1025,Bipolar4,Instruments,Հատ,հատ,REF_ONLY,MEDIUM,NO,No sterile indicators matched,,,
00-00002704,4212.0511,Tibia Distal Medial Combinated Locking plate 11h R Ti,ZMD Plates,Հատ,հատ,REF_ONLY,LOW,NO,All plates are non-sterile REF-only,PLATE,,
00-00002705,4211.0511,Tibia Distal Medial Combinated Locking plate 11h L Ti,ZMD Plates,Հատ,հատ,REF_ONLY,LOW,NO,All plates are non-sterile REF-only,PLATE,,
00-00002706,4212.0513,Tibia Distal Medial Combinated Locking plate 13h R Ti,ZMD Plates,Հատ,հատ,REF_ONLY,LOW,NO,All plates are non-sterile REF-only,PLATE,,
00-00002707,4211.0513,Tibia Distal Medial Combinated Locking plate 13h L Ti,ZMD Plates,Հատ,հատ,REF_ONLY,LOW,NO,All plates are non-sterile REF-only,PLATE,,
00-00002708,2212.0511,Tibia Distal Medial Combinated Locking plate-II 11h R Ti,ZMD Plates,Հատ,հատ,REF_ONLY,LOW,NO,All plates are non-sterile REF-only,PLATE,,
00-00002709,2211.0511,Tibia Distal Medial Combinated Locking plate-II 11h L Ti,ZMD Plates,Հատ,հատ,REF_ONLY,LOW,NO,All plates are non-sterile REF-only,PLATE,,
00-00002710,2212.0513,Tibia Distal Medial Combinated Locking plate-II 13h R Ti,ZMD Plates,Հատ,հատ,REF_ONLY,LOW,NO,All plates are non-sterile REF-only,PLATE,,
00-00002711,2211.0513,Tibia Distal Medial Combinated Locking plate-II 13h L Ti,ZMD Plates,Հատ,հատ,REF_ONLY,LOW,NO,All plates are non-sterile REF-only,PLATE,,
00-00002712,2213.1104,Radius Distal Small T Locking Plate 4h T,ZMD Plates,Հատ,հատ,REF_ONLY,LOW,NO,All plates are non-sterile REF-only,PLATE,,
00-00002713,2213.1105,Radius Distal Small T Locking Plate 5h T,ZMD Plates,Հատ,հատ,REF_ONLY,LOW,NO,All plates are non-sterile REF-only,PLATE,,
00-00002714,10005․1,JUST Hip Instrument Set N2․1,JUST,Հատ,հատ,REF_ONLY,HIGH,YES,Set/kit/instrument/tool is non-sterile; verify because item also looks expiry/sterile,NON_STERILE_TOOLING,,
00-00002715,10006․1,JUST Hip Instrument Set N3․1,JUST,Հատ,հատ,REF_ONLY,HIGH,YES,Set/kit/instrument/tool is non-sterile; verify because item also looks expiry/sterile,NON_STERILE_TOOLING,,
00-00002717,3010261013,Distal Lateral Tibial Locking Plate LEFT 13holes,Boneunion,Հատ,հատ,REF_ONLY,LOW,NO,All plates are non-sterile REF-only,PLATE,,
00-00002718,3514-02100,Femoral Stem-BC4 10,Chunli Hip,Ժամկետով ապրանքներ,հատ,BATCH_EXPIRY,MEDIUM,NO,1C item_type says expiry-controlled and no non-sterile override matched,EXPIRY_ITEM_TYPE,,
00-00002719,3514-02140,Femoral Stem-BC4 14,Chunli Hip,Ժամկետով ապրանքներ,հատ,BATCH_EXPIRY,MEDIUM,NO,1C item_type says expiry-controlled and no non-sterile override matched,EXPIRY_ITEM_TYPE,,
00-00002720,3149-01620,Acetabular cup G-20 - 62,Chunli Hip,Ժամկետով ապրանքներ,հատ,BATCH_EXPIRY,MEDIUM,NO,1C item_type says expiry-controlled and no non-sterile override matched,EXPIRY_ITEM_TYPE,,
00-00002721,3149-01640,Acetabular cup G-20 - 64,Chunli Hip,Ժամկետով ապրանքներ,հատ,BATCH_EXPIRY,MEDIUM,NO,1C item_type says expiry-controlled and no non-sterile override matched,EXPIRY_ITEM_TYPE,,
00-00002722,3170-28580,Cemented Cup-HXLPE with 32head 58,Chunli Hip,Ժամկետով ապրանքներ,հատ,BATCH_EXPIRY,MEDIUM,NO,1C item_type says expiry-controlled and no non-sterile override matched,EXPIRY_ITEM_TYPE,,
00-00002723,3170-28600,Cemented Cup-HXLPE with 32head 60,Chunli Hip,Ժամկետով ապրանքներ,հատ,BATCH_EXPIRY,MEDIUM,NO,1C item_type says expiry-controlled and no non-sterile override matched,EXPIRY_ITEM_TYPE,,
00-00002724,3210-19220,Femoral Head-T 22/9,Chunli Hip,Ժամկետով ապրանքներ,հատ,BATCH_EXPIRY,MEDIUM,NO,1C item_type says expiry-controlled and no non-sterile override matched,EXPIRY_ITEM_TYPE,,
00-00002832,5171-01020,Tibial Tray-XN(R) 2#,Chunli Knee,Ժամկետով ապրանքներ,հատ,BATCH_EXPIRY,MEDIUM,NO,1C item_type says expiry-controlled and no non-sterile override matched,EXPIRY_ITEM_TYPE,,
00-00002833,5171-01030,Tibial Tray-XN(R) 3#,Chunli Knee,Ժամկետով ապրանքներ,հատ,BATCH_EXPIRY,MEDIUM,NO,1C item_type says expiry-controlled and no non-sterile override matched,EXPIRY_ITEM_TYPE,,
00-00002834,5171-01040,Tibial Tray-XN(R) 4#,Chunli Knee,Ժամկետով ապրանքներ,հատ,BATCH_EXPIRY,MEDIUM,NO,1C item_type says expiry-controlled and no non-sterile override matched,EXPIRY_ITEM_TYPE,,
00-00002835,5171-01050,Tibial Tray-XN(R) 5#,Chunli Knee,Ժամկետով ապրանքներ,հատ,BATCH_EXPIRY,MEDIUM,NO,1C item_type says expiry-controlled and no non-sterile override matched,EXPIRY_ITEM_TYPE,,
00-00002836,5171-01060,Tibial Tray-XN(R) 6#,Chunli Knee,Ժամկետով ապրանքներ,հատ,BATCH_EXPIRY,MEDIUM,NO,1C item_type says expiry-controlled and no non-sterile override matched,EXPIRY_ITEM_TYPE,,
00-00002837,5171-01070,Tibial Tray-XN(R) 7#,Chunli Knee,Ժամկետով ապրանքներ,հատ,BATCH_EXPIRY,MEDIUM,NO,1C item_type says expiry-controlled and no non-sterile override matched,EXPIRY_ITEM_TYPE,,
00-00002819,5271-09031,Tibial Insert-XN(R-CCK) 2#3#4#-9mm,Chunli Knee,Ժամկետով ապրանքներ,հատ,BATCH_EXPIRY,MEDIUM,NO,1C item_type says expiry-controlled and no non-sterile override matched,EXPIRY_ITEM_TYPE,,
00-00002814,5271-11031,Tibial Insert-XN(R-CCK) 2#3#4#-11mm,Chunli Knee,Ժամկետով ապրանքներ,հատ,BATCH_EXPIRY,MEDIUM,NO,1C item_type says expiry-controlled and no non-sterile override matched,EXPIRY_ITEM_TYPE,,
00-00002815,5271-13031,Tibial Insert-XN(R-CCK) 2#3#4#-13mm,Chunli Knee,Ժամկետով ապրանքներ,հատ,BATCH_EXPIRY,MEDIUM,NO,1C item_type says expiry-controlled and no non-sterile override matched,EXPIRY_ITEM_TYPE,,
00-00002816,5271-15031,Tibial Insert-XN(R-CCK) 2#3#4#-15mm,Chunli Knee,Ժամկետով ապրանքներ,հատ,BATCH_EXPIRY,MEDIUM,NO,1C item_type says expiry-controlled and no non-sterile override matched,EXPIRY_ITEM_TYPE,,
00-00002817,5271-17031,Tibial Insert-XN(R-CCK) 2#3#4#-17mm,Chunli Knee,Ժամկետով ապրանքներ,հատ,BATCH_EXPIRY,MEDIUM,NO,1C item_type says expiry-controlled and no non-sterile override matched,EXPIRY_ITEM_TYPE,,
00-00002818,5271-19031,Tibial Insert-XN(R-CCK) 2#3#4#-19mm,Chunli Knee,Ժամկետով ապրանքներ,հատ,BATCH_EXPIRY,MEDIUM,NO,1C item_type says expiry-controlled and no non-sterile override matched,EXPIRY_ITEM_TYPE,,
00-00002825,5271-09051,Tibial Insert-XN(R-CCK) 5#6#-9mm,Chunli Knee,Ժամկետով ապրանքներ,հատ,BATCH_EXPIRY,MEDIUM,NO,1C item_type says expiry-controlled and no non-sterile override matched,EXPIRY_ITEM_TYPE,,
00-00002820,5271-11051,Tibial Insert-XN(R-CCK) 5#6#-11mm,Chunli Knee,Ժամկետով ապրանքներ,հատ,BATCH_EXPIRY,MEDIUM,NO,1C item_type says expiry-controlled and no non-sterile override matched,EXPIRY_ITEM_TYPE,,
00-00002821,5271-13051,Tibial Insert-XN(R-CCK) 5#6#-13mm,Chunli Knee,Ժամկետով ապրանքներ,հատ,BATCH_EXPIRY,MEDIUM,NO,1C item_type says expiry-controlled and no non-sterile override matched,EXPIRY_ITEM_TYPE,,
00-00002822,5271-15051,Tibial Insert-XN(R-CCK) 5#6#-15mm,Chunli Knee,Ժամկետով ապրանքներ,հատ,BATCH_EXPIRY,MEDIUM,NO,1C item_type says expiry-controlled and no non-sterile override matched,EXPIRY_ITEM_TYPE,,
00-00002823,5271-17051,Tibial Insert-XN(R-CCK) 5#6#-17mm,Chunli Knee,Ժամկետով ապրանքներ,հատ,BATCH_EXPIRY,MEDIUM,NO,1C item_type says expiry-controlled and no non-sterile override matched,EXPIRY_ITEM_TYPE,,
00-00002824,5271-19051,Tibial Insert-XN(R-CCK) 5#6#-19mm,Chunli Knee,Ժամկետով ապրանքներ,հատ,BATCH_EXPIRY,MEDIUM,NO,1C item_type says expiry-controlled and no non-sterile override matched,EXPIRY_ITEM_TYPE,,
00-00002831,5271-09071,Tibial Insert-XN(R-CCK) 7#-9mm,Chunli Knee,Ժամկետով ապրանքներ,հատ,BATCH_EXPIRY,MEDIUM,NO,1C item_type says expiry-controlled and no non-sterile override matched,EXPIRY_ITEM_TYPE,,
00-00002826,5271-11071,Tibial Insert-XN(R-CCK) 7#-11mm,Chunli Knee,Ժամկետով ապրանքներ,հատ,BATCH_EXPIRY,MEDIUM,NO,1C item_type says expiry-controlled and no non-sterile override matched,EXPIRY_ITEM_TYPE,,
00-00002827,5271-13071,Tibial Insert-XN(R-CCK) 7#-13mm,Chunli Knee,Ժամկետով ապրանքներ,հատ,BATCH_EXPIRY,MEDIUM,NO,1C item_type says expiry-controlled and no non-sterile override matched,EXPIRY_ITEM_TYPE,,
00-00002828,5271-15071,Tibial Insert-XN(R-CCK) 7#-15mm,Chunli Knee,Ժամկետով ապրանքներ,հատ,BATCH_EXPIRY,MEDIUM,NO,1C item_type says expiry-controlled and no non-sterile override matched,EXPIRY_ITEM_TYPE,,
00-00002829,5271-17071,Tibial Insert-XN(R-CCK) 7#-17mm,Chunli Knee,Ժամկետով ապրանքներ,հատ,BATCH_EXPIRY,MEDIUM,NO,1C item_type says expiry-controlled and no non-sterile override matched,EXPIRY_ITEM_TYPE,,
00-00002830,5271-19071,Tibial Insert-XN(R-CCK) 7#-19mm,Chunli Knee,Ժամկետով ապրանքներ,հատ,BATCH_EXPIRY,MEDIUM,NO,1C item_type says expiry-controlled and no non-sterile override matched,EXPIRY_ITEM_TYPE,,
00-00002743,5273-09060,Knee stem-ST  9-60mm,Chunli Knee,Ժամկետով ապրանքներ,հատ,BATCH_EXPIRY,MEDIUM,NO,1C item_type says expiry-controlled and no non-sterile override matched,EXPIRY_ITEM_TYPE,,
00-00002746,5273-10060,Knee stem-ST 10-60mm,Chunli Knee,Ժամկետով ապրանքներ,հատ,BATCH_EXPIRY,MEDIUM,NO,1C item_type says expiry-controlled and no non-sterile override matched,EXPIRY_ITEM_TYPE,,
00-00002749,5273-11060,Knee stem-ST 11-60mm,Chunli Knee,Ժամկետով ապրանքներ,հատ,BATCH_EXPIRY,MEDIUM,NO,1C item_type says expiry-controlled and no non-sterile override matched,EXPIRY_ITEM_TYPE,,
00-00002752,5273-12060,Knee stem-ST 12-60mm,Chunli Knee,Ժամկետով ապրանքներ,հատ,BATCH_EXPIRY,MEDIUM,NO,1C item_type says expiry-controlled and no non-sterile override matched,EXPIRY_ITEM_TYPE,,
00-00002755,5273-13060,Knee stem-ST 13-60mm,Chunli Knee,Ժամկետով ապրանքներ,հատ,BATCH_EXPIRY,MEDIUM,NO,1C item_type says expiry-controlled and no non-sterile override matched,EXPIRY_ITEM_TYPE,,
00-00002758,5273-14060,Knee stem-ST 14-60mm,Chunli Knee,Ժամկետով ապրանքներ,հատ,BATCH_EXPIRY,MEDIUM,NO,1C item_type says expiry-controlled and no non-sterile override matched,EXPIRY_ITEM_TYPE,,
00-00002760,5273-15060,Knee stem-ST 15-60mm,Chunli Knee,Ժամկետով ապրանքներ,հատ,BATCH_EXPIRY,MEDIUM,NO,1C item_type says expiry-controlled and no non-sterile override matched,EXPIRY_ITEM_TYPE,,
00-00002764,5273-16060,Knee stem-ST 16-60mm,Chunli Knee,Ժամկետով ապրանքներ,հատ,BATCH_EXPIRY,MEDIUM,NO,1C item_type says expiry-controlled and no non-sterile override matched,EXPIRY_ITEM_TYPE,,
00-00002741,5273-09100,Knee stem-ST  9-100mm,Chunli Knee,Ժամկետով ապրանքներ,հատ,BATCH_EXPIRY,MEDIUM,NO,1C item_type says expiry-controlled and no non-sterile override matched,EXPIRY_ITEM_TYPE,,
00-00002744,5273-10100,Knee stem-ST 10-100mm,Chunli Knee,Ժամկետով ապրանքներ,հատ,BATCH_EXPIRY,MEDIUM,NO,1C item_type says expiry-controlled and no non-sterile override matched,EXPIRY_ITEM_TYPE,,
00-00002747,5273-11100,Knee stem-ST 11-100mm,Chunli Knee,Ժամկետով ապրանքներ,հատ,BATCH_EXPIRY,MEDIUM,NO,1C item_type says expiry-controlled and no non-sterile override matched,EXPIRY_ITEM_TYPE,,
00-00002750,5273-12100,Knee stem-ST 12-100mm,Chunli Knee,Ժամկետով ապրանքներ,հատ,BATCH_EXPIRY,MEDIUM,NO,1C item_type says expiry-controlled and no non-sterile override matched,EXPIRY_ITEM_TYPE,,
00-00002753,5273-13100,Knee stem-ST 13-100mm,Chunli Knee,Ժամկետով ապրանքներ,հատ,BATCH_EXPIRY,MEDIUM,NO,1C item_type says expiry-controlled and no non-sterile override matched,EXPIRY_ITEM_TYPE,,
00-00002756,5273-14100,Knee stem-ST 14-100mm,Chunli Knee,Ժամկետով ապրանքներ,հատ,BATCH_EXPIRY,MEDIUM,NO,1C item_type says expiry-controlled and no non-sterile override matched,EXPIRY_ITEM_TYPE,,
00-00002759,5273-15100,Knee stem-ST 15-100mm,Chunli Knee,Ժամկետով ապրանքներ,հատ,BATCH_EXPIRY,MEDIUM,NO,1C item_type says expiry-controlled and no non-sterile override matched,EXPIRY_ITEM_TYPE,,
00-00002762,5273-16100,Knee stem-ST 16-100mm,Chunli Knee,Ժամկետով ապրանքներ,հատ,BATCH_EXPIRY,MEDIUM,NO,1C item_type says expiry-controlled and no non-sterile override matched,EXPIRY_ITEM_TYPE,,
00-00002742,5273-09130,Knee stem-ST  9-130mm,Chunli Knee,Ժամկետով ապրանքներ,հատ,BATCH_EXPIRY,MEDIUM,NO,1C item_type says expiry-controlled and no non-sterile override matched,EXPIRY_ITEM_TYPE,,
00-00002745,5273-10130,Knee stem-ST 10-130mm,Chunli Knee,Ժամկետով ապրանքներ,հատ,BATCH_EXPIRY,MEDIUM,NO,1C item_type says expiry-controlled and no non-sterile override matched,EXPIRY_ITEM_TYPE,,
00-00002748,5273-11130,Knee stem-ST 11-130mm,Chunli Knee,Ժամկետով ապրանքներ,հատ,BATCH_EXPIRY,MEDIUM,NO,1C item_type says expiry-controlled and no non-sterile override matched,EXPIRY_ITEM_TYPE,,
00-00002751,5273-12130,Knee stem-ST 12-130mm,Chunli Knee,Ժամկետով ապրանքներ,հատ,BATCH_EXPIRY,MEDIUM,NO,1C item_type says expiry-controlled and no non-sterile override matched,EXPIRY_ITEM_TYPE,,
00-00002754,5273-13130,Knee stem-ST 13-130mm,Chunli Knee,Ժամկետով ապրանքներ,հատ,BATCH_EXPIRY,MEDIUM,NO,1C item_type says expiry-controlled and no non-sterile override matched,EXPIRY_ITEM_TYPE,,
00-00002757,5273-14130,Knee stem-ST 14-130mm,Chunli Knee,Ժամկետով ապրանքներ,հատ,BATCH_EXPIRY,MEDIUM,NO,1C item_type says expiry-controlled and no non-sterile override matched,EXPIRY_ITEM_TYPE,,
00-00002761,5273-15130,Knee stem-ST 15-130mm,Chunli Knee,Ժամկետով ապրանքներ,հատ,BATCH_EXPIRY,MEDIUM,NO,1C item_type says expiry-controlled and no non-sterile override matched,EXPIRY_ITEM_TYPE,,
00-00002763,5273-16130,Knee stem-ST 16-130mm,Chunli Knee,Ժամկետով ապրանքներ,հատ,BATCH_EXPIRY,MEDIUM,NO,1C item_type says expiry-controlled and no non-sterile override matched,EXPIRY_ITEM_TYPE,,
00-00002725,5273-09103,Knee stem-OT  9-100mm,Chunli Knee,Ժամկետով ապրանքներ,հատ,BATCH_EXPIRY,MEDIUM,NO,1C item_type says expiry-controlled and no non-sterile override matched,EXPIRY_ITEM_TYPE,,
00-00002727,5273-10103,Knee stem-OT 10-100mm,Chunli Knee,Ժամկետով ապրանքներ,հատ,BATCH_EXPIRY,MEDIUM,NO,1C item_type says expiry-controlled and no non-sterile override matched,EXPIRY_ITEM_TYPE,,
00-00002729,5273-11103,Knee stem-OT 11-100mm,Chunli Knee,Ժամկետով ապրանքներ,հատ,BATCH_EXPIRY,MEDIUM,NO,1C item_type says expiry-controlled and no non-sterile override matched,EXPIRY_ITEM_TYPE,,
00-00002731,5273-12103,Knee stem-OT 12-100mm,Chunli Knee,Ժամկետով ապրանքներ,հատ,BATCH_EXPIRY,MEDIUM,NO,1C item_type says expiry-controlled and no non-sterile override matched,EXPIRY_ITEM_TYPE,,
00-00002733,5273-13103,Knee stem-OT 13-100mm,Chunli Knee,Ժամկետով ապրանքներ,հատ,BATCH_EXPIRY,MEDIUM,NO,1C item_type says expiry-controlled and no non-sterile override matched,EXPIRY_ITEM_TYPE,,
00-00002735,5273-14103,Knee stem-OT 14-100mm,Chunli Knee,Ժամկետով ապրանքներ,հատ,BATCH_EXPIRY,MEDIUM,NO,1C item_type says expiry-controlled and no non-sterile override matched,EXPIRY_ITEM_TYPE,,
00-00002737,5273-15103,Knee stem-OT 15-100mm,Chunli Knee,Ժամկետով ապրանքներ,հատ,BATCH_EXPIRY,MEDIUM,NO,1C item_type says expiry-controlled and no non-sterile override matched,EXPIRY_ITEM_TYPE,,
00-00002739,5273-16103,Knee stem-OT 16-100mm,Chunli Knee,Ժամկետով ապրանքներ,հատ,BATCH_EXPIRY,MEDIUM,NO,1C item_type says expiry-controlled and no non-sterile override matched,EXPIRY_ITEM_TYPE,,
00-00002726,5273-09133,Knee stem-OT  9-130mm,Chunli Knee,Ժամկետով ապրանքներ,հատ,BATCH_EXPIRY,MEDIUM,NO,1C item_type says expiry-controlled and no non-sterile override matched,EXPIRY_ITEM_TYPE,,
00-00002728,5273-10133,Knee stem-OT 10-130mm,Chunli Knee,Ժամկետով ապրանքներ,հատ,BATCH_EXPIRY,MEDIUM,NO,1C item_type says expiry-controlled and no non-sterile override matched,EXPIRY_ITEM_TYPE,,
00-00002730,5273-11133,Knee stem-OT 11-130mm,Chunli Knee,Ժամկետով ապրանքներ,հատ,BATCH_EXPIRY,MEDIUM,NO,1C item_type says expiry-controlled and no non-sterile override matched,EXPIRY_ITEM_TYPE,,
00-00002732,5273-12133,Knee stem-OT 12-130mm,Chunli Knee,Ժամկետով ապրանքներ,հատ,BATCH_EXPIRY,MEDIUM,NO,1C item_type says expiry-controlled and no non-sterile override matched,EXPIRY_ITEM_TYPE,,
00-00002734,5273-13133,Knee stem-OT 13-130mm,Chunli Knee,Ժամկետով ապրանքներ,հատ,BATCH_EXPIRY,MEDIUM,NO,1C item_type says expiry-controlled and no non-sterile override matched,EXPIRY_ITEM_TYPE,,
00-00002736,5273-14133,Knee stem-OT 14-130mm,Chunli Knee,Ժամկետով ապրանքներ,հատ,BATCH_EXPIRY,MEDIUM,NO,1C item_type says expiry-controlled and no non-sterile override matched,EXPIRY_ITEM_TYPE,,
00-00002738,5273-15133,Knee stem-OT 15-130mm,Chunli Knee,Ժամկետով ապրանքներ,հատ,BATCH_EXPIRY,MEDIUM,NO,1C item_type says expiry-controlled and no non-sterile override matched,EXPIRY_ITEM_TYPE,,
00-00002740,5273-16133,Knee stem-OT 16-130mm,Chunli Knee,Ժամկետով ապրանքներ,հատ,BATCH_EXPIRY,MEDIUM,NO,1C item_type says expiry-controlled and no non-sterile override matched,EXPIRY_ITEM_TYPE,,
00-00002778,5277-10021,"Tibial Half Block(16°) 10mm, 2#, Left",Chunli Knee,Ժամկետով ապրանքներ,հատ,BATCH_EXPIRY,MEDIUM,NO,1C item_type says expiry-controlled and no non-sterile override matched,EXPIRY_ITEM_TYPE,,
00-00002779,5277-10022,"Tibial Half Block(16°) 10mm, 2#, Right",Chunli Knee,Ժամկետով ապրանքներ,հատ,BATCH_EXPIRY,MEDIUM,NO,1C item_type says expiry-controlled and no non-sterile override matched,EXPIRY_ITEM_TYPE,,
00-00002780,5277-10031,"Tibial Half Block(16°) 10mm, 3#, Left",Chunli Knee,Ժամկետով ապրանքներ,հատ,BATCH_EXPIRY,MEDIUM,NO,1C item_type says expiry-controlled and no non-sterile override matched,EXPIRY_ITEM_TYPE,,
00-00002781,5277-10032,"Tibial Half Block(16°) 10mm, 3#, Right",Chunli Knee,Ժամկետով ապրանքներ,հատ,BATCH_EXPIRY,MEDIUM,NO,1C item_type says expiry-controlled and no non-sterile override matched,EXPIRY_ITEM_TYPE,,
00-00002782,5277-10041,"Tibial Half Block(16°) 10mm, 4#, Left",Chunli Knee,Ժամկետով ապրանքներ,հատ,BATCH_EXPIRY,MEDIUM,NO,1C item_type says expiry-controlled and no non-sterile override matched,EXPIRY_ITEM_TYPE,,
00-00002783,5277-10042,"Tibial Half Block(16°) 10mm, 4#, Right",Chunli Knee,Ժամկետով ապրանքներ,հատ,BATCH_EXPIRY,MEDIUM,NO,1C item_type says expiry-controlled and no non-sterile override matched,EXPIRY_ITEM_TYPE,,
00-00002784,5277-10051,"Tibial Half Block(16°) 10mm, 5#, Left",Chunli Knee,Ժամկետով ապրանքներ,հատ,BATCH_EXPIRY,MEDIUM,NO,1C item_type says expiry-controlled and no non-sterile override matched,EXPIRY_ITEM_TYPE,,
00-00002785,5277-10052,"Tibial Half Block(16°) 10mm, 5#, Right",Chunli Knee,Ժամկետով ապրանքներ,հատ,BATCH_EXPIRY,MEDIUM,NO,1C item_type says expiry-controlled and no non-sterile override matched,EXPIRY_ITEM_TYPE,,
00-00002786,5277-10061,"Tibial Half Block(16°) 10mm, 6#, Left",Chunli Knee,Ժամկետով ապրանքներ,հատ,BATCH_EXPIRY,MEDIUM,NO,1C item_type says expiry-controlled and no non-sterile override matched,EXPIRY_ITEM_TYPE,,
00-00002787,5277-10062,"Tibial Half Block(16°) 10mm, 6#, Right",Chunli Knee,Ժամկետով ապրանքներ,հատ,BATCH_EXPIRY,MEDIUM,NO,1C item_type says expiry-controlled and no non-sterile override matched,EXPIRY_ITEM_TYPE,,
00-00002788,5277-10071,"Tibial Half Block(16°) 10mm, 7#, Left",Chunli Knee,Ժամկետով ապրանքներ,հատ,BATCH_EXPIRY,MEDIUM,NO,1C item_type says expiry-controlled and no non-sterile override matched,EXPIRY_ITEM_TYPE,,
00-00002789,5277-10072,"Tibial Half Block(16°) 10mm, 7#, Right",Chunli Knee,Ժամկետով ապրանքներ,հատ,BATCH_EXPIRY,MEDIUM,NO,1C item_type says expiry-controlled and no non-sterile override matched,EXPIRY_ITEM_TYPE,,
00-00002801,5278-05021,"Tibial Half Block(flat) 5mm, 2#, Left",Chunli Knee,Ժամկետով ապրանքներ,հատ,BATCH_EXPIRY,MEDIUM,NO,1C item_type says expiry-controlled and no non-sterile override matched,EXPIRY_ITEM_TYPE,,
00-00002804,5278-05031,"Tibial Half Block(flat) 5mm, 3#, Left",Chunli Knee,Ժամկետով ապրանքներ,հատ,BATCH_EXPIRY,MEDIUM,NO,1C item_type says expiry-controlled and no non-sterile override matched,EXPIRY_ITEM_TYPE,,
00-00002806,5278-05041,"Tibial Half Block(flat) 5mm, 4#, Left",Chunli Knee,Ժամկետով ապրանքներ,հատ,BATCH_EXPIRY,MEDIUM,NO,1C item_type says expiry-controlled and no non-sterile override matched,EXPIRY_ITEM_TYPE,,
00-00002808,5278-05051,"Tibial Half Block(flat) 5mm, 5#, Left",Chunli Knee,Ժամկետով ապրանքներ,հատ,BATCH_EXPIRY,MEDIUM,NO,1C item_type says expiry-controlled and no non-sterile override matched,EXPIRY_ITEM_TYPE,,
00-00002810,5278-05061,"Tibial Half Block(flat) 5mm, 6#, Left",Chunli Knee,Ժամկետով ապրանքներ,հատ,BATCH_EXPIRY,MEDIUM,NO,1C item_type says expiry-controlled and no non-sterile override matched,EXPIRY_ITEM_TYPE,,
00-00002812,5278-05071,"Tibial Half Block(flat) 5mm, 7#, Left",Chunli Knee,Ժամկետով ապրանքներ,հատ,BATCH_EXPIRY,MEDIUM,NO,1C item_type says expiry-controlled and no non-sterile override matched,EXPIRY_ITEM_TYPE,,
00-00002803,5278-05022,"Tibial Half Block(flat) 5mm, 2#, Right",Chunli Knee,Ժամկետով ապրանքներ,հատ,BATCH_EXPIRY,MEDIUM,NO,1C item_type says expiry-controlled and no non-sterile override matched,EXPIRY_ITEM_TYPE,,
00-00002805,5278-05032,"Tibial Half Block(flat) 5mm, 3#, Right",Chunli Knee,Ժամկետով ապրանքներ,հատ,BATCH_EXPIRY,MEDIUM,NO,1C item_type says expiry-controlled and no non-sterile override matched,EXPIRY_ITEM_TYPE,,
00-00002807,5278-05042,"Tibial Half Block(flat) 5mm, 4#, Right",Chunli Knee,Ժամկետով ապրանքներ,հատ,BATCH_EXPIRY,MEDIUM,NO,1C item_type says expiry-controlled and no non-sterile override matched,EXPIRY_ITEM_TYPE,,
00-00002809,5278-05052,"Tibial Half Block(flat) 5mm, 5#, Right",Chunli Knee,Ժամկետով ապրանքներ,հատ,BATCH_EXPIRY,MEDIUM,NO,1C item_type says expiry-controlled and no non-sterile override matched,EXPIRY_ITEM_TYPE,,
00-00002811,5278-05062,"Tibial Half Block(flat) 5mm, 6#, Right",Chunli Knee,Ժամկետով ապրանքներ,հատ,BATCH_EXPIRY,MEDIUM,NO,1C item_type says expiry-controlled and no non-sterile override matched,EXPIRY_ITEM_TYPE,,
00-00002813,5278-05072,"Tibial Half Block(flat) 5mm, 7#, Right",Chunli Knee,Ժամկետով ապրանքներ,հատ,BATCH_EXPIRY,MEDIUM,NO,1C item_type says expiry-controlled and no non-sterile override matched,EXPIRY_ITEM_TYPE,,
00-00002790,5278-10021,"Tibial Half Block(flat) 10mm, 2#, Left",Chunli Knee,Ժամկետով ապրանքներ,հատ,BATCH_EXPIRY,MEDIUM,NO,1C item_type says expiry-controlled and no non-sterile override matched,EXPIRY_ITEM_TYPE,,
00-00002792,5278-10031,"Tibial Half Block(flat) 10mm, 3#, Left",Chunli Knee,Ժամկետով ապրանքներ,հատ,BATCH_EXPIRY,MEDIUM,NO,1C item_type says expiry-controlled and no non-sterile override matched,EXPIRY_ITEM_TYPE,,
00-00002794,5278-10041,"Tibial Half Block(flat) 10mm, 4#, Left",Chunli Knee,Ժամկետով ապրանքներ,հատ,BATCH_EXPIRY,MEDIUM,NO,1C item_type says expiry-controlled and no non-sterile override matched,EXPIRY_ITEM_TYPE,,
00-00002796,5278-10051,"Tibial Half Block(flat) 10mm, 5#, Left",Chunli Knee,Ժամկետով ապրանքներ,հատ,BATCH_EXPIRY,MEDIUM,NO,1C item_type says expiry-controlled and no non-sterile override matched,EXPIRY_ITEM_TYPE,,
00-00002798,5278-10061,"Tibial Half Block(flat) 10mm, 6#, Left",Chunli Knee,Ժամկետով ապրանքներ,հատ,BATCH_EXPIRY,MEDIUM,NO,1C item_type says expiry-controlled and no non-sterile override matched,EXPIRY_ITEM_TYPE,,
00-00002800,5278-10071,"Tibial Half Block(flat) 10mm, 7#, Left",Chunli Knee,Ժամկետով ապրանքներ,հատ,BATCH_EXPIRY,MEDIUM,NO,1C item_type says expiry-controlled and no non-sterile override matched,EXPIRY_ITEM_TYPE,,
00-00002791,5278-10022,"Tibial Half Block(flat) 10mm, 2#, Right",Chunli Knee,Ժամկետով ապրանքներ,հատ,BATCH_EXPIRY,MEDIUM,NO,1C item_type says expiry-controlled and no non-sterile override matched,EXPIRY_ITEM_TYPE,,
00-00002793,5278-10032,"Tibial Half Block(flat) 10mm, 3#, Right",Chunli Knee,Ժամկետով ապրանքներ,հատ,BATCH_EXPIRY,MEDIUM,NO,1C item_type says expiry-controlled and no non-sterile override matched,EXPIRY_ITEM_TYPE,,
00-00002795,5278-10042,"Tibial Half Block(flat) 10mm, 4#, Right",Chunli Knee,Ժամկետով ապրանքներ,հատ,BATCH_EXPIRY,MEDIUM,NO,1C item_type says expiry-controlled and no non-sterile override matched,EXPIRY_ITEM_TYPE,,
00-00002797,5278-10052,"Tibial Half Block(flat) 10mm, 5#, Right",Chunli Knee,Ժամկետով ապրանքներ,հատ,BATCH_EXPIRY,MEDIUM,NO,1C item_type says expiry-controlled and no non-sterile override matched,EXPIRY_ITEM_TYPE,,
00-00002799,5278-10062,"Tibial Half Block(flat) 10mm, 6#, Right",Chunli Knee,Ժամկետով ապրանքներ,հատ,BATCH_EXPIRY,MEDIUM,NO,1C item_type says expiry-controlled and no non-sterile override matched,EXPIRY_ITEM_TYPE,,
00-00002802,5278-10072,"Tibial Half Block(flat) 10mm, 7#, Right",Chunli Knee,Ժամկետով ապրանքներ,հատ,BATCH_EXPIRY,MEDIUM,NO,1C item_type says expiry-controlled and no non-sterile override matched,EXPIRY_ITEM_TYPE,,
00-00002766,5276-12021,"Tibial Full Bloack(7°) 12mm, 2#, Left",Chunli Knee,Ժամկետով ապրանքներ,հատ,BATCH_EXPIRY,MEDIUM,NO,1C item_type says expiry-controlled and no non-sterile override matched,EXPIRY_ITEM_TYPE,,
00-00002768,5276-12031,"Tibial Full Bloack(7°) 12mm, 3#, Left",Chunli Knee,Ժամկետով ապրանքներ,հատ,BATCH_EXPIRY,MEDIUM,NO,1C item_type says expiry-controlled and no non-sterile override matched,EXPIRY_ITEM_TYPE,,
00-00002770,5276-12041,"Tibial Full Bloack(7°) 12mm, 4#, Left",Chunli Knee,Ժամկետով ապրանքներ,հատ,BATCH_EXPIRY,MEDIUM,NO,1C item_type says expiry-controlled and no non-sterile override matched,EXPIRY_ITEM_TYPE,,
00-00002772,5276-12051,"Tibial Full Bloack(7°) 12mm, 5#, Left",Chunli Knee,Ժամկետով ապրանքներ,հատ,BATCH_EXPIRY,MEDIUM,NO,1C item_type says expiry-controlled and no non-sterile override matched,EXPIRY_ITEM_TYPE,,
00-00002774,5276-12061,"Tibial Full Bloack(7°) 12mm, 6#, Left",Chunli Knee,Ժամկետով ապրանքներ,հատ,BATCH_EXPIRY,MEDIUM,NO,1C item_type says expiry-controlled and no non-sterile override matched,EXPIRY_ITEM_TYPE,,
00-00002776,5276-12071,"Tibial Full Bloack(7°) 12mm, 7#, Left",Chunli Knee,Ժամկետով ապրանքներ,հատ,BATCH_EXPIRY,MEDIUM,NO,1C item_type says expiry-controlled and no non-sterile override matched,EXPIRY_ITEM_TYPE,,
00-00002767,5276-12022,"Tibial Full Bloack(7°) 12mm, 2#, Right",Chunli Knee,Ժամկետով ապրանքներ,հատ,BATCH_EXPIRY,MEDIUM,NO,1C item_type says expiry-controlled and no non-sterile override matched,EXPIRY_ITEM_TYPE,,
00-00002769,5276-12032,"Tibial Full Bloack(7°) 12mm, 3#, Right",Chunli Knee,Ժամկետով ապրանքներ,հատ,BATCH_EXPIRY,MEDIUM,NO,1C item_type says expiry-controlled and no non-sterile override matched,EXPIRY_ITEM_TYPE,,
00-00002771,5276-12042,"Tibial Full Bloack(7°) 12mm, 4#, Right",Chunli Knee,Ժամկետով ապրանքներ,հատ,BATCH_EXPIRY,MEDIUM,NO,1C item_type says expiry-controlled and no non-sterile override matched,EXPIRY_ITEM_TYPE,,
00-00002773,5276-12052,"Tibial Full Bloack(7°) 12mm, 5#, Right",Chunli Knee,Ժամկետով ապրանքներ,հատ,BATCH_EXPIRY,MEDIUM,NO,1C item_type says expiry-controlled and no non-sterile override matched,EXPIRY_ITEM_TYPE,,
00-00002775,5276-12062,"Tibial Full Bloack(7°) 12mm, 6#, Right",Chunli Knee,Ժամկետով ապրանքներ,հատ,BATCH_EXPIRY,MEDIUM,NO,1C item_type says expiry-controlled and no non-sterile override matched,EXPIRY_ITEM_TYPE,,
00-00002777,5276-12072,"Tibial Full Bloack(7°) 12mm, 7#, Right",Chunli Knee,Ժամկետով ապրանքներ,հատ,BATCH_EXPIRY,MEDIUM,NO,1C item_type says expiry-controlled and no non-sterile override matched,EXPIRY_ITEM_TYPE,,
00-00002765,5279-53350,M5 Fasten Screw 33.5mm,Chunli Knee,Ժամկետով ապրանքներ,հատ,BATCH_EXPIRY,LOW,NO,Chunli/Permedica/Just screw requires expiry,SCREW;STERILE_SCREW_BRAND,,
00-00002838,5270-01021,Femoral Condyle-XN(R-CCK) 2L#,Chunli Knee,Ժամկետով ապրանքներ,հատ,BATCH_EXPIRY,MEDIUM,NO,1C item_type says expiry-controlled and no non-sterile override matched,EXPIRY_ITEM_TYPE,,
00-00002839,5270-01022,Femoral Condyle-XN(R-CCK) 2R#,Chunli Knee,Ժամկետով ապրանքներ,հատ,BATCH_EXPIRY,MEDIUM,NO,1C item_type says expiry-controlled and no non-sterile override matched,EXPIRY_ITEM_TYPE,,
00-00002840,5270-01031,Femoral Condyle-XN(R-CCK) 3L#,Chunli Knee,Ժամկետով ապրանքներ,հատ,BATCH_EXPIRY,MEDIUM,NO,1C item_type says expiry-controlled and no non-sterile override matched,EXPIRY_ITEM_TYPE,,
00-00002841,5270-01032,Femoral Condyle-XN(R-CCK) 3R#,Chunli Knee,Ժամկետով ապրանքներ,հատ,BATCH_EXPIRY,MEDIUM,NO,1C item_type says expiry-controlled and no non-sterile override matched,EXPIRY_ITEM_TYPE,,
00-00002842,5270-01041,Femoral Condyle-XN(R-CCK) 4L#,Chunli Knee,Ժամկետով ապրանքներ,հատ,BATCH_EXPIRY,MEDIUM,NO,1C item_type says expiry-controlled and no non-sterile override matched,EXPIRY_ITEM_TYPE,,
00-00002843,5270-01042,Femoral Condyle-XN(R-CCK) 4R#,Chunli Knee,Ժամկետով ապրանքներ,հատ,BATCH_EXPIRY,MEDIUM,NO,1C item_type says expiry-controlled and no non-sterile override matched,EXPIRY_ITEM_TYPE,,
00-00002844,5270-01051,Femoral Condyle-XN(R-CCK) 5L#,Chunli Knee,Ժամկետով ապրանքներ,հատ,BATCH_EXPIRY,MEDIUM,NO,1C item_type says expiry-controlled and no non-sterile override matched,EXPIRY_ITEM_TYPE,,
00-00002845,5270-01052,Femoral Condyle-XN(R-CCK) 5R#,Chunli Knee,Ժամկետով ապրանքներ,հատ,BATCH_EXPIRY,MEDIUM,NO,1C item_type says expiry-controlled and no non-sterile override matched,EXPIRY_ITEM_TYPE,,
00-00002846,5270-01061,Femoral Condyle-XN(R-CCK) 6L#,Chunli Knee,Ժամկետով ապրանքներ,հատ,BATCH_EXPIRY,MEDIUM,NO,1C item_type says expiry-controlled and no non-sterile override matched,EXPIRY_ITEM_TYPE,,
00-00002847,5270-01062,Femoral Condyle-XN(R-CCK) 6R#,Chunli Knee,Ժամկետով ապրանքներ,հատ,BATCH_EXPIRY,MEDIUM,NO,1C item_type says expiry-controlled and no non-sterile override matched,EXPIRY_ITEM_TYPE,,
00-00002848,5270-01071,Femoral Condyle-XN(R-CCK) 7L#,Chunli Knee,Ժամկետով ապրանքներ,հատ,BATCH_EXPIRY,MEDIUM,NO,1C item_type says expiry-controlled and no non-sterile override matched,EXPIRY_ITEM_TYPE,,
00-00002849,5270-01072,Femoral Condyle-XN(R-CCK) 7R#,Chunli Knee,Ժամկետով ապրանքներ,հատ,BATCH_EXPIRY,MEDIUM,NO,1C item_type says expiry-controlled and no non-sterile override matched,EXPIRY_ITEM_TYPE,,
00-00002851,5272-05023,Augment of distal condylar 2#-5mm,Chunli Knee,Ժամկետով ապրանքներ,հատ,BATCH_EXPIRY,MEDIUM,NO,1C item_type says expiry-controlled and no non-sterile override matched,EXPIRY_ITEM_TYPE,,
00-00002850,5272-10023,Augment of distal condylar 2#-10mm,Chunli Knee,Ժամկետով ապրանքներ,հատ,BATCH_EXPIRY,MEDIUM,NO,1C item_type says expiry-controlled and no non-sterile override matched,EXPIRY_ITEM_TYPE,,
00-00002852,5272-05033,Augment of distal condylar 3#-5mm,Chunli Knee,Ժամկետով ապրանքներ,հատ,BATCH_EXPIRY,MEDIUM,NO,1C item_type says expiry-controlled and no non-sterile override matched,EXPIRY_ITEM_TYPE,,
00-00002854,5272-05043,Augment of distal condylar 4#-5mm,Chunli Knee,Ժամկետով ապրանքներ,հատ,BATCH_EXPIRY,MEDIUM,NO,1C item_type says expiry-controlled and no non-sterile override matched,EXPIRY_ITEM_TYPE,,
00-00002853,5272-10043,Augment of distal condylar 4#-10mm,Chunli Knee,Ժամկետով ապրանքներ,հատ,BATCH_EXPIRY,MEDIUM,NO,1C item_type says expiry-controlled and no non-sterile override matched,EXPIRY_ITEM_TYPE,,
00-00002856,5272-05053,Augment of distal condylar 5#-5mm,Chunli Knee,Ժամկետով ապրանքներ,հատ,BATCH_EXPIRY,MEDIUM,NO,1C item_type says expiry-controlled and no non-sterile override matched,EXPIRY_ITEM_TYPE,,
00-00002855,5272-10053,Augment of distal condylar 5#-10mm,Chunli Knee,Ժամկետով ապրանքներ,հատ,BATCH_EXPIRY,MEDIUM,NO,1C item_type says expiry-controlled and no non-sterile override matched,EXPIRY_ITEM_TYPE,,
00-00002858,5272-05063,Augment of distal condylar 6#-5mm,Chunli Knee,Ժամկետով ապրանքներ,հատ,BATCH_EXPIRY,MEDIUM,NO,1C item_type says expiry-controlled and no non-sterile override matched,EXPIRY_ITEM_TYPE,,
00-00002857,5272-10063,Augment of distal condylar 6#-10mm,Chunli Knee,Ժամկետով ապրանքներ,հատ,BATCH_EXPIRY,MEDIUM,NO,1C item_type says expiry-controlled and no non-sterile override matched,EXPIRY_ITEM_TYPE,,
00-00002860,5272-05073,Augment of distal condylar 7#-5mm,Chunli Knee,Ժամկետով ապրանքներ,հատ,BATCH_EXPIRY,MEDIUM,NO,1C item_type says expiry-controlled and no non-sterile override matched,EXPIRY_ITEM_TYPE,,
00-00002859,5272-10073,Augment of distal condylar 7#-10mm,Chunli Knee,Ժամկետով ապրանքներ,հատ,BATCH_EXPIRY,MEDIUM,NO,1C item_type says expiry-controlled and no non-sterile override matched,EXPIRY_ITEM_TYPE,,
00-00002862,5272-05024,Augment of posterior condylar 2#-5mm,Chunli Knee,Ժամկետով ապրանքներ,հատ,BATCH_EXPIRY,MEDIUM,NO,1C item_type says expiry-controlled and no non-sterile override matched,EXPIRY_ITEM_TYPE,,
00-00002861,5272-10024,Augment of posterior condylar 2#-10mm,Chunli Knee,Ժամկետով ապրանքներ,հատ,BATCH_EXPIRY,MEDIUM,NO,1C item_type says expiry-controlled and no non-sterile override matched,EXPIRY_ITEM_TYPE,,
00-00002864,5272-05034,Augment of posterior condylar 3#-5mm,Chunli Knee,Ժամկետով ապրանքներ,հատ,BATCH_EXPIRY,MEDIUM,NO,1C item_type says expiry-controlled and no non-sterile override matched,EXPIRY_ITEM_TYPE,,
00-00002863,5272-05044,Augment of posterior condylar 3#-10mm,Chunli Knee,Ժամկետով ապրանքներ,հատ,BATCH_EXPIRY,MEDIUM,NO,1C item_type says expiry-controlled and no non-sterile override matched,EXPIRY_ITEM_TYPE,,
00-00002865,5272-10044,Augment of posterior condylar 4#-5mm,Chunli Knee,Ժամկետով ապրանքներ,հատ,BATCH_EXPIRY,MEDIUM,NO,1C item_type says expiry-controlled and no non-sterile override matched,EXPIRY_ITEM_TYPE,,
00-00002867,5272-05054,Augment of posterior condylar 5#-5mm,Chunli Knee,Ժամկետով ապրանքներ,հատ,BATCH_EXPIRY,MEDIUM,NO,1C item_type says expiry-controlled and no non-sterile override matched,EXPIRY_ITEM_TYPE,,
00-00002866,5272-10054,Augment of posterior condylar 5#-10mm,Chunli Knee,Ժամկետով ապրանքներ,հատ,BATCH_EXPIRY,MEDIUM,NO,1C item_type says expiry-controlled and no non-sterile override matched,EXPIRY_ITEM_TYPE,,
00-00002869,5272-05064,Augment of posterior condylar 6#-5mm,Chunli Knee,Ժամկետով ապրանքներ,հատ,BATCH_EXPIRY,MEDIUM,NO,1C item_type says expiry-controlled and no non-sterile override matched,EXPIRY_ITEM_TYPE,,
00-00002868,5272-10064,Augment of posterior condylar 6#-10mm,Chunli Knee,Ժամկետով ապրանքներ,հատ,BATCH_EXPIRY,MEDIUM,NO,1C item_type says expiry-controlled and no non-sterile override matched,EXPIRY_ITEM_TYPE,,
00-00002871,5272-05074,Augment of posterior condylar 7#-5mm,Chunli Knee,Ժամկետով ապրանքներ,հատ,BATCH_EXPIRY,MEDIUM,NO,1C item_type says expiry-controlled and no non-sterile override matched,EXPIRY_ITEM_TYPE,,
00-00002870,5272-10074,Augment of posterior condylar 7#-10mm,Chunli Knee,Ժամկետով ապրանքներ,հատ,BATCH_EXPIRY,MEDIUM,NO,1C item_type says expiry-controlled and no non-sterile override matched,EXPIRY_ITEM_TYPE,,
00-00002872,5279-00600,Screw for tibial part - M5 6mm,Chunli Knee,Ժամկետով ապրանքներ,հատ,BATCH_EXPIRY,LOW,NO,Chunli/Permedica/Just screw requires expiry,SCREW;STERILE_SCREW_BRAND,,
00-00002873,5279-00700,Screw for tibial part - M5 7mm,Chunli Knee,Ժամկետով ապրանքներ,հատ,BATCH_EXPIRY,LOW,NO,Chunli/Permedica/Just screw requires expiry,SCREW;STERILE_SCREW_BRAND,,
00-00002874,10004.2,CHUNLI Hip Instrument Set N4/2,CHUNLI,Հատ,հատ,REF_ONLY,HIGH,YES,Set/kit/instrument/tool is non-sterile; verify because item also looks expiry/sterile,NON_STERILE_TOOLING,,
00-00002875,10004.1,CHUNLI Hip Instrument Set N4/1,CHUNLI,Հատ,հատ,REF_ONLY,HIGH,YES,Set/kit/instrument/tool is non-sterile; verify because item also looks expiry/sterile,NON_STERILE_TOOLING,,
00-00002876,1025.2,Femur BO nail2,Instruments,Հատ,հատ,REF_ONLY,MEDIUM,NO,No sterile indicators matched,,,
00-00002883,BOI.115.65.S,"Cannulated Screw 6.5mm,65mm (32mm thread)S.S",Screws,Հատ,հատ,REF_ONLY,LOW,NO,Usual screw is non-sterile REF-only,SCREW,,
00-00002882,BOI.115.70.S,"Cannulated Screw 6.5mm,70mm (32mm thread)S.S",Screws,Հատ,հատ,REF_ONLY,LOW,NO,Usual screw is non-sterile REF-only,SCREW,,
00-00002881,BOI.115.75.S,"Cannulated Screw 6.5mm,75mm (32mm thread)S.S",Screws,Հատ,հատ,REF_ONLY,LOW,NO,Usual screw is non-sterile REF-only,SCREW,,
00-00002880,BOI.115.80.S,"Cannulated Screw 6.5mm,80mm (32mm thread)S.S",Screws,Հատ,հատ,REF_ONLY,LOW,NO,Usual screw is non-sterile REF-only,SCREW,,
00-00002879,BOI.115.85.S,"Cannulated Screw 6.5mm,85mm (32mm thread)S.S",Screws,Հատ,հատ,REF_ONLY,LOW,NO,Usual screw is non-sterile REF-only,SCREW,,
00-00002878,BOI.115.90.S,"Cannulated Screw 6.5mm,90mm (32mm thread)S.S",Screws,Հատ,հատ,REF_ONLY,LOW,NO,Usual screw is non-sterile REF-only,SCREW,,
00-00002877,BOI.115.95.S,"Cannulated Screw 6.5mm,95mm (32mm thread)S.S",Screws,Հատ,հատ,REF_ONLY,LOW,NO,Usual screw is non-sterile REF-only,SCREW,,
00-00002886,BOI.115.100.S,"Cannulated Screw 6.5mm,100mm (32mm thread)S.S",Screws,Հատ,հատ,REF_ONLY,LOW,NO,Usual screw is non-sterile REF-only,SCREW,,
00-00002885,BOI.115.105.S,"Cannulated Screw 6.5mm,105mm (32mm thread)S.S",Screws,Հատ,հատ,REF_ONLY,LOW,NO,Usual screw is non-sterile REF-only,SCREW,,
00-00002884,BOI.115.110.S,"Cannulated Screw 6.5mm,110mm (32mm thread)S.S",Screws,Հատ,հատ,REF_ONLY,LOW,NO,Usual screw is non-sterile REF-only,SCREW,,
00-00002887,BOI.115.30.Ti,"Cannulated Screw 6.5mm,30mm (32mm thread)Ti",Screws,Հատ,հատ,REF_ONLY,LOW,NO,Usual screw is non-sterile REF-only,SCREW,,
00-00002888,BOI.115.35.Ti,"Cannulated Screw 6.5mm,35mm (32mm thread)Ti",Screws,Հատ,հատ,REF_ONLY,LOW,NO,Usual screw is non-sterile REF-only,SCREW,,
00-00002889,BOI.115.40.Ti,"Cannulated Screw 6.5mm,40mm (32mm thread)Ti",Screws,Հատ,հատ,REF_ONLY,LOW,NO,Usual screw is non-sterile REF-only,SCREW,,
00-00002890,BOI.115.45.Ti,"Cannulated Screw 6.5mm,45mm (32mm thread)Ti",Screws,Հատ,հատ,REF_ONLY,LOW,NO,Usual screw is non-sterile REF-only,SCREW,,
00-00002891,BOI.115.50.Ti,"Cannulated Screw 6.5mm,50mm (32mm thread)Ti",Screws,Հատ,հատ,REF_ONLY,LOW,NO,Usual screw is non-sterile REF-only,SCREW,,
00-00002892,BOI.115.55.Ti,"Cannulated Screw 6.5mm,55mm (32mm thread)Ti",Screws,Հատ,հատ,REF_ONLY,LOW,NO,Usual screw is non-sterile REF-only,SCREW,,
00-00002893,BOI.115.60.Ti,"Cannulated Screw 6.5mm,60mm (32mm thread)Ti",Screws,Հատ,հատ,REF_ONLY,LOW,NO,Usual screw is non-sterile REF-only,SCREW,,
00-00002894,BOI.115.65.Ti,"Cannulated Screw 6.5mm,65mm (32mm thread)Ti",Screws,Հատ,հատ,REF_ONLY,LOW,NO,Usual screw is non-sterile REF-only,SCREW,,
00-00002895,BOI.115.70.Ti,"Cannulated Screw 6.5mm,70mm (32mm thread)Ti",Screws,Հատ,հատ,REF_ONLY,LOW,NO,Usual screw is non-sterile REF-only,SCREW,,
00-00002896,BOI.115.75.Ti,"Cannulated Screw 6.5mm,75mm (32mm thread)Ti",Screws,Հատ,հատ,REF_ONLY,LOW,NO,Usual screw is non-sterile REF-only,SCREW,,
00-00002897,BOI.115.80.Ti,"Cannulated Screw 6.5mm,80mm (32mm thread)Ti",Screws,Հատ,հատ,REF_ONLY,LOW,NO,Usual screw is non-sterile REF-only,SCREW,,
00-00002898,BOI.115.85.Ti,"Cannulated Screw 6.5mm,85mm (32mm thread)Ti",Screws,Հատ,հատ,REF_ONLY,LOW,NO,Usual screw is non-sterile REF-only,SCREW,,
00-00002899,BOI.115.90.Ti,"Cannulated Screw 6.5mm,90mm (32mm thread)Ti",Screws,Հատ,հատ,REF_ONLY,LOW,NO,Usual screw is non-sterile REF-only,SCREW,,
00-00002900,BOI.115.95.Ti,"Cannulated Screw 6.5mm,95mm (32mm thread)Ti",Screws,Հատ,հատ,REF_ONLY,LOW,NO,Usual screw is non-sterile REF-only,SCREW,,
00-00002901,BOI.115.100.Ti,"Cannulated Screw 6.5mm,100mm (32mm thread)Ti",Screws,Հատ,հատ,REF_ONLY,LOW,NO,Usual screw is non-sterile REF-only,SCREW,,
00-00002902,BOI.115.105.Ti,"Cannulated Screw 6.5mm,105mm (32mm thread)Ti",Screws,Հատ,հատ,REF_ONLY,LOW,NO,Usual screw is non-sterile REF-only,SCREW,,
00-00002903,BOI.115.110.Ti,"Cannulated Screw 6.5mm,110mm (32mm thread)Ti",Screws,Հատ,հատ,REF_ONLY,LOW,NO,Usual screw is non-sterile REF-only,SCREW,,
00-00002904,BOI.106.65.S,"Cannulated Screw DIA. 4.0mm,65mm (short Thread) S.S",Screws,Հատ,հատ,REF_ONLY,LOW,NO,Usual screw is non-sterile REF-only,SCREW,,
00-00002905,BOI.106.70.S,"Cannulated Screw DIA. 4.0mm,70mm (short Thread) S.S",Screws,Հատ,հատ,REF_ONLY,LOW,NO,Usual screw is non-sterile REF-only,SCREW,,
00-00002906,BOI.106.75.S,"Cannulated Screw DIA. 4.0mm,75mm (short Thread) S.S",Screws,Հատ,հատ,REF_ONLY,LOW,NO,Usual screw is non-sterile REF-only,SCREW,,
00-00002907,BOI.106.30.Ti,"Cannulated Screw DIA. 4.0mm,30mm (short Thread) Ti",Screws,Հատ,հատ,REF_ONLY,LOW,NO,Usual screw is non-sterile REF-only,SCREW,,
00-00002908,BOI.106.35.Ti,"Cannulated Screw DIA. 4.0mm,35mm (short Thread) Ti",Screws,Հատ,հատ,REF_ONLY,LOW,NO,Usual screw is non-sterile REF-only,SCREW,,
00-00002909,BOI.106.40.Ti,"Cannulated Screw DIA. 4.0mm,40mm (short Thread) Ti",Screws,Հատ,հատ,REF_ONLY,LOW,NO,Usual screw is non-sterile REF-only,SCREW,,
00-00002910,BOI.106.45.Ti,"Cannulated Screw DIA. 4.0mm,45mm (short Thread) Ti",Screws,Հատ,հատ,REF_ONLY,LOW,NO,Usual screw is non-sterile REF-only,SCREW,,
00-00002911,BOI.106.50.Ti,"Cannulated Screw DIA. 4.0mm,50mm (short Thread) Ti",Screws,Հատ,հատ,REF_ONLY,LOW,NO,Usual screw is non-sterile REF-only,SCREW,,
00-00002912,BOI.106.55.Ti,"Cannulated Screw DIA. 4.0mm,55mm (short Thread) Ti",Screws,Հատ,հատ,REF_ONLY,LOW,NO,Usual screw is non-sterile REF-only,SCREW,,
00-00002913,BOI.106.60.Ti,"Cannulated Screw DIA. 4.0mm,60mm (short Thread) Ti",Screws,Հատ,հատ,REF_ONLY,LOW,NO,Usual screw is non-sterile REF-only,SCREW,,
00-00002914,BOI.106.65.Ti,"Cannulated Screw DIA. 4.0mm,65mm (short Thread) Ti",Screws,Հատ,հատ,REF_ONLY,LOW,NO,Usual screw is non-sterile REF-only,SCREW,,
00-00002915,BOI.106.70.Ti,"Cannulated Screw DIA. 4.0mm,70mm (short Thread) Ti",Screws,Հատ,հատ,REF_ONLY,LOW,NO,Usual screw is non-sterile REF-only,SCREW,,
00-00002916,BOI.106.75.Ti,"Cannulated Screw DIA. 4.0mm,75mm (short Thread) Ti",Screws,Հատ,հատ,REF_ONLY,LOW,NO,Usual screw is non-sterile REF-only,SCREW,,
00-00002917,BO.149.23.T,"Anterior cervical plate - II SYS Ti, 23mm",Plates,Հատ,հատ,REF_ONLY,LOW,NO,All plates are non-sterile REF-only,PLATE,,
00-00002918,BO.149.25.T,"Anterior cervical plate - II SYS Ti, 25mm",Plates,Հատ,հատ,REF_ONLY,LOW,NO,All plates are non-sterile REF-only,PLATE,,
00-00002919,BO.149.27.T,"Anterior cervical plate - II SYS Ti, 27mm",Plates,Հատ,հատ,REF_ONLY,LOW,NO,All plates are non-sterile REF-only,PLATE,,
00-00002920,BO.149.29.T,"Anterior cervical plate - II SYS Ti, 29mm",Plates,Հատ,հատ,REF_ONLY,LOW,NO,All plates are non-sterile REF-only,PLATE,,
00-00002921,BO.149.32.T,"Anterior cervical plate - II SYS Ti, 32mm",Plates,Հատ,հատ,REF_ONLY,LOW,NO,All plates are non-sterile REF-only,PLATE,,
00-00002922,BO.149.35.T,"Anterior cervical plate - II SYS Ti, 35mm",Plates,Հատ,հատ,REF_ONLY,LOW,NO,All plates are non-sterile REF-only,PLATE,,
00-00002923,BO.149.38.T,"Anterior cervical plate - II SYS Ti, 38mm",Plates,Հատ,հատ,REF_ONLY,LOW,NO,All plates are non-sterile REF-only,PLATE,,
00-00002924,BO.149.41.T,"Anterior cervical plate - II SYS Ti, 41mm",Plates,Հատ,հատ,REF_ONLY,LOW,NO,All plates are non-sterile REF-only,PLATE,,
00-00002925,BO.149.44.T,"Anterior cervical plate - II SYS Ti, 44mm",Plates,Հատ,հատ,REF_ONLY,LOW,NO,All plates are non-sterile REF-only,PLATE,,
00-00002926,BO.149.47.T,"Anterior cervical plate - II SYS Ti, 47mm",Plates,Հատ,հատ,REF_ONLY,LOW,NO,All plates are non-sterile REF-only,PLATE,,
00-00002927,BO.149.50.T,"Anterior cervical plate - II SYS Ti, 50mm",Plates,Հատ,հատ,REF_ONLY,LOW,NO,All plates are non-sterile REF-only,PLATE,,
00-00002928,BO.149.53.T,"Anterior cervical plate - II SYS Ti, 53mm",Plates,Հատ,հատ,REF_ONLY,LOW,NO,All plates are non-sterile REF-only,PLATE,,
00-00002929,BO.143.16.T,"TI ANTERIOR CERVICAL SCREW DIA. 4,0MM, LENGTH 16MM",Plates,Հատ,հատ,REF_ONLY,LOW,NO,All plates are non-sterile REF-only,PLATE,,
00-00002930,BO.143.18.T,"TI ANTERIOR CERVICAL SCREW DIA. 4,0MM, LENGTH 18MM",Plates,Հատ,հատ,REF_ONLY,LOW,NO,All plates are non-sterile REF-only,PLATE,,
00-00002931,BO.501.04,CLAVICAL SUPERIOR ANTERIOR DIVIDE LOCKING PLATE WITH LATERAL EXTENSION LEFT - 4h,Plates,Հատ,հատ,REF_ONLY,LOW,NO,All plates are non-sterile REF-only,PLATE,,
00-00002932,BO.501.05,CLAVICAL SUPERIOR ANTERIOR DIVIDE LOCKING PLATE WITH LATERAL EXTENSION LEFT  - 5h,Plates,Հատ,հատ,REF_ONLY,LOW,NO,All plates are non-sterile REF-only,PLATE,,
00-00002933,BO.501.06,CLAVICAL SUPERIOR ANTERIOR DIVIDE LOCKING PLATE WITH LATERAL EXTENSION LEFT - 6h,Plates,Հատ,հատ,REF_ONLY,LOW,NO,All plates are non-sterile REF-only,PLATE,,
00-00002934,BO.502.04,CLAVICAL SUPERIOR ANTERIOR DIVIDE LOCKING PLATE WITH LATERAL EXTENSION RIGHT - 4h,Plates,Հատ,հատ,REF_ONLY,LOW,NO,All plates are non-sterile REF-only,PLATE,,
00-00002935,BO.502.05,CLAVICAL SUPERIOR ANTERIOR DIVIDE LOCKING PLATE WITH LATERAL EXTENSION RIGHT - 5h,Plates,Հատ,հատ,REF_ONLY,LOW,NO,All plates are non-sterile REF-only,PLATE,,
00-00002936,BO.502.06,CLAVICAL SUPERIOR ANTERIOR - DIVIDE LOCKING PLATE WITH LATERAL EXTENSION RIGHT - 6h,Plates,Հատ,հատ,REF_ONLY,LOW,NO,All plates are non-sterile REF-only,PLATE,,
00-00002937,BO.06.710.25.S,"BOMBAY, S.S. CAP FOR (SY) FEMUR NAIL",BOMBAY,Հատ,հատ,REF_ONLY,LOW,NO,All nails are non-sterile REF-only,NAIL,,
00-00002938,BOI.152.72.S,"BOMBAY, InterLocking Bolt 4.9x72mm, S.S",BOMBAY,Հատ,հատ,REF_ONLY,MEDIUM,NO,No sterile indicators matched,,,
00-00002939,BOI.152.72.T,"BOMBAY, InterLocking Bolt 4.9x72mm, Ti",BOMBAY,Հատ,հատ,REF_ONLY,MEDIUM,NO,No sterile indicators matched,,,
00-00002940,BOI.237.16,"16G  / 1,65mm * 3metr",BOMBAY,Հատ,հատ,REF_ONLY,MEDIUM,NO,No sterile indicators matched,,,
00-00002941,BOI.237.18,"18G  / 1,25mm * 3metr",BOMBAY,Հատ,հատ,REF_ONLY,MEDIUM,NO,No sterile indicators matched,,,
00-00002942,BOI.237.20,"20G / 0,9mm * 3metr",BOMBAY,Հատ,հատ,REF_ONLY,MEDIUM,NO,No sterile indicators matched,,,
00-00002943,BOI.237.22,"22G  / 0,7mm * 3metr",BOMBAY,Հատ,հատ,REF_ONLY,MEDIUM,NO,No sterile indicators matched,,,
00-00002944,BOI.237.24,"24G  / 0,5mm * 3metr",BOMBAY,Հատ,հատ,REF_ONLY,MEDIUM,NO,No sterile indicators matched,,,
00-00002945,BOI.237.26,"26G  / 0,45mm * 3metr",BOMBAY,Հատ,հատ,REF_ONLY,MEDIUM,NO,No sterile indicators matched,,,
00-00002946,BO.04.389.T,End Cup for TTC nail,,Հատ,հատ,REF_ONLY,LOW,NO,All nails are non-sterile REF-only,NAIL,,
00-00002947,BO.9912.15.T,Reconstruction Locking Plate 3.5mm Dynamic hole 15h Ti,Plates,Հատ,հատ,REF_ONLY,LOW,NO,All plates are non-sterile REF-only,PLATE,,
00-00002948,Bo.182 T,"Radial Head LCP RIM plate 2,4mm  2H",BOMBAY,Հատ,հատ,REF_ONLY,LOW,NO,All plates are non-sterile REF-only,PLATE,,
00-00002949,Bo.182 T,"Radial Head LCP RIM plate 2,4mm  3H",BOMBAY,Հատ,հատ,REF_ONLY,LOW,NO,All plates are non-sterile REF-only,PLATE,,
00-00002950,Bo.182 T,"Radial Head LCP RIM plate 2,4mm  4H",BOMBAY,Հատ,հատ,REF_ONLY,LOW,NO,All plates are non-sterile REF-only,PLATE,,
00-00002951,Bo.182 T,"Radial Head LCP RIM plate 2,4mm  5H",BOMBAY,Հատ,հատ,REF_ONLY,LOW,NO,All plates are non-sterile REF-only,PLATE,,
00-00002952,Bo.182 T,"Radial Head LCP RIM plate 2,4mm  6H",BOMBAY,Հատ,հատ,REF_ONLY,LOW,NO,All plates are non-sterile REF-only,PLATE,,
00-00002953,Bo.182 T,"Radial Head LCP RIM plate 2,4mm  7H",BOMBAY,Հատ,հատ,REF_ONLY,LOW,NO,All plates are non-sterile REF-only,PLATE,,
00-00002954,Bo.183 T,"Radial Head LCP 2,4mm Right 2H",BOMBAY,Հատ,հատ,REF_ONLY,LOW,NO,All plates are non-sterile REF-only,PLATE,,
00-00002955,Bo.183 T,"Radial Head LCP 2,4mm Right 3H",BOMBAY,Հատ,հատ,REF_ONLY,LOW,NO,All plates are non-sterile REF-only,PLATE,,
00-00002956,Bo.183 T,"Radial Head LCP 2,4mm Right 4H",BOMBAY,Հատ,հատ,REF_ONLY,LOW,NO,All plates are non-sterile REF-only,PLATE,,
00-00002957,Bo.183 T,"Radial Head LCP 2,4mm Left 2H",BOMBAY,Հատ,հատ,REF_ONLY,LOW,NO,All plates are non-sterile REF-only,PLATE,,
00-00002958,Bo.183 T,"Radial Head LCP 2,4mm Left 3H",BOMBAY,Հատ,հատ,REF_ONLY,LOW,NO,All plates are non-sterile REF-only,PLATE,,
00-00002959,Bo.183 T,"Radial Head LCP 2,4mm Left 4H",BOMBAY,Հատ,հատ,REF_ONLY,LOW,NO,All plates are non-sterile REF-only,PLATE,,
00-00002960,BO.531,"Ankle and Foot bone (First MTP Fusion plate 5), medium",BOMBAY,Հատ,հատ,REF_ONLY,LOW,NO,All plates are non-sterile REF-only,PLATE,,
00-00002961,BO.532,"Ankle and Foot bone (First TMT Fusion ), standard",BOMBAY,Հատ,հատ,REF_ONLY,MEDIUM,NO,No sterile indicators matched,,,
00-00002962,BOI.533,Ankle and Foot bone (second TMT Fusion ),BOMBAY,Հատ,հատ,REF_ONLY,MEDIUM,NO,No sterile indicators matched,,,
00-00002963,BOI.537,Ankle and Foot bone (X) LOCKING plate medium,BOMBAY,Հատ,հատ,REF_ONLY,LOW,NO,All plates are non-sterile REF-only,PLATE,,
00-00002964,BOI.103.12.T,"Cortex screw 3.5mm,12mm Ti",Screws,Հատ,հատ,REF_ONLY,LOW,NO,Usual screw is non-sterile REF-only,SCREW,,
00-00002965,BOI.103.20.T,"Cortex screw 3.5mm,20mm Ti",Screws,Հատ,հատ,REF_ONLY,LOW,NO,Usual screw is non-sterile REF-only,SCREW,,
00-00002966,BOI.103.22.T,"Cortex screw 3.5mm,22mm Ti",Screws,Հատ,հատ,REF_ONLY,LOW,NO,Usual screw is non-sterile REF-only,SCREW,,
00-00002967,BOI.103.30.T,"Cortex screw 3.5mm,30mm Ti",Screws,Հատ,հատ,REF_ONLY,LOW,NO,Usual screw is non-sterile REF-only,SCREW,,
00-00002968,BOI.103.32.T,"Cortex screw 3.5mm,32mm Ti",Screws,Հատ,հատ,REF_ONLY,LOW,NO,Usual screw is non-sterile REF-only,SCREW,,
00-00002969,BOI.103.36.T,"Cortex screw 3.5mm,36mm Ti",Screws,Հատ,հատ,REF_ONLY,LOW,NO,Usual screw is non-sterile REF-only,SCREW,,
00-00002970,BOI.103.38.T,"Cortex screw 3.5mm,38mm Ti",Screws,Հատ,հատ,REF_ONLY,LOW,NO,Usual screw is non-sterile REF-only,SCREW,,
00-00002971,BOI.103.40.T,"Cortex screw 3.5mm,40mm Ti",Screws,Հատ,հատ,REF_ONLY,LOW,NO,Usual screw is non-sterile REF-only,SCREW,,
00-00002972,BOI.103.42.T,"Cortex screw 3.5mm,42mm Ti",Screws,Հատ,հատ,REF_ONLY,LOW,NO,Usual screw is non-sterile REF-only,SCREW,,
00-00002973,BOI.103.44.T,"Cortex screw 3.5mm,44mm Ti",Screws,Հատ,հատ,REF_ONLY,LOW,NO,Usual screw is non-sterile REF-only,SCREW,,
00-00002974,BOI.103.46.T,"Cortex screw 3.5mm,46mm Ti",Screws,Հատ,հատ,REF_ONLY,LOW,NO,Usual screw is non-sterile REF-only,SCREW,,
00-00002975,BOI.103.48.T,"Cortex screw 3.5mm,48mm Ti",Screws,Հատ,հատ,REF_ONLY,LOW,NO,Usual screw is non-sterile REF-only,SCREW,,
00-00002976,BOI.103.50.T,"Cortex screw 3.5mm,50mm Ti",Screws,Հատ,հատ,REF_ONLY,LOW,NO,Usual screw is non-sterile REF-only,SCREW,,
00-00002977,BOI.103.54.T,"Cortex screw 3.5mm,54mm Ti",Screws,Հատ,հատ,REF_ONLY,LOW,NO,Usual screw is non-sterile REF-only,SCREW,,
00-00002978,BOI.103.56.T,"Cortex screw 3.5mm,56mm Ti",Screws,Հատ,հատ,REF_ONLY,LOW,NO,Usual screw is non-sterile REF-only,SCREW,,
00-00002979,BOI.103.60.T,"Cortex screw 3.5mm,60mm Ti",Screws,Հատ,հատ,REF_ONLY,LOW,NO,Usual screw is non-sterile REF-only,SCREW,,
00-00002981,BO.704.006,Cannulateed Drill Bit 2.7,Drill,Հատ,հատ,REF_ONLY,LOW,NO,Set/kit/instrument/tool is non-sterile,NON_STERILE_TOOLING,,
00-00002982,BO.704.007,Cannulateed Drill Bit 3.5,Drill,Հատ,հատ,REF_ONLY,LOW,NO,Set/kit/instrument/tool is non-sterile,NON_STERILE_TOOLING,,
00-00002980,BO.703.01,Cannulateed Drill Bit 4.5,Drill,Հատ,հատ,REF_ONLY,LOW,NO,Set/kit/instrument/tool is non-sterile,NON_STERILE_TOOLING,,
00-00002985,BO.711.005,Drill Bit 2.5mmx250mm,Drill,Հատ,հատ,REF_ONLY,LOW,NO,Set/kit/instrument/tool is non-sterile,NON_STERILE_TOOLING,,
00-00002984,BO.710.006,Drill Bit 3.2mmx250mm,Drill,Հատ,հատ,REF_ONLY,LOW,NO,Set/kit/instrument/tool is non-sterile,NON_STERILE_TOOLING,,
00-00002983,BO.710.005,Drill Bit 4.0mmx250mm,Drill,Հատ,հատ,REF_ONLY,LOW,NO,Set/kit/instrument/tool is non-sterile,NON_STERILE_TOOLING,,
00-00002986,BO.1064,"CANNULATED SCREWDRIVER FOR 6,5MM CANNULATED SCREWS",Instruments,Հատ,հատ,REF_ONLY,LOW,NO,Set/kit/instrument/tool is non-sterile,NON_STERILE_TOOLING,,
00-00002987,BO.1063,"CANNULATED SCREWDRIVER FOR 4,5MM CANNULATED SCREWS",Instruments,Հատ,հատ,REF_ONLY,LOW,NO,Set/kit/instrument/tool is non-sterile,NON_STERILE_TOOLING,,
00-00002988,BO.1065,Screwdriver (instrument)  for block the screws on the Cervical plate,Instruments,Հատ,հատ,REF_ONLY,LOW,NO,Set/kit/instrument/tool is non-sterile,NON_STERILE_TOOLING,,
00-00002989,3154-05460,64 Cup 46,Chunli Hip,Ժամկետով ապրանքներ,հատ,BATCH_EXPIRY,MEDIUM,NO,1C item_type says expiry-controlled and no non-sterile override matched,EXPIRY_ITEM_TYPE,,
00-00002990,3154-22461,64 Liner 46 (working with cup size of 46),Chunli Hip,Ժամկետով ապրանքներ,հատ,BATCH_EXPIRY,MEDIUM,NO,1C item_type says expiry-controlled and no non-sterile override matched,EXPIRY_ITEM_TYPE,,
00-00002991,3201.3036,"ZM Herbert Screw, 3.0/36mm Ti",ZMD Screws,Հատ,հատ,REF_ONLY,LOW,NO,Usual screw is non-sterile REF-only,SCREW,,
00-00002992,8213.1003,T Locking Plate (2 Holes) 2.0mm Phalanx Locking plate 3 Holes,ZMD Plates,Հատ,հատ,REF_ONLY,LOW,NO,All plates are non-sterile REF-only,PLATE,,
00-00002993,8213.1004,T Locking Plate (2 Holes) 2.0mm Phalanx Locking plate 4 Holes,ZMD Plates,Հատ,հատ,REF_ONLY,LOW,NO,All plates are non-sterile REF-only,PLATE,,
00-00002994,8213.0807,Straight Locking Plate  2.0mm Phalanx Locking plate 7 Holes,ZMD Plates,Հատ,հատ,REF_ONLY,LOW,NO,All plates are non-sterile REF-only,PLATE,,
00-00002995,8213.0808,Straight Locking Plate  2.0mm Phalanx Locking plate 8 Holes,ZMD Plates,Հատ,հատ,REF_ONLY,LOW,NO,All plates are non-sterile REF-only,PLATE,,
00-00002996,3102.7385,ZM Cannulated Single -headed Comp. Screws SS 7.3mm/85mm,ZMD Screws,Հատ,հատ,REF_ONLY,LOW,NO,Usual screw is non-sterile REF-only,SCREW,,
00-00002997,3102.7390,ZM Cannulated Single -headed Comp. Screws SS 7.3mm/90mm,ZMD Screws,Հատ,հատ,REF_ONLY,LOW,NO,Usual screw is non-sterile REF-only,SCREW,,
00-00002998,3102.7395,ZM Cannulated Single -headed Comp. Screws SS 7.3mm/95mm,ZMD Screws,Հատ,հատ,REF_ONLY,LOW,NO,Usual screw is non-sterile REF-only,SCREW,,
00-00002999,3102.7300,ZM Cannulated Single -headed Comp. Screws SS 7.3mm/100mm,ZMD Screws,Հատ,հատ,REF_ONLY,LOW,NO,Usual screw is non-sterile REF-only,SCREW,,
00-00003000,3102.7305,ZM Cannulated Single -headed Comp. Screws SS 7.3mm/105mm,ZMD Screws,Հատ,հատ,REF_ONLY,LOW,NO,Usual screw is non-sterile REF-only,SCREW,,
00-00003001,3102.7310,ZM Cannulated Single -headed Comp. Screws SS 7.3mm/110mm,ZMD Screws,Հատ,հատ,REF_ONLY,LOW,NO,Usual screw is non-sterile REF-only,SCREW,,
00-00003002,3202.4044,"ZM Cannulated Single -headed Comp. Screws Ti, 4.0/44mm",ZMD Screws,Հատ,հատ,REF_ONLY,LOW,NO,Usual screw is non-sterile REF-only,SCREW,,
00-00003003,3202.4050,"ZM Cannulated Single -headed Comp. Screws Ti, 4.0/50mm",ZMD Screws,Հատ,հատ,REF_ONLY,LOW,NO,Usual screw is non-sterile REF-only,SCREW,,
00-00003004,3202.4054,"ZM Cannulated Single -headed Comp. Screws Ti, 4.0/54mm",ZMD Screws,Հատ,հատ,REF_ONLY,LOW,NO,Usual screw is non-sterile REF-only,SCREW,,
00-00003005,3202.4060,"ZM Cannulated Single -headed Comp. Screws Ti, 4.0/60mm",ZMD Screws,Հատ,հատ,REF_ONLY,LOW,NO,Usual screw is non-sterile REF-only,SCREW,,
00-00003006,3202.4544,"ZM Cannulated Single -headed Comp. Screws Ti, 4.5/44mm",ZMD Screws,Հատ,հատ,REF_ONLY,LOW,NO,Usual screw is non-sterile REF-only,SCREW,,
00-00003007,3202.4550,"ZM Cannulated Single -headed Comp. Screws Ti, 4.5/50mm",ZMD Screws,Հատ,հատ,REF_ONLY,LOW,NO,Usual screw is non-sterile REF-only,SCREW,,
00-00003008,3202.4554,"ZM Cannulated Single -headed Comp. Screws Ti, 4.5/54mm",ZMD Screws,Հատ,հատ,REF_ONLY,LOW,NO,Usual screw is non-sterile REF-only,SCREW,,
00-00003009,3202.4560,"ZM Cannulated Single -headed Comp. Screws Ti, 4.5/60mm",ZMD Screws,Հատ,հատ,REF_ONLY,LOW,NO,Usual screw is non-sterile REF-only,SCREW,,
00-00003030,4114.3528,3.5mm Lockable Screw 3.5*28mm S.S,ZMD Screws,Հատ,հատ,REF_ONLY,LOW,NO,Usual screw is non-sterile REF-only,SCREW,,
00-00003029,4114.3530,3.5mm Lockable Screw 3.5*30mm S.S,ZMD Screws,Հատ,հատ,REF_ONLY,LOW,NO,Usual screw is non-sterile REF-only,SCREW,,
00-00003028,4114.3532,3.5mm Lockable Screw 3.5*32mm S.S,ZMD Screws,Հատ,հատ,REF_ONLY,LOW,NO,Usual screw is non-sterile REF-only,SCREW,,
00-00003027,4114.3536,3.5mm Lockable Screw 3.5*36mm S.S,ZMD Screws,Հատ,հատ,REF_ONLY,LOW,NO,Usual screw is non-sterile REF-only,SCREW,,
00-00003026,4114.3538,3.5mm Lockable Screw 3.5*38mm S.S,ZMD Screws,Հատ,հատ,REF_ONLY,LOW,NO,Usual screw is non-sterile REF-only,SCREW,,
00-00003025,4114.3540,3.5mm Lockable Screw 3.5*40mm S.S,ZMD Screws,Հատ,հատ,REF_ONLY,LOW,NO,Usual screw is non-sterile REF-only,SCREW,,
00-00003024,4114.3544,3.5mm Lockable Screw 3.5*44mm S.S,ZMD Screws,Հատ,հատ,REF_ONLY,LOW,NO,Usual screw is non-sterile REF-only,SCREW,,
00-00003023,4114.3550,3.5mm Lockable Screw 3.5*50mm S.S,ZMD Screws,Հատ,հատ,REF_ONLY,LOW,NO,Usual screw is non-sterile REF-only,SCREW,,
00-00003022,4114.3555,3.5mm Lockable Screw 3.5*55mm S.S,ZMD Screws,Հատ,հատ,REF_ONLY,LOW,NO,Usual screw is non-sterile REF-only,SCREW,,
00-00003031,4212.1407,S-Clavicular Combinated Locking Plate 7 Holes Right Ti,ZMD Plates,Հատ,հատ,REF_ONLY,LOW,NO,All plates are non-sterile REF-only,PLATE,,
00-00003032,4212.1408,S-Clavicular Combinated Locking Plate 8 Holes Right Ti,ZMD Plates,Հատ,հատ,REF_ONLY,LOW,NO,All plates are non-sterile REF-only,PLATE,,
00-00003033,4212.1409,S-Clavicular Combinated Locking Plate 9 Holes Right Ti,ZMD Plates,Հատ,հատ,REF_ONLY,LOW,NO,All plates are non-sterile REF-only,PLATE,,
00-00003034,4212.1410,S-Clavicular Combinated Locking Plate 10 Holes Right Ti,ZMD Plates,Հատ,հատ,REF_ONLY,LOW,NO,All plates are non-sterile REF-only,PLATE,,
00-00003035,4212.1412,S-Clavicular Combinated Locking Plate 12 Holes Right Ti,ZMD Plates,Հատ,հատ,REF_ONLY,LOW,NO,All plates are non-sterile REF-only,PLATE,,
00-00003036,4211.1407,S-Clavicular Combinated Locking Plate 7 Holes Left Ti,ZMD Plates,Հատ,հատ,REF_ONLY,LOW,NO,All plates are non-sterile REF-only,PLATE,,
00-00003037,4211.1408,S-Clavicular Combinated Locking Plate 8 Holes Left Ti,ZMD Plates,Հատ,հատ,REF_ONLY,LOW,NO,All plates are non-sterile REF-only,PLATE,,
00-00003038,4211.1409,S-Clavicular Combinated Locking Plate 9 Holes Left Ti,ZMD Plates,Հատ,հատ,REF_ONLY,LOW,NO,All plates are non-sterile REF-only,PLATE,,
00-00003039,4211.1410,S-Clavicular Combinated Locking Plate 10 Holes Left Ti,ZMD Plates,Հատ,հատ,REF_ONLY,LOW,NO,All plates are non-sterile REF-only,PLATE,,
00-00003040,4211.1412,S-Clavicular Combinated Locking Plate 12 Holes Left Ti,ZMD Plates,Հատ,հատ,REF_ONLY,LOW,NO,All plates are non-sterile REF-only,PLATE,,
00-00003041,2212.1511,Calcaneal Locking Plate 11 Holes Right Ti,ZMD Plates,Հատ,հատ,REF_ONLY,LOW,NO,All plates are non-sterile REF-only,PLATE,,
00-00003042,2212.1513,Calcaneal Locking Plate 13 Holes Right Ti,ZMD Plates,Հատ,հատ,REF_ONLY,LOW,NO,All plates are non-sterile REF-only,PLATE,,
00-00003043,2211.1511,Calcaneal Locking Plate 11 Holes Left Ti,ZMD Plates,Հատ,հատ,REF_ONLY,LOW,NO,All plates are non-sterile REF-only,PLATE,,
00-00003044,2211.1513,Calcaneal Locking Plate 13 Holes Left Ti,ZMD Plates,Հատ,հատ,REF_ONLY,LOW,NO,All plates are non-sterile REF-only,PLATE,,
00-00003045,2212.1505,Calcaneal Locking Plate III M Right Ti,ZMD Plates,Հատ,հատ,REF_ONLY,LOW,NO,All plates are non-sterile REF-only,PLATE,,
00-00003046,2212.1506,Calcaneal Locking Plate III L Right Ti,ZMD Plates,Հատ,հատ,REF_ONLY,LOW,NO,All plates are non-sterile REF-only,PLATE,,
00-00003047,2211.1505,Calcaneal Locking Plate III M Left Ti,ZMD Plates,Հատ,հատ,REF_ONLY,LOW,NO,All plates are non-sterile REF-only,PLATE,,
00-00003048,2211.1506,Calcaneal Locking Plate III L Left Ti,ZMD Plates,Հատ,հատ,REF_ONLY,LOW,NO,All plates are non-sterile REF-only,PLATE,,
00-00003021,1202.6535,6.5mm Cancellous Screw (Partial-Threaded) 6.5*35mm Ti,ZMD Screws,Հատ,հատ,REF_ONLY,LOW,NO,Usual screw is non-sterile REF-only,SCREW,,
00-00003020,1202.6540,6.5mm Cancellous Screw (Partial-Threaded) 6.5*40mm Ti,ZMD Screws,Հատ,հատ,REF_ONLY,LOW,NO,Usual screw is non-sterile REF-only,SCREW,,
00-00003019,1202.6545,6.5mm Cancellous Screw (Partial-Threaded) 6.5*45mm Ti,ZMD Screws,Հատ,հատ,REF_ONLY,LOW,NO,Usual screw is non-sterile REF-only,SCREW,,
00-00003018,1202.6550,6.5mm Cancellous Screw (Partial-Threaded) 6.5*50mm Ti,ZMD Screws,Հատ,հատ,REF_ONLY,LOW,NO,Usual screw is non-sterile REF-only,SCREW,,
00-00003017,1202.6555,6.5mm Cancellous Screw (Partial-Threaded) 6.5*55mm Ti,ZMD Screws,Հատ,հատ,REF_ONLY,LOW,NO,Usual screw is non-sterile REF-only,SCREW,,
00-00003016,1202.6560,6.5mm Cancellous Screw (Partial-Threaded) 6.5*60mm Ti,ZMD Screws,Հատ,հատ,REF_ONLY,LOW,NO,Usual screw is non-sterile REF-only,SCREW,,
00-00003015,1202.6565,6.5mm Cancellous Screw (Partial-Threaded) 6.5*65mm Ti,ZMD Screws,Հատ,հատ,REF_ONLY,LOW,NO,Usual screw is non-sterile REF-only,SCREW,,
00-00003014,1202.6570,6.5mm Cancellous Screw (Partial-Threaded) 6.5*70mm Ti,ZMD Screws,Հատ,հատ,REF_ONLY,LOW,NO,Usual screw is non-sterile REF-only,SCREW,,
00-00003013,1202.6575,6.5mm Cancellous Screw (Partial-Threaded) 6.5*75mm Ti,ZMD Screws,Հատ,հատ,REF_ONLY,LOW,NO,Usual screw is non-sterile REF-only,SCREW,,
00-00003012,1202.6580,6.5mm Cancellous Screw (Partial-Threaded) 6.5*80mm Ti,ZMD Screws,Հատ,հատ,REF_ONLY,LOW,NO,Usual screw is non-sterile REF-only,SCREW,,
00-00003011,1202.6585,6.5mm Cancellous Screw (Partial-Threaded) 6.5*85mm Ti,ZMD Screws,Հատ,հատ,REF_ONLY,LOW,NO,Usual screw is non-sterile REF-only,SCREW,,
00-00003010,1202.6590,6.5mm Cancellous Screw (Partial-Threaded) 6.5*90mm Ti,ZMD Screws,Հատ,հատ,REF_ONLY,LOW,NO,Usual screw is non-sterile REF-only,SCREW,,
00-00003049,4114.3526,3.5mm Lockable Screw 3.5*26mm S.S,ZMD Screws,Հատ,հատ,REF_ONLY,LOW,NO,Usual screw is non-sterile REF-only,SCREW,,
00-00003050,GCPFB-35W,Степлер,,Հատ,հատ,REF_ONLY,MEDIUM,NO,No sterile indicators matched,,,
00-00003051,GCPFB-35W.1,Степлер հեռացման գործիք,,Հատ,հատ,REF_ONLY,MEDIUM,NO,No sterile indicators matched,,,
00-00003052,631,Drip,,Ժամկետով ապրանքներ,հատ,BATCH_EXPIRY,MEDIUM,NO,1C item_type says expiry-controlled and no non-sterile override matched,EXPIRY_ITEM_TYPE,,
00-00003053,9000.0100,Cannulated Drill Bit 2.0*150mm for 3.0 herbert screw,Zimede,Հատ,հատ,REF_ONLY,LOW,NO,Set/kit/instrument/tool is non-sterile,NON_STERILE_TOOLING,,
00-00003055,9000.0694.2,Cannulated Screwdriver(Handle) for 3.0 herbert screw 2,Zimede,Հատ,հատ,REF_ONLY,LOW,NO,Set/kit/instrument/tool is non-sterile,NON_STERILE_TOOLING,,
00-00003056,9000.0694.1,Cannulated Screwdriver(Handle) for 3.0 herbert screw 1,Zimede,Հատ,հատ,REF_ONLY,LOW,NO,Set/kit/instrument/tool is non-sterile,NON_STERILE_TOOLING,,
00-00003057,9000.0384.1,Hex Screwdriver (Handle) SW2.0 1,Zimede,Հատ,հատ,REF_ONLY,LOW,NO,Set/kit/instrument/tool is non-sterile,NON_STERILE_TOOLING,,
00-00003058,9000.0384.2,Hex Screwdriver (Handle) SW2.0 2,Zimede,Հատ,հատ,REF_ONLY,LOW,NO,Set/kit/instrument/tool is non-sterile,NON_STERILE_TOOLING,,
00-00003059,9000.0286.1,Opening ScrewDriver-T8 2.4 mini system (Blue) 1,Zimede,Հատ,հատ,REF_ONLY,LOW,NO,Set/kit/instrument/tool is non-sterile,NON_STERILE_TOOLING,,
00-00003060,9000.0286.2,Opening ScrewDriver-T8 2.4 mini system (Blue) 2,Zimede,Հատ,հատ,REF_ONLY,LOW,NO,Set/kit/instrument/tool is non-sterile,NON_STERILE_TOOLING,,
00-00003061,9000.0291,Non-Opening ScrewDriver-T8 2.7 mini system (Yellow) 1,Zimede,Հատ,հատ,REF_ONLY,LOW,NO,Set/kit/instrument/tool is non-sterile,NON_STERILE_TOOLING,,
00-00003062,9000.0292,Non-Opening ScrewDriver-T8 2.7 mini system (Yellow) 2,Zimede,Հատ,հատ,REF_ONLY,LOW,NO,Set/kit/instrument/tool is non-sterile,NON_STERILE_TOOLING,,
00-00003063,9000.0917,Straight quick coupling handle(wooden) 1,Zimede,Հատ,հատ,REF_ONLY,LOW,NO,Set/kit/instrument/tool is non-sterile,NON_STERILE_TOOLING,,
00-00003064,9000.0927,Straight quick coupling handle(wooden) 2,Zimede,Հատ,հատ,REF_ONLY,LOW,NO,Set/kit/instrument/tool is non-sterile,NON_STERILE_TOOLING,,
00-00003065,9000.0698.1,Cannulated Screwdriver(Handle) SW4.0 1,Zimede,Հատ,հատ,REF_ONLY,LOW,NO,Set/kit/instrument/tool is non-sterile,NON_STERILE_TOOLING,,
00-00003066,9000.0698.2,Cannulated Screwdriver(Handle) SW4.0 2,Zimede,Հատ,հատ,REF_ONLY,LOW,NO,Set/kit/instrument/tool is non-sterile,NON_STERILE_TOOLING,,
00-00003067,9000.0388.1,Hex Screwdriver (Handle) SW4.0 1,Zimede,Հատ,հատ,REF_ONLY,LOW,NO,Set/kit/instrument/tool is non-sterile,NON_STERILE_TOOLING,,
00-00003068,9000.0388.2,Hex Screwdriver (Handle) SW4.0 2,Zimede,Հատ,հատ,REF_ONLY,LOW,NO,Set/kit/instrument/tool is non-sterile,NON_STERILE_TOOLING,,
00-00003069,9000.0697.1,Cannulated Screwdriver(Handle) SW3.5 1,Zimede,Հատ,հատ,REF_ONLY,LOW,NO,Set/kit/instrument/tool is non-sterile,NON_STERILE_TOOLING,,
00-00003070,9000.0697.2,Cannulated Screwdriver(Handle) SW3.5 2,Zimede,Հատ,հատ,REF_ONLY,LOW,NO,Set/kit/instrument/tool is non-sterile,NON_STERILE_TOOLING,,
00-00003071,1027,Chunli Dual Mobiliti2,Instruments,Հատ,հատ,REF_ONLY,MEDIUM,NO,No sterile indicators matched,,,
00-00003072,1013.4,Herbert4,Instruments,Հատ,հատ,REF_ONLY,MEDIUM,NO,No sterile indicators matched,,,
00-00003073,D08-15BM,"Միկրոխորը էլեկտրոդ 3.5 կոնտակտով, D08-15BM",DIXI MEDICAL,Հատ,հատ,REF_ONLY,MEDIUM,NO,No sterile indicators matched,,,
00-00003074,083260000,TINA One-step Locking Nut,DOUBLE MDDICAL,Հատ,հատ,REF_ONLY,MEDIUM,NO,No sterile indicators matched,,,
00-00003075,030730010,"Laminoplasty Mini Plate, T-shaped, wide mouth, 10mm",DOUBLE MDDICAL,Հատ,հատ,REF_ONLY,LOW,NO,All plates are non-sterile REF-only,PLATE,,
00-00003076,030380008,"2.0mm Cortex Screw, torxdrive, self-drilling, 8mm",DOUBLE MDDICAL,Հատ,հատ,REF_ONLY,LOW,NO,Usual screw is non-sterile REF-only,SCREW,,
00-00003077,030360008,"2.4mm Cortex Screw, torxdrive, self-tapping, 8mm",DOUBLE MDDICAL,Հատ,հատ,REF_ONLY,LOW,NO,Usual screw is non-sterile REF-only,SCREW,,
00-00003078,083487580,"TINA Long Arm Polyaxial Pedicle Screw (5.5 System), 7.5x80mm",DOUBLE MDDICAL,Հատ,հատ,REF_ONLY,LOW,NO,Usual screw is non-sterile REF-only,SCREW,,
00-00003079,HF-A-228,StypCel 5.0*5.0,Medprin GMBH,Ժամկետով ապրանքներ,հատ,BATCH_EXPIRY,MEDIUM,NO,1C item_type says expiry-controlled and no non-sterile override matched,EXPIRY_ITEM_TYPE,,
00-00003080,SBS.01,Screw box small 1,Screw Set,Հատ,հատ,REF_ONLY,LOW,NO,Set/kit/instrument/tool is non-sterile,NON_STERILE_TOOLING,,
00-00003081,SBS.02,Screw box small 2,Screw Set,Հատ,հատ,REF_ONLY,LOW,NO,Set/kit/instrument/tool is non-sterile,NON_STERILE_TOOLING,,
00-00003082,SBS.03,Screw box small 3,Screw Set,Հատ,հատ,REF_ONLY,LOW,NO,Set/kit/instrument/tool is non-sterile,NON_STERILE_TOOLING,,
00-00003083,SBS.04,Screw box small 4,Screw Set,Հատ,հատ,REF_ONLY,LOW,NO,Set/kit/instrument/tool is non-sterile,NON_STERILE_TOOLING,,
00-00003084,SBS.05,Screw box small 5,Screw Set,Հատ,հատ,REF_ONLY,LOW,NO,Set/kit/instrument/tool is non-sterile,NON_STERILE_TOOLING,,
00-00003085,SBS.06,Screw box small 6,Screw Set,Հատ,հատ,REF_ONLY,LOW,NO,Set/kit/instrument/tool is non-sterile,NON_STERILE_TOOLING,,
00-00003086,SBS.07,Screw box small 7,Screw Set,Հատ,հատ,REF_ONLY,LOW,NO,Set/kit/instrument/tool is non-sterile,NON_STERILE_TOOLING,,
00-00003087,SBS.08,Screw box small 8,Screw Set,Հատ,հատ,REF_ONLY,LOW,NO,Set/kit/instrument/tool is non-sterile,NON_STERILE_TOOLING,,
00-00003088,SBS.09,Screw box small 9,Screw Set,Հատ,հատ,REF_ONLY,LOW,NO,Set/kit/instrument/tool is non-sterile,NON_STERILE_TOOLING,,
00-00003089,SBS.10,Screw box small 10,Screw Set,Հատ,հատ,REF_ONLY,LOW,NO,Set/kit/instrument/tool is non-sterile,NON_STERILE_TOOLING,,
00-00003090,SBB.01,Screw box big 1,Screw Set,Հատ,հատ,REF_ONLY,LOW,NO,Set/kit/instrument/tool is non-sterile,NON_STERILE_TOOLING,,
00-00003091,SBB.02,Screw box big 2,Screw Set,Հատ,հատ,REF_ONLY,LOW,NO,Set/kit/instrument/tool is non-sterile,NON_STERILE_TOOLING,,
00-00003092,SBS.11,Screw box small 11,Screw Set,Հատ,հատ,REF_ONLY,LOW,NO,Set/kit/instrument/tool is non-sterile,NON_STERILE_TOOLING,,
00-00003093,SBS.12,Screw box small 12,Screw Set,Հատ,հատ,REF_ONLY,LOW,NO,Set/kit/instrument/tool is non-sterile,NON_STERILE_TOOLING,,
00-00003094,SBS.13,Screw box small 13,Screw Set,Հատ,հատ,REF_ONLY,LOW,NO,Set/kit/instrument/tool is non-sterile,NON_STERILE_TOOLING,,
00-00003097,3331-04060,Femoral Stem-BE1 - 6,Femoral stem BE1,Ժամկետով ապրանքներ,հատ,BATCH_EXPIRY,MEDIUM,NO,1C item_type says expiry-controlled and no non-sterile override matched,EXPIRY_ITEM_TYPE,,
00-00003098,3331-04070,Femoral Stem-BE1 - 7,Femoral stem BE1,Ժամկետով ապրանքներ,հատ,BATCH_EXPIRY,MEDIUM,NO,1C item_type says expiry-controlled and no non-sterile override matched,EXPIRY_ITEM_TYPE,,
00-00003099,3331-04080,Femoral Stem-BE1 - 8,Femoral stem BE1,Ժամկետով ապրանքներ,հատ,BATCH_EXPIRY,MEDIUM,NO,1C item_type says expiry-controlled and no non-sterile override matched,EXPIRY_ITEM_TYPE,,
00-00003100,3331-04090,Femoral Stem-BE1 - 9,Femoral stem BE1,Ժամկետով ապրանքներ,հատ,BATCH_EXPIRY,MEDIUM,NO,1C item_type says expiry-controlled and no non-sterile override matched,EXPIRY_ITEM_TYPE,,
00-00003101,3331-04100,Femoral Stem-BE1 - 10,Femoral stem BE1,Ժամկետով ապրանքներ,հատ,BATCH_EXPIRY,MEDIUM,NO,1C item_type says expiry-controlled and no non-sterile override matched,EXPIRY_ITEM_TYPE,,
00-00003102,3331-04110,Femoral Stem-BE1 - 11,Femoral stem BE1,Ժամկետով ապրանքներ,հատ,BATCH_EXPIRY,MEDIUM,NO,1C item_type says expiry-controlled and no non-sterile override matched,EXPIRY_ITEM_TYPE,,
00-00003103,3331-04120,Femoral Stem-BE1 - 12,Femoral stem BE1,Ժամկետով ապրանքներ,հատ,BATCH_EXPIRY,MEDIUM,NO,1C item_type says expiry-controlled and no non-sterile override matched,EXPIRY_ITEM_TYPE,,
00-00003104,3331-04130,Femoral Stem-BE1 - 13,Femoral stem BE1,Ժամկետով ապրանքներ,հատ,BATCH_EXPIRY,MEDIUM,NO,1C item_type says expiry-controlled and no non-sterile override matched,EXPIRY_ITEM_TYPE,,
00-00003105,10010.5.1,CHUNLI Hip Instrument Set N5/1,CHUNLI,Հատ,հատ,REF_ONLY,HIGH,YES,Set/kit/instrument/tool is non-sterile; verify because item also looks expiry/sterile,NON_STERILE_TOOLING,,
00-00003106,10010.5.2,CHUNLI Hip Instrument Set N5/2,CHUNLI,Հատ,հատ,REF_ONLY,HIGH,YES,Set/kit/instrument/tool is non-sterile; verify because item also looks expiry/sterile,NON_STERILE_TOOLING,,
00-00003107,5128-15022,Tibial Cone 2#/30-15mm,Chunli Knee,Ժամկետով ապրանքներ,հատ,BATCH_EXPIRY,MEDIUM,NO,1C item_type says expiry-controlled and no non-sterile override matched,EXPIRY_ITEM_TYPE,,
00-00003108,5128-15021,Tibial Cone 15mm,Chunli Knee,Ժամկետով ապրանքներ,հատ,BATCH_EXPIRY,MEDIUM,NO,1C item_type says expiry-controlled and no non-sterile override matched,EXPIRY_ITEM_TYPE,,
00-00003109,5126-30022,Femoral Cone 2#-30-R,Chunli Knee,Ժամկետով ապրանքներ,հատ,BATCH_EXPIRY,MEDIUM,NO,1C item_type says expiry-controlled and no non-sterile override matched,EXPIRY_ITEM_TYPE,,
00-00003110,5126-30021,Femoral Cone 2#-30-L,Chunli Knee,Ժամկետով ապրանքներ,հատ,BATCH_EXPIRY,MEDIUM,NO,1C item_type says expiry-controlled and no non-sterile override matched,EXPIRY_ITEM_TYPE,,
00-00003111,5129-26020,Tibial Shape 2#,Chunli Knee,Ժամկետով ապրանքներ,հատ,BATCH_EXPIRY,MEDIUM,NO,1C item_type says expiry-controlled and no non-sterile override matched,EXPIRY_ITEM_TYPE,,
00-00003112,3154-05640,64 Cup 64,Chunli Hip,Ժամկետով ապրանքներ,հատ,BATCH_EXPIRY,MEDIUM,NO,1C item_type says expiry-controlled and no non-sterile override matched,EXPIRY_ITEM_TYPE,,
00-00003113,SBB.03,Screw box big 3,Screw Set,Հատ,հատ,REF_ONLY,LOW,NO,Set/kit/instrument/tool is non-sterile,NON_STERILE_TOOLING,,
00-00003114,BO.9929.20.S,"Locking screw DIA. 3.5mm,20mm (Cancellous 14TPI Thread) S.S",Screws,Հատ,հատ,REF_ONLY,LOW,NO,Usual screw is non-sterile REF-only,SCREW,,
00-00003115,BO.9930.85.S,"Locking screw DIA. 5.0mm,85mm (Cancellous Thread) S.S.",Screws,Հատ,հատ,REF_ONLY,LOW,NO,Usual screw is non-sterile REF-only,SCREW,,
00-00003116,BO.9930.90.S,"Locking screw DIA. 5.0mm,90mm (Cancellous Thread) S.S.",Screws,Հատ,հատ,REF_ONLY,LOW,NO,Usual screw is non-sterile REF-only,SCREW,,
00-00003117,BO.9930.95.S,"Locking screw DIA. 5.0mm,95mm (Cancellous Thread) S.S.",Screws,Հատ,հատ,REF_ONLY,LOW,NO,Usual screw is non-sterile REF-only,SCREW,,
00-00003118,BO.171.80.T,"Locking Screw Dia 6.5mm, 80mm Ti",Screws,Հատ,հատ,REF_ONLY,LOW,NO,Usual screw is non-sterile REF-only,SCREW,,
00-00003119,BO.171.85.T,"Locking Screw Dia 6.5mm, 85mm Ti",Screws,Հատ,հատ,REF_ONLY,LOW,NO,Usual screw is non-sterile REF-only,SCREW,,
00-00003120,BO.710.025,Drill Bit 2.0mmx250mm,Drill,Հատ,հատ,REF_ONLY,LOW,NO,Set/kit/instrument/tool is non-sterile,NON_STERILE_TOOLING,,
00-00003121,BO.1062,"CANNULATED SCREWDRIVER FOR 4,0MM CANNULATED SCREWS",Instruments,Հատ,հատ,REF_ONLY,LOW,NO,Set/kit/instrument/tool is non-sterile,NON_STERILE_TOOLING,,
00-00003122,BO.200.1,Instruments for SHOULDER PROSTHESIS N1,Instruments,Հատ,հատ,BATCH_EXPIRY,MEDIUM,NO,Looks like sterile prosthesis/component/medical product,STERILE_PRODUCT_KEYWORD,,
00-00003123,BO.200.2,Instruments for SHOULDER PROSTHESIS N2,Instruments,Հատ,հատ,BATCH_EXPIRY,MEDIUM,NO,Looks like sterile prosthesis/component/medical product,STERILE_PRODUCT_KEYWORD,,
00-00003124,B01.262.12.S,T Buttress LCP 12h S.S,Plates,Հատ,հատ,REF_ONLY,LOW,NO,All plates are non-sterile REF-only,PLATE,,
00-00003125,BOI.125.12,"BOMBAY, Small Dinamic Compression plate (DCP), Stainless Steel, , 12h, S.S.",Plates,Հատ,հատ,REF_ONLY,LOW,NO,All plates are non-sterile REF-only,PLATE,,
00-00003126,BO.01.156.02.S,Proximal humerus LCP PHILOS (long dynamic hole) 2h S.S,Plates,Հատ,հատ,REF_ONLY,LOW,NO,All plates are non-sterile REF-only,PLATE,,
00-00003127,BOI.217.3.0.T,"BOMBAY, TI ANCHOR SUTURE DIA. 3.0MM",BOMBAY,Հատ,հատ,REF_ONLY,MEDIUM,NO,No sterile indicators matched,,,
00-00003128,BOI.205.16,"BOMBAY, Curved Pelvic Reco plate 3.5mm, Stainless steel, 16 holes, S.S",Plates,Հատ,հատ,REF_ONLY,LOW,NO,All plates are non-sterile REF-only,PLATE,,
00-00003129,BOI.203.08.S,"BOMBAY, Pelvic Symphyseal plate DC 8 holes, S.S",Plates,Հատ,հատ,REF_ONLY,LOW,NO,All plates are non-sterile REF-only,PLATE,,
00-00003130,BO.9908.R.9.T,Medial Distal Humerus LCP (2.7mm&3.5mm) 9h R Ti,Plates,Հատ,հատ,REF_ONLY,LOW,NO,All plates are non-sterile REF-only,PLATE,,
00-00003165,BOI.162.1.5.300.S,"K-WIRE THREADED END 1,5*300mm",BOMBAY,Հատ,հատ,REF_ONLY,MEDIUM,NO,No sterile indicators matched,,,
00-00003164,BOI.162.300,"K-WIRE THREADED END 1,8*300mm",BOMBAY,Հատ,հատ,REF_ONLY,MEDIUM,NO,No sterile indicators matched,,,
00-00003163,BOI.162.300,"K-WIRE THREADED END 2,0*300mm",BOMBAY,Հատ,հատ,REF_ONLY,MEDIUM,NO,No sterile indicators matched,,,
00-00003162,BOI.162.300,"K-WIRE THREADED END 2,5*300mm",BOMBAY,Հատ,հատ,REF_ONLY,MEDIUM,NO,No sterile indicators matched,,,
00-00003161,BOI.162.300,"K-WIRE THREADED END 3,0*300mm",BOMBAY,Հատ,հատ,REF_ONLY,MEDIUM,NO,No sterile indicators matched,,,
00-00003160,BO.268.R.04.T,Medial Proximal Tibia Locking Plate R 4h Ti,BOMBAY,Հատ,հատ,REF_ONLY,LOW,NO,All plates are non-sterile REF-only,PLATE,,
00-00003159,BO.268.R.06.T,Medial Proximal Tibia Locking Plate R 6h Ti,BOMBAY,Հատ,հատ,REF_ONLY,LOW,NO,All plates are non-sterile REF-only,PLATE,,
00-00003158,BO.268.R.08.T,Medial Proximal Tibia Locking Plate R 8h Ti,BOMBAY,Հատ,հատ,REF_ONLY,LOW,NO,All plates are non-sterile REF-only,PLATE,,
00-00003157,BO.268.R.10.T,Medial Proximal Tibia Locking Plate R 10h Ti,BOMBAY,Հատ,հատ,REF_ONLY,LOW,NO,All plates are non-sterile REF-only,PLATE,,
00-00003156,BO.268.R.12.T,Medial Proximal Tibia Locking Plate R 12h Ti,BOMBAY,Հատ,հատ,REF_ONLY,LOW,NO,All plates are non-sterile REF-only,PLATE,,
00-00003155,BO.268.R.14.T,Medial Proximal Tibia Locking Plate R 14h Ti,BOMBAY,Հատ,հատ,REF_ONLY,LOW,NO,All plates are non-sterile REF-only,PLATE,,
00-00003154,BO.268.R.16.T,Medial Proximal Tibia Locking Plate R 16h Ti,BOMBAY,Հատ,հատ,REF_ONLY,LOW,NO,All plates are non-sterile REF-only,PLATE,,
00-00003153,BO.268.L.04.T,Medial Proximal Tibia Locking Plate L 4h Ti,BOMBAY,Հատ,հատ,REF_ONLY,LOW,NO,All plates are non-sterile REF-only,PLATE,,
00-00003152,BO.268.L.06.T,Medial Proximal Tibia Locking Plate L 6h Ti,BOMBAY,Հատ,հատ,REF_ONLY,LOW,NO,All plates are non-sterile REF-only,PLATE,,
00-00003151,BO.268.L.08.T,Medial Proximal Tibia Locking Plate L 8h Ti,BOMBAY,Հատ,հատ,REF_ONLY,LOW,NO,All plates are non-sterile REF-only,PLATE,,
00-00003150,BO.268.L.10.T,Medial Proximal Tibia Locking Plate L 10h Ti,BOMBAY,Հատ,հատ,REF_ONLY,LOW,NO,All plates are non-sterile REF-only,PLATE,,
00-00003149,BO.268.L.12.T,Medial Proximal Tibia Locking Plate L 12h Ti,BOMBAY,Հատ,հատ,REF_ONLY,LOW,NO,All plates are non-sterile REF-only,PLATE,,
00-00003148,BO.268.L.14.T,Medial Proximal Tibia Locking Plate L 14h Ti,BOMBAY,Հատ,հատ,REF_ONLY,LOW,NO,All plates are non-sterile REF-only,PLATE,,
00-00003147,BO.268.L.16.T,Medial Proximal Tibia Locking Plate L 16h Ti,BOMBAY,Հատ,հատ,REF_ONLY,LOW,NO,All plates are non-sterile REF-only,PLATE,,
00-00003146,BO.167.10.T,Broad Locking Compression Plate 10h Ti,BOMBAY,Հատ,հատ,REF_ONLY,LOW,NO,All plates are non-sterile REF-only,PLATE,,
00-00003145,BO.167.11.T,Broad Locking Compression Plate 11h Ti,BOMBAY,Հատ,հատ,REF_ONLY,LOW,NO,All plates are non-sterile REF-only,PLATE,,
00-00003144,BO.167.12.T,Broad Locking Compression Plate 12h Ti,BOMBAY,Հատ,հատ,REF_ONLY,LOW,NO,All plates are non-sterile REF-only,PLATE,,
00-00003143,BO.167.16.T,Broad Locking Compression Plate 16h Ti,BOMBAY,Հատ,հատ,REF_ONLY,LOW,NO,All plates are non-sterile REF-only,PLATE,,
00-00003142,BO.511.R.05.T,"Anterolateral Distal Tibia LCP 3,5mm & R 5H Ti",BOMBAY,Հատ,հատ,REF_ONLY,LOW,NO,All plates are non-sterile REF-only,PLATE,,
00-00003141,BO.511.R.07.T,"Anterolateral Distal Tibia LCP 3,5mm & R 7H Ti",BOMBAY,Հատ,հատ,REF_ONLY,LOW,NO,All plates are non-sterile REF-only,PLATE,,
00-00003140,BO.511.R.09.T,"Anterolateral Distal Tibia LCP 3,5mm & R 9H Ti",BOMBAY,Հատ,հատ,REF_ONLY,LOW,NO,All plates are non-sterile REF-only,PLATE,,
00-00003139,BO.511.R.11.T,"Anterolateral Distal Tibia LCP 3,5mm & R 11H Ti",BOMBAY,Հատ,հատ,REF_ONLY,LOW,NO,All plates are non-sterile REF-only,PLATE,,
00-00003138,BO.511.R.13.T,"Anterolateral Distal Tibia LCP 3,5mm & R 13H Ti",BOMBAY,Հատ,հատ,REF_ONLY,LOW,NO,All plates are non-sterile REF-only,PLATE,,
00-00003137,BO.511.R.15.T,"Anterolateral Distal Tibia LCP 3,5mm & R 15H Ti",BOMBAY,Հատ,հատ,REF_ONLY,LOW,NO,All plates are non-sterile REF-only,PLATE,,
00-00003136,BO.511.L.05.T,"Anterolateral Distal Tibia LCP 3,5mm & L 5H Ti",BOMBAY,Հատ,հատ,REF_ONLY,LOW,NO,All plates are non-sterile REF-only,PLATE,,
00-00003135,BO.511.L.07.T,"Anterolateral Distal Tibia LCP 3,5mm & L 7H Ti",BOMBAY,Հատ,հատ,REF_ONLY,LOW,NO,All plates are non-sterile REF-only,PLATE,,
00-00003134,BO.511.L.09.T,"Anterolateral Distal Tibia LCP 3,5mm & L 9H Ti",BOMBAY,Հատ,հատ,REF_ONLY,LOW,NO,All plates are non-sterile REF-only,PLATE,,
00-00003133,BO.511.L.11.T,"Anterolateral Distal Tibia LCP 3,5mm & L 11H Ti",BOMBAY,Հատ,հատ,REF_ONLY,LOW,NO,All plates are non-sterile REF-only,PLATE,,
00-00003132,BO.511.L.13.T,"Anterolateral Distal Tibia LCP 3,5mm & L 13H Ti",BOMBAY,Հատ,հատ,REF_ONLY,LOW,NO,All plates are non-sterile REF-only,PLATE,,
00-00003131,BO.511.L.15.T,"Anterolateral Distal Tibia LCP 3,5mm & L 15H Ti",BOMBAY,Հատ,հատ,REF_ONLY,LOW,NO,All plates are non-sterile REF-only,PLATE,,
00-00003166,PC.300.30.07.1,Caspar distractor N1,Prodorth,Հատ,հատ,REF_ONLY,MEDIUM,NO,No sterile indicators matched,,,
00-00003167,PC.300.30.07.2,Caspar distractor N2,Prodorth,Հատ,հատ,REF_ONLY,MEDIUM,NO,No sterile indicators matched,,,
00-00003168,PC.300.30.07.3,Caspar distractor N3,Prodorth,Հատ,հատ,REF_ONLY,MEDIUM,NO,No sterile indicators matched,,,
00-00003169,PC.300.30.09.1,Caspar Pin driver N1,Prodorth,Հատ,հատ,REF_ONLY,MEDIUM,NO,No sterile indicators matched,,,
00-00003170,PC.300.30.09.2,Caspar Pin driver N2,Prodorth,Հատ,հատ,REF_ONLY,MEDIUM,NO,No sterile indicators matched,,,
00-00003171,PC.300.30.09.3,Caspar Pin driver N3,Prodorth,Հատ,հատ,REF_ONLY,MEDIUM,NO,No sterile indicators matched,,,
00-00003172,PC.300.30.10.1,Cage inserter N1,Prodorth,Հատ,հատ,REF_ONLY,MEDIUM,NO,No sterile indicators matched,,,
00-00003173,PC.300.30.10.2,Cage inserter N2,Prodorth,Հատ,հատ,REF_ONLY,MEDIUM,NO,No sterile indicators matched,,,
00-00003174,PC.300.30.10.3,Cage inserter N3,Prodorth,Հատ,հատ,REF_ONLY,MEDIUM,NO,No sterile indicators matched,,,
00-00003175,PC.300.30.11.1,Cage trail inserter N1,Prodorth,Հատ,հատ,REF_ONLY,MEDIUM,NO,No sterile indicators matched,,,
00-00003176,PC.300.30.11.2,Cage trail inserter N2,Prodorth,Հատ,հատ,REF_ONLY,MEDIUM,NO,No sterile indicators matched,,,
00-00003177,PC.300.30.11.3,Cage trail inserter N3,Prodorth,Հատ,հատ,REF_ONLY,MEDIUM,NO,No sterile indicators matched,,,
00-00003178,PC.300.30.08.1,Caspar Pin N1,Prodorth,Հատ,հատ,REF_ONLY,MEDIUM,NO,No sterile indicators matched,,,
00-00003179,PC.300.30.08.2,Caspar Pin N2,Prodorth,Հատ,հատ,REF_ONLY,MEDIUM,NO,No sterile indicators matched,,,
00-00003180,PC.300.30.08.3,Caspar Pin N3,Prodorth,Հատ,հատ,REF_ONLY,MEDIUM,NO,No sterile indicators matched,,,
00-00003181,PC.300.30.08.4,Caspar Pin N4,Prodorth,Հատ,հատ,REF_ONLY,MEDIUM,NO,No sterile indicators matched,,,
00-00003182,PC.300.30.08.5,Caspar Pin N5,Prodorth,Հատ,հատ,REF_ONLY,MEDIUM,NO,No sterile indicators matched,,,
00-00003183,PC.300.30.08.6,Caspar Pin N6,Prodorth,Հատ,հատ,REF_ONLY,MEDIUM,NO,No sterile indicators matched,,,
00-00003184,PC.300.30.08.7,Caspar Pin N7,Prodorth,Հատ,հատ,REF_ONLY,MEDIUM,NO,No sterile indicators matched,,,
00-00003185,PC.300.30.08.8,Caspar Pin N8,Prodorth,Հատ,հատ,REF_ONLY,MEDIUM,NO,No sterile indicators matched,,,
00-00003186,PC.300.30.08.9,Caspar Pin N9,Prodorth,Հատ,հատ,REF_ONLY,MEDIUM,NO,No sterile indicators matched,,,
00-00003187,PC.300.30.08.10,Caspar Pin N10,Prodorth,Հատ,հատ,REF_ONLY,MEDIUM,NO,No sterile indicators matched,,,
00-00003188,PC.300.30.08.11,Caspar Pin N11,Prodorth,Հատ,հատ,REF_ONLY,MEDIUM,NO,No sterile indicators matched,,,
00-00003189,PC.300.30.08.12,Caspar Pin N12,Prodorth,Հատ,հատ,REF_ONLY,MEDIUM,NO,No sterile indicators matched,,,
00-00003190,SBB.04,Screw box big 4,Screw Set,Հատ,հատ,REF_ONLY,LOW,NO,Set/kit/instrument/tool is non-sterile,NON_STERILE_TOOLING,,
00-00003191,MB1PS845,"Spineway-Polyaxial Pedicle screws, 8x45 , Ti",Spineway,Հատ,հատ,REF_ONLY,LOW,NO,Usual screw is non-sterile REF-only,SCREW,,
00-00003192,MB1PS530,"Spineway-Polyaxial Pedicle screws, 5x30 , Ti",Spineway,Հատ,հատ,REF_ONLY,LOW,NO,Usual screw is non-sterile REF-only,SCREW,,
00-00003193,MB1PS430,"Spineway-Polyaxial Pedicle screws, 4x30 , Ti",Spineway,Հատ,հատ,REF_ONLY,LOW,NO,Usual screw is non-sterile REF-only,SCREW,,
00-00003194,INACEIHB,Cervical implant holder T handle,Spineway,Հատ,հատ,REF_ONLY,LOW,NO,Set/kit/instrument/tool is non-sterile,NON_STERILE_TOOLING,,
00-00003195,INACEIHM1,Screwdriver M2,Spineway,Հատ,հատ,REF_ONLY,LOW,NO,Set/kit/instrument/tool is non-sterile,NON_STERILE_TOOLING,,
00-00003196,ACBS-14-13-55,Cervical cage with blade W14mm - D13mm - H5.5mm,Spineway,Հատ,հատ,REF_ONLY,MEDIUM,NO,No sterile indicators matched,,,
00-00003197,ACBS-14-13-65,Cervical cage with blade W14mm - D13mm - H6.5mm,Spineway,Հատ,հատ,REF_ONLY,MEDIUM,NO,No sterile indicators matched,,,
00-00003198,SBS.14,Screw box small 14,Screw Set,Հատ,հատ,REF_ONLY,LOW,NO,Set/kit/instrument/tool is non-sterile,NON_STERILE_TOOLING,,
00-00003199,SBS.15,Screw box small 15,Screw Set,Հատ,հատ,REF_ONLY,LOW,NO,Set/kit/instrument/tool is non-sterile,NON_STERILE_TOOLING,,
00-00003200,SBS.16,Screw box small 16,Screw Set,Հատ,հատ,REF_ONLY,LOW,NO,Set/kit/instrument/tool is non-sterile,NON_STERILE_TOOLING,,
00-00003201,SBS.17,Screw box small 17,Screw Set,Հատ,հատ,REF_ONLY,LOW,NO,Set/kit/instrument/tool is non-sterile,NON_STERILE_TOOLING,,
00-00003202,SBS.18,Screw box small 18,Screw Set,Հատ,հատ,REF_ONLY,LOW,NO,Set/kit/instrument/tool is non-sterile,NON_STERILE_TOOLING,,
00-00003203,SBS.19,Screw box small 19,Screw Set,Հատ,հատ,REF_ONLY,LOW,NO,Set/kit/instrument/tool is non-sterile,NON_STERILE_TOOLING,,
00-00003204,SBS.20,Screw box small 20,Screw Set,Հատ,հատ,REF_ONLY,LOW,NO,Set/kit/instrument/tool is non-sterile,NON_STERILE_TOOLING,,
00-00003205,SBS.21,Screw box small 21,Screw Set,Հատ,հատ,REF_ONLY,LOW,NO,Set/kit/instrument/tool is non-sterile,NON_STERILE_TOOLING,,
00-00003206,SBS.22,Screw box small 22,Screw Set,Հատ,հատ,REF_ONLY,LOW,NO,Set/kit/instrument/tool is non-sterile,NON_STERILE_TOOLING,,
00-00003207,SBS.23,Screw box small 23,Screw Set,Հատ,հատ,REF_ONLY,LOW,NO,Set/kit/instrument/tool is non-sterile,NON_STERILE_TOOLING,,
00-00003208,SBS.24,Screw box small 24,Screw Set,Հատ,հատ,REF_ONLY,LOW,NO,Set/kit/instrument/tool is non-sterile,NON_STERILE_TOOLING,,
00-00003209,SBS.25,Screw box small 25,Screw Set,Հատ,հատ,REF_ONLY,LOW,NO,Set/kit/instrument/tool is non-sterile,NON_STERILE_TOOLING,,
00-00003210,SBS.26,Screw box small 26,Screw Set,Հատ,հատ,REF_ONLY,LOW,NO,Set/kit/instrument/tool is non-sterile,NON_STERILE_TOOLING,,
00-00003211,SBB.05,Screw box big 5,Screw Set,Հատ,հատ,REF_ONLY,LOW,NO,Set/kit/instrument/tool is non-sterile,NON_STERILE_TOOLING,,
00-00003212,SBB.06,Screw box big 6,Screw Set,Հատ,հատ,REF_ONLY,LOW,NO,Set/kit/instrument/tool is non-sterile,NON_STERILE_TOOLING,,
00-00003213,SBB.07,Screw box big 7,Screw Set,Հատ,հատ,REF_ONLY,LOW,NO,Set/kit/instrument/tool is non-sterile,NON_STERILE_TOOLING,,
00-00003214,SBB.08,Screw box big 8,Screw Set,Հատ,հատ,REF_ONLY,LOW,NO,Set/kit/instrument/tool is non-sterile,NON_STERILE_TOOLING,,
00-00003215,SBB.09,Screw box big 9,Screw Set,Հատ,հատ,REF_ONLY,LOW,NO,Set/kit/instrument/tool is non-sterile,NON_STERILE_TOOLING,,
00-00003216,SBB.10,Screw box big 10,Screw Set,Հատ,հատ,REF_ONLY,LOW,NO,Set/kit/instrument/tool is non-sterile,NON_STERILE_TOOLING,,
00-00003217,SBB.11,Screw box big 11,Screw Set,Հատ,հատ,REF_ONLY,LOW,NO,Set/kit/instrument/tool is non-sterile,NON_STERILE_TOOLING,,
00-00003218,SBB.12,Screw box big 12,Screw Set,Հատ,հատ,REF_ONLY,LOW,NO,Set/kit/instrument/tool is non-sterile,NON_STERILE_TOOLING,,
00-00003219,SBB.13,Screw box big 13,Screw Set,Հատ,հատ,REF_ONLY,LOW,NO,Set/kit/instrument/tool is non-sterile,NON_STERILE_TOOLING,,
00-00003220,SBB.14,Screw box big 14,Screw Set,Հատ,հատ,REF_ONLY,LOW,NO,Set/kit/instrument/tool is non-sterile,NON_STERILE_TOOLING,,
00-00003221,SBB.15,Screw box big 15,Screw Set,Հատ,հատ,REF_ONLY,LOW,NO,Set/kit/instrument/tool is non-sterile,NON_STERILE_TOOLING,,
00-00003222,SBB.16,Screw box big 16,Screw Set,Հատ,հատ,REF_ONLY,LOW,NO,Set/kit/instrument/tool is non-sterile,NON_STERILE_TOOLING,,
00-00003223,SBB.17,Screw box big 17,Screw Set,Հատ,հատ,REF_ONLY,LOW,NO,Set/kit/instrument/tool is non-sterile,NON_STERILE_TOOLING,,
00-00003224,4208.1140,Long PFNA left 11*400mm Ti,PFNA,Հատ,հատ,REF_ONLY,LOW,NO,All nails are non-sterile REF-only,NAIL,,
00-00003225,4227.1140,Long PFNA right 11*400mm Ti,PFNA,Հատ,հատ,REF_ONLY,LOW,NO,All nails are non-sterile REF-only,NAIL,,
00-00003226,3201.3038,"ZM Herbert Screw, 3.0/38mm Ti",ZMD Screws,Հատ,հատ,REF_ONLY,LOW,NO,Usual screw is non-sterile REF-only,SCREW,,
00-00003227,3201.3040,"ZM Herbert Screw, 3.0/40mm Ti",ZMD Screws,Հատ,հատ,REF_ONLY,LOW,NO,Usual screw is non-sterile REF-only,SCREW,,
00-00003228,2204.2422,Locking Screw 2.4*22mm,ZMD Screws,Հատ,հատ,REF_ONLY,LOW,NO,Usual screw is non-sterile REF-only,SCREW,,
00-00003229,2204.2424,Locking Screw 2.4*24mm,ZMD Screws,Հատ,հատ,REF_ONLY,LOW,NO,Usual screw is non-sterile REF-only,SCREW,,
00-00003230,2204.2426,Locking Screw 2.4*26mm,ZMD Screws,Հատ,հատ,REF_ONLY,LOW,NO,Usual screw is non-sterile REF-only,SCREW,,
00-00003231,2204.2428,Locking Screw 2.4*28mm,ZMD Screws,Հատ,հատ,REF_ONLY,LOW,NO,Usual screw is non-sterile REF-only,SCREW,,
00-00003232,2201.3552,"ZM Locking screw 3.5mm, 52mm Ti",ZMD Screws,Հատ,հատ,REF_ONLY,LOW,NO,Usual screw is non-sterile REF-only,SCREW,,
00-00003233,2201.3556,"ZM Locking screw 3.5mm, 56mm Ti",ZMD Screws,Հատ,հատ,REF_ONLY,LOW,NO,Usual screw is non-sterile REF-only,SCREW,,
00-00003234,2201.3558,"ZM Locking screw 3.5mm, 58mm Ti",ZMD Screws,Հատ,հատ,REF_ONLY,LOW,NO,Usual screw is non-sterile REF-only,SCREW,,
00-00003235,1101.3552,"ZM Cortex screw 3.5mm,52mm S.S",ZMD Screws,Հատ,հատ,REF_ONLY,LOW,NO,Usual screw is non-sterile REF-only,SCREW,,
00-00003236,1101.3556,"ZM Cortex screw 3.5mm,56mm S.S",ZMD Screws,Հատ,հատ,REF_ONLY,LOW,NO,Usual screw is non-sterile REF-only,SCREW,,
00-00003237,1101.3560,"ZM Cortex screw 3.5mm,60mm S.S",ZMD Screws,Հատ,հատ,REF_ONLY,LOW,NO,Usual screw is non-sterile REF-only,SCREW,,
00-00003238,1101.4558,"Zimede, Cortex screw , 4.5*58mm, S.S",ZMD Screws,Հատ,հատ,REF_ONLY,LOW,NO,Usual screw is non-sterile REF-only,SCREW,,
00-00003239,1101.4560,"Zimede, Cortex screw , 4.5*60mm, S.S",ZMD Screws,Հատ,հատ,REF_ONLY,LOW,NO,Usual screw is non-sterile REF-only,SCREW,,
00-00003241,30248.3.5.300,"ZM K-wire, 3.5/300mm SS",ZMD Wire,Հատ,հատ,REF_ONLY,MEDIUM,NO,No sterile indicators matched,,,
00-00003242,30248.4.0.300,"ZM K-wire, 4.0/300mm SS",ZMD Wire,Հատ,հատ,REF_ONLY,MEDIUM,NO,No sterile indicators matched,,,
00-00003243,3211.1204,Radius Distal Multi-direction Locking Plate 4h L T,ZMD Plates,Հատ,հատ,REF_ONLY,LOW,NO,All plates are non-sterile REF-only,PLATE,,
00-00003244,3212.1204,Radius Distal Multi-direction Locking Plate 4h R T,ZMD Plates,Հատ,հատ,REF_ONLY,LOW,NO,All plates are non-sterile REF-only,PLATE,,
00-00003245,3211.1205,Radius Distal Multi-direction Locking Plate 5h L T,ZMD Plates,Հատ,հատ,REF_ONLY,LOW,NO,All plates are non-sterile REF-only,PLATE,,
00-00003246,3212.1205,Radius Distal Multi-direction Locking Plate 5h RL T,ZMD Plates,Հատ,հատ,REF_ONLY,LOW,NO,All plates are non-sterile REF-only,PLATE,,
00-00003247,5041-00210,Radius Stem 6.5-30mm,Radius Prosthesis,Ժամկետով ապրանքներ,հատ,BATCH_EXPIRY,MEDIUM,NO,1C item_type says expiry-controlled and no non-sterile override matched,EXPIRY_ITEM_TYPE,,
00-00003248,5041-00203,Radius Stem 7.5-27mm,Radius Prosthesis,Ժամկետով ապրանքներ,հատ,BATCH_EXPIRY,MEDIUM,NO,1C item_type says expiry-controlled and no non-sterile override matched,EXPIRY_ITEM_TYPE,,
00-00003249,5041-00207,Radius Stem 7.5-29mm,Radius Prosthesis,Ժամկետով ապրանքներ,հատ,BATCH_EXPIRY,MEDIUM,NO,1C item_type says expiry-controlled and no non-sterile override matched,EXPIRY_ITEM_TYPE,,
00-00003250,5041-00101,Radius Head 18-8.5mm,Radius Prosthesis,Ժամկետով ապրանքներ,հատ,BATCH_EXPIRY,MEDIUM,NO,1C item_type says expiry-controlled and no non-sterile override matched,EXPIRY_ITEM_TYPE,,
00-00003251,5041-00102,Radius Head 18-10.5mm,Radius Prosthesis,Ժամկետով ապրանքներ,հատ,BATCH_EXPIRY,MEDIUM,NO,1C item_type says expiry-controlled and no non-sterile override matched,EXPIRY_ITEM_TYPE,,
00-00003252,5041-00103,Radius Head 18-12.5mm,Radius Prosthesis,Ժամկետով ապրանքներ,հատ,BATCH_EXPIRY,MEDIUM,NO,1C item_type says expiry-controlled and no non-sterile override matched,EXPIRY_ITEM_TYPE,,
00-00003253,5041-00105,Radius Head 20-11mm,Radius Prosthesis,Ժամկետով ապրանքներ,հատ,BATCH_EXPIRY,MEDIUM,NO,1C item_type says expiry-controlled and no non-sterile override matched,EXPIRY_ITEM_TYPE,,
00-00003254,5041-00106,Radius Head 20-13mm,Radius Prosthesis,Ժամկետով ապրանքներ,հատ,BATCH_EXPIRY,MEDIUM,NO,1C item_type says expiry-controlled and no non-sterile override matched,EXPIRY_ITEM_TYPE,,
00-00003255,5041-00109,Radius Head 22-13.5mm,Radius Prosthesis,Ժամկետով ապրանքներ,հատ,BATCH_EXPIRY,MEDIUM,NO,1C item_type says expiry-controlled and no non-sterile override matched,EXPIRY_ITEM_TYPE,,
00-00000106,20321,"CrCo Metal Heads  BALL HEAD, CrCo - 12/14 - Ø 22mm - SHORT neck",Permedica - Hip,Ժամկետով ապրանքներ,հատ,BATCH_EXPIRY,MEDIUM,NO,1C item_type says expiry-controlled and no non-sterile override matched,EXPIRY_ITEM_TYPE,,
00-00000107,20322,"CrCo Metal Heads  BALL HEAD, CrCo - 12/14 - Ø 22mm - MEDIUM neck",Permedica - Hip,Ժամկետով ապրանքներ,հատ,BATCH_EXPIRY,MEDIUM,NO,1C item_type says expiry-controlled and no non-sterile override matched,EXPIRY_ITEM_TYPE,,
00-00000108,20323,"CrCo Metal Heads  BALL HEAD, CrCo - 12/14 - Ø 22mm - LONG neck",Permedica - Hip,Ժամկետով ապրանքներ,հատ,BATCH_EXPIRY,MEDIUM,NO,1C item_type says expiry-controlled and no non-sterile override matched,EXPIRY_ITEM_TYPE,,
00-00000003,20381,"CrCo Metal Heads  BALL HEAD, CrCo - 12/14 - Ø 28mm - SHORT neck",Permedica - Hip,Ժամկետով ապրանքներ,հատ,BATCH_EXPIRY,MEDIUM,NO,1C item_type says expiry-controlled and no non-sterile override matched,EXPIRY_ITEM_TYPE,,
00-00000104,20382,"CrCo Metal Heads  BALL HEAD, CrCo - 12/14 - Ø 28mm - MEDIUM neck",Permedica - Hip,Ժամկետով ապրանքներ,հատ,BATCH_EXPIRY,MEDIUM,NO,1C item_type says expiry-controlled and no non-sterile override matched,EXPIRY_ITEM_TYPE,,
00-00000105,20383,"CrCo Metal Heads  BALL HEAD, CrCo - 12/14 - Ø 28mm - LONG neck",Permedica - Hip,Ժամկետով ապրանքներ,հատ,BATCH_EXPIRY,MEDIUM,NO,1C item_type says expiry-controlled and no non-sterile override matched,EXPIRY_ITEM_TYPE,,
00-00000103,20384,"CrCo Metal Heads  BALL HEAD, CrCo - 12/14 - Ø 28mm - X-LONG neck",Permedica - Hip,Ժամկետով ապրանքներ,հատ,BATCH_EXPIRY,MEDIUM,NO,1C item_type says expiry-controlled and no non-sterile override matched,EXPIRY_ITEM_TYPE,,
00-00000100,20331,"CrCo Metal Heads  BALL HEAD, CrCo - 12/14 - Ø 32mm - SHORT neck",Permedica - Hip,Ժամկետով ապրանքներ,հատ,BATCH_EXPIRY,MEDIUM,NO,1C item_type says expiry-controlled and no non-sterile override matched,EXPIRY_ITEM_TYPE,,
00-00000101,20332,"CrCo Metal Heads  BALL HEAD, CrCo - 12/14 - Ø 32mm - MEDIUM neck",Permedica - Hip,Ժամկետով ապրանքներ,հատ,BATCH_EXPIRY,MEDIUM,NO,1C item_type says expiry-controlled and no non-sterile override matched,EXPIRY_ITEM_TYPE,,
00-00000102,20333,"CrCo Metal Heads  BALL HEAD, CrCo - 12/14 - Ø 32mm - LONG neck",Permedica - Hip,Ժամկետով ապրանքներ,հատ,BATCH_EXPIRY,MEDIUM,NO,1C item_type says expiry-controlled and no non-sterile override matched,EXPIRY_ITEM_TYPE,,
00-00000099,20334,"CrCo Metal Heads  BALL HEAD, CrCo - 12/14 - Ø 32mm - X-LONG neck",Permedica - Hip,Ժամկետով ապրանքներ,հատ,BATCH_EXPIRY,MEDIUM,NO,1C item_type says expiry-controlled and no non-sterile override matched,EXPIRY_ITEM_TYPE,,
00-00000096,20391,"CrCo Metal Heads  BALL HEAD, CrCo - 12/14 - Ø 36mm - SHORT neck",Permedica - Hip,Ժամկետով ապրանքներ,հատ,BATCH_EXPIRY,MEDIUM,NO,1C item_type says expiry-controlled and no non-sterile override matched,EXPIRY_ITEM_TYPE,,
00-00000097,20392,"CrCo Metal Heads  BALL HEAD, CrCo - 12/14 - Ø 36mm - MEDIUM neck",Permedica - Hip,Ժամկետով ապրանքներ,հատ,BATCH_EXPIRY,MEDIUM,NO,1C item_type says expiry-controlled and no non-sterile override matched,EXPIRY_ITEM_TYPE,,
00-00000098,20393,"CrCo Metal Heads  BALL HEAD, CrCo - 12/14 - Ø 36mm - LONG neck",Permedica - Hip,Ժամկետով ապրանքներ,հատ,BATCH_EXPIRY,MEDIUM,NO,1C item_type says expiry-controlled and no non-sterile override matched,EXPIRY_ITEM_TYPE,,
00-00000095,20394,"CrCo Metal Heads  BALL HEAD, CrCo - 12/14 - Ø 36mm - X-LONG neck",Permedica - Hip,Ժամկետով ապրանքներ,հատ,BATCH_EXPIRY,MEDIUM,NO,1C item_type says expiry-controlled and no non-sterile override matched,EXPIRY_ITEM_TYPE,,
00-00000048,20221,"PM734 Metal Heads - Standard BALL HEAD, CrCo - 12/14 - Ø 22mm - SHORT neck",Permedica - Hip,Ժամկետով ապրանքներ,հատ,BATCH_EXPIRY,MEDIUM,NO,1C item_type says expiry-controlled and no non-sterile override matched,EXPIRY_ITEM_TYPE,,
00-00000049,20222,"PM734 Metal Heads - Standard BALL HEAD, CrCo - 12/14 - Ø 22mm - MEDIUM neck",Permedica - Hip,Ժամկետով ապրանքներ,հատ,BATCH_EXPIRY,MEDIUM,NO,1C item_type says expiry-controlled and no non-sterile override matched,EXPIRY_ITEM_TYPE,,
00-00000050,20223,"PM734 Metal Heads - Standard BALL HEAD, CrCo - 12/14 - Ø 22mm - LONG neck",Permedica - Hip,Ժամկետով ապրանքներ,հատ,BATCH_EXPIRY,MEDIUM,NO,1C item_type says expiry-controlled and no non-sterile override matched,EXPIRY_ITEM_TYPE,,
00-00000045,20281,"PM734 Metal Heads - Standard BALL HEAD, CrCo - 12/14 - Ø 28mm - SHORT neck",Permedica - Hip,Ժամկետով ապրանքներ,հատ,BATCH_EXPIRY,MEDIUM,NO,1C item_type says expiry-controlled and no non-sterile override matched,EXPIRY_ITEM_TYPE,,
00-00000046,20282,"PM734 Metal Heads - Standard BALL HEAD, CrCo - 12/14 - Ø 28mm - MEDIUM neck",Permedica - Hip,Ժամկետով ապրանքներ,հատ,BATCH_EXPIRY,MEDIUM,NO,1C item_type says expiry-controlled and no non-sterile override matched,EXPIRY_ITEM_TYPE,,
00-00000047,20283,"PM734 Metal Heads - Standard BALL HEAD, CrCo - 12/14 - Ø 28mm - LONG neck",Permedica - Hip,Ժամկետով ապրանքներ,հատ,BATCH_EXPIRY,MEDIUM,NO,1C item_type says expiry-controlled and no non-sterile override matched,EXPIRY_ITEM_TYPE,,
00-00000044,20284,"PM734 Metal Heads - Standard BALL HEAD, CrCo - 12/14 - Ø 28mm - X-LONG neck",Permedica - Hip,Ժամկետով ապրանքներ,հատ,BATCH_EXPIRY,MEDIUM,NO,1C item_type says expiry-controlled and no non-sterile override matched,EXPIRY_ITEM_TYPE,,
00-00000041,20231,"PM734 Metal Heads - Standard BALL HEAD, CrCo - 12/14 - Ø 32mm - SHORT neck",Permedica - Hip,Ժամկետով ապրանքներ,հատ,BATCH_EXPIRY,MEDIUM,NO,1C item_type says expiry-controlled and no non-sterile override matched,EXPIRY_ITEM_TYPE,,
00-00000042,20232,"PM734 Metal Heads - Standard BALL HEAD, CrCo - 12/14 - Ø 32mm - MEDIUM neck",Permedica - Hip,Ժամկետով ապրանքներ,հատ,BATCH_EXPIRY,MEDIUM,NO,1C item_type says expiry-controlled and no non-sterile override matched,EXPIRY_ITEM_TYPE,,
00-00000043,20233,"PM734 Metal Heads - Standard BALL HEAD, CrCo - 12/14 - Ø 32mm - LONG neck",Permedica - Hip,Ժամկետով ապրանքներ,հատ,BATCH_EXPIRY,MEDIUM,NO,1C item_type says expiry-controlled and no non-sterile override matched,EXPIRY_ITEM_TYPE,,
00-00000040,20234,"PM734 Metal Heads - Standard BALL HEAD, CrCo - 12/14 - Ø 32mm - X-LONG neck",Permedica - Hip,Ժամկետով ապրանքներ,հատ,BATCH_EXPIRY,MEDIUM,NO,1C item_type says expiry-controlled and no non-sterile override matched,EXPIRY_ITEM_TYPE,,
00-00000037,20291,"PM734 Metal Heads - Standard BALL HEAD, CrCo - 12/14 - Ø 36mm - SHORT neck",Permedica - Hip,Ժամկետով ապրանքներ,հատ,BATCH_EXPIRY,MEDIUM,NO,1C item_type says expiry-controlled and no non-sterile override matched,EXPIRY_ITEM_TYPE,,
00-00000038,20292,"PM734 Metal Heads - Standard BALL HEAD, CrCo - 12/14 - Ø 36mm - MEDIUM neck",Permedica - Hip,Ժամկետով ապրանքներ,հատ,BATCH_EXPIRY,MEDIUM,NO,1C item_type says expiry-controlled and no non-sterile override matched,EXPIRY_ITEM_TYPE,,
00-00000039,20293,"PM734 Metal Heads - Standard BALL HEAD, CrCo - 12/14 - Ø 36mm - LONG neck",Permedica - Hip,Ժամկետով ապրանքներ,հատ,BATCH_EXPIRY,MEDIUM,NO,1C item_type says expiry-controlled and no non-sterile override matched,EXPIRY_ITEM_TYPE,,
00-00000036,20294,"PM734 Metal Heads - Standard BALL HEAD, CrCo - 12/14 - Ø 36mm - X-LONG neck",Permedica - Hip,Ժամկետով ապրանքներ,հատ,BATCH_EXPIRY,MEDIUM,NO,1C item_type says expiry-controlled and no non-sterile override matched,EXPIRY_ITEM_TYPE,,
00-00000113,20587,"BIOLOX® delta ceramic Heads BALL HEAD, BIOLOX DELTA - 12/14 - Ø 28mm - SHORT neck",Permedica - Hip,Ժամկետով ապրանքներ,հատ,BATCH_EXPIRY,MEDIUM,NO,1C item_type says expiry-controlled and no non-sterile override matched,EXPIRY_ITEM_TYPE,,
00-00000114,20588,"BIOLOX® delta ceramic Heads BALL HEAD, BIOLOX DELTA - 12/14 - Ø 28mm - MEDIUM neck",Permedica - Hip,Ժամկետով ապրանքներ,հատ,BATCH_EXPIRY,MEDIUM,NO,1C item_type says expiry-controlled and no non-sterile override matched,EXPIRY_ITEM_TYPE,,
00-00000115,20589,"BIOLOX® delta ceramic Heads BALL HEAD, BIOLOX DELTA - 12/14 - Ø 28mm - LONG neck",Permedica - Hip,Ժամկետով ապրանքներ,հատ,BATCH_EXPIRY,MEDIUM,NO,1C item_type says expiry-controlled and no non-sterile override matched,EXPIRY_ITEM_TYPE,,
00-00000110,20537,"BIOLOX® delta ceramic Heads BALL HEAD, BIOLOX DELTA - 12/14 - Ø 32mm - SHORT neck",Permedica - Hip,Ժամկետով ապրանքներ,հատ,BATCH_EXPIRY,MEDIUM,NO,1C item_type says expiry-controlled and no non-sterile override matched,EXPIRY_ITEM_TYPE,,
00-00000111,20538,"BIOLOX® delta ceramic Heads BALL HEAD, BIOLOX DELTA - 12/14 - Ø 32mm - MEDIUM neck",Permedica - Hip,Ժամկետով ապրանքներ,հատ,BATCH_EXPIRY,MEDIUM,NO,1C item_type says expiry-controlled and no non-sterile override matched,EXPIRY_ITEM_TYPE,,
00-00000112,20539,"BIOLOX® delta ceramic Heads BALL HEAD, BIOLOX DELTA - 12/14 - Ø 32mm - LONG neck",Permedica - Hip,Ժամկետով ապրանքներ,հատ,BATCH_EXPIRY,MEDIUM,NO,1C item_type says expiry-controlled and no non-sterile override matched,EXPIRY_ITEM_TYPE,,
00-00000109,20540,"BIOLOX® delta ceramic Heads BALL HEAD, BIOLOX DELTA - 12/14 - Ø 32mm - X-LONG neck",Permedica - Hip,Ժամկետով ապրանքներ,հատ,BATCH_EXPIRY,MEDIUM,NO,1C item_type says expiry-controlled and no non-sterile override matched,EXPIRY_ITEM_TYPE,,
00-00000090,36005,JUMP SYSTEM BIOLOX DELTA Insert - Ø 28mm - BLACK,Permedica - Hip,Ժամկետով ապրանքներ,հատ,BATCH_EXPIRY,MEDIUM,NO,1C item_type says expiry-controlled and no non-sterile override matched,EXPIRY_ITEM_TYPE,,
00-00000088,36006,JUMP SYSTEM BIOLOX DELTA Insert - Ø 28mm - GREY,Permedica - Hip,Ժամկետով ապրանքներ,հատ,BATCH_EXPIRY,MEDIUM,NO,1C item_type says expiry-controlled and no non-sterile override matched,EXPIRY_ITEM_TYPE,,
00-00000086,36008,JUMP SYSTEM BIOLOX DELTA Insert - Ø 28mm - YELLOW,Permedica - Hip,Ժամկետով ապրանքներ,հատ,BATCH_EXPIRY,MEDIUM,NO,1C item_type says expiry-controlled and no non-sterile override matched,EXPIRY_ITEM_TYPE,,
00-00000089,36009,JUMP SYSTEM BIOLOX DELTA Insert - Ø 28mm - BLUE,Permedica - Hip,Ժամկետով ապրանքներ,հատ,BATCH_EXPIRY,MEDIUM,NO,1C item_type says expiry-controlled and no non-sterile override matched,EXPIRY_ITEM_TYPE,,
00-00000087,36010,JUMP SYSTEM BIOLOX DELTA Insert - Ø 28mm - RED,Permedica - Hip,Ժամկետով ապրանքներ,հատ,BATCH_EXPIRY,MEDIUM,NO,1C item_type says expiry-controlled and no non-sterile override matched,EXPIRY_ITEM_TYPE,,
00-00000085,36011,JUMP SYSTEM BIOLOX DELTA Insert - Ø 32mm - BLACK,Permedica - Hip,Ժամկետով ապրանքներ,հատ,BATCH_EXPIRY,MEDIUM,NO,1C item_type says expiry-controlled and no non-sterile override matched,EXPIRY_ITEM_TYPE,,
00-00000083,36015,JUMP SYSTEM BIOLOX DELTA Insert - Ø 32mm - GREY,Permedica - Hip,Ժամկետով ապրանքներ,հատ,BATCH_EXPIRY,MEDIUM,NO,1C item_type says expiry-controlled and no non-sterile override matched,EXPIRY_ITEM_TYPE,,
00-00000081,36016,JUMP SYSTEM BIOLOX DELTA Insert - Ø 32mm - YELLOW,Permedica - Hip,Ժամկետով ապրանքներ,հատ,BATCH_EXPIRY,MEDIUM,NO,1C item_type says expiry-controlled and no non-sterile override matched,EXPIRY_ITEM_TYPE,,
00-00000084,36017,JUMP SYSTEM BIOLOX DELTA Insert - Ø 32mm - BLUE,Permedica - Hip,Ժամկետով ապրանքներ,հատ,BATCH_EXPIRY,MEDIUM,NO,1C item_type says expiry-controlled and no non-sterile override matched,EXPIRY_ITEM_TYPE,,
00-00000082,36018,JUMP SYSTEM BIOLOX DELTA Insert - Ø 32mm - RED,Permedica - Hip,Ժամկետով ապրանքներ,հատ,BATCH_EXPIRY,MEDIUM,NO,1C item_type says expiry-controlled and no non-sterile override matched,EXPIRY_ITEM_TYPE,,
00-00000015,33842,UHMWPE Hooded 20° JUMP SYSTEM Cemented Cup - Ø 32 x 42mm - Hooded,Permedica - Hip,Ժամկետով ապրանքներ,հատ,BATCH_EXPIRY,MEDIUM,NO,1C item_type says expiry-controlled and no non-sterile override matched,EXPIRY_ITEM_TYPE,,
00-00000005,33844,UHMWPE Hooded 20°JUMP SYSTEM Cemented Cup - Ø 32 x 44mm - Hooded,Permedica - Hip,Ժամկետով ապրանքներ,հատ,BATCH_EXPIRY,MEDIUM,NO,1C item_type says expiry-controlled and no non-sterile override matched,EXPIRY_ITEM_TYPE,,
00-00000004,33846,UHMWPE Hooded 20°JUMP SYSTEM Cemented Cup - Ø 32 x 46mm - Hooded,Permedica - Hip,Ժամկետով ապրանքներ,հատ,BATCH_EXPIRY,MEDIUM,NO,1C item_type says expiry-controlled and no non-sterile override matched,EXPIRY_ITEM_TYPE,,
00-00000014,33848,UHMWPE Hooded 20° JUMP SYSTEM Cemented Cup - Ø 32 x 48mm - Hooded,Permedica - Hip,Ժամկետով ապրանքներ,հատ,BATCH_EXPIRY,MEDIUM,NO,1C item_type says expiry-controlled and no non-sterile override matched,EXPIRY_ITEM_TYPE,,
00-00000013,33850,UHMWPE Hooded 20° JUMP SYSTEM Cemented Cup - Ø 32 x 50mm - Hooded,Permedica - Hip,Ժամկետով ապրանքներ,հատ,BATCH_EXPIRY,MEDIUM,NO,1C item_type says expiry-controlled and no non-sterile override matched,EXPIRY_ITEM_TYPE,,
00-00000012,33852,UHMWPE Hooded 20° JUMP SYSTEM Cemented Cup - Ø 32 x 52mm - Hooded,Permedica - Hip,Ժամկետով ապրանքներ,հատ,BATCH_EXPIRY,MEDIUM,NO,1C item_type says expiry-controlled and no non-sterile override matched,EXPIRY_ITEM_TYPE,,
00-00000011,33854,UHMWPE Hooded 20° JUMP SYSTEM Cemented Cup - Ø 32 x 54mm - Hooded,Permedica - Hip,Ժամկետով ապրանքներ,հատ,BATCH_EXPIRY,MEDIUM,NO,1C item_type says expiry-controlled and no non-sterile override matched,EXPIRY_ITEM_TYPE,,
00-00000010,33856,UHMWPE Hooded 20° JUMP SYSTEM Cemented Cup - Ø 32 x 56mm - Hooded,Permedica - Hip,Ժամկետով ապրանքներ,հատ,BATCH_EXPIRY,MEDIUM,NO,1C item_type says expiry-controlled and no non-sterile override matched,EXPIRY_ITEM_TYPE,,
00-00000009,33858,UHMWPE Hooded 20° JUMP SYSTEM Cemented Cup - Ø 32 x 58mm - Hooded,Permedica - Hip,Ժամկետով ապրանքներ,հատ,BATCH_EXPIRY,MEDIUM,NO,1C item_type says expiry-controlled and no non-sterile override matched,EXPIRY_ITEM_TYPE,,
00-00000008,33860,UHMWPE Hooded 20° JUMP SYSTEM Cemented Cup - Ø 32 x 60mm - Hooded,Permedica - Hip,Ժամկետով ապրանքներ,հատ,BATCH_EXPIRY,MEDIUM,NO,1C item_type says expiry-controlled and no non-sterile override matched,EXPIRY_ITEM_TYPE,,
00-00000007,33862,UHMWPE Hooded 20° JUMP SYSTEM Cemented Cup - Ø 32 x 62mm - Hooded,Permedica - Hip,Ժամկետով ապրանքներ,հատ,BATCH_EXPIRY,MEDIUM,NO,1C item_type says expiry-controlled and no non-sterile override matched,EXPIRY_ITEM_TYPE,,
00-00000006,33864,UHMWPE Hooded 20° JUMP SYSTEM Cemented Cup - Ø 32 x 64mm - Hooded,Permedica - Hip,Ժամկետով ապրանքներ,հատ,BATCH_EXPIRY,MEDIUM,NO,1C item_type says expiry-controlled and no non-sterile override matched,EXPIRY_ITEM_TYPE,,
00-00000028,16706,"SELF-LOCKING cemented Stem - STANDARD - size 6,25",Permedica - Hip,Ժամկետով ապրանքներ,հատ,BATCH_EXPIRY,MEDIUM,NO,1C item_type says expiry-controlled and no non-sterile override matched,EXPIRY_ITEM_TYPE,,
00-00000027,16707,"SELF-LOCKING cemented Stem - STANDARD - size 7,50",Permedica - Hip,Ժամկետով ապրանքներ,հատ,BATCH_EXPIRY,MEDIUM,NO,1C item_type says expiry-controlled and no non-sterile override matched,EXPIRY_ITEM_TYPE,,
00-00000026,16708,"SELF-LOCKING cemented Stem - STANDARD - size 8,75",Permedica - Hip,Ժամկետով ապրանքներ,հատ,BATCH_EXPIRY,MEDIUM,NO,1C item_type says expiry-controlled and no non-sterile override matched,EXPIRY_ITEM_TYPE,,
00-00000035,16710,"SELF-LOCKING cemented Stem - STANDARD - size 10,0",Permedica - Hip,Ժամկետով ապրանքներ,հատ,BATCH_EXPIRY,MEDIUM,NO,1C item_type says expiry-controlled and no non-sterile override matched,EXPIRY_ITEM_TYPE,,
00-00000034,16711,"SELF-LOCKING cemented Stem - STANDARD - size 11,25",Permedica - Hip,Ժամկետով ապրանքներ,հատ,BATCH_EXPIRY,MEDIUM,NO,1C item_type says expiry-controlled and no non-sterile override matched,EXPIRY_ITEM_TYPE,,
00-00000033,16712,"SELF-LOCKING cemented Stem - STANDARD - size 12,50",Permedica - Hip,Ժամկետով ապրանքներ,հատ,BATCH_EXPIRY,MEDIUM,NO,1C item_type says expiry-controlled and no non-sterile override matched,EXPIRY_ITEM_TYPE,,
00-00000032,16713,"SELF-LOCKING cemented Stem - STANDARD - size 13,75",Permedica - Hip,Ժամկետով ապրանքներ,հատ,BATCH_EXPIRY,MEDIUM,NO,1C item_type says expiry-controlled and no non-sterile override matched,EXPIRY_ITEM_TYPE,,
00-00000031,16715,"SELF-LOCKING cemented Stem - STANDARD - size 15,0",Permedica - Hip,Ժամկետով ապրանքներ,հատ,BATCH_EXPIRY,MEDIUM,NO,1C item_type says expiry-controlled and no non-sterile override matched,EXPIRY_ITEM_TYPE,,
00-00000030,16717,"SELF-LOCKING cemented Stem - STANDARD - size 17,50",Permedica - Hip,Ժամկետով ապրանքներ,հատ,BATCH_EXPIRY,MEDIUM,NO,1C item_type says expiry-controlled and no non-sterile override matched,EXPIRY_ITEM_TYPE,,
00-00000029,16720,"SELF-LOCKING cemented Stem - STANDARD - size 20,0",Permedica - Hip,Ժամկետով ապրանքներ,հատ,BATCH_EXPIRY,MEDIUM,NO,1C item_type says expiry-controlled and no non-sterile override matched,EXPIRY_ITEM_TYPE,,
00-00000065,36362,JUMP SYSTEM UHMWPE Insert - Ø 22mm Hooded 10° - GREEN,Permedica - Hip,Ժամկետով ապրանքներ,հատ,BATCH_EXPIRY,MEDIUM,NO,1C item_type says expiry-controlled and no non-sterile override matched,EXPIRY_ITEM_TYPE,,
00-00000064,36363,JUMP SYSTEM UHMWPE Insert - Ø 28mm Hooded 10° - BLACK,Permedica - Hip,Ժամկետով ապրանքներ,հատ,BATCH_EXPIRY,MEDIUM,NO,1C item_type says expiry-controlled and no non-sterile override matched,EXPIRY_ITEM_TYPE,,
00-00000060,36364,JUMP SYSTEM UHMWPE Insert - Ø 28mm Hooded 10° - YELLOW,Permedica - Hip,Ժամկետով ապրանքներ,հատ,BATCH_EXPIRY,MEDIUM,NO,1C item_type says expiry-controlled and no non-sterile override matched,EXPIRY_ITEM_TYPE,,
00-00000062,36365,JUMP SYSTEM UHMWPE Insert - Ø 28mm Hooded 10° - GREY,Permedica - Hip,Ժամկետով ապրանքներ,հատ,BATCH_EXPIRY,MEDIUM,NO,1C item_type says expiry-controlled and no non-sterile override matched,EXPIRY_ITEM_TYPE,,
00-00000063,36366,JUMP SYSTEM UHMWPE Insert - Ø 28mm Hooded 10° - BLUE,Permedica - Hip,Ժամկետով ապրանքներ,հատ,BATCH_EXPIRY,MEDIUM,NO,1C item_type says expiry-controlled and no non-sterile override matched,EXPIRY_ITEM_TYPE,,
00-00000061,36367,JUMP SYSTEM UHMWPE Insert - Ø 28mm Hooded 10° - RED,Permedica - Hip,Ժամկետով ապրանքներ,հատ,BATCH_EXPIRY,MEDIUM,NO,1C item_type says expiry-controlled and no non-sterile override matched,EXPIRY_ITEM_TYPE,,
00-00000056,36368,JUMP SYSTEM UHMWPE Insert - Ø 32mm Hooded 10° - YELLOW,Permedica - Hip,Ժամկետով ապրանքներ,հատ,BATCH_EXPIRY,MEDIUM,NO,1C item_type says expiry-controlled and no non-sterile override matched,EXPIRY_ITEM_TYPE,,
00-00000058,36369,JUMP SYSTEM UHMWPE Insert - Ø 32mm Hooded 10° - GREY,Permedica - Hip,Ժամկետով ապրանքներ,հատ,BATCH_EXPIRY,MEDIUM,NO,1C item_type says expiry-controlled and no non-sterile override matched,EXPIRY_ITEM_TYPE,,
00-00000059,36370,JUMP SYSTEM UHMWPE Insert - Ø 32mm Hooded 10° - BLUE,Permedica - Hip,Ժամկետով ապրանքներ,հատ,BATCH_EXPIRY,MEDIUM,NO,1C item_type says expiry-controlled and no non-sterile override matched,EXPIRY_ITEM_TYPE,,
00-00000057,36371,JUMP SYSTEM UHMWPE Insert - Ø 32mm Hooded 10° - RED,Permedica - Hip,Ժամկետով ապրանքներ,հատ,BATCH_EXPIRY,MEDIUM,NO,1C item_type says expiry-controlled and no non-sterile override matched,EXPIRY_ITEM_TYPE,,
00-00000055,36329,JUMP SYSTEM UHMWPE Insert - Ø 36mm Hooded 10° - BLUE,Permedica - Hip,Ժամկետով ապրանքներ,հատ,BATCH_EXPIRY,MEDIUM,NO,1C item_type says expiry-controlled and no non-sterile override matched,EXPIRY_ITEM_TYPE,,
00-00000054,36330,JUMP SYSTEM UHMWPE Insert - Ø 36mm Hooded 10° - RED,Permedica - Hip,Ժամկետով ապրանքներ,հատ,BATCH_EXPIRY,MEDIUM,NO,1C item_type says expiry-controlled and no non-sterile override matched,EXPIRY_ITEM_TYPE,,
00-00000053,36378,JUMP SYSTEM UHMWPE Insert - Ø 36mm Hooded 10° - WHITE,Permedica - Hip,Ժամկետով ապրանքներ,հատ,BATCH_EXPIRY,MEDIUM,NO,1C item_type says expiry-controlled and no non-sterile override matched,EXPIRY_ITEM_TYPE,,
00-00000052,36384,JUMP SYSTEM UHMWPE Insert - Ø 40mm Hooded 10° - BLUE,Permedica - Hip,Ժամկետով ապրանքներ,հատ,BATCH_EXPIRY,MEDIUM,NO,1C item_type says expiry-controlled and no non-sterile override matched,EXPIRY_ITEM_TYPE,,
00-00000051,36385,JUMP SYSTEM UHMWPE Insert - Ø 40mm Hooded 10° - RED,Permedica - Hip,Ժամկետով ապրանքներ,հատ,BATCH_EXPIRY,MEDIUM,NO,1C item_type says expiry-controlled and no non-sterile override matched,EXPIRY_ITEM_TYPE,,
00-00000066,35242,JUMP SYSTEM Cup -W/Holes X-Pore Ø 42mm - GREEN,Permedica - Hip,Ժամկետով ապրանքներ,հատ,BATCH_EXPIRY,MEDIUM,NO,1C item_type says expiry-controlled and no non-sterile override matched,EXPIRY_ITEM_TYPE,,
00-00000080,35244,JUMP SYSTEM Cup -W/holes X-Pore - Ø 44mm - BLACK,Permedica - Hip,Ժամկետով ապրանքներ,հատ,BATCH_EXPIRY,MEDIUM,NO,1C item_type says expiry-controlled and no non-sterile override matched,EXPIRY_ITEM_TYPE,,
00-00000079,35246,JUMP SYSTEM Cup -W/holes X-Pore - Ø 46mm - BLACK,Permedica - Hip,Ժամկետով ապրանքներ,հատ,BATCH_EXPIRY,MEDIUM,NO,1C item_type says expiry-controlled and no non-sterile override matched,EXPIRY_ITEM_TYPE,,
00-00000078,35248,JUMP SYSTEM Cup -W/holes X-Pore - Ø 48mm - YELLOW,Permedica - Hip,Ժամկետով ապրանքներ,հատ,BATCH_EXPIRY,MEDIUM,NO,1C item_type says expiry-controlled and no non-sterile override matched,EXPIRY_ITEM_TYPE,,
00-00000077,35250,JUMP SYSTEM Cup -W/holes X-Pore - Ø 50mm - YELLOW,Permedica - Hip,Ժամկետով ապրանքներ,հատ,BATCH_EXPIRY,MEDIUM,NO,1C item_type says expiry-controlled and no non-sterile override matched,EXPIRY_ITEM_TYPE,,
00-00000076,35252,JUMP SYSTEM Cup -W/holes X-Pore - Ø 52mm - GREY,Permedica - Hip,Ժամկետով ապրանքներ,հատ,BATCH_EXPIRY,MEDIUM,NO,1C item_type says expiry-controlled and no non-sterile override matched,EXPIRY_ITEM_TYPE,,
00-00000075,35254,JUMP SYSTEM Cup -W/holes X-Pore - Ø 54mm - GREY,Permedica - Hip,Ժամկետով ապրանքներ,հատ,BATCH_EXPIRY,MEDIUM,NO,1C item_type says expiry-controlled and no non-sterile override matched,EXPIRY_ITEM_TYPE,,
00-00000074,35256,JUMP SYSTEM Cup -W/holes X-Pore - Ø 56mm - BLUE,Permedica - Hip,Ժամկետով ապրանքներ,հատ,BATCH_EXPIRY,MEDIUM,NO,1C item_type says expiry-controlled and no non-sterile override matched,EXPIRY_ITEM_TYPE,,
00-00000073,35258,JUMP SYSTEM Cup -W/holes X-Pore - Ø 58mm - BLUE,Permedica - Hip,Ժամկետով ապրանքներ,հատ,BATCH_EXPIRY,MEDIUM,NO,1C item_type says expiry-controlled and no non-sterile override matched,EXPIRY_ITEM_TYPE,,
00-00000072,35260,JUMP SYSTEM Cup -W/holes X-Pore - Ø 60mm - BLUE,Permedica - Hip,Ժամկետով ապրանքներ,հատ,BATCH_EXPIRY,MEDIUM,NO,1C item_type says expiry-controlled and no non-sterile override matched,EXPIRY_ITEM_TYPE,,
00-00000071,35262,JUMP SYSTEM Cup -W/holes X-Pore - Ø 62mm - RED,Permedica - Hip,Ժամկետով ապրանքներ,հատ,BATCH_EXPIRY,MEDIUM,NO,1C item_type says expiry-controlled and no non-sterile override matched,EXPIRY_ITEM_TYPE,,
00-00000070,35264,JUMP SYSTEM Cup -W/holes X-Pore - Ø 64mm - RED,Permedica - Hip,Ժամկետով ապրանքներ,հատ,BATCH_EXPIRY,MEDIUM,NO,1C item_type says expiry-controlled and no non-sterile override matched,EXPIRY_ITEM_TYPE,,
00-00000069,35266,JUMP SYSTEM Cup -W/holes X-Pore - Ø 66mm - RED,Permedica - Hip,Ժամկետով ապրանքներ,հատ,BATCH_EXPIRY,MEDIUM,NO,1C item_type says expiry-controlled and no non-sterile override matched,EXPIRY_ITEM_TYPE,,
00-00000068,35268,JUMP SYSTEM Cup -W/holes X-Pore - Ø 68mm - RED,Permedica - Hip,Ժամկետով ապրանքներ,հատ,BATCH_EXPIRY,MEDIUM,NO,1C item_type says expiry-controlled and no non-sterile override matched,EXPIRY_ITEM_TYPE,,
00-00000067,35270,JUMP SYSTEM Cup -W/holes X-Pore - Ø 70mm - RED,Permedica - Hip,Ժամկետով ապրանքներ,հատ,BATCH_EXPIRY,MEDIUM,NO,1C item_type says expiry-controlled and no non-sterile override matched,EXPIRY_ITEM_TYPE,,
00-00000018,15706,"SL X-Pore Stem - STANDARD - size 6,25",Permedica - Hip,Ժամկետով ապրանքներ,հատ,BATCH_EXPIRY,MEDIUM,NO,1C item_type says expiry-controlled and no non-sterile override matched,EXPIRY_ITEM_TYPE,,
00-00000017,15707,"SL X-Pore Stem - STANDARD - size 7,50",Permedica - Hip,Ժամկետով ապրանքներ,հատ,BATCH_EXPIRY,MEDIUM,NO,1C item_type says expiry-controlled and no non-sterile override matched,EXPIRY_ITEM_TYPE,,
00-00000016,15708,"SL X-Pore Stem - STANDARD - size 8,75",Permedica - Hip,Ժամկետով ապրանքներ,հատ,BATCH_EXPIRY,MEDIUM,NO,1C item_type says expiry-controlled and no non-sterile override matched,EXPIRY_ITEM_TYPE,,
00-00000025,15710,"SL X-Pore Stem - STANDARD - size 10,0",Permedica - Hip,Ժամկետով ապրանքներ,հատ,BATCH_EXPIRY,MEDIUM,NO,1C item_type says expiry-controlled and no non-sterile override matched,EXPIRY_ITEM_TYPE,,
00-00000024,15711,"SL X-Pore Stem - STANDARD - size 11,25",Permedica - Hip,Ժամկետով ապրանքներ,հատ,BATCH_EXPIRY,MEDIUM,NO,1C item_type says expiry-controlled and no non-sterile override matched,EXPIRY_ITEM_TYPE,,
00-00000023,15712,"SL X-Pore Stem - STANDARD - size 12,50",Permedica - Hip,Ժամկետով ապրանքներ,հատ,BATCH_EXPIRY,MEDIUM,NO,1C item_type says expiry-controlled and no non-sterile override matched,EXPIRY_ITEM_TYPE,,
00-00000022,15713,"SL X-Pore Stem - STANDARD - size 13,75",Permedica - Hip,Ժամկետով ապրանքներ,հատ,BATCH_EXPIRY,MEDIUM,NO,1C item_type says expiry-controlled and no non-sterile override matched,EXPIRY_ITEM_TYPE,,
00-00000021,15715,"SL X-Pore Stem - STANDARD - size 15,0",Permedica - Hip,Ժամկետով ապրանքներ,հատ,BATCH_EXPIRY,MEDIUM,NO,1C item_type says expiry-controlled and no non-sterile override matched,EXPIRY_ITEM_TYPE,,
00-00000020,15717,"SL X-Pore Stem - STANDARD - size 17,50",Permedica - Hip,Ժամկետով ապրանքներ,հատ,BATCH_EXPIRY,MEDIUM,NO,1C item_type says expiry-controlled and no non-sterile override matched,EXPIRY_ITEM_TYPE,,
00-00000019,15720,"SL X-Pore Stem - STANDARD - size 20,0",Permedica - Hip,Ժամկետով ապրանքներ,հատ,BATCH_EXPIRY,MEDIUM,NO,1C item_type says expiry-controlled and no non-sterile override matched,EXPIRY_ITEM_TYPE,,
00-00000094,36725,"JUMP Fixation SCREW - Flat head Ø 6,5x25mm",Permedica - Hip,Ժամկետով ապրանքներ,հատ,BATCH_EXPIRY,LOW,NO,Chunli/Permedica/Just screw requires expiry,SCREW;STERILE_SCREW_BRAND,,
00-00000093,36730,"JUMP Fixation SCREW - Flat head Ø 6,5x30mm",Permedica - Hip,Ժամկետով ապրանքներ,հատ,BATCH_EXPIRY,LOW,NO,Chunli/Permedica/Just screw requires expiry,SCREW;STERILE_SCREW_BRAND,,
00-00000092,36735,"JUMP Fixation SCREW - Flat head Ø 6,5x35mm",Permedica - Hip,Ժամկետով ապրանքներ,հատ,BATCH_EXPIRY,LOW,NO,Chunli/Permedica/Just screw requires expiry,SCREW;STERILE_SCREW_BRAND,,
00-00000091,36740,"JUMP Fixation SCREW - Flat head Ø 6,5x40mm",Permedica - Hip,Ժամկետով ապրանքներ,հատ,BATCH_EXPIRY,LOW,NO,Chunli/Permedica/Just screw requires expiry,SCREW;STERILE_SCREW_BRAND,,
00-00000199,54301,GKS PRIME FLEX PS: FEMUR Cemented - Size 4 RIGHT,Permedica - Knee,Ժամկետով ապրանքներ,հատ,BATCH_EXPIRY,MEDIUM,NO,1C item_type says expiry-controlled and no non-sterile override matched,EXPIRY_ITEM_TYPE,,
00-00000200,54302,GKS PRIME FLEX PS: FEMUR Cemented - Size 4 LEFT,Permedica - Knee,Ժամկետով ապրանքներ,հատ,BATCH_EXPIRY,MEDIUM,NO,1C item_type says expiry-controlled and no non-sterile override matched,EXPIRY_ITEM_TYPE,,
00-00000197,54303,GKS PRIME FLEX PS: FEMUR Cemented - Size 5 RIGHT,Permedica - Knee,Ժամկետով ապրանքներ,հատ,BATCH_EXPIRY,MEDIUM,NO,1C item_type says expiry-controlled and no non-sterile override matched,EXPIRY_ITEM_TYPE,,
00-00000198,54304,GKS PRIME FLEX PS: FEMUR Cemented - Size 5 LEFT,Permedica - Knee,Ժամկետով ապրանքներ,հատ,BATCH_EXPIRY,MEDIUM,NO,1C item_type says expiry-controlled and no non-sterile override matched,EXPIRY_ITEM_TYPE,,
00-00000195,54305,GKS PRIME FLEX PS: FEMUR Cemented - Size 6 RIGHT,Permedica - Knee,Ժամկետով ապրանքներ,հատ,BATCH_EXPIRY,MEDIUM,NO,1C item_type says expiry-controlled and no non-sterile override matched,EXPIRY_ITEM_TYPE,,
00-00000196,54306,GKS PRIME FLEX PS: FEMUR Cemented - Size 6 LEFT,Permedica - Knee,Ժամկետով ապրանքներ,հատ,BATCH_EXPIRY,MEDIUM,NO,1C item_type says expiry-controlled and no non-sterile override matched,EXPIRY_ITEM_TYPE,,
00-00000193,54307,GKS PRIME FLEX PS: FEMUR Cemented - Size 7 RIGHT,Permedica - Knee,Ժամկետով ապրանքներ,հատ,BATCH_EXPIRY,MEDIUM,NO,1C item_type says expiry-controlled and no non-sterile override matched,EXPIRY_ITEM_TYPE,,
00-00000194,54308,GKS PRIME FLEX PS: FEMUR Cemented - Size 7 LEFT,Permedica - Knee,Ժամկետով ապրանքներ,հատ,BATCH_EXPIRY,MEDIUM,NO,1C item_type says expiry-controlled and no non-sterile override matched,EXPIRY_ITEM_TYPE,,
00-00000191,54309,GKS PRIME FLEX PS: FEMUR Cemented - Size 8 RIGHT,Permedica - Knee,Ժամկետով ապրանքներ,հատ,BATCH_EXPIRY,MEDIUM,NO,1C item_type says expiry-controlled and no non-sterile override matched,EXPIRY_ITEM_TYPE,,
00-00000192,54310,GKS PRIME FLEX PS: FEMUR Cemented - Size 8 LEFT,Permedica - Knee,Ժամկետով ապրանքներ,հատ,BATCH_EXPIRY,MEDIUM,NO,1C item_type says expiry-controlled and no non-sterile override matched,EXPIRY_ITEM_TYPE,,
00-00000189,54311,GKS PRIME FLEX PS: FEMUR Cemented - Size 9 RIGHT,Permedica - Knee,Ժամկետով ապրանքներ,հատ,BATCH_EXPIRY,MEDIUM,NO,1C item_type says expiry-controlled and no non-sterile override matched,EXPIRY_ITEM_TYPE,,
00-00000190,54312,GKS PRIME FLEX PS: FEMUR Cemented - Size 9 LEFT,Permedica - Knee,Ժամկետով ապրանքներ,հատ,BATCH_EXPIRY,MEDIUM,NO,1C item_type says expiry-controlled and no non-sterile override matched,EXPIRY_ITEM_TYPE,,
00-00000207,54313,GKS PRIME FLEX PS: FEMUR Cemented - Size 10 RIGHT,Permedica - Knee,Ժամկետով ապրանքներ,հատ,BATCH_EXPIRY,MEDIUM,NO,1C item_type says expiry-controlled and no non-sterile override matched,EXPIRY_ITEM_TYPE,,
00-00000208,54314,GKS PRIME FLEX PS: FEMUR Cemented - Size 10 LEFT,Permedica - Knee,Ժամկետով ապրանքներ,հատ,BATCH_EXPIRY,MEDIUM,NO,1C item_type says expiry-controlled and no non-sterile override matched,EXPIRY_ITEM_TYPE,,
00-00000205,54315,GKS PRIME FLEX PS: FEMUR Cemented - Size 11 RIGHT,Permedica - Knee,Ժամկետով ապրանքներ,հատ,BATCH_EXPIRY,MEDIUM,NO,1C item_type says expiry-controlled and no non-sterile override matched,EXPIRY_ITEM_TYPE,,
00-00000206,54316,GKS PRIME FLEX PS: FEMUR Cemented - Size 11 LEFT,Permedica - Knee,Ժամկետով ապրանքներ,հատ,BATCH_EXPIRY,MEDIUM,NO,1C item_type says expiry-controlled and no non-sterile override matched,EXPIRY_ITEM_TYPE,,
00-00000203,54317,GKS PRIME FLEX PS: FEMUR Cemented - Size 12 RIGHT,Permedica - Knee,Ժամկետով ապրանքներ,հատ,BATCH_EXPIRY,MEDIUM,NO,1C item_type says expiry-controlled and no non-sterile override matched,EXPIRY_ITEM_TYPE,,
00-00000204,54318,GKS PRIME FLEX PS: FEMUR Cemented - Size 12 LEFT,Permedica - Knee,Ժամկետով ապրանքներ,հատ,BATCH_EXPIRY,MEDIUM,NO,1C item_type says expiry-controlled and no non-sterile override matched,EXPIRY_ITEM_TYPE,,
00-00000202,54319,GKS PRIME FLEX PS: FEMUR Cemented - Size 13 LEFT,Permedica - Knee,Ժամկետով ապրանքներ,հատ,BATCH_EXPIRY,MEDIUM,NO,1C item_type says expiry-controlled and no non-sterile override matched,EXPIRY_ITEM_TYPE,,
00-00000201,54320,GKS PRIME FLEX PS: FEMUR Cemented - Size 13 RIGHT,Permedica - Knee,Ժամկետով ապրանքներ,հատ,BATCH_EXPIRY,MEDIUM,NO,1C item_type says expiry-controlled and no non-sterile override matched,EXPIRY_ITEM_TYPE,,
00-00000164,54546,"GKS PRIME FLEX: PS UHMWPE Insert, Size 4-6 / XS-A - 09mm",Permedica - Knee,Ժամկետով ապրանքներ,հատ,BATCH_EXPIRY,MEDIUM,NO,1C item_type says expiry-controlled and no non-sterile override matched,EXPIRY_ITEM_TYPE,,
00-00000163,54501,"GKS PRIME FLEX: PS UHMWPE Insert, Size 4-6 / XS-A - 10mm",Permedica - Knee,Ժամկետով ապրանքներ,հատ,BATCH_EXPIRY,MEDIUM,NO,1C item_type says expiry-controlled and no non-sterile override matched,EXPIRY_ITEM_TYPE,,
00-00000162,54547,"GKS PRIME FLEX: PS UHMWPE Insert, Size 4-6 / XS-A - 11mm",Permedica - Knee,Ժամկետով ապրանքներ,հատ,BATCH_EXPIRY,MEDIUM,NO,1C item_type says expiry-controlled and no non-sterile override matched,EXPIRY_ITEM_TYPE,,
00-00000161,54502,"GKS PRIME FLEX: PS UHMWPE Insert, Size 4-6 / XS-A - 12mm",Permedica - Knee,Ժամկետով ապրանքներ,հատ,BATCH_EXPIRY,MEDIUM,NO,1C item_type says expiry-controlled and no non-sterile override matched,EXPIRY_ITEM_TYPE,,
00-00000160,54548,"GKS PRIME FLEX: PS UHMWPE Insert, Size 4-6 / XS-A - 13mm",Permedica - Knee,Ժամկետով ապրանքներ,հատ,BATCH_EXPIRY,MEDIUM,NO,1C item_type says expiry-controlled and no non-sterile override matched,EXPIRY_ITEM_TYPE,,
00-00000159,54503,"GKS PRIME FLEX: PS UHMWPE Insert, Size 4-6 / XS-A - 14mm",Permedica - Knee,Ժամկետով ապրանքներ,հատ,BATCH_EXPIRY,MEDIUM,NO,1C item_type says expiry-controlled and no non-sterile override matched,EXPIRY_ITEM_TYPE,,
00-00000158,54549,"GKS PRIME FLEX: PS UHMWPE Insert, Size 4-6 / XS-A - 15mm",Permedica - Knee,Ժամկետով ապրանքներ,հատ,BATCH_EXPIRY,MEDIUM,NO,1C item_type says expiry-controlled and no non-sterile override matched,EXPIRY_ITEM_TYPE,,
00-00000157,54504,"GKS PRIME FLEX: PS UHMWPE Insert, Size 4-6 / XS-A - 17mm",Permedica - Knee,Ժամկետով ապրանքներ,հատ,BATCH_EXPIRY,MEDIUM,NO,1C item_type says expiry-controlled and no non-sterile override matched,EXPIRY_ITEM_TYPE,,
00-00000156,54505,"GKS PRIME FLEX: PS UHMWPE Insert, Size 4-6 / XS-A - 20mm",Permedica - Knee,Ժամկետով ապրանքներ,հատ,BATCH_EXPIRY,MEDIUM,NO,1C item_type says expiry-controlled and no non-sterile override matched,EXPIRY_ITEM_TYPE,,
00-00000182,54550,"GKS PRIME FLEX: PS UHMWPE Insert, Size 4-6 / B-C - 09mm",Permedica - Knee,Ժամկետով ապրանքներ,հատ,BATCH_EXPIRY,MEDIUM,NO,1C item_type says expiry-controlled and no non-sterile override matched,EXPIRY_ITEM_TYPE,,
00-00000181,54506,"GKS PRIME FLEX: PS UHMWPE Insert, Size 4-6 / B-C - 10mm",Permedica - Knee,Ժամկետով ապրանքներ,հատ,BATCH_EXPIRY,MEDIUM,NO,1C item_type says expiry-controlled and no non-sterile override matched,EXPIRY_ITEM_TYPE,,
00-00000180,54551,"GKS PRIME FLEX: PS UHMWPE Insert, Size 4-6 / B-C - 11mm",Permedica - Knee,Ժամկետով ապրանքներ,հատ,BATCH_EXPIRY,MEDIUM,NO,1C item_type says expiry-controlled and no non-sterile override matched,EXPIRY_ITEM_TYPE,,
00-00000179,54507,"GKS PRIME FLEX: PS UHMWPE Insert, Size 4-6 / B-C - 12mm",Permedica - Knee,Ժամկետով ապրանքներ,հատ,BATCH_EXPIRY,MEDIUM,NO,1C item_type says expiry-controlled and no non-sterile override matched,EXPIRY_ITEM_TYPE,,
00-00000178,54552,"GKS PRIME FLEX: PS UHMWPE Insert, Size 4-6 / B-C - 13mm",Permedica - Knee,Ժամկետով ապրանքներ,հատ,BATCH_EXPIRY,MEDIUM,NO,1C item_type says expiry-controlled and no non-sterile override matched,EXPIRY_ITEM_TYPE,,
00-00000177,54508,"GKS PRIME FLEX: PS UHMWPE Insert, Size 4-6 / B-C - 14mm",Permedica - Knee,Ժամկետով ապրանքներ,հատ,BATCH_EXPIRY,MEDIUM,NO,1C item_type says expiry-controlled and no non-sterile override matched,EXPIRY_ITEM_TYPE,,
00-00000176,54553,"GKS PRIME FLEX: PS UHMWPE Insert, Size 4-6 / B-C - 15mm",Permedica - Knee,Ժամկետով ապրանքներ,հատ,BATCH_EXPIRY,MEDIUM,NO,1C item_type says expiry-controlled and no non-sterile override matched,EXPIRY_ITEM_TYPE,,
00-00000175,54509,"GKS PRIME FLEX: PS UHMWPE Insert, Size 4-6 / B-C - 17mm",Permedica - Knee,Ժամկետով ապրանքներ,հատ,BATCH_EXPIRY,MEDIUM,NO,1C item_type says expiry-controlled and no non-sterile override matched,EXPIRY_ITEM_TYPE,,
00-00000174,54510,"GKS PRIME FLEX: PS UHMWPE Insert, Size 4-6 / B-C - 20mm",Permedica - Knee,Ժամկետով ապրանքներ,հատ,BATCH_EXPIRY,MEDIUM,NO,1C item_type says expiry-controlled and no non-sterile override matched,EXPIRY_ITEM_TYPE,,
00-00000173,54554,"GKS PRIME FLEX: PS UHMWPE Insert, Size 4-6 / D-E - 09mm",Permedica - Knee,Ժամկետով ապրանքներ,հատ,BATCH_EXPIRY,MEDIUM,NO,1C item_type says expiry-controlled and no non-sterile override matched,EXPIRY_ITEM_TYPE,,
00-00000172,54511,"GKS PRIME FLEX: PS UHMWPE Insert, Size 4-6 / D-E - 10mm",Permedica - Knee,Ժամկետով ապրանքներ,հատ,BATCH_EXPIRY,MEDIUM,NO,1C item_type says expiry-controlled and no non-sterile override matched,EXPIRY_ITEM_TYPE,,
00-00000171,54555,"GKS PRIME FLEX: PS UHMWPE Insert, Size 4-6 / D-E - 11mm",Permedica - Knee,Ժամկետով ապրանքներ,հատ,BATCH_EXPIRY,MEDIUM,NO,1C item_type says expiry-controlled and no non-sterile override matched,EXPIRY_ITEM_TYPE,,
00-00000170,54512,"GKS PRIME FLEX: PS UHMWPE Insert, Size 4-6 / D-E - 12mm",Permedica - Knee,Ժամկետով ապրանքներ,հատ,BATCH_EXPIRY,MEDIUM,NO,1C item_type says expiry-controlled and no non-sterile override matched,EXPIRY_ITEM_TYPE,,
00-00000169,54556,"GKS PRIME FLEX: PS UHMWPE Insert, Size 4-6 / D-E - 13mm",Permedica - Knee,Ժամկետով ապրանքներ,հատ,BATCH_EXPIRY,MEDIUM,NO,1C item_type says expiry-controlled and no non-sterile override matched,EXPIRY_ITEM_TYPE,,
00-00000168,54513,"GKS PRIME FLEX: PS UHMWPE Insert, Size 4-6 / D-E - 14mm",Permedica - Knee,Ժամկետով ապրանքներ,հատ,BATCH_EXPIRY,MEDIUM,NO,1C item_type says expiry-controlled and no non-sterile override matched,EXPIRY_ITEM_TYPE,,
00-00000167,54557,"GKS PRIME FLEX: PS UHMWPE Insert, Size 4-6 / D-E - 15mm",Permedica - Knee,Ժամկետով ապրանքներ,հատ,BATCH_EXPIRY,MEDIUM,NO,1C item_type says expiry-controlled and no non-sterile override matched,EXPIRY_ITEM_TYPE,,
00-00000166,54514,"GKS PRIME FLEX: PS UHMWPE Insert, Size 4-6 / D-E - 17mm",Permedica - Knee,Ժամկետով ապրանքներ,հատ,BATCH_EXPIRY,MEDIUM,NO,1C item_type says expiry-controlled and no non-sterile override matched,EXPIRY_ITEM_TYPE,,
00-00000165,54515,"GKS PRIME FLEX: PS UHMWPE Insert, Size 4-6 / D-E - 20mm",Permedica - Knee,Ժամկետով ապրանքներ,հատ,BATCH_EXPIRY,MEDIUM,NO,1C item_type says expiry-controlled and no non-sterile override matched,EXPIRY_ITEM_TYPE,,
00-00000155,54588,"GKS PRIME FLEX: PS UHMWPE Insert, Size 7-10 / B-C - 09mm",Permedica - Knee,Ժամկետով ապրանքներ,հատ,BATCH_EXPIRY,MEDIUM,NO,1C item_type says expiry-controlled and no non-sterile override matched,EXPIRY_ITEM_TYPE,,
00-00000154,54516,"GKS PRIME FLEX: PS UHMWPE Insert, Size 7-10 / B-C - 10mm",Permedica - Knee,Ժամկետով ապրանքներ,հատ,BATCH_EXPIRY,MEDIUM,NO,1C item_type says expiry-controlled and no non-sterile override matched,EXPIRY_ITEM_TYPE,,
00-00000153,54589,"GKS PRIME FLEX: PS UHMWPE Insert, Size 7-10 / B-C - 11mm",Permedica - Knee,Ժամկետով ապրանքներ,հատ,BATCH_EXPIRY,MEDIUM,NO,1C item_type says expiry-controlled and no non-sterile override matched,EXPIRY_ITEM_TYPE,,
00-00000152,54517,"GKS PRIME FLEX: PS UHMWPE Insert, Size 7-10 / B-C - 12mm",Permedica - Knee,Ժամկետով ապրանքներ,հատ,BATCH_EXPIRY,MEDIUM,NO,1C item_type says expiry-controlled and no non-sterile override matched,EXPIRY_ITEM_TYPE,,
00-00000151,54590,"GKS PRIME FLEX: PS UHMWPE Insert, Size 7-10 / B-C - 13mm",Permedica - Knee,Ժամկետով ապրանքներ,հատ,BATCH_EXPIRY,MEDIUM,NO,1C item_type says expiry-controlled and no non-sterile override matched,EXPIRY_ITEM_TYPE,,
00-00000150,54518,"GKS PRIME FLEX: PS UHMWPE Insert, Size 7-10 / B-C - 14mm",Permedica - Knee,Ժամկետով ապրանքներ,հատ,BATCH_EXPIRY,MEDIUM,NO,1C item_type says expiry-controlled and no non-sterile override matched,EXPIRY_ITEM_TYPE,,
00-00000149,54591,"GKS PRIME FLEX: PS UHMWPE Insert, Size 7-10 / B-C - 15mm",Permedica - Knee,Ժամկետով ապրանքներ,հատ,BATCH_EXPIRY,MEDIUM,NO,1C item_type says expiry-controlled and no non-sterile override matched,EXPIRY_ITEM_TYPE,,
00-00000148,54519,"GKS PRIME FLEX: PS UHMWPE Insert, Size 7-10 / B-C - 17mm",Permedica - Knee,Ժամկետով ապրանքներ,հատ,BATCH_EXPIRY,MEDIUM,NO,1C item_type says expiry-controlled and no non-sterile override matched,EXPIRY_ITEM_TYPE,,
00-00000147,54520,"GKS PRIME FLEX: PS UHMWPE Insert, Size 7-10 / B-C - 20mm",Permedica - Knee,Ժամկետով ապրանքներ,հատ,BATCH_EXPIRY,MEDIUM,NO,1C item_type says expiry-controlled and no non-sterile override matched,EXPIRY_ITEM_TYPE,,
00-00000146,54592,"GKS PRIME FLEX: PS UHMWPE Insert, Size 7-10 / D-E - 09mm",Permedica - Knee,Ժամկետով ապրանքներ,հատ,BATCH_EXPIRY,MEDIUM,NO,1C item_type says expiry-controlled and no non-sterile override matched,EXPIRY_ITEM_TYPE,,
00-00000145,54592E,"GKS PRIME FLEX: PS UHMWPE Insert, Size 7-10 / D-E - 09mm E",Permedica - Knee,Ժամկետով ապրանքներ,հատ,BATCH_EXPIRY,MEDIUM,NO,1C item_type says expiry-controlled and no non-sterile override matched,EXPIRY_ITEM_TYPE,,
00-00000144,54521,"GKS PRIME FLEX: PS UHMWPE Insert, Size 7-10 / D-E - 10mm",Permedica - Knee,Ժամկետով ապրանքներ,հատ,BATCH_EXPIRY,MEDIUM,NO,1C item_type says expiry-controlled and no non-sterile override matched,EXPIRY_ITEM_TYPE,,
00-00000143,54593,"GKS PRIME FLEX: PS UHMWPE Insert, Size 7-10 / D-E - 11mm",Permedica - Knee,Ժամկետով ապրանքներ,հատ,BATCH_EXPIRY,MEDIUM,NO,1C item_type says expiry-controlled and no non-sterile override matched,EXPIRY_ITEM_TYPE,,
00-00000142,54522,"GKS PRIME FLEX: PS UHMWPE Insert, Size 7-10 / D-E - 12mm",Permedica - Knee,Ժամկետով ապրանքներ,հատ,BATCH_EXPIRY,MEDIUM,NO,1C item_type says expiry-controlled and no non-sterile override matched,EXPIRY_ITEM_TYPE,,
00-00000141,54594,"GKS PRIME FLEX: PS UHMWPE Insert, Size 7-10 / D-E - 13mm",Permedica - Knee,Ժամկետով ապրանքներ,հատ,BATCH_EXPIRY,MEDIUM,NO,1C item_type says expiry-controlled and no non-sterile override matched,EXPIRY_ITEM_TYPE,,
00-00000140,54523,"GKS PRIME FLEX: PS UHMWPE Insert, Size 7-10 / D-E - 14mm",Permedica - Knee,Ժամկետով ապրանքներ,հատ,BATCH_EXPIRY,MEDIUM,NO,1C item_type says expiry-controlled and no non-sterile override matched,EXPIRY_ITEM_TYPE,,
00-00000139,54595,"GKS PRIME FLEX: PS UHMWPE Insert, Size 7-10 / D-E - 15mm",Permedica - Knee,Ժամկետով ապրանքներ,հատ,BATCH_EXPIRY,MEDIUM,NO,1C item_type says expiry-controlled and no non-sterile override matched,EXPIRY_ITEM_TYPE,,
00-00000138,54524,"GKS PRIME FLEX: PS UHMWPE Insert, Size 7-10 / D-E - 17mm",Permedica - Knee,Ժամկետով ապրանքներ,հատ,BATCH_EXPIRY,MEDIUM,NO,1C item_type says expiry-controlled and no non-sterile override matched,EXPIRY_ITEM_TYPE,,
00-00000137,54525,"GKS PRIME FLEX: PS UHMWPE Insert, Size 7-10 / D-E - 20mm",Permedica - Knee,Ժամկետով ապրանքներ,հատ,BATCH_EXPIRY,MEDIUM,NO,1C item_type says expiry-controlled and no non-sterile override matched,EXPIRY_ITEM_TYPE,,
00-00000136,54596,"GKS PRIME FLEX: PS UHMWPE Insert, Size 7-10 / F-G - 09mm",Permedica - Knee,Ժամկետով ապրանքներ,հատ,BATCH_EXPIRY,MEDIUM,NO,1C item_type says expiry-controlled and no non-sterile override matched,EXPIRY_ITEM_TYPE,,
00-00000135,54526,"GKS PRIME FLEX: PS UHMWPE Insert, Size 7-10 / F-G - 10mm",Permedica - Knee,Ժամկետով ապրանքներ,հատ,BATCH_EXPIRY,MEDIUM,NO,1C item_type says expiry-controlled and no non-sterile override matched,EXPIRY_ITEM_TYPE,,
00-00000134,54597,"GKS PRIME FLEX: PS UHMWPE Insert, Size 7-10 / F-G - 11mm",Permedica - Knee,Ժամկետով ապրանքներ,հատ,BATCH_EXPIRY,MEDIUM,NO,1C item_type says expiry-controlled and no non-sterile override matched,EXPIRY_ITEM_TYPE,,
00-00000133,54597E,"GKS PRIME FLEX: PS UHMWPE Insert, Size 7-10 / F-G - 11mm E",Permedica - Knee,Ժամկետով ապրանքներ,հատ,BATCH_EXPIRY,MEDIUM,NO,1C item_type says expiry-controlled and no non-sterile override matched,EXPIRY_ITEM_TYPE,,
00-00000132,54527,"GKS PRIME FLEX: PS UHMWPE Insert, Size 7-10 / F-G - 12mm",Permedica - Knee,Ժամկետով ապրանքներ,հատ,BATCH_EXPIRY,MEDIUM,NO,1C item_type says expiry-controlled and no non-sterile override matched,EXPIRY_ITEM_TYPE,,
00-00000131,54598,"GKS PRIME FLEX: PS UHMWPE Insert, Size 7-10 / F-G - 13mm",Permedica - Knee,Ժամկետով ապրանքներ,հատ,BATCH_EXPIRY,MEDIUM,NO,1C item_type says expiry-controlled and no non-sterile override matched,EXPIRY_ITEM_TYPE,,
00-00000130,54528,"GKS PRIME FLEX: PS UHMWPE Insert, Size 7-10 / F-G - 14mm",Permedica - Knee,Ժամկետով ապրանքներ,հատ,BATCH_EXPIRY,MEDIUM,NO,1C item_type says expiry-controlled and no non-sterile override matched,EXPIRY_ITEM_TYPE,,
00-00000129,54599,"GKS PRIME FLEX: PS UHMWPE Insert, Size 7-10 / F-G - 15mm",Permedica - Knee,Ժամկետով ապրանքներ,հատ,BATCH_EXPIRY,MEDIUM,NO,1C item_type says expiry-controlled and no non-sterile override matched,EXPIRY_ITEM_TYPE,,
00-00000128,54529,"GKS PRIME FLEX: PS UHMWPE Insert, Size 7-10 / F-G - 17mm",Permedica - Knee,Ժամկետով ապրանքներ,հատ,BATCH_EXPIRY,MEDIUM,NO,1C item_type says expiry-controlled and no non-sterile override matched,EXPIRY_ITEM_TYPE,,
00-00000127,54530,"GKS PRIME FLEX: PS UHMWPE Insert, Size 7-10 / F-G - 20mm",Permedica - Knee,Ժամկետով ապրանքներ,հատ,BATCH_EXPIRY,MEDIUM,NO,1C item_type says expiry-controlled and no non-sterile override matched,EXPIRY_ITEM_TYPE,,
00-00000187,54531,"GKS PRIME FLEX: PS UHMWPE Insert, Size 11-13 / D-E - 10mm",Permedica - Knee,Ժամկետով ապրանքներ,հատ,BATCH_EXPIRY,MEDIUM,NO,1C item_type says expiry-controlled and no non-sterile override matched,EXPIRY_ITEM_TYPE,,
00-00000184,54536,"GKS PRIME FLEX: PS UHMWPE Insert, Size 11-13 / F-G - 10mm",Permedica - Knee,Ժամկետով ապրանքներ,հատ,BATCH_EXPIRY,MEDIUM,NO,1C item_type says expiry-controlled and no non-sterile override matched,EXPIRY_ITEM_TYPE,,
00-00000188,54600,"GKS PRIME FLEX: PS UHMWPE Insert, Size 11-13 / D-E - 09mm",Permedica - Knee,Ժամկետով ապրանքներ,հատ,BATCH_EXPIRY,MEDIUM,NO,1C item_type says expiry-controlled and no non-sterile override matched,EXPIRY_ITEM_TYPE,,
00-00000186,54601,"GKS PRIME FLEX: PS UHMWPE Insert, Size 11-13 / D-E - 11mm",Permedica - Knee,Ժամկետով ապրանքներ,հատ,BATCH_EXPIRY,MEDIUM,NO,1C item_type says expiry-controlled and no non-sterile override matched,EXPIRY_ITEM_TYPE,,
00-00000185,54604,"GKS PRIME FLEX: PS UHMWPE Insert, Size 11-13 / F-G - 09mm",Permedica - Knee,Ժամկետով ապրանքներ,հատ,BATCH_EXPIRY,MEDIUM,NO,1C item_type says expiry-controlled and no non-sterile override matched,EXPIRY_ITEM_TYPE,,
00-00000183,54605,"GKS PRIME FLEX: PS UHMWPE Insert, Size 11-13 / F-G - 11mm",Permedica - Knee,Ժամկետով ապրանքներ,հատ,BATCH_EXPIRY,MEDIUM,NO,1C item_type says expiry-controlled and no non-sterile override matched,EXPIRY_ITEM_TYPE,,
00-00000117,54471,GKS PRIME FLEX: TIBIA TOP cemented Nickel Free - Size XS - MAGENTA,Permedica - Knee,Ժամկետով ապրանքներ,հատ,BATCH_EXPIRY,MEDIUM,NO,1C item_type says expiry-controlled and no non-sterile override matched,EXPIRY_ITEM_TYPE,,
00-00000126,54472,GKS PRIME FLEX: TIBIA TOP cemented Nickel Free - Size A - MAGENTA,Permedica - Knee,Ժամկետով ապրանքներ,հատ,BATCH_EXPIRY,MEDIUM,NO,1C item_type says expiry-controlled and no non-sterile override matched,EXPIRY_ITEM_TYPE,,
00-00000125,54473,GKS PRIME FLEX: TIBIA TOP cemented Nickel Free - Size B - GREEN,Permedica - Knee,Ժամկետով ապրանքներ,հատ,BATCH_EXPIRY,MEDIUM,NO,1C item_type says expiry-controlled and no non-sterile override matched,EXPIRY_ITEM_TYPE,,
00-00000124,54474,GKS PRIME FLEX: TIBIA TOP cemented Nickel Free - Size C - GREEN,Permedica - Knee,Ժամկետով ապրանքներ,հատ,BATCH_EXPIRY,MEDIUM,NO,1C item_type says expiry-controlled and no non-sterile override matched,EXPIRY_ITEM_TYPE,,
00-00000123,54475,GKS PRIME FLEX: TIBIA TOP cemented Nickel Free - Size D - RED,Permedica - Knee,Ժամկետով ապրանքներ,հատ,BATCH_EXPIRY,MEDIUM,NO,1C item_type says expiry-controlled and no non-sterile override matched,EXPIRY_ITEM_TYPE,,
00-00000122,54476,GKS PRIME FLEX: TIBIA TOP cemented Nickel Free - Size E - RED,Permedica - Knee,Ժամկետով ապրանքներ,հատ,BATCH_EXPIRY,MEDIUM,NO,1C item_type says expiry-controlled and no non-sterile override matched,EXPIRY_ITEM_TYPE,,
00-00000121,54477,GKS PRIME FLEX: TIBIA TOP cemented Nickel Free - Size F - BLUE,Permedica - Knee,Ժամկետով ապրանքներ,հատ,BATCH_EXPIRY,MEDIUM,NO,1C item_type says expiry-controlled and no non-sterile override matched,EXPIRY_ITEM_TYPE,,
00-00000120,54478,GKS PRIME FLEX: TIBIA TOP cemented Nickel Free - Size G - BLUE,Permedica - Knee,Ժամկետով ապրանքներ,հատ,BATCH_EXPIRY,MEDIUM,NO,1C item_type says expiry-controlled and no non-sterile override matched,EXPIRY_ITEM_TYPE,,
00-00000119,54479,GKS PRIME FLEX: TIBIA TOP cemented Nickel Free - Size H – ORANGE,Permedica - Knee,Ժամկետով ապրանքներ,հատ,BATCH_EXPIRY,MEDIUM,NO,1C item_type says expiry-controlled and no non-sterile override matched,EXPIRY_ITEM_TYPE,,
00-00000118,54480,GKS PRIME FLEX: TIBIA TOP cemented Nickel Free - Size I – ORANGE,Permedica - Knee,Ժամկետով ապրանքներ,հատ,BATCH_EXPIRY,MEDIUM,NO,1C item_type says expiry-controlled and no non-sterile override matched,EXPIRY_ITEM_TYPE,,
00-00000211,101.03 5530,"L. Polyaxial Screw Ողնաշարի պոլիաքսիալ պտուտակProdorth, Ti,  5,5mm*30mm,",Prodorth,Հատ,հատ,REF_ONLY,LOW,NO,Usual screw is non-sterile REF-only,SCREW,,
00-00000218,101.03 5535,"L. Polyaxial Screw Ողնաշարի պոլիաքսիալ պտուտակ Prodorth Ti , 5,5mm*35mm,",Prodorth,Հատ,հատ,REF_ONLY,LOW,NO,Usual screw is non-sterile REF-only,SCREW,,
00-00000210,101.03 5540,"L. Polyaxial Screw Ողնաշարի պոլիաքսիալ պտուտակ Prodorth Ti , 5,5mm*40mm,",Prodorth,Հատ,հատ,REF_ONLY,LOW,NO,Usual screw is non-sterile REF-only,SCREW,,
00-00000217,101.03 5545,"L. Polyaxial Screw Ողնաշարի պոլիաքսիալ պտուտակ Prodorth Ti , 5,5mm*45mm,",Prodorth,Հատ,հատ,REF_ONLY,LOW,NO,Usual screw is non-sterile REF-only,SCREW,,
00-00000216,101.03 6530,"L. Polyaxial Screw Ողնաշարի պոլիաքսիալ պտուտակ Prodorth Ti , 6,5mm*30mm,",Prodorth,Հատ,հատ,REF_ONLY,LOW,NO,Usual screw is non-sterile REF-only,SCREW,,
00-00000215,101.03 6535,"L. Polyaxial Screw Ողնաշարի պոլիաքսիալ պտուտակ Prodorth Ti , 6,5mm*35mm,",Prodorth,Հատ,հատ,REF_ONLY,LOW,NO,Usual screw is non-sterile REF-only,SCREW,,
00-00000214,101.03 6540,"L. Polyaxial Screw Ողնաշարի պոլիաքսիալ պտուտակ Prodorth Ti , 6,5mm*40mm,",Prodorth,Հատ,հատ,REF_ONLY,LOW,NO,Usual screw is non-sterile REF-only,SCREW,,
00-00000213,101.03 6545,"L. Polyaxial Screw Ողնաշարի պոլիաքսիալ պտուտակ Prodorth Ti , 6,5mm*45mm,",Prodorth,Հատ,հատ,REF_ONLY,LOW,NO,Usual screw is non-sterile REF-only,SCREW,,
00-00000212,101.03 6550,"L. Polyaxial Screw Ողնաշարի պոլիաքսիալ պտուտակ Prodorth Ti , 6,5mm*50mm,",Prodorth,Հատ,հատ,REF_ONLY,LOW,NO,Usual screw is non-sterile REF-only,SCREW,,
00-00000689,8001.4530,"Poly-axial broken type pedicle screw, 4.5mm*30mm, Ti",Gather,Հատ,հատ,REF_ONLY,LOW,NO,Usual screw is non-sterile REF-only,SCREW,,
00-00000688,8001.5035,"Poly-axial broken type pedicle screw, 5.0mm*35mm, Ti",Gather,Հատ,հատ,REF_ONLY,LOW,NO,Usual screw is non-sterile REF-only,SCREW,,
00-00000687,8001.5040,"Poly-axial broken type pedicle screw, 5.0mm*40mm, Ti",Gather,Հատ,հատ,REF_ONLY,LOW,NO,Usual screw is non-sterile REF-only,SCREW,,
00-00000686,8001.5540,"Poly-axial broken type pedicle screw, 5.5mm*40mm, Ti",Gather,Հատ,հատ,REF_ONLY,LOW,NO,Usual screw is non-sterile REF-only,SCREW,,
00-00000685,8001.5545,"Poly-axial broken type pedicle screw, 5.5mm*45mm, Ti",Gather,Հատ,հատ,REF_ONLY,LOW,NO,Usual screw is non-sterile REF-only,SCREW,,
00-00000684,8001.5550,"Poly-axial broken type pedicle screw, 5.5mm*50mm, Ti",Gather,Հատ,հատ,REF_ONLY,LOW,NO,Usual screw is non-sterile REF-only,SCREW,,
00-00000683,8001.6040,"Poly-axial broken type pedicle screw, 6.0mm*40mm, Ti",Gather,Հատ,հատ,REF_ONLY,LOW,NO,Usual screw is non-sterile REF-only,SCREW,,
00-00000682,8001.6045,"Poly-axial broken type pedicle screw, 6.0mm*45mm, Ti",Gather,Հատ,հատ,REF_ONLY,LOW,NO,Usual screw is non-sterile REF-only,SCREW,,
00-00000681,8001.6535,"Poly-axial broken type pedicle screw, 6.5mm*35mm, Ti",Gather,Հատ,հատ,REF_ONLY,LOW,NO,Usual screw is non-sterile REF-only,SCREW,,
00-00000676,8001.6540,"Poly-axial broken type pedicle screw, 6.5mm*40mm, Ti",Gather,Հատ,հատ,REF_ONLY,LOW,NO,Usual screw is non-sterile REF-only,SCREW,,
00-00000680,8001.6545,"Poly-axial broken type pedicle screw, 6.5mm*45mm, Ti",Gather,Հատ,հատ,REF_ONLY,LOW,NO,Usual screw is non-sterile REF-only,SCREW,,
00-00000679,8001.6550,"Poly-axial broken type pedicle screw, 6.5mm*50mm, Ti",Gather,Հատ,հատ,REF_ONLY,LOW,NO,Usual screw is non-sterile REF-only,SCREW,,
00-00000678,8001.7045,"Poly-axial broken type pedicle screw, 7.0mm*45mm, Ti",Gather,Հատ,հատ,REF_ONLY,LOW,NO,Usual screw is non-sterile REF-only,SCREW,,
00-00000677,8001.7050,"Poly-axial broken type pedicle screw, 7.0mm*50mm, Ti",Gather,Հատ,հատ,REF_ONLY,LOW,NO,Usual screw is non-sterile REF-only,SCREW,,
00-00000690,Bombay,"PEDICAL HOOK,Ti",Gather,Հատ,հատ,REF_ONLY,MEDIUM,NO,No sterile indicators matched,,,
00-00000638,40304.6.5.35,"ZMD, Broken-type Multi-Axial U-shaped Screws, 6.5mm*35mm, Ti",Zimede,Հատ,հատ,REF_ONLY,LOW,NO,Usual screw is non-sterile REF-only,SCREW,,
00-00000668,042892012,"Zimede, 2.0mm Snap-off Screw, 12mm, Ti",Zimede,Հատ,հատ,REF_ONLY,LOW,NO,Usual screw is non-sterile REF-only,SCREW,,
00-00000666,042892013,"Zimede, 2.0mm Snap-off Screw, 13mm, Ti",Zimede,Հատ,հատ,REF_ONLY,LOW,NO,Usual screw is non-sterile REF-only,SCREW,,
00-00000664,042892014,"Zimede, 2.0mm Snap-off Screw, 14mm, Ti",Zimede,Հատ,հատ,REF_ONLY,LOW,NO,Usual screw is non-sterile REF-only,SCREW,,
00-00000662,042902712,"Zimede, 2.7mm Snap-off Screw, 12mm, Ti",Zimede,Հատ,հատ,REF_ONLY,LOW,NO,Usual screw is non-sterile REF-only,SCREW,,
00-00000660,042902713,"Zimede, 2.7mm Snap-off Screw, 13mm, Ti",Zimede,Հատ,հատ,REF_ONLY,LOW,NO,Usual screw is non-sterile REF-only,SCREW,,
00-00000658,042902714,"Zimede, 2.7mm Snap-off Screw, 14mm, Ti",Zimede,Հատ,հատ,REF_ONLY,LOW,NO,Usual screw is non-sterile REF-only,SCREW,,
00-00000304,112950000,"Zimede, Snap-off Screw Instrument Set, , Ti",Zimede,Հատ,հատ,REF_ONLY,LOW,NO,Set/kit/instrument/tool is non-sterile,NON_STERILE_TOOLING,,
00-00000655,40201.23,"Zimede, Anterior cervical plate, 4h - 23mm, Ti",Zimede,Հատ,հատ,REF_ONLY,LOW,NO,All plates are non-sterile REF-only,PLATE,,
00-00000654,40201.25,"Zimede, Anterior cervical plate, 4h - 25mm, Ti",Zimede,Հատ,հատ,REF_ONLY,LOW,NO,All plates are non-sterile REF-only,PLATE,,
00-00000653,40201.26,"Zimede, Anterior cervical plate, 4h - 26mm, Ti",Zimede,Հատ,հատ,REF_ONLY,LOW,NO,All plates are non-sterile REF-only,PLATE,,
00-00000652,40201.27,"Zimede, Anterior cervical plate, 4h - 27mm, Ti",Zimede,Հատ,հատ,REF_ONLY,LOW,NO,All plates are non-sterile REF-only,PLATE,,
00-00000651,40201.29,"Zimede, Anterior cervical plate, 4h - 29mm, Ti",Zimede,Հատ,հատ,REF_ONLY,LOW,NO,All plates are non-sterile REF-only,PLATE,,
00-00000650,40201.32,"Zimede, Anterior cervical plate, 4h - 32mm, Ti",Zimede,Հատ,հատ,REF_ONLY,LOW,NO,All plates are non-sterile REF-only,PLATE,,
00-00000649,40201.33,"Zimede, Anterior cervical plate, 4h - 33mm, Ti",Zimede,Հատ,հատ,REF_ONLY,LOW,NO,All plates are non-sterile REF-only,PLATE,,
00-00000648,40201.33-6,"Zimede, Anterior cervical plate, 6h - 33mm, Ti",Zimede,Հատ,հատ,REF_ONLY,LOW,NO,All plates are non-sterile REF-only,PLATE,,
00-00000647,40201.35,"Zimede, Anterior cervical plate, 6h - 35mm, Ti",Zimede,Հատ,հատ,REF_ONLY,LOW,NO,All plates are non-sterile REF-only,PLATE,,
00-00000646,40201.38,"Zimede, Anterior cervical plate, 6h - 38mm, Ti",Zimede,Հատ,հատ,REF_ONLY,LOW,NO,All plates are non-sterile REF-only,PLATE,,
00-00000645,40201.41,"Zimede, Anterior cervical plate, 6h - 41mm, Ti",Zimede,Հատ,հատ,REF_ONLY,LOW,NO,All plates are non-sterile REF-only,PLATE,,
00-00000644,40201.44,"Zimede, Anterior cervical plate, 6h - 44mm, Ti",Zimede,Հատ,հատ,REF_ONLY,LOW,NO,All plates are non-sterile REF-only,PLATE,,
00-00000643,40201.45,"Zimede, Anterior cervical plate, 6h - 45mm, Ti",Zimede,Հատ,հատ,REF_ONLY,LOW,NO,All plates are non-sterile REF-only,PLATE,,
00-00000642,40201.47,"Zimede, Anterior cervical plate, 6h - 47mm, Ti",Zimede,Հատ,հատ,REF_ONLY,LOW,NO,All plates are non-sterile REF-only,PLATE,,
00-00000641,40201.50,"Zimede, Anterior cervical plate, 6h - 50mm, Ti",Zimede,Հատ,հատ,REF_ONLY,LOW,NO,All plates are non-sterile REF-only,PLATE,,
00-00000640,40201.61,"Zimede, Anterior cervical plate, 8h - 61mm, Ti",Zimede,Հատ,հատ,REF_ONLY,LOW,NO,All plates are non-sterile REF-only,PLATE,,
00-00000639,40201.64,"Zimede, Anterior cervical plate, 8h - 64mm, Ti",Zimede,Հատ,հատ,REF_ONLY,LOW,NO,All plates are non-sterile REF-only,PLATE,,
00-00000656,40201.72,"Zimede, Anterior cervical plate, 10h - 72mm, Ti",Zimede,Հատ,հատ,REF_ONLY,LOW,NO,All plates are non-sterile REF-only,PLATE,,
00-00000384,40201.17,"Zimede, Position screws, 4.0x17mm, Ti",Zimede,Հատ,հատ,REF_ONLY,LOW,NO,Usual screw is non-sterile REF-only,SCREW,,
00-00000385,40201.15,"Zimede, Position screws, 4.0x15mm, Ti",Zimede,Հատ,հատ,REF_ONLY,LOW,NO,Usual screw is non-sterile REF-only,SCREW,,
00-00000230,40212.1290,"Zimede, Titanum Mesh Cage, 12x90mm, Ti",Zimede,Հատ,հատ,REF_ONLY,MEDIUM,NO,No sterile indicators matched,,,
00-00000229,40212.1490,"Zimede, Titanum Mesh Cage, 14x90mm, Ti",ZMD Plates,Հատ,հատ,REF_ONLY,LOW,NO,All plates are non-sterile REF-only,PLATE,,
00-00000557,080390200,"Rod DM 5.5mm, 200mm, Ti",Zimede,Հատ,հատ,REF_ONLY,MEDIUM,NO,No sterile indicators matched,,,
00-00000556,3240200490,"Rod BU 5.5mm, 500mm, Ti",Zimede,Հատ,հատ,REF_ONLY,MEDIUM,NO,No sterile indicators matched,,,
00-00000282,30249.065,"Zimede, Suture Wire, 0.6mm*5meter, S.S.",Zimede,Հատ,հատ,REF_ONLY,MEDIUM,NO,No sterile indicators matched,,,
00-00000281,30249.085,"Zimede, Suture Wire, 0.8mm*5meter, S.S.",Zimede,Հատ,հատ,REF_ONLY,MEDIUM,NO,No sterile indicators matched,,,
00-00000280,30249.105,"Zimede, Suture Wire, 1.0mm*5meter, S.S.",Zimede,Հատ,հատ,REF_ONLY,MEDIUM,NO,No sterile indicators matched,,,
00-00000279,30249.125,"Zimede, Suture Wire, 1.2mm*5meter, S.S.",Zimede,Հատ,հատ,REF_ONLY,MEDIUM,NO,No sterile indicators matched,,,
00-00000482,30248.0825,"Zimede, K-Wire, 0.8*250mm, S.S.",Zimede,Հատ,հատ,REF_ONLY,MEDIUM,NO,No sterile indicators matched,,,
00-00000481,30248.10250,"Zimede, K-Wire, 1.0*250mm, S.S.",Zimede,Հատ,հատ,REF_ONLY,MEDIUM,NO,No sterile indicators matched,,,
00-00000480,30248.10300,"Zimede, K-Wire, 1.0*300mm, S.S.",Zimede,Հատ,հատ,REF_ONLY,MEDIUM,NO,No sterile indicators matched,,,
00-00000479,30248.12250,"Zimede, K-Wire, 1.2*250mm, S.S.",Zimede,Հատ,հատ,REF_ONLY,MEDIUM,NO,No sterile indicators matched,,,
00-00000478,30248.12300,"Zimede, K-Wire, 1.2*300mm, S.S.",Zimede,Հատ,հատ,REF_ONLY,MEDIUM,NO,No sterile indicators matched,,,
00-00000477,30248.15300,"Zimede, K-Wire, 1.5*300mm, S.S.",Zimede,Հատ,հատ,REF_ONLY,MEDIUM,NO,No sterile indicators matched,,,
00-00000476,30248.20150,"Zimede, K-Wire, 2.0*250mm, S.S.",Zimede,Հատ,հատ,REF_ONLY,MEDIUM,NO,No sterile indicators matched,,,
00-00000475,30248.20300,"Zimede, K-Wire, 2.0*300mm, S.S.",Zimede,Հատ,հատ,REF_ONLY,MEDIUM,NO,No sterile indicators matched,,,
00-00000473,30248.25300,"Zimede, K-Wire, 2.5*300mm, S.S.",Zimede,Հատ,հատ,REF_ONLY,MEDIUM,NO,No sterile indicators matched,,,
00-00000474,30248.25250,"Zimede, K-Wire, 2.5*250mm, S.S.",Zimede,Հատ,հատ,REF_ONLY,MEDIUM,NO,No sterile indicators matched,,,
00-00000472,30248.30300,"Zimede, K-Wire, 3.0*300mm, S.S.",Zimede,Հատ,հատ,REF_ONLY,MEDIUM,NO,No sterile indicators matched,,,
00-00000228,30205.4,"Zimede, Tri-leaflet-headed plate, 4h, S.S.",ZMD Plates,Հատ,հատ,REF_ONLY,LOW,NO,All plates are non-sterile REF-only,PLATE,,
00-00000227,30205.5,"Zimede, Tri-leaflet-headed plate, 5h, S.S.",ZMD Plates,Հատ,հատ,REF_ONLY,LOW,NO,All plates are non-sterile REF-only,PLATE,,
00-00000226,30205.6,"Zimede, Tri-leaflet-headed plate, 6h, S.S.",ZMD Plates,Հատ,հատ,REF_ONLY,LOW,NO,All plates are non-sterile REF-only,PLATE,,
00-00000225,30205.7,"Zimede, Tri-leaflet-headed plate, 7h, S.S.",ZMD Plates,Հատ,հատ,REF_ONLY,LOW,NO,All plates are non-sterile REF-only,PLATE,,
00-00000278,30231A.4,"Zimede, T-Plate for Phalanx, 4 holes, S.S",ZMD Plates,Հատ,հատ,REF_ONLY,LOW,NO,All plates are non-sterile REF-only,PLATE,,
00-00000276,30231A.5,"Zimede, T-Plate for Phalanx, 5 holes, S.S",ZMD Plates,Հատ,հատ,REF_ONLY,LOW,NO,All plates are non-sterile REF-only,PLATE,,
00-00000579,30236.2.0*12,"Zimede, Cortex screw, 2.0*12mm, S.S",ZMD Screws,Հատ,հատ,REF_ONLY,LOW,NO,Usual screw is non-sterile REF-only,SCREW,,
00-00000577,30236.2.0*14,"Zimede, Cortex screw, 2.0*14mm, S.S",ZMD Screws,Հատ,հատ,REF_ONLY,LOW,NO,Usual screw is non-sterile REF-only,SCREW,,
00-00000575,30236.2.0*16,"Zimede, Cortex screw, 2.0*16mm, S.S",ZMD Screws,Հատ,հատ,REF_ONLY,LOW,NO,Usual screw is non-sterile REF-only,SCREW,,
00-00000573,30236.2.0*18,"Zimede, Cortex screw, 2.0*18mm, S.S",ZMD Screws,Հատ,հատ,REF_ONLY,LOW,NO,Usual screw is non-sterile REF-only,SCREW,,
00-00000571,30236.2.0*20,"Zimede, Cortex screw, 2.0*20mm, S.S",ZMD Screws,Հատ,հատ,REF_ONLY,LOW,NO,Usual screw is non-sterile REF-only,SCREW,,
00-00000289,30230A.4,"Zimede, Straigjt bone plate phalangs, 4 holes, Ti",ZMD Plates,Հատ,հատ,REF_ONLY,LOW,NO,All plates are non-sterile REF-only,PLATE,,
00-00000287,30230A.5,"Zimede, Straigjt bone plate phalangs, 5 holes, Ti",ZMD Plates,Հատ,հատ,REF_ONLY,LOW,NO,All plates are non-sterile REF-only,PLATE,,
00-00000285,30230A.6,"Zimede, Straigjt bone plate phalangs, 6 holes, Ti",ZMD Plates,Հատ,հատ,REF_ONLY,LOW,NO,All plates are non-sterile REF-only,PLATE,,
00-00000284,30230A.7,"Zimede, Straigjt bone plate phalangs, 7 holes, Ti",ZMD Plates,Հատ,հատ,REF_ONLY,LOW,NO,All plates are non-sterile REF-only,PLATE,,
00-00000283,30230A.8,"Zimede, Straigjt bone plate phalangs, 8 holes, Ti",ZMD Plates,Հատ,հատ,REF_ONLY,LOW,NO,All plates are non-sterile REF-only,PLATE,,
00-00000277,30231A.4,"Zimede, T-Plate for Phalanx, 4 holes, Ti",ZMD Plates,Հատ,հատ,REF_ONLY,LOW,NO,All plates are non-sterile REF-only,PLATE,,
00-00000275,30231A.5,"Zimede, T-Plate for Phalanx, 5 holes, Ti",ZMD Plates,Հատ,հատ,REF_ONLY,LOW,NO,All plates are non-sterile REF-only,PLATE,,
00-00000578,30236.2.0*12,"Zimede, Cortex screw, 2.0*12mm, Ti",ZMD Screws,Հատ,հատ,REF_ONLY,LOW,NO,Usual screw is non-sterile REF-only,SCREW,,
00-00000576,30236.2.0*14,"Zimede, Cortex screw, 2.0*14mm, Ti",ZMD Screws,Հատ,հատ,REF_ONLY,LOW,NO,Usual screw is non-sterile REF-only,SCREW,,
00-00000574,30236.2.0*16,"Zimede, Cortex screw, 2.0*16mm, Ti",ZMD Screws,Հատ,հատ,REF_ONLY,LOW,NO,Usual screw is non-sterile REF-only,SCREW,,
00-00000572,30236.2.0*18,"Zimede, Cortex screw, 2.0*18mm, Ti",ZMD Screws,Հատ,հատ,REF_ONLY,LOW,NO,Usual screw is non-sterile REF-only,SCREW,,
00-00000570,30236.2.0*20,"Zimede, Cortex screw, 2.0*20mm, Ti",ZMD Screws,Հատ,հատ,REF_ONLY,LOW,NO,Usual screw is non-sterile REF-only,SCREW,,
00-00000406,30211.4,"Zimede, One‐third Tubular Plate, 4h, S.S.",Zimede,Հատ,հատ,REF_ONLY,LOW,NO,All plates are non-sterile REF-only,PLATE,,
00-00000405,30211.5,"Zimede, One‐third Tubular Plate, 5h, S.S.",Zimede,Հատ,հատ,REF_ONLY,LOW,NO,All plates are non-sterile REF-only,PLATE,,
00-00000404,30211.6,"Zimede, One‐third Tubular Plate, 6h, S.S.",Zimede,Հատ,հատ,REF_ONLY,LOW,NO,All plates are non-sterile REF-only,PLATE,,
00-00000403,30211.7,"Zimede, One‐third Tubular Plate, 7h, S.S.",Zimede,Հատ,հատ,REF_ONLY,LOW,NO,All plates are non-sterile REF-only,PLATE,,
00-00000402,30211.8,"Zimede, One‐third Tubular Plate, 8h, S.S.",Zimede,Հատ,հատ,REF_ONLY,LOW,NO,All plates are non-sterile REF-only,PLATE,,
00-00000401,30211.9,"Zimede, One‐third Tubular Plate, 9h, S.S.",Zimede,Հատ,հատ,REF_ONLY,LOW,NO,All plates are non-sterile REF-only,PLATE,,
00-00000381,30202.1,"Zimede, Reconstructional plate, 10հ, S.S.",ZMD Plates,Հատ,հատ,REF_ONLY,LOW,NO,All plates are non-sterile REF-only,PLATE,,
00-00000380,30212.14,"Zimede, Reconstructional plate, 14h, S.S.",ZMD Plates,Հատ,հատ,REF_ONLY,LOW,NO,All plates are non-sterile REF-only,PLATE,,
00-00000675,30225.1,"Zimede, (Curved) Pelvic plate, 10հ, S.S.",ZMD Plates,Հատ,հատ,REF_ONLY,LOW,NO,All plates are non-sterile REF-only,PLATE,,
00-00000674,30225.12,"Zimede, (Curved) Pelvic plate, 12հ, S.S.",ZMD Plates,Հատ,հատ,REF_ONLY,LOW,NO,All plates are non-sterile REF-only,PLATE,,
00-00000516,30204.4,"Zimede, Humeral Distal Y-plate left, 4h, S.S",ZMD Plates,Հատ,հատ,REF_ONLY,LOW,NO,All plates are non-sterile REF-only,PLATE,,
00-00000514,30204.4,"Zimede, Humeral Distal Y-plate right, 4h, S.S",ZMD Plates,Հատ,հատ,REF_ONLY,LOW,NO,All plates are non-sterile REF-only,PLATE,,
00-00000515,30204.5,"Zimede, Humeral Distal Y-plate left, 5h, S.S",ZMD Plates,Հատ,հատ,REF_ONLY,LOW,NO,All plates are non-sterile REF-only,PLATE,,
00-00000513,30204.5,"Zimede, Humeral Distal Y-plate right, 5h, S.S",ZMD Plates,Հատ,հատ,REF_ONLY,LOW,NO,All plates are non-sterile REF-only,PLATE,,
00-00000274,30219.4,"Zimede, T-Plate, 4h, S.S",ZMD Plates,Հատ,հատ,REF_ONLY,LOW,NO,All plates are non-sterile REF-only,PLATE,,
00-00000273,30219.5,"Zimede, T-Plate, 5h, S.S",ZMD Plates,Հատ,հատ,REF_ONLY,LOW,NO,All plates are non-sterile REF-only,PLATE,,
00-00000272,30219.6,"Zimede, T-Plate, 6h, S.S",ZMD Plates,Հատ,հատ,REF_ONLY,LOW,NO,All plates are non-sterile REF-only,PLATE,,
00-00000271,30219.7,"Zimede, T-Plate, 7h, S.S",ZMD Plates,Հատ,հատ,REF_ONLY,LOW,NO,All plates are non-sterile REF-only,PLATE,,
00-00000270,30219.8,"Zimede, T-Plate, 8h, S.S",ZMD Plates,Հատ,հատ,REF_ONLY,LOW,NO,All plates are non-sterile REF-only,PLATE,,
00-00000471,30220.6,"Zimede, L-shaped bone plate Left, 6h, S.S",Zimede,Հատ,հատ,REF_ONLY,LOW,NO,All plates are non-sterile REF-only,PLATE,,
00-00000469,30220.6,"Zimede, L-shaped bone plate Right, 6h, S.S",Zimede,Հատ,հատ,REF_ONLY,LOW,NO,All plates are non-sterile REF-only,PLATE,,
00-00000470,30220.8,"Zimede, L-shaped bone plate Left, պրոքսիմալում 3 անցք, 8h, S.S",Zimede,Հատ,հատ,REF_ONLY,LOW,NO,All plates are non-sterile REF-only,PLATE,,
00-00000468,30220.8,"Zimede, L-shaped bone plate Right, պրոքսիմալում 3 անցք, 8h, S.S",Zimede,Հատ,հատ,REF_ONLY,LOW,NO,All plates are non-sterile REF-only,PLATE,,
00-00000465,30214.6,"Zimede, LC-DCP Humeral plate, 6h, S.S.",Zimede,Հատ,հատ,REF_ONLY,LOW,NO,All plates are non-sterile REF-only,PLATE,,
00-00000464,30214.7,"Zimede, LC-DCP Humeral plate, 7h, S.S.",Zimede,Հատ,հատ,REF_ONLY,LOW,NO,All plates are non-sterile REF-only,PLATE,,
00-00000463,30214.8,"Zimede, LC-DCP Humeral plate, 8h, S.S.",Zimede,Հատ,հատ,REF_ONLY,LOW,NO,All plates are non-sterile REF-only,PLATE,,
00-00000462,30214.9,"Zimede, LC-DCP Humeral plate, 9h, S.S.",Zimede,Հատ,հատ,REF_ONLY,LOW,NO,All plates are non-sterile REF-only,PLATE,,
00-00000467,30214.1,"Zimede, LC-DCP Humeral plate, 10h, S.S.",Zimede,Հատ,հատ,REF_ONLY,LOW,NO,All plates are non-sterile REF-only,PLATE,,
00-00000466,30214.14,"Zimede, LC-DCP Humeral plate, 14h, S.S.",Zimede,Հատ,հատ,REF_ONLY,LOW,NO,All plates are non-sterile REF-only,PLATE,,
00-00000448,30228.6,"Zimede, LC‐DCP for Tibia, 6հ, S.S",Zimede,Հատ,հատ,REF_ONLY,MEDIUM,NO,No sterile indicators matched,,,
00-00000447,30228.7,"Zimede, LC‐DCP for Tibia, 7հ, S.S",Zimede,Հատ,հատ,REF_ONLY,MEDIUM,NO,No sterile indicators matched,,,
00-00000446,30228.8,"Zimede, LC‐DCP for Tibia, 8հ, S.S",Zimede,Հատ,հատ,REF_ONLY,MEDIUM,NO,No sterile indicators matched,,,
00-00000445,30228.9,"Zimede, LC‐DCP for Tibia, 9հ, S.S",Zimede,Հատ,հատ,REF_ONLY,MEDIUM,NO,No sterile indicators matched,,,
00-00000450,30228.1,"Zimede, LC‐DCP for Tibia, 10հ, S.S",Zimede,Հատ,հատ,REF_ONLY,MEDIUM,NO,No sterile indicators matched,,,
00-00000449,30228.11,"Zimede, LC‐DCP for Tibia, 11հ, S.S",Zimede,Հատ,հատ,REF_ONLY,MEDIUM,NO,No sterile indicators matched,,,
00-00000453,30229.7,"Zimede, LC‐DCP for Femur, 7h, S.S",Zimede,Հատ,հատ,REF_ONLY,MEDIUM,NO,No sterile indicators matched,,,
00-00000452,30229.8,"Zimede, LC‐DCP for Femur, 8h, S.S",Zimede,Հատ,հատ,REF_ONLY,MEDIUM,NO,No sterile indicators matched,,,
00-00000451,30229.9,"Zimede, LC‐DCP for Femur, 9h, S.S",Zimede,Հատ,հատ,REF_ONLY,MEDIUM,NO,No sterile indicators matched,,,
00-00000456,30229.1,"Zimede, LC‐DCP for Femur, 10h, S.S",Zimede,Հատ,հատ,REF_ONLY,MEDIUM,NO,No sterile indicators matched,,,
00-00000455,30229.12,"Zimede, LC‐DCP for Femur, 12h, S.S",Zimede,Հատ,հատ,REF_ONLY,MEDIUM,NO,No sterile indicators matched,,,
00-00000454,30229.14,"Zimede, LC‐DCP for Femur, 14h, S.S",Zimede,Հատ,հատ,REF_ONLY,MEDIUM,NO,No sterile indicators matched,,,
00-00000563,30226.4,"Zimede, DHS Plate, 4h, S.S",ZMD Plates,Հատ,հատ,REF_ONLY,LOW,NO,All plates are non-sterile REF-only,PLATE,,
00-00000562,30226.5,"Zimede, DHS Plate, 5h, S.S",ZMD Plates,Հատ,հատ,REF_ONLY,LOW,NO,All plates are non-sterile REF-only,PLATE,,
00-00000561,30226.6,"Zimede, DHS Plate, 6h, S.S",ZMD Plates,Հատ,հատ,REF_ONLY,LOW,NO,All plates are non-sterile REF-only,PLATE,,
00-00000560,30226.7,"Zimede, DHS Plate, 7h, S.S",ZMD Plates,Հատ,հատ,REF_ONLY,LOW,NO,All plates are non-sterile REF-only,PLATE,,
00-00000559,30226.8,"Zimede, DHS Plate, 8h, S.S",ZMD Plates,Հատ,հատ,REF_ONLY,LOW,NO,All plates are non-sterile REF-only,PLATE,,
00-00000558,30226.9,"Zimede, DHS Plate, 9h, S.S",ZMD Plates,Հատ,հատ,REF_ONLY,LOW,NO,All plates are non-sterile REF-only,PLATE,,
00-00000564,30226.1,"Zimede, DHS Plate, 10h, S.S",ZMD Plates,Հատ,հատ,REF_ONLY,LOW,NO,All plates are non-sterile REF-only,PLATE,,
00-00000568,30227.5,"Zimede, DCS Plate, 5h, S.S",ZMD Plates,Հատ,հատ,REF_ONLY,LOW,NO,All plates are non-sterile REF-only,PLATE,,
00-00000567,30227.6,"Zimede, DCS Plate, 6h, S.S",ZMD Plates,Հատ,հատ,REF_ONLY,LOW,NO,All plates are non-sterile REF-only,PLATE,,
00-00000566,30227.7,"Zimede, DCS Plate, 7h, S.S",ZMD Plates,Հատ,հատ,REF_ONLY,LOW,NO,All plates are non-sterile REF-only,PLATE,,
00-00000565,30227.8,"Zimede, DCS Plate, 8h, S.S",ZMD Plates,Հատ,հատ,REF_ONLY,LOW,NO,All plates are non-sterile REF-only,PLATE,,
00-00000569,30227.1,"Zimede, DCS Plate, 10h, S.S",ZMD Plates,Հատ,հատ,REF_ONLY,LOW,NO,All plates are non-sterile REF-only,PLATE,,
00-00000316,30239.12*60,"Zimede, Screws, DHS / DCS, 12*60mm, S.S",ZMD Plates,Հատ,հատ,REF_ONLY,LOW,NO,All plates are non-sterile REF-only,PLATE,,
00-00000315,30239.12*65,"Zimede, Screws, DHS / DCS, 12*65mm, S.S",ZMD Plates,Հատ,հատ,REF_ONLY,LOW,NO,All plates are non-sterile REF-only,PLATE,,
00-00000314,30239.12*70,"Zimede, Screws, DHS / DCS, 12*70mm, S.S",ZMD Plates,Հատ,հատ,REF_ONLY,LOW,NO,All plates are non-sterile REF-only,PLATE,,
00-00000313,30239.12*75,"Zimede, Screws, DHS / DCS, 12*75mm, S.S",ZMD Plates,Հատ,հատ,REF_ONLY,LOW,NO,All plates are non-sterile REF-only,PLATE,,
00-00000312,30239.12*80,"Zimede, Screws, DHS / DCS, 12*80mm, S.S",ZMD Plates,Հատ,հատ,REF_ONLY,LOW,NO,All plates are non-sterile REF-only,PLATE,,
00-00000311,30239.12*85,"Zimede, Screws, DHS / DCS, 12*85mm, S.S",ZMD Plates,Հատ,հատ,REF_ONLY,LOW,NO,All plates are non-sterile REF-only,PLATE,,
00-00000310,30239.12*90,"Zimede, Screws, DHS / DCS, 12*90mm, S.S",ZMD Plates,Հատ,հատ,REF_ONLY,LOW,NO,All plates are non-sterile REF-only,PLATE,,
00-00000309,30239.12*95,"Zimede, Screws, DHS / DCS, 12*95mm, S.S",ZMD Plates,Հատ,հատ,REF_ONLY,LOW,NO,All plates are non-sterile REF-only,PLATE,,
00-00000319,30239.12*100,"Zimede, Screws, DHS / DCS, 12*100mm, S.S",ZMD Plates,Հատ,հատ,REF_ONLY,LOW,NO,All plates are non-sterile REF-only,PLATE,,
00-00000318,30239.12*105,"Zimede, Screws, DHS / DCS, 12*105mm, S.S",ZMD Plates,Հատ,հատ,REF_ONLY,LOW,NO,All plates are non-sterile REF-only,PLATE,,
00-00000317,30239.12*110,"Zimede, Screws, DHS / DCS, 12*110mm, S.S",ZMD Plates,Հատ,հատ,REF_ONLY,LOW,NO,All plates are non-sterile REF-only,PLATE,,
00-00000667,42892012.12,"Zimede, 2.0mm Snap-off Screw, 12mm, Ti",Zimede,Հատ,հատ,REF_ONLY,LOW,NO,Usual screw is non-sterile REF-only,SCREW,,
00-00000665,42892013.13,"Zimede, 2.0mm Snap-off Screw, 13mm, Ti",Zimede,Հատ,հատ,REF_ONLY,LOW,NO,Usual screw is non-sterile REF-only,SCREW,,
00-00000663,42892014.14,"Zimede, 2.0mm Snap-off Screw, 14mm, Ti",Zimede,Հատ,հատ,REF_ONLY,LOW,NO,Usual screw is non-sterile REF-only,SCREW,,
00-00000661,42902712.12,"Zimede, 2.7mm Snap-off Screw, 12mm, Ti",Zimede,Հատ,հատ,REF_ONLY,LOW,NO,Usual screw is non-sterile REF-only,SCREW,,
00-00000659,42902713.13,"Zimede, 2.7mm Snap-off Screw, 13mm, Ti",Zimede,Հատ,հատ,REF_ONLY,LOW,NO,Usual screw is non-sterile REF-only,SCREW,,
00-00000657,42902714.14,"Zimede, 2.7mm Snap-off Screw, 14mm, Ti",Zimede,Հատ,հատ,REF_ONLY,LOW,NO,Usual screw is non-sterile REF-only,SCREW,,
00-00000303,,"Zimede, Snap-off Screw Instrument Set, , Ti",Zimede,Հատ,հատ,REF_ONLY,LOW,NO,Set/kit/instrument/tool is non-sterile,NO_SKU_REF;NON_STERILE_TOOLING,,
00-00000597,1101.4522,"Zimede, Cortex screw , 4.5*22mm, S.S",ZMD Screws,Հատ,հատ,REF_ONLY,LOW,NO,Usual screw is non-sterile REF-only,SCREW,,
00-00000596,1101.4524,"Zimede, Cortex screw , 4.5*24mm, S.S",ZMD Screws,Հատ,հատ,REF_ONLY,LOW,NO,Usual screw is non-sterile REF-only,SCREW,,
00-00000595,1101.4526,"Zimede, Cortex screw , 4.5*26mm, S.S",ZMD Screws,Հատ,հատ,REF_ONLY,LOW,NO,Usual screw is non-sterile REF-only,SCREW,,
00-00000594,1101.4528,"Zimede, Cortex screw , 4.5*28mm, S.S",ZMD Screws,Հատ,հատ,REF_ONLY,LOW,NO,Usual screw is non-sterile REF-only,SCREW,,
00-00000593,1101.4530,"Zimede, Cortex screw , 4.5*30mm, S.S",ZMD Screws,Հատ,հատ,REF_ONLY,LOW,NO,Usual screw is non-sterile REF-only,SCREW,,
00-00000592,1101.4532,"Zimede, Cortex screw , 4.5*32mm, S.S",ZMD Screws,Հատ,հատ,REF_ONLY,LOW,NO,Usual screw is non-sterile REF-only,SCREW,,
00-00000591,1101.4534,"Zimede, Cortex screw , 4.5*34mm, S.S",ZMD Screws,Հատ,հատ,REF_ONLY,LOW,NO,Usual screw is non-sterile REF-only,SCREW,,
00-00000590,1101.4536,"Zimede, Cortex screw , 4.5*36mm, S.S",ZMD Screws,Հատ,հատ,REF_ONLY,LOW,NO,Usual screw is non-sterile REF-only,SCREW,,
00-00000589,1101.4538,"Zimede, Cortex screw , 4.5*38mm, S.S",ZMD Screws,Հատ,հատ,REF_ONLY,LOW,NO,Usual screw is non-sterile REF-only,SCREW,,
00-00000588,1101.4540,"Zimede, Cortex screw , 4.5*40mm, S.S",ZMD Screws,Հատ,հատ,REF_ONLY,LOW,NO,Usual screw is non-sterile REF-only,SCREW,,
00-00000587,1101.4542,"Zimede, Cortex screw , 4.5*42mm, S.S",ZMD Screws,Հատ,հատ,REF_ONLY,LOW,NO,Usual screw is non-sterile REF-only,SCREW,,
00-00000586,1101.4544,"Zimede, Cortex screw , 4.5*44mm, S.S",ZMD Screws,Հատ,հատ,REF_ONLY,LOW,NO,Usual screw is non-sterile REF-only,SCREW,,
00-00000585,1101.4546,"Zimede, Cortex screw , 4.5*46mm, S.S",ZMD Screws,Հատ,հատ,REF_ONLY,LOW,NO,Usual screw is non-sterile REF-only,SCREW,,
00-00000584,1101.4548,"Zimede, Cortex screw , 4.5*48mm, S.S",ZMD Screws,Հատ,հատ,REF_ONLY,LOW,NO,Usual screw is non-sterile REF-only,SCREW,,
00-00000583,1101.4550,"Zimede, Cortex screw , 4.5*50mm, S.S",ZMD Screws,Հատ,հատ,REF_ONLY,LOW,NO,Usual screw is non-sterile REF-only,SCREW,,
00-00000582,1101.4552,"Zimede, Cortex screw , 4.5*52mm, S.S",ZMD Screws,Հատ,հատ,REF_ONLY,LOW,NO,Usual screw is non-sterile REF-only,SCREW,,
00-00000581,1101.4554,"Zimede, Cortex screw , 4.5*54mm, S.S",ZMD Screws,Հատ,հատ,REF_ONLY,LOW,NO,Usual screw is non-sterile REF-only,SCREW,,
00-00000580,1101.4556,"Zimede, Cortex screw , 4.5*56mm, S.S",ZMD Screws,Հատ,հատ,REF_ONLY,LOW,NO,Usual screw is non-sterile REF-only,SCREW,,
00-00000369,1103.4014,"Zimede, Screws for cancellous bone (full-Threaded), 4.0x14mm, S.S",ZMD Screws,Հատ,հատ,REF_ONLY,LOW,NO,Usual screw is non-sterile REF-only,SCREW,,
00-00000368,1103.4016,"Zimede, Screws for cancellous bone (full-Threaded), 4.0x16mm, S.S",ZMD Screws,Հատ,հատ,REF_ONLY,LOW,NO,Usual screw is non-sterile REF-only,SCREW,,
00-00000367,1103.4018,"Zimede, Screws for cancellous bone (full-Threaded), 4.0x18mm, S.S",ZMD Screws,Հատ,հատ,REF_ONLY,LOW,NO,Usual screw is non-sterile REF-only,SCREW,,
00-00000366,1103.4020,"Zimede, Screws for cancellous bone (full-Threaded), 4.0x20mm, S.S",ZMD Screws,Հատ,հատ,REF_ONLY,LOW,NO,Usual screw is non-sterile REF-only,SCREW,,
00-00000365,1103.4022,"Zimede, Screws for cancellous bone (full-Threaded), 4.0x22mm, S.S",ZMD Screws,Հատ,հատ,REF_ONLY,LOW,NO,Usual screw is non-sterile REF-only,SCREW,,
00-00000364,1103.4024,"Zimede, Screws for cancellous bone (full-Threaded), 4.0x24mm, S.S",ZMD Screws,Հատ,հատ,REF_ONLY,LOW,NO,Usual screw is non-sterile REF-only,SCREW,,
00-00000363,1103.4026,"Zimede, Screws for cancellous bone (full-Threaded), 4.0x26mm, S.S",ZMD Screws,Հատ,հատ,REF_ONLY,LOW,NO,Usual screw is non-sterile REF-only,SCREW,,
00-00000362,1103.4028,"Zimede, Screws for cancellous bone (full-Threaded), 4.0x28mm, S.S",ZMD Screws,Հատ,հատ,REF_ONLY,LOW,NO,Usual screw is non-sterile REF-only,SCREW,,
00-00000361,1103.4030,"Zimede, Screws for cancellous bone (full-Threaded), 4.0x30mm, S.S",ZMD Screws,Հատ,հատ,REF_ONLY,LOW,NO,Usual screw is non-sterile REF-only,SCREW,,
00-00000360,1103.4032,"Zimede, Screws for cancellous bone (full-Threaded), 4.0x32mm, S.S",ZMD Screws,Հատ,հատ,REF_ONLY,LOW,NO,Usual screw is non-sterile REF-only,SCREW,,
00-00000359,1103.4034,"Zimede, Screws for cancellous bone (full-Threaded), 4.0x34mm, S.S",ZMD Screws,Հատ,հատ,REF_ONLY,LOW,NO,Usual screw is non-sterile REF-only,SCREW,,
00-00000358,1103.4036,"Zimede, Screws for cancellous bone (full-Threaded), 4.0x36mm, S.S",ZMD Screws,Հատ,հատ,REF_ONLY,LOW,NO,Usual screw is non-sterile REF-only,SCREW,,
00-00000357,1103.4038,"Zimede, Screws for cancellous bone (full-Threaded), 4.0x38mm, S.S",ZMD Screws,Հատ,հատ,REF_ONLY,LOW,NO,Usual screw is non-sterile REF-only,SCREW,,
00-00000356,1103.4040,"Zimede, Screws for cancellous bone (full-Threaded), 4.0x40mm, S.S",ZMD Screws,Հատ,հատ,REF_ONLY,LOW,NO,Usual screw is non-sterile REF-only,SCREW,,
00-00000355,1103.4042,"Zimede, Screws for cancellous bone (full-Threaded), 4.0x42mm, S.S",ZMD Screws,Հատ,հատ,REF_ONLY,LOW,NO,Usual screw is non-sterile REF-only,SCREW,,
00-00000354,1103.4044,"Zimede, Screws for cancellous bone (full-Threaded), 4.0x44mm, S.S",ZMD Screws,Հատ,հատ,REF_ONLY,LOW,NO,Usual screw is non-sterile REF-only,SCREW,,
00-00000353,1103.4046,"Zimede, Screws for cancellous bone (full-Threaded), 4.0x46mm, S.S",ZMD Screws,Հատ,հատ,REF_ONLY,LOW,NO,Usual screw is non-sterile REF-only,SCREW,,
00-00000352,1103.4048,"Zimede, Screws for cancellous bone (full-Threaded), 4.0x48mm, S.S",ZMD Screws,Հատ,հատ,REF_ONLY,LOW,NO,Usual screw is non-sterile REF-only,SCREW,,
00-00000351,1103.4050,"Zimede, Screws for cancellous bone (full-Threaded), 4.0x50mm, S.S",ZMD Screws,Հատ,հատ,REF_ONLY,LOW,NO,Usual screw is non-sterile REF-only,SCREW,,
00-00000342,1102.4028,"Zimede, Screws for cancellous bone (Half-Threaded), 4.0x28mm, S.S",ZMD Screws,Հատ,հատ,REF_ONLY,LOW,NO,Usual screw is non-sterile REF-only,SCREW,,
00-00000341,1102.4030,"Zimede, Screws for cancellous bone (Half-Threaded), 4.0x30mm, S.S",ZMD Screws,Հատ,հատ,REF_ONLY,LOW,NO,Usual screw is non-sterile REF-only,SCREW,,
00-00000340,1102.4032,"Zimede, Screws for cancellous bone (Half-Threaded), 4.0x32mm, S.S",ZMD Screws,Հատ,հատ,REF_ONLY,LOW,NO,Usual screw is non-sterile REF-only,SCREW,,
00-00000339,1102.4034,"Zimede, Screws for cancellous bone (Half-Threaded), 4.0x34mm, S.S",ZMD Screws,Հատ,հատ,REF_ONLY,LOW,NO,Usual screw is non-sterile REF-only,SCREW,,
00-00000338,1102.4036,"Zimede, Screws for cancellous bone (Half-Threaded), 4.0x36mm, S.S",ZMD Screws,Հատ,հատ,REF_ONLY,LOW,NO,Usual screw is non-sterile REF-only,SCREW,,
00-00000337,1102.4038,"Zimede, Screws for cancellous bone (Half-Threaded), 4.0x38mm, S.S",ZMD Screws,Հատ,հատ,REF_ONLY,LOW,NO,Usual screw is non-sterile REF-only,SCREW,,
00-00000336,1102.4040,"Zimede, Screws for cancellous bone (Half-Threaded), 4.0x40mm, S.S",ZMD Screws,Հատ,հատ,REF_ONLY,LOW,NO,Usual screw is non-sterile REF-only,SCREW,,
00-00000335,1102.4042,"Zimede, Screws for cancellous bone (Half-Threaded), 4.0x42mm, S.S",ZMD Screws,Հատ,հատ,REF_ONLY,LOW,NO,Usual screw is non-sterile REF-only,SCREW,,
00-00000334,1102.4044,"Zimede, Screws for cancellous bone (Half-Threaded), 4.0x44mm, S.S",ZMD Screws,Հատ,հատ,REF_ONLY,LOW,NO,Usual screw is non-sterile REF-only,SCREW,,
00-00000333,1102.4046,"Zimede, Screws for cancellous bone (Half-Threaded), 4.0x46mm, S.S",ZMD Screws,Հատ,հատ,REF_ONLY,LOW,NO,Usual screw is non-sterile REF-only,SCREW,,
00-00000332,1102.4048,"Zimede, Screws for cancellous bone (Half-Threaded), 4.0x48mm, S.S",ZMD Screws,Հատ,հատ,REF_ONLY,LOW,NO,Usual screw is non-sterile REF-only,SCREW,,
00-00000331,1102.4050,"Zimede, Screws for cancellous bone (Half-Threaded), 4.0x50mm, S.S",ZMD Screws,Հատ,հատ,REF_ONLY,LOW,NO,Usual screw is non-sterile REF-only,SCREW,,
00-00000330,1102.4055,"Zimede, Screws for cancellous bone (Half-Threaded), 4.0x55mm, S.S",ZMD Screws,Հատ,հատ,REF_ONLY,LOW,NO,Usual screw is non-sterile REF-only,SCREW,,
00-00000350,30238.6.5x45,"Zimede, Screws for cancellous bone (full-Threaded), 6.5x45mm, S.S",ZMD Screws,Հատ,հատ,REF_ONLY,LOW,NO,Usual screw is non-sterile REF-only,SCREW,,
00-00000349,30238.6.5x55,"Zimede, Screws for cancellous bone (full-Threaded), 6.5x55mm, S.S",ZMD Screws,Հատ,հատ,REF_ONLY,LOW,NO,Usual screw is non-sterile REF-only,SCREW,,
00-00000348,30238.6.5x65,"Zimede, Screws for cancellous bone (full-Threaded), 6.5x65mm, S.S",ZMD Screws,Հատ,հատ,REF_ONLY,LOW,NO,Usual screw is non-sterile REF-only,SCREW,,
00-00000347,30238.6.5x70,"Zimede, Screws for cancellous bone (full-Threaded), 6.5x70mm, S.S",ZMD Screws,Հատ,հատ,REF_ONLY,LOW,NO,Usual screw is non-sterile REF-only,SCREW,,
00-00000346,30238.6.5x75,"Zimede, Screws for cancellous bone (full-Threaded), 6.5x75mm, S.S",ZMD Screws,Հատ,հատ,REF_ONLY,LOW,NO,Usual screw is non-sterile REF-only,SCREW,,
00-00000345,30238.6.5x80,"Zimede, Screws for cancellous bone (full-Threaded), 6.5x80mm, S.S",ZMD Screws,Հատ,հատ,REF_ONLY,LOW,NO,Usual screw is non-sterile REF-only,SCREW,,
00-00000344,30238.6.5x85,"Zimede, Screws for cancellous bone (full-Threaded), 6.5x85mm, S.S",ZMD Screws,Հատ,հատ,REF_ONLY,LOW,NO,Usual screw is non-sterile REF-only,SCREW,,
00-00000343,30238.6.5x90,"Zimede, Screws for cancellous bone (full-Threaded), 6.5x90mm, S.S",ZMD Screws,Հատ,հատ,REF_ONLY,LOW,NO,Usual screw is non-sterile REF-only,SCREW,,
00-00000329,30237.6.5x45,"Zimede, Screws for cancellous bone (Half-Threaded), 6.5x45mm, S.S",ZMD Screws,Հատ,հատ,REF_ONLY,LOW,NO,Usual screw is non-sterile REF-only,SCREW,,
00-00000328,30237.6.5x50,"Zimede, Screws for cancellous bone (Half-Threaded), 6.5x50mm, S.S",ZMD Screws,Հատ,հատ,REF_ONLY,LOW,NO,Usual screw is non-sterile REF-only,SCREW,,
00-00000327,30237.6.5x55,"Zimede, Screws for cancellous bone (Half-Threaded), 6.5x55mm, S.S",ZMD Screws,Հատ,հատ,REF_ONLY,LOW,NO,Usual screw is non-sterile REF-only,SCREW,,
00-00000326,30237.6.5x60,"Zimede, Screws for cancellous bone (Half-Threaded), 6.5x60mm, S.S",ZMD Screws,Հատ,հատ,REF_ONLY,LOW,NO,Usual screw is non-sterile REF-only,SCREW,,
00-00000325,30237.6.5x65,"Zimede, Screws for cancellous bone (Half-Threaded), 6.5x65mm, S.S",ZMD Screws,Հատ,հատ,REF_ONLY,LOW,NO,Usual screw is non-sterile REF-only,SCREW,,
00-00000324,30237.6.5x70,"Zimede, Screws for cancellous bone (Half-Threaded), 6.5x70mm, S.S",ZMD Screws,Հատ,հատ,REF_ONLY,LOW,NO,Usual screw is non-sterile REF-only,SCREW,,
00-00000323,30237.6.5x75,"Zimede, Screws for cancellous bone (Half-Threaded), 6.5x75mm, S.S",ZMD Screws,Հատ,հատ,REF_ONLY,LOW,NO,Usual screw is non-sterile REF-only,SCREW,,
00-00000322,30237.6.5x80,"Zimede, Screws for cancellous bone (Half-Threaded), 6.5x80mm, S.S",ZMD Screws,Հատ,հատ,REF_ONLY,LOW,NO,Usual screw is non-sterile REF-only,SCREW,,
00-00000321,30237.6.5x85,"Zimede, Screws for cancellous bone (Half-Threaded), 6.5x85mm, S.S",ZMD Screws,Հատ,հատ,REF_ONLY,LOW,NO,Usual screw is non-sterile REF-only,SCREW,,
00-00000320,30237.6.5x90,"Zimede, Screws for cancellous bone (Half-Threaded), 6.5x90mm, S.S",ZMD Screws,Հատ,հատ,REF_ONLY,LOW,NO,Usual screw is non-sterile REF-only,SCREW,,
00-00000444,50208.3.5x24,"Zimede, Locking screw, 3.5x24mm, S.S",Zimede,Հատ,հատ,REF_ONLY,LOW,NO,Usual screw is non-sterile REF-only,SCREW,,
00-00000443,50208.3.5x26,"Zimede, Locking screw, 3.5x26mm, S.S",Zimede,Հատ,հատ,REF_ONLY,LOW,NO,Usual screw is non-sterile REF-only,SCREW,,
00-00000442,50208.3.5x28,"Zimede, Locking screw, 3.5x28mm, S.S",Zimede,Հատ,հատ,REF_ONLY,LOW,NO,Usual screw is non-sterile REF-only,SCREW,,
00-00000441,50208.3.5x30,"Zimede, Locking screw, 3.5x30mm, S.S",Zimede,Հատ,հատ,REF_ONLY,LOW,NO,Usual screw is non-sterile REF-only,SCREW,,
00-00000440,50208.3.5x32,"Zimede, Locking screw, 3.5x32mm, S.S",Zimede,Հատ,հատ,REF_ONLY,LOW,NO,Usual screw is non-sterile REF-only,SCREW,,
00-00000439,50208.3.5x36,"Zimede, Locking screw, 3.5x36mm, S.S",Zimede,Հատ,հատ,REF_ONLY,LOW,NO,Usual screw is non-sterile REF-only,SCREW,,
00-00000438,50208.3.5x38,"Zimede, Locking screw, 3.5x38mm, S.S",Zimede,Հատ,հատ,REF_ONLY,LOW,NO,Usual screw is non-sterile REF-only,SCREW,,
00-00000437,50208.3.5x40,"Zimede, Locking screw, 3.5x40mm, S.S",Zimede,Հատ,հատ,REF_ONLY,LOW,NO,Usual screw is non-sterile REF-only,SCREW,,
00-00000436,50208.3.5x45,"Zimede, Locking screw, 3.5x45mm, S.S",Zimede,Հատ,հատ,REF_ONLY,LOW,NO,Usual screw is non-sterile REF-only,SCREW,,
00-00000435,50208.3.5x50,"Zimede, Locking screw, 3.5x50mm, S.S",Zimede,Հատ,հատ,REF_ONLY,LOW,NO,Usual screw is non-sterile REF-only,SCREW,,
00-00000422,50208.4.8x35,"Zimede, Locking screw, 4.8x35mm, S.S",Zimede,Հատ,հատ,REF_ONLY,LOW,NO,Usual screw is non-sterile REF-only,SCREW,,
00-00000421,50208.4.8x40,"Zimede, Locking screw, 4.8x40mm, S.S",Zimede,Հատ,հատ,REF_ONLY,LOW,NO,Usual screw is non-sterile REF-only,SCREW,,
00-00000420,50208.4.8x45,"Zimede, Locking screw, 4.8x45mm, S.S",Zimede,Հատ,հատ,REF_ONLY,LOW,NO,Usual screw is non-sterile REF-only,SCREW,,
00-00000419,50208.4.8x50,"Zimede, Locking screw, 4.8x50mm, S.S",Zimede,Հատ,հատ,REF_ONLY,LOW,NO,Usual screw is non-sterile REF-only,SCREW,,
00-00000418,50208.4.8x55,"Zimede, Locking screw, 4.8x55mm, S.S",Zimede,Հատ,հատ,REF_ONLY,LOW,NO,Usual screw is non-sterile REF-only,SCREW,,
00-00000417,50208.4.8x60,"Zimede, Locking screw, 4.8x60mm, S.S",Zimede,Հատ,հատ,REF_ONLY,LOW,NO,Usual screw is non-sterile REF-only,SCREW,,
00-00000416,50208.4.8x65,"Zimede, Locking screw, 4.8x65mm, S.S",Zimede,Հատ,հատ,REF_ONLY,LOW,NO,Usual screw is non-sterile REF-only,SCREW,,
00-00000415,50208.4.8x70,"Zimede, Locking screw, 4.8x70mm, S.S",Zimede,Հատ,հատ,REF_ONLY,LOW,NO,Usual screw is non-sterile REF-only,SCREW,,
00-00000414,50208.4.8x75,"Zimede, Locking screw, 4.8x75mm, S.S",Zimede,Հատ,հատ,REF_ONLY,LOW,NO,Usual screw is non-sterile REF-only,SCREW,,
00-00000413,50208.4.8x80,"Zimede, Locking screw, 4.8x80mm, S.S",Zimede,Հատ,հատ,REF_ONLY,LOW,NO,Usual screw is non-sterile REF-only,SCREW,,
00-00000412,50208.4.8x85,"Zimede, Locking screw, 4.8x85mm, S.S",Zimede,Հատ,հատ,REF_ONLY,LOW,NO,Usual screw is non-sterile REF-only,SCREW,,
00-00000411,50208.4.8x90,"Zimede, Locking screw, 4.8x90mm, S.S",Zimede,Հատ,հատ,REF_ONLY,LOW,NO,Usual screw is non-sterile REF-only,SCREW,,
00-00000294,50204.9*220,"Zimede, St. Gamma Femoral Prox. Lock. I.N., 9*220mm, S.S",Zimede,Հատ,հատ,BATCH_EXPIRY,MEDIUM,NO,Looks like sterile prosthesis/component/medical product,STERILE_PRODUCT_KEYWORD,,
00-00000293,50204.9*240,"Zimede, St. Gamma Femoral Prox. Lock. I.N., 9*240mm, S.S",Zimede,Հատ,հատ,BATCH_EXPIRY,MEDIUM,NO,Looks like sterile prosthesis/component/medical product,STERILE_PRODUCT_KEYWORD,,
00-00000292,50204.9*260,"Zimede, St. Gamma Femoral Prox. Lock. I.N., 9*260mm, S.S",Zimede,Հատ,հատ,BATCH_EXPIRY,MEDIUM,NO,Looks like sterile prosthesis/component/medical product,STERILE_PRODUCT_KEYWORD,,
00-00000291,50204.9*280,"Zimede, St. Gamma Femoral Prox. Lock. I.N., 9*280mm, S.S",Zimede,Հատ,հատ,BATCH_EXPIRY,MEDIUM,NO,Looks like sterile prosthesis/component/medical product,STERILE_PRODUCT_KEYWORD,,
00-00000302,50204.10*200,"Zimede, St. Gamma Femoral Prox. Lock. I.N., 10*200mm, S.S",Zimede,Հատ,հատ,BATCH_EXPIRY,MEDIUM,NO,Looks like sterile prosthesis/component/medical product,STERILE_PRODUCT_KEYWORD,,
00-00000301,50204.10*220,"Zimede, St. Gamma Femoral Prox. Lock. I.N., 10*220mm, S.S",Zimede,Հատ,հատ,BATCH_EXPIRY,MEDIUM,NO,Looks like sterile prosthesis/component/medical product,STERILE_PRODUCT_KEYWORD,,
00-00000300,50204.10*240,"Zimede, St. Gamma Femoral Prox. Lock. I.N., 10*240mm, S.S",Zimede,Հատ,հատ,BATCH_EXPIRY,MEDIUM,NO,Looks like sterile prosthesis/component/medical product,STERILE_PRODUCT_KEYWORD,,
00-00000299,50204.10*260,"Zimede, St. Gamma Femoral Prox. Lock. I.N., 10*260mm, S.S",Zimede,Հատ,հատ,BATCH_EXPIRY,MEDIUM,NO,Looks like sterile prosthesis/component/medical product,STERILE_PRODUCT_KEYWORD,,
00-00000298,50204.10*280,"Zimede, St. Gamma Femoral Prox. Lock. I.N., 10*280mm, S.S",Zimede,Հատ,հատ,BATCH_EXPIRY,MEDIUM,NO,Looks like sterile prosthesis/component/medical product,STERILE_PRODUCT_KEYWORD,,
00-00000297,50204.11*200,"Zimede, St. Gamma Femoral Prox. Lock. I.N., 11*200mm, S.S",Zimede,Հատ,հատ,BATCH_EXPIRY,MEDIUM,NO,Looks like sterile prosthesis/component/medical product,STERILE_PRODUCT_KEYWORD,,
00-00000296,50204.11*240,"Zimede, St. Gamma Femoral Prox. Lock. I.N., 11*240mm, S.S",Zimede,Հատ,հատ,BATCH_EXPIRY,MEDIUM,NO,Looks like sterile prosthesis/component/medical product,STERILE_PRODUCT_KEYWORD,,
00-00000295,50204.11*260,"Zimede, St. Gamma Femoral Prox. Lock. I.N., 11*260mm, S.S",Zimede,Հատ,հատ,BATCH_EXPIRY,MEDIUM,NO,Looks like sterile prosthesis/component/medical product,STERILE_PRODUCT_KEYWORD,,
00-00000383,.6.5*90,"Zimede, Pulling screws for Gamma, 6.5*90mm, S.S",Zimede,Հատ,հատ,REF_ONLY,LOW,NO,Usual screw is non-sterile REF-only,SCREW,,
00-00000382,.6.5*95,"Zimede, Pulling screws for Gamma, 6.5*95mm, S.S",Zimede,Հատ,հատ,REF_ONLY,LOW,NO,Usual screw is non-sterile REF-only,SCREW,,
00-00000537,50202.9*320,"Zimede, Femoral Proximal Lockable Intr. Nail, 9*320mm, S.S",Zimede,Հատ,հատ,REF_ONLY,LOW,NO,All nails are non-sterile REF-only,NAIL,,
00-00000536,50202.9*340,"Zimede, Femoral Proximal Lockable Intr. Nail, 9*340mm, S.S",Zimede,Հատ,հատ,REF_ONLY,LOW,NO,All nails are non-sterile REF-only,NAIL,,
00-00000535,50202.9*360,"Zimede, Femoral Proximal Lockable Intr. Nail, 9*360mm, S.S",Zimede,Հատ,հատ,REF_ONLY,LOW,NO,All nails are non-sterile REF-only,NAIL,,
00-00000534,50202.9*380,"Zimede, Femoral Proximal Lockable Intr. Nail, 9*380mm, S.S",Zimede,Հատ,հատ,REF_ONLY,LOW,NO,All nails are non-sterile REF-only,NAIL,,
00-00000533,50202.9*400,"Zimede, Femoral Proximal Lockable Intr. Nail, 9*400mm, S.S",Zimede,Հատ,հատ,REF_ONLY,LOW,NO,All nails are non-sterile REF-only,NAIL,,
00-00000532,50202.9*420,"Zimede, Femoral Proximal Lockable Intr. Nail, 9*420mm, S.S",Zimede,Հատ,հատ,REF_ONLY,LOW,NO,All nails are non-sterile REF-only,NAIL,,
00-00000549,50202.10*320,"Zimede, Femoral Proximal Lockable Intr. Nail, 10*320mm, S.S",Zimede,Հատ,հատ,REF_ONLY,LOW,NO,All nails are non-sterile REF-only,NAIL,,
00-00000548,50202.10*340,"Zimede, Femoral Proximal Lockable Intr. Nail, 10*340mm, S.S",Zimede,Հատ,հատ,REF_ONLY,LOW,NO,All nails are non-sterile REF-only,NAIL,,
00-00000547,50202.10*360,"Zimede, Femoral Proximal Lockable Intr. Nail, 10*360mm, S.S",Zimede,Հատ,հատ,REF_ONLY,LOW,NO,All nails are non-sterile REF-only,NAIL,,
00-00000546,50202.10*380,"Zimede, Femoral Proximal Lockable Intr. Nail, 10*380mm, S.S",Zimede,Հատ,հատ,REF_ONLY,LOW,NO,All nails are non-sterile REF-only,NAIL,,
00-00000545,50202.10*400,"Zimede, Femoral Proximal Lockable Intr. Nail, 10*400mm, S.S",Zimede,Հատ,հատ,REF_ONLY,LOW,NO,All nails are non-sterile REF-only,NAIL,,
00-00000544,50202.10*420,"Zimede, Femoral Proximal Lockable Intr. Nail, 10*420mm, S.S",Zimede,Հատ,հատ,REF_ONLY,LOW,NO,All nails are non-sterile REF-only,NAIL,,
00-00000543,50202.11*320,"Zimede, Femoral Proximal Lockable Intr. Nail, 11*320mm, S.S",Zimede,Հատ,հատ,REF_ONLY,LOW,NO,All nails are non-sterile REF-only,NAIL,,
00-00000542,50202.11*340,"Zimede, Femoral Proximal Lockable Intr. Nail, 11*340mm, S.S",Zimede,Հատ,հատ,REF_ONLY,LOW,NO,All nails are non-sterile REF-only,NAIL,,
00-00000541,50202.11*360,"Zimede, Femoral Proximal Lockable Intr. Nail, 11*360mm, S.S",Zimede,Հատ,հատ,REF_ONLY,LOW,NO,All nails are non-sterile REF-only,NAIL,,
00-00000540,50202.11*380,"Zimede, Femoral Proximal Lockable Intr. Nail, 11*380mm, S.S",Zimede,Հատ,հատ,REF_ONLY,LOW,NO,All nails are non-sterile REF-only,NAIL,,
00-00000539,50202.11*400,"Zimede, Femoral Proximal Lockable Intr. Nail, 11*400mm, S.S",Zimede,Հատ,հատ,REF_ONLY,LOW,NO,All nails are non-sterile REF-only,NAIL,,
00-00000538,50202.11*420,"Zimede, Femoral Proximal Lockable Intr. Nail, 11*420mm, S.S",Zimede,Հատ,հատ,REF_ONLY,LOW,NO,All nails are non-sterile REF-only,NAIL,,
00-00000552,50203.9*260,"Zimede, Femoral distal intramedullary nail, 9*260mm, S.S",Zimede,Հատ,հատ,REF_ONLY,LOW,NO,All nails are non-sterile REF-only,NAIL,,
00-00000551,50203.9*280,"Zimede, Femoral distal intramedullary nail, 9*280mm, S.S",Zimede,Հատ,հատ,REF_ONLY,LOW,NO,All nails are non-sterile REF-only,NAIL,,
00-00000550,50203.9*300,"Zimede, Femoral distal intramedullary nail, 9*300mm, S.S",Zimede,Հատ,հատ,REF_ONLY,LOW,NO,All nails are non-sterile REF-only,NAIL,,
00-00000555,50203.10*260,"Zimede, Femoral distal intramedullary nail, 10*260mm, S.S",Zimede,Հատ,հատ,REF_ONLY,LOW,NO,All nails are non-sterile REF-only,NAIL,,
00-00000554,50203.10*280,"Zimede, Femoral distal intramedullary nail, 10*280mm, S.S",Zimede,Հատ,հատ,REF_ONLY,LOW,NO,All nails are non-sterile REF-only,NAIL,,
00-00000553,50203.10*300,"Zimede, Femoral distal intramedullary nail, 10*300mm, S.S",Zimede,Հատ,հատ,REF_ONLY,LOW,NO,All nails are non-sterile REF-only,NAIL,,
00-00000242,50201.8*260,"Zimede, Tibial Intramedullary Nail, 8*260mm, T",Zimede,Հատ,հատ,REF_ONLY,LOW,NO,All nails are non-sterile REF-only,NAIL,,
00-00000241,50201.8*280,"Zimede, Tibial Intramedullary Nail, 8*280mm, T",Zimede,Հատ,հատ,REF_ONLY,LOW,NO,All nails are non-sterile REF-only,NAIL,,
00-00000240,50201.8*300,"Zimede, Tibial Intramedullary Nail, 8*300mm, T",Zimede,Հատ,հատ,REF_ONLY,LOW,NO,All nails are non-sterile REF-only,NAIL,,
00-00000239,50201.8*320,"Zimede, Tibial Intramedullary Nail, 8*320mm, T",Zimede,Հատ,հատ,REF_ONLY,LOW,NO,All nails are non-sterile REF-only,NAIL,,
00-00000238,50201.8*340,"Zimede, Tibial Intramedullary Nail, 8*340mm, T",Zimede,Հատ,հատ,REF_ONLY,LOW,NO,All nails are non-sterile REF-only,NAIL,,
00-00000237,50201.8*360,"Zimede, Tibial Intramedullary Nail, 8*360mm, T",Zimede,Հատ,հատ,REF_ONLY,LOW,NO,All nails are non-sterile REF-only,NAIL,,
00-00000236,50201.9*240,"Zimede, Tibial Intramedullary Nail, 9*240mm, T",Zimede,Հատ,հատ,REF_ONLY,LOW,NO,All nails are non-sterile REF-only,NAIL,,
00-00000235,50201.9*260,"Zimede, Tibial Intramedullary Nail, 9*260mm, T",Zimede,Հատ,հատ,REF_ONLY,LOW,NO,All nails are non-sterile REF-only,NAIL,,
00-00000234,50201.9*280,"Zimede, Tibial Intramedullary Nail, 9*280mm, T",Zimede,Հատ,հատ,REF_ONLY,LOW,NO,All nails are non-sterile REF-only,NAIL,,
00-00000233,50201.9*300,"Zimede, Tibial Intramedullary Nail, 9*300mm, T",Zimede,Հատ,հատ,REF_ONLY,LOW,NO,All nails are non-sterile REF-only,NAIL,,
00-00000232,50201.9*320,"Zimede, Tibial Intramedullary Nail, 9*320mm, T",Zimede,Հատ,հատ,REF_ONLY,LOW,NO,All nails are non-sterile REF-only,NAIL,,
00-00000224,50201.9*340,"Zimede, Tibial Intramedullary Nail, 9*340mm, T",Zimede,Հատ,հատ,REF_ONLY,LOW,NO,All nails are non-sterile REF-only,NAIL,,
00-00000231,50201.9*360,"Zimede, Tibial Intramedullary Nail, 9*360mm, T",Zimede,Հատ,հատ,REF_ONLY,LOW,NO,All nails are non-sterile REF-only,NAIL,,
00-00000249,50201.10*240,"Zimede, Tibial Intramedullary Nail, 10*240mm, T",Zimede,Հատ,հատ,REF_ONLY,LOW,NO,All nails are non-sterile REF-only,NAIL,,
00-00000248,50201.10*260,"Zimede, Tibial Intramedullary Nail, 10*260mm, T",Zimede,Հատ,հատ,REF_ONLY,LOW,NO,All nails are non-sterile REF-only,NAIL,,
00-00000247,50201.10*280,"Zimede, Tibial Intramedullary Nail, 10*280mm, T",Zimede,Հատ,հատ,REF_ONLY,LOW,NO,All nails are non-sterile REF-only,NAIL,,
00-00000246,50201.10*300,"Zimede, Tibial Intramedullary Nail, 10*300mm, T",Zimede,Հատ,հատ,REF_ONLY,LOW,NO,All nails are non-sterile REF-only,NAIL,,
00-00000245,50201.10*320,"Zimede, Tibial Intramedullary Nail, 10*320mm, T",Zimede,Հատ,հատ,REF_ONLY,LOW,NO,All nails are non-sterile REF-only,NAIL,,
00-00000244,50201.10*340,"Zimede, Tibial Intramedullary Nail, 10*340mm, T",Zimede,Հատ,հատ,REF_ONLY,LOW,NO,All nails are non-sterile REF-only,NAIL,,
00-00000243,50201.10*360,"Zimede, Tibial Intramedullary Nail, 10*360mm, T",Zimede,Հատ,հատ,REF_ONLY,LOW,NO,All nails are non-sterile REF-only,NAIL,,
00-00000494,50206.7x180,"Zimede, Humeral Self-Lockable Intr. Nail, 7x180mm, S.S",Zimede,Հատ,հատ,REF_ONLY,LOW,NO,All nails are non-sterile REF-only,NAIL,,
00-00000493,50206.7x200,"Zimede, Humeral Self-Lockable Intr. Nail, 7x200mm, S.S",Zimede,Հատ,հատ,REF_ONLY,LOW,NO,All nails are non-sterile REF-only,NAIL,,
00-00000492,50206.7x220,"Zimede, Humeral Self-Lockable Intr. Nail, 7x220mm, S.S",Zimede,Հատ,հատ,REF_ONLY,LOW,NO,All nails are non-sterile REF-only,NAIL,,
00-00000491,50206.7x240,"Zimede, Humeral Self-Lockable Intr. Nail, 7x240mm, S.S",Zimede,Հատ,հատ,REF_ONLY,LOW,NO,All nails are non-sterile REF-only,NAIL,,
00-00000490,50206.7x260,"Zimede, Humeral Self-Lockable Intr. Nail, 7x260mm, S.S",Zimede,Հատ,հատ,REF_ONLY,LOW,NO,All nails are non-sterile REF-only,NAIL,,
00-00000489,50206.7x280,"Zimede, Humeral Self-Lockable Intr. Nail, 7x280mm, S.S",Zimede,Հատ,հատ,REF_ONLY,LOW,NO,All nails are non-sterile REF-only,NAIL,,
00-00000500,50206.7.5x180,"Zimede, Humeral Self-Lockable Intr. Nail, 7.5x180mm, S.S",Zimede,Հատ,հատ,REF_ONLY,LOW,NO,All nails are non-sterile REF-only,NAIL,,
00-00000499,50206.7.5x200,"Zimede, Humeral Self-Lockable Intr. Nail, 7.5x200mm, S.S",Zimede,Հատ,հատ,REF_ONLY,LOW,NO,All nails are non-sterile REF-only,NAIL,,
00-00000498,50206.7.5x220,"Zimede, Humeral Self-Lockable Intr. Nail, 7.5x220mm, S.S",Zimede,Հատ,հատ,REF_ONLY,LOW,NO,All nails are non-sterile REF-only,NAIL,,
00-00000497,50206.7.5x240,"Zimede, Humeral Self-Lockable Intr. Nail, 7.5x240mm, S.S",Zimede,Հատ,հատ,REF_ONLY,LOW,NO,All nails are non-sterile REF-only,NAIL,,
00-00000496,50206.7.5x260,"Zimede, Humeral Self-Lockable Intr. Nail, 7.5x260mm, S.S",Zimede,Հատ,հատ,REF_ONLY,LOW,NO,All nails are non-sterile REF-only,NAIL,,
00-00000495,50206.7.5x280,"Zimede, Humeral Self-Lockable Intr. Nail, 7.5x280mm, S.S",Zimede,Հատ,հատ,REF_ONLY,LOW,NO,All nails are non-sterile REF-only,NAIL,,
00-00000488,50206.8x180,"Zimede, Humeral Self-Lockable Intr. Nail, 8x180mm, S.S",Zimede,Հատ,հատ,REF_ONLY,LOW,NO,All nails are non-sterile REF-only,NAIL,,
00-00000487,50206.8x200,"Zimede, Humeral Self-Lockable Intr. Nail, 8x200mm, S.S",Zimede,Հատ,հատ,REF_ONLY,LOW,NO,All nails are non-sterile REF-only,NAIL,,
00-00000486,50206.8x220,"Zimede, Humeral Self-Lockable Intr. Nail, 8x220mm, S.S",Zimede,Հատ,հատ,REF_ONLY,LOW,NO,All nails are non-sterile REF-only,NAIL,,
00-00000485,50206.8x240,"Zimede, Humeral Self-Lockable Intr. Nail, 8x240mm, S.S",Zimede,Հատ,հատ,REF_ONLY,LOW,NO,All nails are non-sterile REF-only,NAIL,,
00-00000484,50206.8x260,"Zimede, Humeral Self-Lockable Intr. Nail, 8x260mm, S.S",Zimede,Հատ,հատ,REF_ONLY,LOW,NO,All nails are non-sterile REF-only,NAIL,,
00-00000483,50206.8x280,"Zimede, Humeral Self-Lockable Intr. Nail, 8x280mm, S.S",Zimede,Հատ,հատ,REF_ONLY,LOW,NO,All nails are non-sterile REF-only,NAIL,,
00-00000815,BOI.216.13.13S,"BOMBAY, 13 mm for large Screw S.S., Տափողակ - Շայբա, S.S.",BOMBAY,Հատ,հատ,REF_ONLY,LOW,NO,Usual screw is non-sterile REF-only,SCREW,,
00-00000814,BOI.216.13.13T,"BOMBAY, 13 mm for large Screw Ti, Տափողակ - Շայբա, S.S.",BOMBAY,Հատ,հատ,REF_ONLY,LOW,NO,Usual screw is non-sterile REF-only,SCREW,,
00-00000807,BOI.216.07.7S,"BOMBAY, 7 mm for Small Screw S.S., Տափողակ - Շայբա, S.S.",BOMBAY,Հատ,հատ,REF_ONLY,LOW,NO,Usual screw is non-sterile REF-only,SCREW,,
00-00000806,BOI.216.07.7T,"BOMBAY, 7 mm for Small Screw Ti, Տափողակ - Շայբա, S.S.",BOMBAY,Հատ,հատ,REF_ONLY,LOW,NO,Usual screw is non-sterile REF-only,SCREW,,
00-00000719,BOI.161.1.0.300.S,"BOMBAY, K-WIRE DOUBLE TROCAR 1,0x300mm, , S.S.",BOMBAY,Հատ,հատ,REF_ONLY,MEDIUM,NO,No sterile indicators matched,,,
00-00000718,BOI.161.1.2.300.S,"BOMBAY, K-WIRE DOUBLE TROCAR 1,2x300mm, , S.S.",BOMBAY,Հատ,հատ,REF_ONLY,MEDIUM,NO,No sterile indicators matched,,,
00-00000717,BOI.161.1.8.300.S,"BOMBAY, K-WIRE DOUBLE TROCAR 1,8x300mm, , S.S.",BOMBAY,Հատ,հատ,REF_ONLY,MEDIUM,NO,No sterile indicators matched,,,
00-00000716,BOI.161.3.0.300.S,"BOMBAY, K-WIRE DOUBLE TROCAR 3,0x300mm, , S.S.",BOMBAY,Հատ,հատ,REF_ONLY,MEDIUM,NO,No sterile indicators matched,,,
00-00000813,BOI.237.16.16G,"BOMBAY, 16G  / 1,65mm * 3metr, Սերկլյաժ, S.S.",BOMBAY,Հատ,հատ,REF_ONLY,MEDIUM,NO,No sterile indicators matched,,,
00-00000812,BOI.237.18.18G,"BOMBAY, 18G  / 1,25mm * 3metr, Սերկլյաժ, S.S.",BOMBAY,Հատ,հատ,REF_ONLY,MEDIUM,NO,No sterile indicators matched,,,
00-00000811,BOI.237.20.20G,"BOMBAY, 20G / 0,9mm * 3metr, Սերկլյաժ, S.S.",BOMBAY,Հատ,հատ,REF_ONLY,MEDIUM,NO,No sterile indicators matched,,,
00-00000810,BOI.237.22.22G,"BOMBAY, 22G  / 0,7mm * 3metr, Սերկլյաժ, S.S.",BOMBAY,Հատ,հատ,REF_ONLY,MEDIUM,NO,No sterile indicators matched,,,
00-00000809,BOI.237.24.24G,"BOMBAY, 24G  / 0,5mm * 3metr, Սերկլյաժ, S.S.",BOMBAY,Հատ,հատ,REF_ONLY,MEDIUM,NO,No sterile indicators matched,,,
00-00000808,BOI.237.26.26G,"BOMBAY, 26G  / 0,45mm * 3metr, Սերկլյաժ, S.S.",BOMBAY,Հատ,հատ,REF_ONLY,MEDIUM,NO,No sterile indicators matched,,,
00-00000698,BOI.125.5,"BOMBAY, Small Dinamic Compression plate (DCP), Stainless Steel, , 5h, S.S.",Plates,Հատ,հատ,REF_ONLY,LOW,NO,All plates are non-sterile REF-only,PLATE,,
00-00000697,BOI.125.7,"BOMBAY, Small Dinamic Compression plate (DCP), Stainless Steel, , 7h, S.S.",Plates,Հատ,հատ,REF_ONLY,LOW,NO,All plates are non-sterile REF-only,PLATE,,
00-00000696,BOI.125.9,"BOMBAY, Small Dinamic Compression plate (DCP), Stainless Steel, , 9h, S.S.",Plates,Հատ,հատ,REF_ONLY,LOW,NO,All plates are non-sterile REF-only,PLATE,,
00-00000702,BOI.125.10,"BOMBAY, Small Dinamic Compression plate (DCP), Stainless Steel, , 10h, S.S.",Plates,Հատ,հատ,REF_ONLY,LOW,NO,All plates are non-sterile REF-only,PLATE,,
00-00000701,BOI.125.11,"BOMBAY, Small Dinamic Compression plate (DCP), Stainless Steel, , 11h, S.S.",Plates,Հատ,հատ,REF_ONLY,LOW,NO,All plates are non-sterile REF-only,PLATE,,
00-00000700,BOI.125.15,"BOMBAY, Small Dinamic Compression plate (DCP), Stainless Steel, , 15h, S.S.",Plates,Հատ,հատ,REF_ONLY,LOW,NO,All plates are non-sterile REF-only,PLATE,,
00-00000699,BOI.125.16,"BOMBAY, Small Dinamic Compression plate (DCP), Stainless Steel, , 16h, S.S.",Plates,Հատ,հատ,REF_ONLY,LOW,NO,All plates are non-sterile REF-only,PLATE,,
00-00000803,BOI.205.6,"BOMBAY, Curved Pelvic Reco plate 3.5mm, Stainless steel, 6 holes, S.S",Plates,Հատ,հատ,REF_ONLY,LOW,NO,All plates are non-sterile REF-only,PLATE,,
00-00000802,BOI.205.8,"BOMBAY, Curved Pelvic Reco plate 3.5mm, Stainless steel, 8 holes, S.S",Plates,Հատ,հատ,REF_ONLY,LOW,NO,All plates are non-sterile REF-only,PLATE,,
00-00000805,BOI.205.10,"BOMBAY, Curved Pelvic Reco plate 3.5mm, Stainless steel, 10 holes, S.S",Plates,Հատ,հատ,REF_ONLY,LOW,NO,All plates are non-sterile REF-only,PLATE,,
00-00000804,BOI.205.12,"BOMBAY, Curved Pelvic Reco plate 3.5mm, Stainless steel, 12 holes, S.S",Plates,Հատ,հատ,REF_ONLY,LOW,NO,All plates are non-sterile REF-only,PLATE,,
00-00000710,BOI.203.04.S,"BOMBAY, Pelvic Symphyseal plate DC 4 holes, S.S",Plates,Հատ,հատ,REF_ONLY,LOW,NO,All plates are non-sterile REF-only,PLATE,,
00-00000709,BOI.203.06.S,"BOMBAY, Pelvic Symphyseal plate DC 6 holes, S.S",Plates,Հատ,հատ,REF_ONLY,LOW,NO,All plates are non-sterile REF-only,PLATE,,
00-00000695,BOI.206.12.S,"BOMBAY, Straight Pelvic Reconstruction plate 3.5mm 12 hole, S.S",Plates,Հատ,հատ,REF_ONLY,LOW,NO,All plates are non-sterile REF-only,PLATE,,
00-00000694,BOI.206.14.S,"BOMBAY, Straight Pelvic Reconstruction plate 3.5mm 14 hole, S.S",Plates,Հատ,հատ,REF_ONLY,LOW,NO,All plates are non-sterile REF-only,PLATE,,
00-00000692,BOI.206.16.S,"BOMBAY, Straight Pelvic Reconstruction plate 3.5mm 16 hole, S.S",Plates,Հատ,հատ,REF_ONLY,LOW,NO,All plates are non-sterile REF-only,PLATE,,
00-00000693,BOI.206.18.S,"BOMBAY, Straight Pelvic Reconstruction plate 3.5mm 18 hole, S.S",Plates,Հատ,հատ,REF_ONLY,LOW,NO,All plates are non-sterile REF-only,PLATE,,
00-00000711,BOI.134.9,"BOMBAY, LC DCP Plate Narrow for 4.5mm scr, 9հ, S.S.",Plates,Հատ,հատ,REF_ONLY,LOW,NO,All plates are non-sterile REF-only,PLATE,,
00-00000715,BOI.134.11,"BOMBAY, LC DCP Plate Narrow for 4.5mm scr, 11հ, S.S.",Plates,Հատ,հատ,REF_ONLY,LOW,NO,All plates are non-sterile REF-only,PLATE,,
00-00000714,BOI.134.12,"BOMBAY, LC DCP Plate Narrow for 4.5mm scr, 12հ, S.S.",Plates,Հատ,հատ,REF_ONLY,LOW,NO,All plates are non-sterile REF-only,PLATE,,
00-00000713,BOI.134.13,"BOMBAY, LC DCP Plate Narrow for 4.5mm scr, 13հ, S.S.",Plates,Հատ,հատ,REF_ONLY,LOW,NO,All plates are non-sterile REF-only,PLATE,,
00-00000712,BOI.134.14,"BOMBAY, LC DCP Plate Narrow for 4.5mm scr, 14հ, S.S.",Plates,Հատ,հատ,REF_ONLY,LOW,NO,All plates are non-sterile REF-only,PLATE,,
00-00000777,BOI.139.130.04.S,"BOMBAY, DHS plate 130degree, 4 hole, S.S.,",Plates,Հատ,հատ,REF_ONLY,LOW,NO,All plates are non-sterile REF-only,PLATE,,
00-00000776,BOI.139.130.05.S,"BOMBAY, DHS plate 130degree, 5 hole, S.S.,",Plates,Հատ,հատ,REF_ONLY,LOW,NO,All plates are non-sterile REF-only,PLATE,,
00-00000775,BOI.139.130.06.S,"BOMBAY, DHS plate 130degree, 6 hole, S.S.,",Plates,Հատ,հատ,REF_ONLY,LOW,NO,All plates are non-sterile REF-only,PLATE,,
00-00000774,BOI.139.130.07.S,"BOMBAY, DHS plate 130degree, 7 hole, S.S.,",Plates,Հատ,հատ,REF_ONLY,LOW,NO,All plates are non-sterile REF-only,PLATE,,
00-00000773,BOI.139.130.08.S,"BOMBAY, DHS plate 130degree, 8 hole, S.S.,",Plates,Հատ,հատ,REF_ONLY,LOW,NO,All plates are non-sterile REF-only,PLATE,,
00-00000772,BOI.139.130.09.S,"BOMBAY, DHS plate 130degree, 9 hole, S.S.,",Plates,Հատ,հատ,REF_ONLY,LOW,NO,All plates are non-sterile REF-only,PLATE,,
00-00000781,BOI.139.130.10.S,"BOMBAY, DHS plate 130degree, 10 hole, S.S.,",Plates,Հատ,հատ,REF_ONLY,LOW,NO,All plates are non-sterile REF-only,PLATE,,
00-00000780,BOI.139.130.11.S,"BOMBAY, DHS plate 130degree, 11 hole, S.S.,",Plates,Հատ,հատ,REF_ONLY,LOW,NO,All plates are non-sterile REF-only,PLATE,,
00-00000779,BOI.139.130.12.S,"BOMBAY, DHS plate 130degree, 12 hole, S.S.,",Plates,Հատ,հատ,REF_ONLY,LOW,NO,All plates are non-sterile REF-only,PLATE,,
00-00000778,BOI.139.130.14.S,"BOMBAY, DHS plate 130degree, 14 hole, S.S.,",Plates,Հատ,հատ,REF_ONLY,LOW,NO,All plates are non-sterile REF-only,PLATE,,
00-00000797,BOI.141.05.S,"BOMBAY, DCS plate 95degree, 5 hole, S.S",Plates,Հատ,հատ,REF_ONLY,LOW,NO,All plates are non-sterile REF-only,PLATE,,
00-00000796,BOI.141.06.S,"BOMBAY, DCS plate 95degree, 6 hole, S.S",Plates,Հատ,հատ,REF_ONLY,LOW,NO,All plates are non-sterile REF-only,PLATE,,
00-00000795,BOI.141.07.S,"BOMBAY, DCS plate 95degree, 7 hole, S.S",Plates,Հատ,հատ,REF_ONLY,LOW,NO,All plates are non-sterile REF-only,PLATE,,
00-00000794,BOI.141.08.S,"BOMBAY, DCS plate 95degree, 8 hole, S.S",Plates,Հատ,հատ,REF_ONLY,LOW,NO,All plates are non-sterile REF-only,PLATE,,
00-00000793,BOI.141.09.S,"BOMBAY, DCS plate 95degree, 9 hole, S.S",Plates,Հատ,հատ,REF_ONLY,LOW,NO,All plates are non-sterile REF-only,PLATE,,
00-00000801,BOI.141.10.S,"BOMBAY, DCS plate 95degree, 10 hole, S.S",Plates,Հատ,հատ,REF_ONLY,LOW,NO,All plates are non-sterile REF-only,PLATE,,
00-00000800,BOI.141.11.S,"BOMBAY, DCS plate 95degree, 11 hole, S.S",Plates,Հատ,հատ,REF_ONLY,LOW,NO,All plates are non-sterile REF-only,PLATE,,
00-00000799,BOI.141.12.S,"BOMBAY, DCS plate 95degree, 12 hole, S.S",Plates,Հատ,հատ,REF_ONLY,LOW,NO,All plates are non-sterile REF-only,PLATE,,
00-00000798,BOI.141.14.S,"BOMBAY, DCS plate 95degree, 14 hole, S.S",Plates,Հատ,հատ,REF_ONLY,LOW,NO,All plates are non-sterile REF-only,PLATE,,
00-00000789,BOI.118.60.S,"BOMBAY, DHS Lag screw Hexagonal 12.5x60mm, S.S",Plates,Հատ,հատ,REF_ONLY,LOW,NO,All plates are non-sterile REF-only,PLATE,,
00-00000788,BOI.118.65.S,"BOMBAY, DHS Lag screw Hexagonal 12.5x65mm, S.S",Plates,Հատ,հատ,REF_ONLY,LOW,NO,All plates are non-sterile REF-only,PLATE,,
00-00000787,BOI.118.70.S,"BOMBAY, DHS Lag screw Hexagonal  12.5x70mm, S.S",Plates,Հատ,հատ,REF_ONLY,LOW,NO,All plates are non-sterile REF-only,PLATE,,
00-00000786,BOI.118.75.S,"BOMBAY, DHS Lag screw Hexagonal 12.5x75mm, S.S",Plates,Հատ,հատ,REF_ONLY,LOW,NO,All plates are non-sterile REF-only,PLATE,,
00-00000785,BOI.118.80.S,"BOMBAY, DHS Lag screw Hexagonal  12.5x80mm, S.S",Plates,Հատ,հատ,REF_ONLY,LOW,NO,All plates are non-sterile REF-only,PLATE,,
00-00000784,BOI.118.85.S,"BOMBAY, DHS Lag screw Hexagonal 12.5x85mm, S.S",Plates,Հատ,հատ,REF_ONLY,LOW,NO,All plates are non-sterile REF-only,PLATE,,
00-00000783,BOI.118.90.S,"BOMBAY, DHS Lag screw Hexagonal 12.5x90mm, S.S",Plates,Հատ,հատ,REF_ONLY,LOW,NO,All plates are non-sterile REF-only,PLATE,,
00-00000782,BOI.118.95.S,"BOMBAY, DHS Lag screw Hexagonal 12.5x95mm, S.S",Plates,Հատ,հատ,REF_ONLY,LOW,NO,All plates are non-sterile REF-only,PLATE,,
00-00000792,BOI.118.100.S,"BOMBAY, DHS Lag screw Hexagonal 12.5x100mm, S.S",Plates,Հատ,հատ,REF_ONLY,LOW,NO,All plates are non-sterile REF-only,PLATE,,
00-00000791,BOI.118.105.S,"BOMBAY, DHS Lag screw Hexagonal 12.5x105mm, S.S",Plates,Հատ,հատ,REF_ONLY,LOW,NO,All plates are non-sterile REF-only,PLATE,,
00-00000790,BOI.118.110.S,"BOMBAY, DHS Lag screw Hexagonal 12.5x110mm, S.S",Plates,Հատ,հատ,REF_ONLY,LOW,NO,All plates are non-sterile REF-only,PLATE,,
00-00000771,BOI.712.009.1.8 - 400,"BOMBAY, GUID WIRE, 1.8mm Dia - 400mm Length, S.S",BOMBAY,Հատ,հատ,REF_ONLY,MEDIUM,NO,No sterile indicators matched,,,
00-00000770,BOI.712.010.2.0 - 400,"BOMBAY, GUID WIRE, 2.0mm Dia - 400mm Length, S.S",BOMBAY,Հատ,հատ,REF_ONLY,MEDIUM,NO,No sterile indicators matched,,,
00-00000743,BOI.06.151.09.32.S,"BOMBAY, Interlocking femur nail (canulated with distal) S.S., 9x320mm, S.S",Femoral nail,Հատ,հատ,REF_ONLY,LOW,NO,All nails are non-sterile REF-only,NAIL,,
00-00000742,BOI.06.151.09.34.S,"BOMBAY, Interlocking femur nail (canulated with distal) S.S., 9x340mm, S.S",Femoral nail,Հատ,հատ,REF_ONLY,LOW,NO,All nails are non-sterile REF-only,NAIL,,
00-00000741,BOI.06.151.09.36.S,"BOMBAY, Interlocking femur nail (canulated with distal) S.S., 9x360mm, S.S",Femoral nail,Հատ,հատ,REF_ONLY,LOW,NO,All nails are non-sterile REF-only,NAIL,,
00-00000740,BOI.06.151.09.38.S,"BOMBAY, Interlocking femur nail (canulated with distal) S.S., 9x380mm, S.S",Femoral nail,Հատ,հատ,REF_ONLY,LOW,NO,All nails are non-sterile REF-only,NAIL,,
00-00000739,BOI.06.151.09.40.S,"BOMBAY, Interlocking femur nail (canulated with distal) S.S., 9x400mm, S.S",Femoral nail,Հատ,հատ,REF_ONLY,LOW,NO,All nails are non-sterile REF-only,NAIL,,
00-00000738,BOI.06.151.09.42.S,"BOMBAY, Interlocking femur nail (canulated with distal) S.S., 9x420mm, S.S",Femoral nail,Հատ,հատ,REF_ONLY,LOW,NO,All nails are non-sterile REF-only,NAIL,,
00-00000755,BOI.06.151.10.32.S,"BOMBAY, Interlocking femur nail (canulated with distal) S.S., 10x320mm, S.S",Femoral nail,Հատ,հատ,REF_ONLY,LOW,NO,All nails are non-sterile REF-only,NAIL,,
00-00000754,BOI.06.151.10.34.S,"BOMBAY, Interlocking femur nail (canulated with distal) S.S., 10x340mm, S.S",Femoral nail,Հատ,հատ,REF_ONLY,LOW,NO,All nails are non-sterile REF-only,NAIL,,
00-00000753,BOI.06.151.10.36.S,"BOMBAY, Interlocking femur nail (canulated with distal) S.S., 10x360mm, S.S",Femoral nail,Հատ,հատ,REF_ONLY,LOW,NO,All nails are non-sterile REF-only,NAIL,,
00-00000752,BOI.06.151.10.38.S,"BOMBAY, Interlocking femur nail (canulated with distal) S.S., 10x380mm, S.S",Femoral nail,Հատ,հատ,REF_ONLY,LOW,NO,All nails are non-sterile REF-only,NAIL,,
00-00000751,BOI.06.151.10.40.S,"BOMBAY, Interlocking femur nail (canulated with distal) S.S., 10x400mm, S.S",Femoral nail,Հատ,հատ,REF_ONLY,LOW,NO,All nails are non-sterile REF-only,NAIL,,
00-00000750,BOI.06.151.10.42.S,"BOMBAY, Interlocking femur nail (canulated with distal) S.S., 10x420mm, S.S",Femoral nail,Հատ,հատ,REF_ONLY,LOW,NO,All nails are non-sterile REF-only,NAIL,,
00-00000749,BOI.06.151.11.32.S,"BOMBAY, Interlocking femur nail (canulated with distal) S.S., 11x320mm, S.S",Femoral nail,Հատ,հատ,REF_ONLY,LOW,NO,All nails are non-sterile REF-only,NAIL,,
00-00000748,BOI.06.151.11.34.S,"BOMBAY, Interlocking femur nail (canulated with distal) S.S., 11x340mm, S.S",Femoral nail,Հատ,հատ,REF_ONLY,LOW,NO,All nails are non-sterile REF-only,NAIL,,
00-00000747,BOI.06.151.11.36.S,"BOMBAY, Interlocking femur nail (canulated with distal) S.S., 11x360mm, S.S",Femoral nail,Հատ,հատ,REF_ONLY,LOW,NO,All nails are non-sterile REF-only,NAIL,,
00-00000746,BOI.06.151.11.38.S,"BOMBAY, Interlocking femur nail (canulated with distal) S.S., 11x380mm, S.S",Femoral nail,Հատ,հատ,REF_ONLY,LOW,NO,All nails are non-sterile REF-only,NAIL,,
00-00000745,BOI.06.151.11.40.S,"BOMBAY, Interlocking femur nail (canulated with distal) S.S., 11x400mm, S.S",Femoral nail,Հատ,հատ,REF_ONLY,LOW,NO,All nails are non-sterile REF-only,NAIL,,
00-00000744,BOI.06.151.11.42.S,"BOMBAY, Interlocking femur nail (canulated with distal) S.S., 11x420mm, S.S",Femoral nail,Հատ,հատ,REF_ONLY,LOW,NO,All nails are non-sterile REF-only,NAIL,,
00-00000769,BOI.152.36.S,"BOMBAY, InterLocking Bolt 4.9x36mm, S.S",Femoral nail,Հատ,հատ,REF_ONLY,LOW,NO,All nails are non-sterile REF-only,NAIL,,
00-00000768,BOI.152.40.S,"BOMBAY, InterLocking Bolt 4.9x40mm, S.S",Femoral nail,Հատ,հատ,REF_ONLY,LOW,NO,All nails are non-sterile REF-only,NAIL,,
00-00000767,BOI.152.46.S,"BOMBAY, InterLocking Bolt 4.9x46mm, S.S",Femoral nail,Հատ,հատ,REF_ONLY,LOW,NO,All nails are non-sterile REF-only,NAIL,,
00-00000766,BOI.152.50.S,"BOMBAY, InterLocking Bolt 4.9x50mm, S.S",Femoral nail,Հատ,հատ,REF_ONLY,LOW,NO,All nails are non-sterile REF-only,NAIL,,
00-00000765,BOI.152.56.S,"BOMBAY, InterLocking Bolt 4.9x56mm, S.S",Femoral nail,Հատ,հատ,REF_ONLY,LOW,NO,All nails are non-sterile REF-only,NAIL,,
00-00000764,BOI.152.60.S,"BOMBAY, InterLocking Bolt 4.9x60mm, S.S",Femoral nail,Հատ,հատ,REF_ONLY,LOW,NO,All nails are non-sterile REF-only,NAIL,,
00-00000763,BOI.152.66.S,"BOMBAY, InterLocking Bolt 4.9x66mm, S.S",Femoral nail,Հատ,հատ,REF_ONLY,LOW,NO,All nails are non-sterile REF-only,NAIL,,
00-00000725,BOI.06.151.09.32.T,"BOMBAY, Interlocking femur nail (canulated with distal) Ti, 9x320mm, Ti",Femoral nail,Հատ,հատ,REF_ONLY,LOW,NO,All nails are non-sterile REF-only,NAIL,,
00-00000724,BOI.06.151.09.34.T,"BOMBAY, Interlocking femur nail (canulated with distal) Ti, 9x340mm, Ti",Femoral nail,Հատ,հատ,REF_ONLY,LOW,NO,All nails are non-sterile REF-only,NAIL,,
00-00000723,BOI.06.151.09.36.T,"BOMBAY, Interlocking femur nail (canulated with distal) Ti, 9x360mm, Ti",Femoral nail,Հատ,հատ,REF_ONLY,LOW,NO,All nails are non-sterile REF-only,NAIL,,
00-00000722,BOI.06.151.09.38.T,"BOMBAY, Interlocking femur nail (canulated with distal) Ti, 9x380mm, Ti",Femoral nail,Հատ,հատ,REF_ONLY,LOW,NO,All nails are non-sterile REF-only,NAIL,,
00-00000721,BOI.06.151.09.40.T,"BOMBAY, Interlocking femur nail (canulated with distal) Ti, 9x400mm, Ti",Femoral nail,Հատ,հատ,REF_ONLY,LOW,NO,All nails are non-sterile REF-only,NAIL,,
00-00000720,BOI.06.151.09.42.T,"BOMBAY, Interlocking femur nail (canulated with distal) Ti, 9x420mm, Ti",Femoral nail,Հատ,հատ,REF_ONLY,LOW,NO,All nails are non-sterile REF-only,NAIL,,
00-00000737,BOI.06.151.10.32.T,"BOMBAY, Interlocking femur nail (canulated with distal) Ti, 10x320mm, Ti",Femoral nail,Հատ,հատ,REF_ONLY,LOW,NO,All nails are non-sterile REF-only,NAIL,,
00-00000736,BOI.06.151.10.34.T,"BOMBAY, Interlocking femur nail (canulated with distal) Ti, 10x340mm, Ti",Femoral nail,Հատ,հատ,REF_ONLY,LOW,NO,All nails are non-sterile REF-only,NAIL,,
00-00000735,BOI.06.151.10.36.T,"BOMBAY, Interlocking femur nail (canulated with distal) Ti, 10x360mm, Ti",Femoral nail,Հատ,հատ,REF_ONLY,LOW,NO,All nails are non-sterile REF-only,NAIL,,
00-00000734,BOI.06.151.10.38.T,"BOMBAY, Interlocking femur nail (canulated with distal) Ti, 10x380mm, Ti",Femoral nail,Հատ,հատ,REF_ONLY,LOW,NO,All nails are non-sterile REF-only,NAIL,,
00-00000733,BOI.06.151.10.40.T,"BOMBAY, Interlocking femur nail (canulated with distal) Ti, 10x400mm, Ti",Femoral nail,Հատ,հատ,REF_ONLY,LOW,NO,All nails are non-sterile REF-only,NAIL,,
00-00000732,BOI.06.151.10.42.T,"BOMBAY, Interlocking femur nail (canulated with distal) Ti, 10x420mm, Ti",Femoral nail,Հատ,հատ,REF_ONLY,LOW,NO,All nails are non-sterile REF-only,NAIL,,
00-00000731,BOI.06.151.11.32.T,"BOMBAY, Interlocking femur nail (canulated with distal) Ti, 11x320mm, Ti",Femoral nail,Հատ,հատ,REF_ONLY,LOW,NO,All nails are non-sterile REF-only,NAIL,,
00-00000730,BOI.06.151.11.34.T,"BOMBAY, Interlocking femur nail (canulated with distal) Ti, 11x340mm, Ti",Femoral nail,Հատ,հատ,REF_ONLY,LOW,NO,All nails are non-sterile REF-only,NAIL,,
00-00000729,BOI.06.151.11.36.T,"BOMBAY, Interlocking femur nail (canulated with distal) Ti, 11x360mm, Ti",Femoral nail,Հատ,հատ,REF_ONLY,LOW,NO,All nails are non-sterile REF-only,NAIL,,
00-00000728,BOI.06.151.11.38.T,"BOMBAY, Interlocking femur nail (canulated with distal) Ti, 11x380mm, Ti",Femoral nail,Հատ,հատ,REF_ONLY,LOW,NO,All nails are non-sterile REF-only,NAIL,,
00-00000727,BOI.06.151.11.40.T,"BOMBAY, Interlocking femur nail (canulated with distal) Ti, 11x400mm, Ti",Femoral nail,Հատ,հատ,REF_ONLY,LOW,NO,All nails are non-sterile REF-only,NAIL,,
00-00000726,BOI.06.151.11.42.T,"BOMBAY, Interlocking femur nail (canulated with distal) Ti, 11x420mm, Ti",Femoral nail,Հատ,հատ,REF_ONLY,LOW,NO,All nails are non-sterile REF-only,NAIL,,
00-00000762,BOI.152.36.T,"BOMBAY, InterLocking Bolt 4.9x36mm, Ti",Femoral nail,Հատ,հատ,REF_ONLY,LOW,NO,All nails are non-sterile REF-only,NAIL,,
00-00000761,BOI.152.40.T,"BOMBAY, InterLocking Bolt 4.9x40mm, Ti",Femoral nail,Հատ,հատ,REF_ONLY,LOW,NO,All nails are non-sterile REF-only,NAIL,,
00-00000760,BOI.152.46.T,"BOMBAY, InterLocking Bolt 4.9x46mm, Ti",Femoral nail,Հատ,հատ,REF_ONLY,LOW,NO,All nails are non-sterile REF-only,NAIL,,
00-00000759,BOI.152.50.T,"BOMBAY, InterLocking Bolt 4.9x50mm, Ti",Femoral nail,Հատ,հատ,REF_ONLY,LOW,NO,All nails are non-sterile REF-only,NAIL,,
00-00000758,BOI.152.56.T,"BOMBAY, InterLocking Bolt 4.9x56mm, Ti",Femoral nail,Հատ,հատ,REF_ONLY,LOW,NO,All nails are non-sterile REF-only,NAIL,,
00-00000757,BOI.152.60.T,"BOMBAY, InterLocking Bolt 4.9x60mm, Ti",Femoral nail,Հատ,հատ,REF_ONLY,LOW,NO,All nails are non-sterile REF-only,NAIL,,
00-00000756,BOI.152.66.T,"BOMBAY, InterLocking Bolt 4.9x66mm, Ti",Femoral nail,Հատ,հատ,REF_ONLY,LOW,NO,All nails are non-sterile REF-only,NAIL,,
00-00000708,BOI.251.31,"BOMBAY, SHOULDER PROSTHESIS, 31mm, S.S",Plates,Հատ,հատ,REF_ONLY,LOW,NO,All plates are non-sterile REF-only,PLATE,,
00-00000707,BOI.251.33,"BOMBAY, SHOULDER PROSTHESIS, 33mm, S.S",Plates,Հատ,հատ,REF_ONLY,LOW,NO,All plates are non-sterile REF-only,PLATE,,
00-00000706,BOI.251.35,"BOMBAY, SHOULDER PROSTHESIS, 35mm, S.S",Plates,Հատ,հատ,REF_ONLY,LOW,NO,All plates are non-sterile REF-only,PLATE,,
00-00000705,BOI.251.37,"BOMBAY, SHOULDER PROSTHESIS, 37mm , S.S",Plates,Հատ,հատ,REF_ONLY,LOW,NO,All plates are non-sterile REF-only,PLATE,,
00-00000704,BOI.251.39,"BOMBAY, SHOULDER PROSTHESIS, 39mm, S.S",Plates,Հատ,հատ,REF_ONLY,LOW,NO,All plates are non-sterile REF-only,PLATE,,
00-00000703,BOI.251.41,"BOMBAY, SHOULDER PROSTHESIS, 41mm, S.S",Plates,Հատ,հատ,REF_ONLY,LOW,NO,All plates are non-sterile REF-only,PLATE,,
00-00000854,5210-01021,Femoral Condyle(PS-WB) 2L#,Chunli Knee,Ժամկետով ապրանքներ,հատ,BATCH_EXPIRY,MEDIUM,NO,1C item_type says expiry-controlled and no non-sterile override matched,EXPIRY_ITEM_TYPE,,
00-00000853,5210-01022,Femoral Condyle(PS-WB) 2R#,Chunli Knee,Ժամկետով ապրանքներ,հատ,BATCH_EXPIRY,MEDIUM,NO,1C item_type says expiry-controlled and no non-sterile override matched,EXPIRY_ITEM_TYPE,,
00-00000852,5210-01031,Femoral Condyle(PS-WB) 3L#,Chunli Knee,Ժամկետով ապրանքներ,հատ,BATCH_EXPIRY,MEDIUM,NO,1C item_type says expiry-controlled and no non-sterile override matched,EXPIRY_ITEM_TYPE,,
00-00000851,5210-01032,Femoral Condyle(PS-WB) 3R#,Chunli Knee,Ժամկետով ապրանքներ,հատ,BATCH_EXPIRY,MEDIUM,NO,1C item_type says expiry-controlled and no non-sterile override matched,EXPIRY_ITEM_TYPE,,
00-00000850,5210-01041,Femoral Condyle(PS-WB) 4L#,Chunli Knee,Ժամկետով ապրանքներ,հատ,BATCH_EXPIRY,MEDIUM,NO,1C item_type says expiry-controlled and no non-sterile override matched,EXPIRY_ITEM_TYPE,,
00-00000849,5210-01042,Femoral Condyle(PS-WB) 4R#,Chunli Knee,Ժամկետով ապրանքներ,հատ,BATCH_EXPIRY,MEDIUM,NO,1C item_type says expiry-controlled and no non-sterile override matched,EXPIRY_ITEM_TYPE,,
00-00000848,5210-01051,Femoral Condyle(PS-WB) 5L#,Chunli Knee,Ժամկետով ապրանքներ,հատ,BATCH_EXPIRY,MEDIUM,NO,1C item_type says expiry-controlled and no non-sterile override matched,EXPIRY_ITEM_TYPE,,
00-00000847,5210-01052,Femoral Condyle(PS-WB) 5R#,Chunli Knee,Ժամկետով ապրանքներ,հատ,BATCH_EXPIRY,MEDIUM,NO,1C item_type says expiry-controlled and no non-sterile override matched,EXPIRY_ITEM_TYPE,,
00-00000846,5210-01061,Femoral Condyle(PS-WB) 6L#,Chunli Knee,Ժամկետով ապրանքներ,հատ,BATCH_EXPIRY,MEDIUM,NO,1C item_type says expiry-controlled and no non-sterile override matched,EXPIRY_ITEM_TYPE,,
00-00000845,5210-01062,Femoral Condyle(PS-WB) 6R#,Chunli Knee,Ժամկետով ապրանքներ,հատ,BATCH_EXPIRY,MEDIUM,NO,1C item_type says expiry-controlled and no non-sterile override matched,EXPIRY_ITEM_TYPE,,
00-00000844,5210-01071,Femoral Condyle(PS-WB) 7L#,Chunli Knee,Ժամկետով ապրանքներ,հատ,BATCH_EXPIRY,MEDIUM,NO,1C item_type says expiry-controlled and no non-sterile override matched,EXPIRY_ITEM_TYPE,,
00-00000843,5210-01072,Femoral Condyle(PS-WB) 7R#,Chunli Knee,Ժամկետով ապրանքներ,հատ,BATCH_EXPIRY,MEDIUM,NO,1C item_type says expiry-controlled and no non-sterile override matched,EXPIRY_ITEM_TYPE,,
00-00000842,5210-01081,Femoral Condyle(PS-WB) 8L#,Chunli Knee,Ժամկետով ապրանքներ,հատ,BATCH_EXPIRY,MEDIUM,NO,1C item_type says expiry-controlled and no non-sterile override matched,EXPIRY_ITEM_TYPE,,
00-00000841,5210-01082,Femoral Condyle(PS-WB) 8R#,Chunli Knee,Ժամկետով ապրանքներ,հատ,BATCH_EXPIRY,MEDIUM,NO,1C item_type says expiry-controlled and no non-sterile override matched,EXPIRY_ITEM_TYPE,,
00-00000840,5217-10021,Tibial Insert-XN(PS) 2#/3#/4#-10mm,Chunli Knee,Ժամկետով ապրանքներ,հատ,BATCH_EXPIRY,MEDIUM,NO,1C item_type says expiry-controlled and no non-sterile override matched,EXPIRY_ITEM_TYPE,,
00-00000839,5217-12021,Tibial Insert-XN(PS) 2#/3#/4#-12mm,Chunli Knee,Ժամկետով ապրանքներ,հատ,BATCH_EXPIRY,MEDIUM,NO,1C item_type says expiry-controlled and no non-sterile override matched,EXPIRY_ITEM_TYPE,,
00-00000838,5217-14021,Tibial Insert-XN(PS) 2#/3#/4#-14mm,Chunli Knee,Ժամկետով ապրանքներ,հատ,BATCH_EXPIRY,MEDIUM,NO,1C item_type says expiry-controlled and no non-sterile override matched,EXPIRY_ITEM_TYPE,,
00-00000837,5217-16021,Tibial Insert-XN(PS) 2#/3#/4#-16mm,Chunli Knee,Ժամկետով ապրանքներ,հատ,BATCH_EXPIRY,MEDIUM,NO,1C item_type says expiry-controlled and no non-sterile override matched,EXPIRY_ITEM_TYPE,,
00-00000836,5217-18021,Tibial Insert-XN(PS) 2#/3#/4#-18mm,Chunli Knee,Ժամկետով ապրանքներ,հատ,BATCH_EXPIRY,MEDIUM,NO,1C item_type says expiry-controlled and no non-sterile override matched,EXPIRY_ITEM_TYPE,,
00-00000835,5217-10031,Tibial Insert-XN(PS) 5#/6#-10mm,Chunli Knee,Ժամկետով ապրանքներ,հատ,BATCH_EXPIRY,MEDIUM,NO,1C item_type says expiry-controlled and no non-sterile override matched,EXPIRY_ITEM_TYPE,,
00-00000834,5217-12031,Tibial Insert-XN(PS) 5#/6#-12mm,Chunli Knee,Ժամկետով ապրանքներ,հատ,BATCH_EXPIRY,MEDIUM,NO,1C item_type says expiry-controlled and no non-sterile override matched,EXPIRY_ITEM_TYPE,,
00-00000833,5217-14031,Tibial Insert-XN(PS) 5#/6#-14mm,Chunli Knee,Ժամկետով ապրանքներ,հատ,BATCH_EXPIRY,MEDIUM,NO,1C item_type says expiry-controlled and no non-sterile override matched,EXPIRY_ITEM_TYPE,,
00-00000832,5217-16031,Tibial Insert-XN(PS) 5#/6#-16mm,Chunli Knee,Ժամկետով ապրանքներ,հատ,BATCH_EXPIRY,MEDIUM,NO,1C item_type says expiry-controlled and no non-sterile override matched,EXPIRY_ITEM_TYPE,,
00-00000831,5217-18031,Tibial Insert-XN(PS) 5#/6#-18mm,Chunli Knee,Ժամկետով ապրանքներ,հատ,BATCH_EXPIRY,MEDIUM,NO,1C item_type says expiry-controlled and no non-sterile override matched,EXPIRY_ITEM_TYPE,,
00-00000830,5217-10041,Tibial Insert-XN(PS) 7#/8#-10mm,Chunli Knee,Ժամկետով ապրանքներ,հատ,BATCH_EXPIRY,MEDIUM,NO,1C item_type says expiry-controlled and no non-sterile override matched,EXPIRY_ITEM_TYPE,,
00-00000829,5217-12041,Tibial Insert-XN(PS) 7#/8#-12mm,Chunli Knee,Ժամկետով ապրանքներ,հատ,BATCH_EXPIRY,MEDIUM,NO,1C item_type says expiry-controlled and no non-sterile override matched,EXPIRY_ITEM_TYPE,,
00-00000828,5217-14041,Tibial Insert-XN(PS) 7#/8#-14mm,Chunli Knee,Ժամկետով ապրանքներ,հատ,BATCH_EXPIRY,MEDIUM,NO,1C item_type says expiry-controlled and no non-sterile override matched,EXPIRY_ITEM_TYPE,,
00-00000827,5217-16041,Tibial Insert-XN(PS) 7#/8#-16mm,Chunli Knee,Ժամկետով ապրանքներ,հատ,BATCH_EXPIRY,MEDIUM,NO,1C item_type says expiry-controlled and no non-sterile override matched,EXPIRY_ITEM_TYPE,,
00-00000826,5217-18041,Tibial Insert-XN(PS) 7#/8#-18mm,Chunli Knee,Ժամկետով ապրանքներ,հատ,BATCH_EXPIRY,MEDIUM,NO,1C item_type says expiry-controlled and no non-sterile override matched,EXPIRY_ITEM_TYPE,,
00-00000825,5216-01020,Tibial Tray-XN 2#,Chunli Knee,Ժամկետով ապրանքներ,հատ,BATCH_EXPIRY,MEDIUM,NO,1C item_type says expiry-controlled and no non-sterile override matched,EXPIRY_ITEM_TYPE,,
00-00000824,5216-01030,Tibial Tray-XN 3#,Chunli Knee,Ժամկետով ապրանքներ,հատ,BATCH_EXPIRY,MEDIUM,NO,1C item_type says expiry-controlled and no non-sterile override matched,EXPIRY_ITEM_TYPE,,
00-00000823,5216-01040,Tibial Tray-XN 4#,Chunli Knee,Ժամկետով ապրանքներ,հատ,BATCH_EXPIRY,MEDIUM,NO,1C item_type says expiry-controlled and no non-sterile override matched,EXPIRY_ITEM_TYPE,,
00-00000822,5216-01050,Tibial Tray-XN 5#,Chunli Knee,Ժամկետով ապրանքներ,հատ,BATCH_EXPIRY,MEDIUM,NO,1C item_type says expiry-controlled and no non-sterile override matched,EXPIRY_ITEM_TYPE,,
00-00000821,5216-01060,Tibial Tray-XN 6#,Chunli Knee,Ժամկետով ապրանքներ,հատ,BATCH_EXPIRY,MEDIUM,NO,1C item_type says expiry-controlled and no non-sterile override matched,EXPIRY_ITEM_TYPE,,
00-00000820,5216-01070,Tibial Tray-XN 7#,Chunli Knee,Ժամկետով ապրանքներ,հատ,BATCH_EXPIRY,MEDIUM,NO,1C item_type says expiry-controlled and no non-sterile override matched,EXPIRY_ITEM_TYPE,,
00-00000819,5216-01080,Tibial Tray-XN 8#,Chunli Knee,Ժամկետով ապրանքներ,հատ,BATCH_EXPIRY,MEDIUM,NO,1C item_type says expiry-controlled and no non-sterile override matched,EXPIRY_ITEM_TYPE,,
00-00000905,3211-00280,Ceramic Head 28S,Chunli Hip,Ժամկետով ապրանքներ,հատ,BATCH_EXPIRY,MEDIUM,NO,1C item_type says expiry-controlled and no non-sterile override matched,EXPIRY_ITEM_TYPE,,
00-00000906,3211-01280,Ceramic Head 28M,Chunli Hip,Ժամկետով ապրանքներ,հատ,BATCH_EXPIRY,MEDIUM,NO,1C item_type says expiry-controlled and no non-sterile override matched,EXPIRY_ITEM_TYPE,,
00-00000907,3211-02280,Ceramic Head 28L,Chunli Hip,Ժամկետով ապրանքներ,հատ,BATCH_EXPIRY,MEDIUM,NO,1C item_type says expiry-controlled and no non-sterile override matched,EXPIRY_ITEM_TYPE,,
00-00000902,3211-00320,Ceramic Head 32S,Chunli Hip,Ժամկետով ապրանքներ,հատ,BATCH_EXPIRY,MEDIUM,NO,1C item_type says expiry-controlled and no non-sterile override matched,EXPIRY_ITEM_TYPE,,
00-00000903,3211-01320,Ceramic Head 32M,Chunli Hip,Ժամկետով ապրանքներ,հատ,BATCH_EXPIRY,MEDIUM,NO,1C item_type says expiry-controlled and no non-sterile override matched,EXPIRY_ITEM_TYPE,,
00-00000904,3211-02320,Ceramic Head 32L,Chunli Hip,Ժամկետով ապրանքներ,հատ,BATCH_EXPIRY,MEDIUM,NO,1C item_type says expiry-controlled and no non-sterile override matched,EXPIRY_ITEM_TYPE,,
00-00000901,3211-03320,Ceramic Head 32XL,Chunli Hip,Ժամկետով ապրանքներ,հատ,BATCH_EXPIRY,MEDIUM,NO,1C item_type says expiry-controlled and no non-sterile override matched,EXPIRY_ITEM_TYPE,,
00-00000898,3211-00360,Ceramic Head 36S,Chunli Hip,Ժամկետով ապրանքներ,հատ,BATCH_EXPIRY,MEDIUM,NO,1C item_type says expiry-controlled and no non-sterile override matched,EXPIRY_ITEM_TYPE,,
00-00000899,3211-01360,Ceramic Head 36M,Chunli Hip,Ժամկետով ապրանքներ,հատ,BATCH_EXPIRY,MEDIUM,NO,1C item_type says expiry-controlled and no non-sterile override matched,EXPIRY_ITEM_TYPE,,
00-00000900,3211-02360,Ceramic Head 36L,Chunli Hip,Ժամկետով ապրանքներ,հատ,BATCH_EXPIRY,MEDIUM,NO,1C item_type says expiry-controlled and no non-sterile override matched,EXPIRY_ITEM_TYPE,,
00-00000897,3211-02260,Ceramic Head 36XL,Chunli Hip,Ժամկետով ապրանքներ,հատ,BATCH_EXPIRY,MEDIUM,NO,1C item_type says expiry-controlled and no non-sterile override matched,EXPIRY_ITEM_TYPE,,
00-00000870,3323-04080,Femoral Stem-BE - 8,Femoras stem BE,Ժամկետով ապրանքներ,հատ,BATCH_EXPIRY,MEDIUM,NO,1C item_type says expiry-controlled and no non-sterile override matched,EXPIRY_ITEM_TYPE,,
00-00000869,3323-04090,Femoral Stem-BE - 9,Femoras stem BE,Ժամկետով ապրանքներ,հատ,BATCH_EXPIRY,MEDIUM,NO,1C item_type says expiry-controlled and no non-sterile override matched,EXPIRY_ITEM_TYPE,,
00-00000878,3323-04100,Femoral Stem-BE - 10,Femoras stem BE,Ժամկետով ապրանքներ,հատ,BATCH_EXPIRY,MEDIUM,NO,1C item_type says expiry-controlled and no non-sterile override matched,EXPIRY_ITEM_TYPE,,
00-00000877,3323-04110,Femoral Stem-BE - 11,Femoras stem BE,Ժամկետով ապրանքներ,հատ,BATCH_EXPIRY,MEDIUM,NO,1C item_type says expiry-controlled and no non-sterile override matched,EXPIRY_ITEM_TYPE,,
00-00000876,3323-04120,Femoral Stem-BE - 12,Femoras stem BE,Ժամկետով ապրանքներ,հատ,BATCH_EXPIRY,MEDIUM,NO,1C item_type says expiry-controlled and no non-sterile override matched,EXPIRY_ITEM_TYPE,,
00-00000875,3323-04130,Femoral Stem-BE - 13,Femoras stem BE,Ժամկետով ապրանքներ,հատ,BATCH_EXPIRY,MEDIUM,NO,1C item_type says expiry-controlled and no non-sterile override matched,EXPIRY_ITEM_TYPE,,
00-00000874,3323-04140,Femoral Stem-BE - 14,Femoras stem BE,Ժամկետով ապրանքներ,հատ,BATCH_EXPIRY,MEDIUM,NO,1C item_type says expiry-controlled and no non-sterile override matched,EXPIRY_ITEM_TYPE,,
00-00000873,3323-04150,Femoral Stem-BE - 15,Femoras stem BE,Ժամկետով ապրանքներ,հատ,BATCH_EXPIRY,MEDIUM,NO,1C item_type says expiry-controlled and no non-sterile override matched,EXPIRY_ITEM_TYPE,,
00-00000872,3323-04160,Femoral Stem-BE - 16,Femoras stem BE,Ժամկետով ապրանքներ,հատ,BATCH_EXPIRY,MEDIUM,NO,1C item_type says expiry-controlled and no non-sterile override matched,EXPIRY_ITEM_TYPE,,
00-00000871,3323-04170,Femoral Stem-BE - 17,Femoras stem BE,Ժամկետով ապրանքներ,հատ,BATCH_EXPIRY,MEDIUM,NO,1C item_type says expiry-controlled and no non-sterile override matched,EXPIRY_ITEM_TYPE,,
00-00000933,3312-02090,"140A1 Stem, Porous Ti, 130 - 9",Femoras stem 140,Ժամկետով ապրանքներ,հատ,BATCH_EXPIRY,MEDIUM,NO,1C item_type says expiry-controlled and no non-sterile override matched,EXPIRY_ITEM_TYPE,,
00-00000932,3312-02100,"140A1 Stem, Porous Ti, 131 - 10",Femoras stem 140,Ժամկետով ապրանքներ,հատ,BATCH_EXPIRY,MEDIUM,NO,1C item_type says expiry-controlled and no non-sterile override matched,EXPIRY_ITEM_TYPE,,
00-00000931,3312-02110,"140A1 Stem, Porous Ti, 132 - 11",Femoras stem 140,Ժամկետով ապրանքներ,հատ,BATCH_EXPIRY,MEDIUM,NO,1C item_type says expiry-controlled and no non-sterile override matched,EXPIRY_ITEM_TYPE,,
00-00000930,3312-02120,"140A1 Stem, Porous Ti, 133 - 12",Femoras stem 140,Ժամկետով ապրանքներ,հատ,BATCH_EXPIRY,MEDIUM,NO,1C item_type says expiry-controlled and no non-sterile override matched,EXPIRY_ITEM_TYPE,,
00-00000929,3312-02130,"140A1 Stem, Porous Ti, 134 - 13",Femoras stem 140,Ժամկետով ապրանքներ,հատ,BATCH_EXPIRY,MEDIUM,NO,1C item_type says expiry-controlled and no non-sterile override matched,EXPIRY_ITEM_TYPE,,
00-00000928,3312-02140,"140A1 Stem, Porous Ti, 135 - 14",Femoras stem 140,Ժամկետով ապրանքներ,հատ,BATCH_EXPIRY,MEDIUM,NO,1C item_type says expiry-controlled and no non-sterile override matched,EXPIRY_ITEM_TYPE,,
00-00000927,3312-02150,"140A1 Stem, Porous Ti, 136 - 15",Femoras stem 140,Ժամկետով ապրանքներ,հատ,BATCH_EXPIRY,MEDIUM,NO,1C item_type says expiry-controlled and no non-sterile override matched,EXPIRY_ITEM_TYPE,,
00-00000919,3349-02440,Acetabular Cup-58 - 44,Chunli Hip,Ժամկետով ապրանքներ,հատ,BATCH_EXPIRY,MEDIUM,NO,1C item_type says expiry-controlled and no non-sterile override matched,EXPIRY_ITEM_TYPE,,
00-00000918,3149-02460,Acetabular Cup-58 - 46,Chunli Hip,Ժամկետով ապրանքներ,հատ,BATCH_EXPIRY,MEDIUM,NO,1C item_type says expiry-controlled and no non-sterile override matched,EXPIRY_ITEM_TYPE,,
00-00000917,3149-02480,Acetabular Cup-58 - 48,Chunli Hip,Ժամկետով ապրանքներ,հատ,BATCH_EXPIRY,MEDIUM,NO,1C item_type says expiry-controlled and no non-sterile override matched,EXPIRY_ITEM_TYPE,,
00-00000916,3149-02500,Acetabular Cup-58 - 50,Chunli Hip,Ժամկետով ապրանքներ,հատ,BATCH_EXPIRY,MEDIUM,NO,1C item_type says expiry-controlled and no non-sterile override matched,EXPIRY_ITEM_TYPE,,
00-00000915,3149-02520,Acetabular Cup-58 - 52,Chunli Hip,Ժամկետով ապրանքներ,հատ,BATCH_EXPIRY,MEDIUM,NO,1C item_type says expiry-controlled and no non-sterile override matched,EXPIRY_ITEM_TYPE,,
00-00000914,3149-02540,Acetabular Cup-58 - 54,Chunli Hip,Ժամկետով ապրանքներ,հատ,BATCH_EXPIRY,MEDIUM,NO,1C item_type says expiry-controlled and no non-sterile override matched,EXPIRY_ITEM_TYPE,,
00-00000913,3149-02560,Acetabular Cup-58 - 56,Chunli Hip,Ժամկետով ապրանքներ,հատ,BATCH_EXPIRY,MEDIUM,NO,1C item_type says expiry-controlled and no non-sterile override matched,EXPIRY_ITEM_TYPE,,
00-00000912,3149-02580,Acetabular Cup-58 - 58,Chunli Hip,Ժամկետով ապրանքներ,հատ,BATCH_EXPIRY,MEDIUM,NO,1C item_type says expiry-controlled and no non-sterile override matched,EXPIRY_ITEM_TYPE,,
00-00000911,3149-02600,Acetabular Cup-58 - 60,Chunli Hip,Ժամկետով ապրանքներ,հատ,BATCH_EXPIRY,MEDIUM,NO,1C item_type says expiry-controlled and no non-sterile override matched,EXPIRY_ITEM_TYPE,,
00-00000910,3149-02620,Acetabular Cup-58 - 62,Chunli Hip,Ժամկետով ապրանքներ,հատ,BATCH_EXPIRY,MEDIUM,NO,1C item_type says expiry-controlled and no non-sterile override matched,EXPIRY_ITEM_TYPE,,
00-00000909,3149-02640,Acetabular Cup-58 - 64,Chunli Hip,Ժամկետով ապրանքներ,հատ,BATCH_EXPIRY,MEDIUM,NO,1C item_type says expiry-controlled and no non-sterile override matched,EXPIRY_ITEM_TYPE,,
00-00000908,3149-02660,Acetabular Cup-58- 66,Chunli Hip,Ժամկետով ապրանքներ,հատ,BATCH_EXPIRY,MEDIUM,NO,1C item_type says expiry-controlled and no non-sterile override matched,EXPIRY_ITEM_TYPE,,
00-00000926,3149-01480,Acetabular cup G-20 - 48,Chunli Hip,Ժամկետով ապրանքներ,հատ,BATCH_EXPIRY,MEDIUM,NO,1C item_type says expiry-controlled and no non-sterile override matched,EXPIRY_ITEM_TYPE,,
00-00000925,3149-01500,Acetabular cup G-20 - 50,Chunli Hip,Ժամկետով ապրանքներ,հատ,BATCH_EXPIRY,MEDIUM,NO,1C item_type says expiry-controlled and no non-sterile override matched,EXPIRY_ITEM_TYPE,,
00-00000924,3149-01520,Acetabular cup G-20 - 52,Chunli Hip,Ժամկետով ապրանքներ,հատ,BATCH_EXPIRY,MEDIUM,NO,1C item_type says expiry-controlled and no non-sterile override matched,EXPIRY_ITEM_TYPE,,
00-00000923,3149-01540,Acetabular cup G-20 - 54,Chunli Hip,Ժամկետով ապրանքներ,հատ,BATCH_EXPIRY,MEDIUM,NO,1C item_type says expiry-controlled and no non-sterile override matched,EXPIRY_ITEM_TYPE,,
00-00000922,3149-01560,Acetabular cup G-20 - 56,Chunli Hip,Ժամկետով ապրանքներ,հատ,BATCH_EXPIRY,MEDIUM,NO,1C item_type says expiry-controlled and no non-sterile override matched,EXPIRY_ITEM_TYPE,,
00-00000921,3149-01580,Acetabular cup G-20 - 58,Chunli Hip,Ժամկետով ապրանքներ,հատ,BATCH_EXPIRY,MEDIUM,NO,1C item_type says expiry-controlled and no non-sterile override matched,EXPIRY_ITEM_TYPE,,
00-00000920,3149-01600,Acetabular cup G-20 - 60,Chunli Hip,Ժամկետով ապրանքներ,հատ,BATCH_EXPIRY,MEDIUM,NO,1C item_type says expiry-controlled and no non-sterile override matched,EXPIRY_ITEM_TYPE,,
00-00000868,3150-28353,"Liner-HXLPE - 35/28 44# (working with cup size of 40,42,44)",Chunli Hip,Ժամկետով ապրանքներ,հատ,BATCH_EXPIRY,MEDIUM,NO,1C item_type says expiry-controlled and no non-sterile override matched,EXPIRY_ITEM_TYPE,,
00-00000867,3150-28373,Liner-HXLPE - 37/28 46# (working with cup size of 46),Chunli Hip,Ժամկետով ապրանքներ,հատ,BATCH_EXPIRY,MEDIUM,NO,1C item_type says expiry-controlled and no non-sterile override matched,EXPIRY_ITEM_TYPE,,
00-00000866,3150-32393,"Liner-HXLPE - 39/32 48# (working with cup size of 48,50)",Chunli Hip,Ժամկետով ապրանքներ,հատ,BATCH_EXPIRY,MEDIUM,NO,1C item_type says expiry-controlled and no non-sterile override matched,EXPIRY_ITEM_TYPE,,
00-00000865,3150-36443,"Liner-HXLPE - 44/36 52# (working with cup size of 52,54)",Chunli Hip,Ժամկետով ապրանքներ,հատ,BATCH_EXPIRY,MEDIUM,NO,1C item_type says expiry-controlled and no non-sterile override matched,EXPIRY_ITEM_TYPE,,
00-00000864,3150-36483,"Liner-HXLPE - 48/36 56# (working with cup size of 56,58,60)",Chunli Hip,Ժամկետով ապրանքներ,հատ,BATCH_EXPIRY,MEDIUM,NO,1C item_type says expiry-controlled and no non-sterile override matched,EXPIRY_ITEM_TYPE,,
00-00000863,3150-36523,"Liner-HXLPE - 52/36 62# (working with cup size of 62,64)",Chunli Hip,Ժամկետով ապրանքներ,հատ,BATCH_EXPIRY,MEDIUM,NO,1C item_type says expiry-controlled and no non-sterile override matched,EXPIRY_ITEM_TYPE,,
00-00000892,3210-03280,Femoral Head-T - 28/-3,Chunli Hip,Ժամկետով ապրանքներ,հատ,BATCH_EXPIRY,MEDIUM,NO,1C item_type says expiry-controlled and no non-sterile override matched,EXPIRY_ITEM_TYPE,,
00-00000891,3210-10280,Femoral Head-T - 28/0,Chunli Hip,Ժամկետով ապրանքներ,հատ,BATCH_EXPIRY,MEDIUM,NO,1C item_type says expiry-controlled and no non-sterile override matched,EXPIRY_ITEM_TYPE,,
00-00000890,3210-13280,Femoral Head-T - 28/3,Chunli Hip,Ժամկետով ապրանքներ,հատ,BATCH_EXPIRY,MEDIUM,NO,1C item_type says expiry-controlled and no non-sterile override matched,EXPIRY_ITEM_TYPE,,
00-00000889,3210-16280,Femoral Head-T - 28/6,Chunli Hip,Ժամկետով ապրանքներ,հատ,BATCH_EXPIRY,MEDIUM,NO,1C item_type says expiry-controlled and no non-sterile override matched,EXPIRY_ITEM_TYPE,,
00-00000887,3210-06320,Femoral Head-T - 32/-6,Chunli Hip,Ժամկետով ապրանքներ,հատ,BATCH_EXPIRY,MEDIUM,NO,1C item_type says expiry-controlled and no non-sterile override matched,EXPIRY_ITEM_TYPE,,
00-00000888,3210-03320,Femoral Head-T - 32/-3,Chunli Hip,Ժամկետով ապրանքներ,հատ,BATCH_EXPIRY,MEDIUM,NO,1C item_type says expiry-controlled and no non-sterile override matched,EXPIRY_ITEM_TYPE,,
00-00000886,3210-10320,Femoral Head-T - 32/0,Chunli Hip,Ժամկետով ապրանքներ,հատ,BATCH_EXPIRY,MEDIUM,NO,1C item_type says expiry-controlled and no non-sterile override matched,EXPIRY_ITEM_TYPE,,
00-00000885,3210-13320,Femoral Head-T - 32/3,Chunli Hip,Ժամկետով ապրանքներ,հատ,BATCH_EXPIRY,MEDIUM,NO,1C item_type says expiry-controlled and no non-sterile override matched,EXPIRY_ITEM_TYPE,,
00-00000884,3210-16320,Femoral Head-T - 32/6,Chunli Hip,Ժամկետով ապրանքներ,հատ,BATCH_EXPIRY,MEDIUM,NO,1C item_type says expiry-controlled and no non-sterile override matched,EXPIRY_ITEM_TYPE,,
00-00000882,3210-06360,Femoral Head-T - 36/-6,Chunli Hip,Ժամկետով ապրանքներ,հատ,BATCH_EXPIRY,MEDIUM,NO,1C item_type says expiry-controlled and no non-sterile override matched,EXPIRY_ITEM_TYPE,,
00-00000883,3210-03360,Femoral Head-T - 36/-3,Chunli Hip,Ժամկետով ապրանքներ,հատ,BATCH_EXPIRY,MEDIUM,NO,1C item_type says expiry-controlled and no non-sterile override matched,EXPIRY_ITEM_TYPE,,
00-00000881,3210-10360,Femoral Head-T - 36/0,Chunli Hip,Ժամկետով ապրանքներ,հատ,BATCH_EXPIRY,MEDIUM,NO,1C item_type says expiry-controlled and no non-sterile override matched,EXPIRY_ITEM_TYPE,,
00-00000880,3210-13360,Femoral Head-T - 36/3,Chunli Hip,Ժամկետով ապրանքներ,հատ,BATCH_EXPIRY,MEDIUM,NO,1C item_type says expiry-controlled and no non-sterile override matched,EXPIRY_ITEM_TYPE,,
00-00000879,3210-16360,Femoral Head-T - 36/6,Chunli Hip,Ժամկետով ապրանքներ,հատ,BATCH_EXPIRY,MEDIUM,NO,1C item_type says expiry-controlled and no non-sterile override matched,EXPIRY_ITEM_TYPE,,
00-00000859,3146-60200,Screw - 6/20,Chunli Hip,Ժամկետով ապրանքներ,հատ,BATCH_EXPIRY,LOW,NO,Chunli/Permedica/Just screw requires expiry,SCREW;STERILE_SCREW_BRAND,,
00-00000858,3146-60260,Screw - 6/26,Chunli Hip,Ժամկետով ապրանքներ,հատ,BATCH_EXPIRY,LOW,NO,Chunli/Permedica/Just screw requires expiry,SCREW;STERILE_SCREW_BRAND,,
00-00000857,3146-60300,Screw - 6/30,Chunli Hip,Ժամկետով ապրանքներ,հատ,BATCH_EXPIRY,LOW,NO,Chunli/Permedica/Just screw requires expiry,SCREW;STERILE_SCREW_BRAND,,
00-00000856,3146-60350,Screw - 6/35,Chunli Hip,Ժամկետով ապրանքներ,հատ,BATCH_EXPIRY,LOW,NO,Chunli/Permedica/Just screw requires expiry,SCREW;STERILE_SCREW_BRAND,,
00-00000862,3111-02562,Revision Cementless Cage 46 B - 56L,Chunli Hip,Ժամկետով ապրանքներ,հատ,BATCH_EXPIRY,MEDIUM,NO,1C item_type says expiry-controlled and no non-sterile override matched,EXPIRY_ITEM_TYPE,,
00-00000855,3111-02642,Revision Cementless Cage 46 B - 64L,Chunli Hip,Ժամկետով ապրանքներ,հատ,BATCH_EXPIRY,MEDIUM,NO,1C item_type says expiry-controlled and no non-sterile override matched,EXPIRY_ITEM_TYPE,,
00-00000861,3111-12562,Revision Cementless Cage 46 B - 56R,Chunli Hip,Ժամկետով ապրանքներ,հատ,BATCH_EXPIRY,MEDIUM,NO,1C item_type says expiry-controlled and no non-sterile override matched,EXPIRY_ITEM_TYPE,,
00-00000860,3111-12642,Revision Cementless Cage 46 B - 64R,Chunli Hip,Ժամկետով ապրանքներ,հատ,BATCH_EXPIRY,MEDIUM,NO,1C item_type says expiry-controlled and no non-sterile override matched,EXPIRY_ITEM_TYPE,,
00-00000934,10010.1,CHUNLI Hip Instrument Set N1/1,CHUNLI,Հատ,հատ,REF_ONLY,HIGH,YES,Set/kit/instrument/tool is non-sterile; verify because item also looks expiry/sterile,NON_STERILE_TOOLING,,
00-00000935,10002.2,CHUNLI Hip Instrument Set N2/2,CHUNLI,Հատ,հատ,REF_ONLY,HIGH,YES,Set/kit/instrument/tool is non-sterile; verify because item also looks expiry/sterile,NON_STERILE_TOOLING,,
