"name","owner","creation","modified","modified_by","docstatus","idx","item_code","uom","packing_unit","item_name","price_list","buying","selling","currency","price_list_rate","valid_from","lead_time_days","doctype"
"12g4ap80nv","Administrator","2026-05-11 23:53:05.609565","2026-05-11 23:53:05.609565","Administrator","0","0","WDTO02103","Nos","0","Screwdriver Shalf, Ф3.0xФ2.6x52mm, cruciform, Hexagonal Coupling","Standard Selling","0","1","AMD","10000.0","2026-05-11","0","Item Price"
"12gjn8gdg3","Administrator","2026-05-11 23:53:05.674418","2026-05-11 23:53:05.674418","Administrator","0","0","PHI222DE-VSP","Nos","0","ViscoPhi 2.2% 2ml/44mg Intraarticular Gel Injection","Standard Selling","0","1","AMD","90000.0","2026-05-11","0","Item Price"
"12hdk9javv","Administrator","2026-05-11 23:53:05.724158","2026-05-11 23:53:05.724158","Administrator","0","0","PHI253DE-VSP","Nos","0","ViscoPhi 2.5% 3ml/75mg Intraarticular Gel Injection","Standard Selling","0","1","AMD","70000.0","2026-05-11","0","Item Price"
"12h5if2vj6","Administrator","2026-05-11 23:53:05.755257","2026-05-11 23:53:05.755257","Administrator","0","0","PHI254DE-VSPC","Nos","0","ViscoPhi 2.5% 4ml/100mg Intraarticular Gel Injection","Standard Selling","0","1","AMD","80000.0","2026-05-11","0","Item Price"
"12hsf0e2aj","Administrator","2026-05-11 23:53:05.779687","2026-05-11 23:53:05.779687","Administrator","0","0","PHI2548DE-VSP","Nos","0","ViscoPhi 2.5% 4.8ml/120mg Intraarticular Gel Injection","Standard Selling","0","1","AMD","90000.0","2026-05-11","0","Item Price"
"12isha8n5p","Administrator","2026-05-11 23:53:05.811034","2026-05-11 23:53:05.811034","Administrator","0","0","10010.6.2","Nos","0","CHUNLI Hip Instrument Set N6/2","Standard Selling","0","1","AMD","1.0","2026-05-11","0","Item Price"
"12ijii5d47","Administrator","2026-05-11 23:53:05.835635","2026-05-11 23:53:05.835635","Administrator","0","0","10010.6.1","Nos","0","CHUNLI Hip Instrument Set N6/1","Standard Selling","0","1","AMD","1.0","2026-05-11","0","Item Price"
"12iep761ii","Administrator","2026-05-11 23:53:05.859827","2026-05-11 23:53:05.859827","Administrator","0","0","10010.7.1","Nos","0","CHUNLI Hip Instrument Set N7/1","Standard Selling","0","1","AMD","1.0","2026-05-11","0","Item Price"
"12ib3ra0vu","Administrator","2026-05-11 23:53:05.894997","2026-05-11 23:53:05.894997","Administrator","0","0","10010.7.2","Nos","0","CHUNLI Hip Instrument Set N7/2","Standard Selling","0","1","AMD","1.0","2026-05-11","0","Item Price"
"12j1arijla","Administrator","2026-05-11 23:53:05.925186","2026-05-11 23:53:05.925186","Administrator","0","0","3150-28353.1","Nos","0","58Liner-PE - 28/35 44# (working with cup size of 40,42,44)","Standard Selling","0","1","AMD","1000.0","2026-05-11","0","Item Price"
"12jjdfduem","Administrator","2026-05-11 23:53:05.949601","2026-05-11 23:53:05.949601","Administrator","0","0","3150-28373.1","Nos","0","58Liner-PE - 28/37 46# (working with cup size of 46)","Standard Selling","0","1","AMD","1000.0","2026-05-11","0","Item Price"
"12j9liken6","Administrator","2026-05-11 23:53:05.992256","2026-05-11 23:53:05.992256","Administrator","0","0","3150-32393.1","Nos","0","58Liner-PE - 32/39 48# (working with cup size of 48,50)","Standard Selling","0","1","AMD","1000.0","2026-05-11","0","Item Price"
"12ksk58k55","Administrator","2026-05-11 23:53:06.027326","2026-05-11 23:53:06.027326","Administrator","0","0","3150-36443.1","Nos","0","58Liner-PE - 36/44 52# (working with cup size of 52,54)","Standard Selling","0","1","AMD","1000.0","2026-05-11","0","Item Price"
"12kjc2kgrl","Administrator","2026-05-11 23:53:06.056321","2026-05-11 23:53:06.056321","Administrator","0","0","3150-36483.1","Nos","0","58Liner-PE - 36/48 56# (working with cup size of 56,58,60)","Standard Selling","0","1","AMD","1000.0","2026-05-11","0","Item Price"
"12koda36ue","Administrator","2026-05-11 23:53:06.083532","2026-05-11 23:53:06.083532","Administrator","0","0","3150-36523.1","Nos","0","58Liner-PE - 36/52 62# (working with cup size of 62,64,66)","Standard Selling","0","1","AMD","40000.0","2026-05-11","0","Item Price"
"12lq705cp2","Administrator","2026-05-11 23:53:06.112422","2026-05-11 23:53:06.112422","Administrator","0","0","T040140G","Nos","0","GENTAFIX 1 with antibiotic","Standard Selling","0","1","AMD","25000.0","2026-05-11","0","Item Price"
"12lvd6qsoj","Administrator","2026-05-11 23:53:06.138901","2026-05-11 23:53:06.138901","Administrator","0","0","T040140","Nos","0","CEMFIX 1 without antibiotic","Standard Selling","0","1","AMD","23000.0","2026-05-11","0","Item Price"
"12le0rnlgt","Administrator","2026-05-11 23:53:06.170160","2026-05-11 23:53:06.170160","Administrator","0","0","T804405","Nos","0","Ceraform Granules 3x3x3mm 10cc","Standard Selling","0","1","AMD","80000.0","2026-05-11","0","Item Price"
"12mkgn8afl","Administrator","2026-05-11 23:53:06.200133","2026-05-11 23:53:06.200133","Administrator","0","0","4209.1140","Nos","0","Long PFNA right 11*400mm Ti","Standard Selling","0","1","AMD","1000.0","2026-05-11","0","Item Price"
"12mcmff55v","Administrator","2026-05-11 23:53:06.236081","2026-05-11 23:53:06.236081","Administrator","0","0","4114.3534","Nos","0","3.5mm Lockable Screw 3.5*34mm S.S","Standard Selling","0","1","AMD","1000.0","2026-05-11","0","Item Price"
"12mqqqa7g9","Administrator","2026-05-11 23:53:06.259042","2026-05-11 23:53:06.259042","Administrator","0","0","2201.3560","Nos","0","ZM Locking screw 3.5mm, 60mm Ti","Standard Selling","0","1","AMD","1000.0","2026-05-11","0","Item Price"
"12mq033m4k","Administrator","2026-05-11 23:53:06.291774","2026-05-11 23:53:06.291774","Administrator","0","0","2201.3570","Nos","0","ZM Locking screw 3.5mm, 70mm Ti","Standard Selling","0","1","AMD","1000.0","2026-05-11","0","Item Price"
"12ndee8799","Administrator","2026-05-11 23:53:06.338342","2026-05-11 23:53:06.338342","Administrator","0","0","1113.0306","Nos","0","LC‐DCP Femoral Plate 6h S.S","Standard Selling","0","1","AMD","1000.0","2026-05-11","0","Item Price"
"12ng322urk","Administrator","2026-05-11 23:53:06.378454","2026-05-11 23:53:06.378454","Administrator","0","0","1113.0212","Nos","0","LC‐DCP for Tibia plate 12h S.S","Standard Selling","0","1","AMD","1000.0","2026-05-11","0","Item Price"
"12oshcg4li","Administrator","2026-05-11 23:53:06.424025","2026-05-11 23:53:06.424025","Administrator","0","0","1113.0214","Nos","0","LC‐DCP for Tibia plate 14h S.S","Standard Selling","0","1","AMD","1000.0","2026-05-11","0","Item Price"
"12p7vinodb","Administrator","2026-05-11 23:53:06.503702","2026-05-11 23:53:06.503702","Administrator","0","0","30248.2.0.250","Nos","0","ZM K-wire, 2.0/250mm SS","Standard Selling","0","1","AMD","1000.0","2026-05-11","0","Item Price"
"12pesn6plt","Administrator","2026-05-11 23:53:06.579166","2026-05-11 23:53:06.579166","Administrator","0","0","54588E","Nos","0","GKS PRIME FLEX: PS UHMWPE Insert, Size 7-10 / B-C - 09mm E","Standard Selling","0","1","AMD","1000.0","2026-05-11","0","Item Price"
"12qmnicnd2","Administrator","2026-05-11 23:53:06.612493","2026-05-11 23:53:06.612493","Administrator","0","0","54589E","Nos","0","GKS PRIME FLEX: PS UHMWPE Insert, Size 7-10 / B-C - 11mm E","Standard Selling","0","1","AMD","1000.0","2026-05-11","0","Item Price"
"12qp62ir6b","Administrator","2026-05-11 23:53:06.641082","2026-05-11 23:53:06.641082","Administrator","0","0","3010051012","Nos","0","Proximal Medial Tibial T-Locking Plate 12 H Left","Standard Selling","0","1","AMD","1000.0","2026-05-11","0","Item Price"
"12q0k85ftp","Administrator","2026-05-11 23:53:06.670586","2026-05-11 23:53:06.670586","Administrator","0","0","3010052012","Nos","0","Proximal Medial Tibial T-Locking Plate 12 H Right","Standard Selling","0","1","AMD","1000.0","2026-05-11","0","Item Price"
"12ri6d0ohd","Administrator","2026-05-11 23:53:06.710631","2026-05-11 23:53:06.710631","Administrator","0","0","3010262013","Nos","0","Distal Lateral Tibial Locking Plate RIGHT 13holes","Standard Selling","0","1","AMD","1000.0","2026-05-11","0","Item Price"
"12rn1qo22o","Administrator","2026-05-11 23:53:06.739114","2026-05-11 23:53:06.739114","Administrator","0","0","3010460004","Nos","0","Proximal Humeral Locking Plate, 4 Holes","Standard Selling","0","1","AMD","1000.0","2026-05-11","0","Item Price"
"12rvq6u7b7","Administrator","2026-05-11 23:53:06.768570","2026-05-11 23:53:06.768570","Administrator","0","0","3010460005","Nos","0","Proximal Humeral Locking Plate, 5 Holes","Standard Selling","0","1","AMD","1000.0","2026-05-11","0","Item Price"
"12sltcaum8","Administrator","2026-05-11 23:53:06.806431","2026-05-11 23:53:06.806431","Administrator","0","0","3010460006","Nos","0","Proximal Humeral Locking Plate, 6 Holes","Standard Selling","0","1","AMD","1000.0","2026-05-11","0","Item Price"
"12scni00j7","Administrator","2026-05-11 23:53:06.833713","2026-05-11 23:53:06.833713","Administrator","0","0","3010460007","Nos","0","Proximal Humeral Locking Plate, 7 Holes","Standard Selling","0","1","AMD","1000.0","2026-05-11","0","Item Price"
"12s5nm4rkt","Administrator","2026-05-11 23:53:06.859412","2026-05-11 23:53:06.859412","Administrator","0","0","3010460008","Nos","0","Proximal Humeral Locking Plate, 8 Holes","Standard Selling","0","1","AMD","1000.0","2026-05-11","0","Item Price"
"12s0f18h64","Administrator","2026-05-11 23:53:06.885506","2026-05-11 23:53:06.885506","Administrator","0","0","3010460009","Nos","0","Proximal Humeral Locking Plate, 9 Holes","Standard Selling","0","1","AMD","1000.0","2026-05-11","0","Item Price"
"12tnh2tb1m","Administrator","2026-05-11 23:53:06.929095","2026-05-11 23:53:06.929095","Administrator","0","0","3010040007","Nos","0","Narrow Limited Contact Locking Plate, 7 Holes","Standard Selling","0","1","AMD","1000.0","2026-05-11","0","Item Price"
"12ttan3n67","Administrator","2026-05-11 23:53:06.961807","2026-05-11 23:53:06.961807","Administrator","0","0","3010040009","Nos","0","Narrow Limited Contact Locking Plate, 9 Holes","Standard Selling","0","1","AMD","1000.0","2026-05-11","0","Item Price"
"12uqu9juit","Administrator","2026-05-11 23:53:07.027650","2026-05-11 23:53:07.027650","Administrator","0","0","3010040011","Nos","0","Narrow Limited Contact Locking Plate, 11 Holes","Standard Selling","0","1","AMD","1000.0","2026-05-11","0","Item Price"
"12ufci90nq","Administrator","2026-05-11 23:53:07.077184","2026-05-11 23:53:07.077184","Administrator","0","0","3010040013","Nos","0","Narrow Limited Contact Locking Plate, 13 Holes","Standard Selling","0","1","AMD","1000.0","2026-05-11","0","Item Price"
"12vrjue6gd","Administrator","2026-05-11 23:53:07.130641","2026-05-11 23:53:07.130641","Administrator","0","0","3010040015","Nos","0","Narrow Limited Contact Locking Plate, 15 Holes","Standard Selling","0","1","AMD","1000.0","2026-05-11","0","Item Price"
"12vgspbm2u","Administrator","2026-05-11 23:53:07.160485","2026-05-11 23:53:07.160485","Administrator","0","0","3245070000","Nos","0","GSSⅢ Locking Nut(5.5/6.0mm system), Φ9.4mm","Standard Selling","0","1","AMD","1000.0","2026-05-11","0","Item Price"
"12vn38306t","Administrator","2026-05-11 23:53:07.193046","2026-05-11 23:53:07.193046","Administrator","0","0","3051010320","Nos","0","Distal Femoral Nail, Φ9×320mm","Standard Selling","0","1","AMD","1000.0","2026-05-11","0","Item Price"
"130fkuj40q","Administrator","2026-05-11 23:53:07.229868","2026-05-11 23:53:07.229868","Administrator","0","0","3051010340","Nos","0","Distal Femoral Nail, Φ9×340mm","Standard Selling","0","1","AMD","1000.0","2026-05-11","0","Item Price"
"13082bmgid","Administrator","2026-05-11 23:53:07.259222","2026-05-11 23:53:07.259222","Administrator","0","0","3051010360","Nos","0","Distal Femoral Nail, Φ9×360mm","Standard Selling","0","1","AMD","1000.0","2026-05-11","0","Item Price"
"131t4reqli","Administrator","2026-05-11 23:53:07.312162","2026-05-11 23:53:07.312162","Administrator","0","0","3051010380","Nos","0","Distal Femoral Nail, Φ9×380mm","Standard Selling","0","1","AMD","1000.0","2026-05-11","0","Item Price"
"131vua1831","Administrator","2026-05-11 23:53:07.379272","2026-05-11 23:53:07.379272","Administrator","0","0","3051010400","Nos","0","Distal Femoral Nail, Φ9×400mm","Standard Selling","0","1","AMD","1000.0","2026-05-11","0","Item Price"
"132s9ar0bs","Administrator","2026-05-11 23:53:07.419851","2026-05-11 23:53:07.419851","Administrator","0","0","3051020280","Nos","0","Distal Femoral Nail Φ10×280mm","Standard Selling","0","1","AMD","1000.0","2026-05-11","0","Item Price"
"13259imqm4","Administrator","2026-05-11 23:53:07.456872","2026-05-11 23:53:07.456872","Administrator","0","0","3051020300","Nos","0","Distal Femoral Nail Φ10×300mm","Standard Selling","0","1","AMD","1000.0","2026-05-11","0","Item Price"
"13392kj401","Administrator","2026-05-11 23:53:07.507555","2026-05-11 23:53:07.507555","Administrator","0","0","3051020320","Nos","0","Distal Femoral Nail, Φ10×320mm","Standard Selling","0","1","AMD","1000.0","2026-05-11","0","Item Price"
"1338ldkmue","Administrator","2026-05-11 23:53:07.538056","2026-05-11 23:53:07.538056","Administrator","0","0","3051020340","Nos","0","Distal Femoral Nail, Φ10×340mm","Standard Selling","0","1","AMD","1000.0","2026-05-11","0","Item Price"
"1331dh867t","Administrator","2026-05-11 23:53:07.561722","2026-05-11 23:53:07.561722","Administrator","0","0","3051020360","Nos","0","Distal Femoral Nail, Φ10×360mm","Standard Selling","0","1","AMD","1000.0","2026-05-11","0","Item Price"
"133152h3ra","Administrator","2026-05-11 23:53:07.585128","2026-05-11 23:53:07.585128","Administrator","0","0","3051020380","Nos","0","Distal Femoral Nail, Φ10×380mm","Standard Selling","0","1","AMD","1000.0","2026-05-11","0","Item Price"
"1342hpauuv","Administrator","2026-05-11 23:53:07.606564","2026-05-11 23:53:07.606564","Administrator","0","0","3051020400","Nos","0","Distal Femoral Nail, Φ10×400mm","Standard Selling","0","1","AMD","1000.0","2026-05-11","0","Item Price"
"134fjc0q44","Administrator","2026-05-11 23:53:07.633389","2026-05-11 23:53:07.633389","Administrator","0","0","3051030280","Nos","0","Distal Femoral Nail Φ11×280mm","Standard Selling","0","1","AMD","1000.0","2026-05-11","0","Item Price"
"1343ja7edr","Administrator","2026-05-11 23:53:07.657762","2026-05-11 23:53:07.657762","Administrator","0","0","3051030300","Nos","0","Distal Femoral Nail Φ11×300mm","Standard Selling","0","1","AMD","1000.0","2026-05-11","0","Item Price"
"134ffmiptj","Administrator","2026-05-11 23:53:07.681933","2026-05-11 23:53:07.681933","Administrator","0","0","3051030320","Nos","0","Distal Femoral Nail, Φ11×320mm","Standard Selling","0","1","AMD","1000.0","2026-05-11","0","Item Price"
"135qaoupto","Administrator","2026-05-11 23:53:07.703897","2026-05-11 23:53:07.703897","Administrator","0","0","3051030340","Nos","0","Distal Femoral Nail, Φ11×340mm","Standard Selling","0","1","AMD","1000.0","2026-05-11","0","Item Price"
"135hmqiibs","Administrator","2026-05-11 23:53:07.729275","2026-05-11 23:53:07.729275","Administrator","0","0","3051030360","Nos","0","Distal Femoral Nail, Φ11×360mm","Standard Selling","0","1","AMD","1000.0","2026-05-11","0","Item Price"
"135qngfo9s","Administrator","2026-05-11 23:53:07.758855","2026-05-11 23:53:07.758855","Administrator","0","0","3051030380","Nos","0","Distal Femoral Nail, Φ11×380mm","Standard Selling","0","1","AMD","1000.0","2026-05-11","0","Item Price"
"135alluvli","Administrator","2026-05-11 23:53:07.796157","2026-05-11 23:53:07.796157","Administrator","0","0","3051030400","Nos","0","Distal Femoral Nail, Φ11×400mm","Standard Selling","0","1","AMD","1000.0","2026-05-11","0","Item Price"
"136a674sb8","Administrator","2026-05-11 23:53:07.823312","2026-05-11 23:53:07.823312","Administrator","0","0","3051060050","Nos","0","Spiral Blade for Distal Femoral Nail, Φ12.5×50mm","Standard Selling","0","1","AMD","1000.0","2026-05-11","0","Item Price"
"136hssrgta","Administrator","2026-05-11 23:53:07.843052","2026-05-11 23:53:07.843052","Administrator","0","0","3051060055","Nos","0","Spiral Blade for Distal Femoral Nail, Φ12.5×55mm","Standard Selling","0","1","AMD","1000.0","2026-05-11","0","Item Price"
"136ql22dlm","Administrator","2026-05-11 23:53:07.869914","2026-05-11 23:53:07.869914","Administrator","0","0","3051060060","Nos","0","Spiral Blade for Distal Femoral Nail, Φ12.5×60mm","Standard Selling","0","1","AMD","1000.0","2026-05-11","0","Item Price"
"136a9g100j","Administrator","2026-05-11 23:53:07.893574","2026-05-11 23:53:07.893574","Administrator","0","0","3051060065","Nos","0","Spiral Blade for Distal Femoral Nail, Φ12.5×65mm","Standard Selling","0","1","AMD","1000.0","2026-05-11","0","Item Price"
"1373pqafkg","Administrator","2026-05-11 23:53:07.919134","2026-05-11 23:53:07.919134","Administrator","0","0","3051060070","Nos","0","Spiral Blade for Distal Femoral Nail, Φ12.5×70mm","Standard Selling","0","1","AMD","1000.0","2026-05-11","0","Item Price"
"137cqs1aad","Administrator","2026-05-11 23:53:07.953448","2026-05-11 23:53:07.953448","Administrator","0","0","3051060075","Nos","0","Spiral Blade for Distal Femoral Nail, Φ12.5×75mm","Standard Selling","0","1","AMD","1000.0","2026-05-11","0","Item Price"
"137v18p38t","Administrator","2026-05-11 23:53:07.980610","2026-05-11 23:53:07.980610","Administrator","0","0","3051060080","Nos","0","Spiral Blade for Distal Femoral Nail, Φ12.5×80mm","Standard Selling","0","1","AMD","1000.0","2026-05-11","0","Item Price"
"1382vujbvt","Administrator","2026-05-11 23:53:08.010055","2026-05-11 23:53:08.010055","Administrator","0","0","3051060085","Nos","0","Spiral Blade for Distal Femoral Nail, Φ12.5×85mm","Standard Selling","0","1","AMD","1000.0","2026-05-11","0","Item Price"
"138c2abo60","Administrator","2026-05-11 23:53:08.041479","2026-05-11 23:53:08.041479","Administrator","0","0","3051060090","Nos","0","Spiral Blade for Distal Femoral Nail, Φ12.5×90mm","Standard Selling","0","1","AMD","1000.0","2026-05-11","0","Item Price"
"1381rmduet","Administrator","2026-05-11 23:53:08.068011","2026-05-11 23:53:08.068011","Administrator","0","0","3051050040","Nos","0","6.0mm Locking Screw for Distal Femoral Nail, 40mm","Standard Selling","0","1","AMD","1000.0","2026-05-11","0","Item Price"
"139fkqo7vf","Administrator","2026-05-11 23:53:08.098995","2026-05-11 23:53:08.098995","Administrator","0","0","3051050045","Nos","0","6.0mm Locking Screw for Distal Femoral Nail, 45mm","Standard Selling","0","1","AMD","1000.0","2026-05-11","0","Item Price"
"13956aq99m","Administrator","2026-05-11 23:53:08.127084","2026-05-11 23:53:08.127084","Administrator","0","0","3051050050","Nos","0","6.0mm Locking Screw for Distal Femoral Nail, 50mm","Standard Selling","0","1","AMD","1000.0","2026-05-11","0","Item Price"
"139q8eu5iq","Administrator","2026-05-11 23:53:08.150833","2026-05-11 23:53:08.150833","Administrator","0","0","3051050055","Nos","0","6.0mm Locking Screw for Distal Femoral Nail, 55mm","Standard Selling","0","1","AMD","1000.0","2026-05-11","0","Item Price"
"1395ja33hg","Administrator","2026-05-11 23:53:08.178466","2026-05-11 23:53:08.178466","Administrator","0","0","3051050060","Nos","0","6.0mm Locking Screw for Distal Femoral Nail, 60mm","Standard Selling","0","1","AMD","1000.0","2026-05-11","0","Item Price"
"13a9e9eqe8","Administrator","2026-05-11 23:53:08.202717","2026-05-11 23:53:08.202717","Administrator","0","0","3051050065","Nos","0","6.0mm Locking Screw for Distal Femoral Nail, 65mm","Standard Selling","0","1","AMD","1000.0","2026-05-11","0","Item Price"
"13ase8r6sd","Administrator","2026-05-11 23:53:08.234754","2026-05-11 23:53:08.234754","Administrator","0","0","3051050070","Nos","0","6.0mm Locking Screw for Distal Femoral Nail, 70mm","Standard Selling","0","1","AMD","1000.0","2026-05-11","0","Item Price"
"13ao8nfa2p","Administrator","2026-05-11 23:53:08.261700","2026-05-11 23:53:08.261700","Administrator","0","0","3051050075","Nos","0","6.0mm Locking Screw for Distal Femoral Nail, 75mm","Standard Selling","0","1","AMD","1000.0","2026-05-11","0","Item Price"
"13auv1kotg","Administrator","2026-05-11 23:53:08.290161","2026-05-11 23:53:08.290161","Administrator","0","0","3051050080","Nos","0","6.0mm Locking Screw for Distal Femoral Nail, 80mm","Standard Selling","0","1","AMD","1000.0","2026-05-11","0","Item Price"
"13b8cb2hge","Administrator","2026-05-11 23:53:08.317067","2026-05-11 23:53:08.317067","Administrator","0","0","3051050085","Nos","0","6.0mm Locking Screw for Distal Femoral Nail, 85mm","Standard Selling","0","1","AMD","1000.0","2026-05-11","0","Item Price"
"13b0ihl4ae","Administrator","2026-05-11 23:53:08.345670","2026-05-11 23:53:08.345670","Administrator","0","0","3051050090","Nos","0","6.0mm Locking Screw for Distal Femoral Nail, 90mm","Standard Selling","0","1","AMD","1000.0","2026-05-11","0","Item Price"
"13bsvgrvgc","Administrator","2026-05-11 23:53:08.371834","2026-05-11 23:53:08.371834","Administrator","0","0","3051070000","Nos","0","End Cap for Distal Femoral Nail","Standard Selling","0","1","AMD","1000.0","2026-05-11","0","Item Price"
"13ca40724f","Administrator","2026-05-11 23:53:08.410869","2026-05-11 23:53:08.410869","Administrator","0","0","3051070001","Nos","0","End Cap for Distal Femoral Nail, long","Standard Selling","0","1","AMD","1000.0","2026-05-11","0","Item Price"
"13cq6a0ovg","Administrator","2026-05-11 23:53:08.458986","2026-05-11 23:53:08.458986","Administrator","0","0","3050520240","Nos","0","Suprapatellar Tibial Nail, Φ10×240mm","Standard Selling","0","1","AMD","1000.0","2026-05-11","0","Item Price"
"13d7quik7g","Administrator","2026-05-11 23:53:08.497835","2026-05-11 23:53:08.497835","Administrator","0","0","4804200001","Nos","0","Distal Femoral Nail Instrument Set","Standard Selling","0","1","AMD","1000.0","2026-05-11","0","Item Price"
"13dr278kek","Administrator","2026-05-11 23:53:08.545877","2026-05-11 23:53:08.545877","Administrator","0","0","4702000400","Nos","0","Specific instruments for  GSSⅢ Polyaxial Reduction Screw","Standard Selling","0","1","AMD","1000.0","2026-05-11","0","Item Price"
"13der3m8ms","Administrator","2026-05-11 23:53:08.569505","2026-05-11 23:53:08.569505","Administrator","0","0","4702000300","Nos","0","GSSⅢ Reduction Forceps with Knob, 5.5/6.0","Standard Selling","0","1","AMD","1000.0","2026-05-11","0","Item Price"
"13d5gtu6o2","Administrator","2026-05-11 23:53:08.593695","2026-05-11 23:53:08.593695","Administrator","0","0","4701200900","Nos","0","Screwdriver for GSS Ⅲ Locking Nut","Standard Selling","0","1","AMD","1000.0","2026-05-11","0","Item Price"
"13eihljdu1","Administrator","2026-05-11 23:53:08.617727","2026-05-11 23:53:08.617727","Administrator","0","0","4701200600","Nos","0","Screwdriver for GSSⅢ Polyaxial Reduction Screw","Standard Selling","0","1","AMD","1000.0","2026-05-11","0","Item Price"
"13elqqjq5j","Administrator","2026-05-11 23:53:08.645958","2026-05-11 23:53:08.645958","Administrator","0","0","3010261015","Nos","0","Distal Lateral Tibial Locking Plate, left, 15 Holes","Standard Selling","0","1","AMD","1000.0","2026-05-11","0","Item Price"
"13eajn2qcv","Administrator","2026-05-11 23:53:08.671122","2026-05-11 23:53:08.671122","Administrator","0","0","3010262015","Nos","0","Distal Lateral Tibial Locking Plate, right, 15 Holes","Standard Selling","0","1","AMD","1000.0","2026-05-11","0","Item Price"
"13ebfmsptt","Administrator","2026-05-11 23:53:08.691045","2026-05-11 23:53:08.691045","Administrator","0","0","3245094031","Nos","0","GSSⅢ Polyaxial Reduction Screw,φ4.0×31mm(5.5 system)","Standard Selling","0","1","AMD","1000.0","2026-05-11","0","Item Price"
"13f4e8gbud","Administrator","2026-05-11 23:53:08.718990","2026-05-11 23:53:08.718990","Administrator","0","0","3245094531","Nos","0","GSSⅢ Polyaxial Reduction Screw,φ4.5×31mm(5.5 system)","Standard Selling","0","1","AMD","1000.0","2026-05-11","0","Item Price"
"13fm3srmvv","Administrator","2026-05-11 23:53:08.745857","2026-05-11 23:53:08.745857","Administrator","0","0","3245095031","Nos","0","GSSⅢ Polyaxial Reduction Screw,φ5.0×31mm(5.5 system)","Standard Selling","0","1","AMD","1000.0","2026-05-11","0","Item Price"
"13fogu58jr","Administrator","2026-05-11 23:53:08.769949","2026-05-11 23:53:08.769949","Administrator","0","0","3245095041","Nos","0","GSSⅢ Polyaxial Reduction Screw,φ5.0×41mm(5.5 system)","Standard Selling","0","1","AMD","1000.0","2026-05-11","0","Item Price"
"13f3g9qc77","Administrator","2026-05-11 23:53:08.793843","2026-05-11 23:53:08.793843","Administrator","0","0","3245095541","Nos","0","GSSⅢ Polyaxial Reduction Screw,φ5.5×41mm(5.5 system)","Standard Selling","0","1","AMD","1000.0","2026-05-11","0","Item Price"
"13grsi2end","Administrator","2026-05-11 23:53:08.822091","2026-05-11 23:53:08.822091","Administrator","0","0","3245095546","Nos","0","GSSⅢ Polyaxial Reduction Screw,φ5.5×46mm(5.5 system)","Standard Selling","0","1","AMD","1000.0","2026-05-11","0","Item Price"
"13ghruiv6k","Administrator","2026-05-11 23:53:08.841838","2026-05-11 23:53:08.841838","Administrator","0","0","3245095551","Nos","0","GSSⅢ Polyaxial Reduction Screw,φ5.5×51mm(5.5 system)","Standard Selling","0","1","AMD","1000.0","2026-05-11","0","Item Price"
"13griefj42","Administrator","2026-05-11 23:53:08.871110","2026-05-11 23:53:08.871110","Administrator","0","0","3245096541","Nos","0","GSSⅢ Polyaxial Reduction Screw,φ6.5×41mm(5.5 system)","Standard Selling","0","1","AMD","1000.0","2026-05-11","0","Item Price"
"13g44r4ird","Administrator","2026-05-11 23:53:08.896396","2026-05-11 23:53:08.896396","Administrator","0","0","3245096546","Nos","0","GSSⅢ Polyaxial Reduction Screw,φ6.5×46mm(5.5 system)","Standard Selling","0","1","AMD","1000.0","2026-05-11","0","Item Price"
"13hpaifton","Administrator","2026-05-11 23:53:08.923080","2026-05-11 23:53:08.923080","Administrator","0","0","3245096551","Nos","0","GSSⅢ Polyaxial Reduction Screw,φ6.5×51mm(5.5 system)","Standard Selling","0","1","AMD","1000.0","2026-05-11","0","Item Price"
"13hrbr7nd3","Administrator","2026-05-11 23:53:08.953858","2026-05-11 23:53:08.953858","Administrator","0","0","3245097046","Nos","0","GSSⅢ Polyaxial Reduction Screw,φ7.0×46mm(5.5 system)","Standard Selling","0","1","AMD","1000.0","2026-05-11","0","Item Price"
"13hn78ngdd","Administrator","2026-05-11 23:53:08.982258","2026-05-11 23:53:08.982258","Administrator","0","0","3245097051","Nos","0","GSSⅢ Polyaxial Reduction Screw,φ7.0×51mm(5.5 system)","Standard Selling","0","1","AMD","1000.0","2026-05-11","0","Item Price"
"13id00pfqt","Administrator","2026-05-11 23:53:09.021167","2026-05-11 23:53:09.021167","Administrator","0","0","3051010280","Nos","0","Distal Femoral Nail, long φ9×280mm","Standard Selling","0","1","AMD","1000.0","2026-05-11","0","Item Price"
"13i3h4om4c","Administrator","2026-05-11 23:53:09.054416","2026-05-11 23:53:09.054416","Administrator","0","0","3051010300","Nos","0","Distal Femoral Nail, long φ9×300mm","Standard Selling","0","1","AMD","1000.0","2026-05-11","0","Item Price"
"13iev0jt4q","Administrator","2026-05-11 23:53:09.095569","2026-05-11 23:53:09.095569","Administrator","0","0","3051060040","Nos","0","Spiral Blade for Distal Femoral Nail φ12.5×40mm","Standard Selling","0","1","AMD","1000.0","2026-05-11","0","Item Price"
"13jqdjq31v","Administrator","2026-05-11 23:53:09.139079","2026-05-11 23:53:09.139079","Administrator","0","0","3051060045","Nos","0","Spiral Blade for Distal Femoral Nail φ12.5×45mm","Standard Selling","0","1","AMD","1000.0","2026-05-11","0","Item Price"
"13j0602md6","Administrator","2026-05-11 23:53:09.171587","2026-05-11 23:53:09.171587","Administrator","0","0","3051050035","Nos","0","6.0mm Locking Screw for Distal Femoral Nail, φ6.0×35mm","Standard Selling","0","1","AMD","1000.0","2026-05-11","0","Item Price"
"13ksgdp2fn","Administrator","2026-05-11 23:53:09.202885","2026-05-11 23:53:09.202885","Administrator","0","0","4803201200","Nos","0","SP Connecting Screw","Standard Selling","0","1","AMD","1000.0","2026-05-11","0","Item Price"
"13kbg1cmrk","Administrator","2026-05-11 23:53:09.236039","2026-05-11 23:53:09.236039","Administrator","0","0","BO.155.07.S","Nos","0","SMALL COMPRESSION LOCKING PLATE 3.5MM S.S. 7H","Standard Selling","0","1","AMD","1000.0","2026-05-11","0","Item Price"
"13k0cba334","Administrator","2026-05-11 23:53:09.262011","2026-05-11 23:53:09.262011","Administrator","0","0","BO.155.09.S","Nos","0","SMALL COMPRESSION LOCKING PLATE 3.5MM S.S. 9H","Standard Selling","0","1","AMD","1000.0","2026-05-11","0","Item Price"
"13kq13qqqd","Administrator","2026-05-11 23:53:09.287633","2026-05-11 23:53:09.287633","Administrator","0","0","BO.155.11.S","Nos","0","SMALL COMPRESSION LOCKING PLATE 3.5MM S.S. 11H","Standard Selling","0","1","AMD","1000.0","2026-05-11","0","Item Price"
"13lir9a868","Administrator","2026-05-11 23:53:09.316907","2026-05-11 23:53:09.316907","Administrator","0","0","BO.155.12.S","Nos","0","SMALL COMPRESSION LOCKING PLATE 3.5MM S.S. 12H","Standard Selling","0","1","AMD","1000.0","2026-05-11","0","Item Price"
"13lkg9toj1","Administrator","2026-05-11 23:53:09.348747","2026-05-11 23:53:09.348747","Administrator","0","0","BO.155.07.T","Nos","0","SMALL COMPRESSION LOCKING PLATE 3.5MM Ti 7H","Standard Selling","0","1","AMD","1000.0","2026-05-11","0","Item Price"
"13l0e0i66g","Administrator","2026-05-11 23:53:09.380871","2026-05-11 23:53:09.380871","Administrator","0","0","BO.155.09.T","Nos","0","SMALL COMPRESSION LOCKING PLATE 3.5MM Ti 9H","Standard Selling","0","1","AMD","1000.0","2026-05-11","0","Item Price"
"13m47b96ch","Administrator","2026-05-11 23:53:09.405831","2026-05-11 23:53:09.405831","Administrator","0","0","BO.155.11.T","Nos","0","SMALL COMPRESSION LOCKING PLATE 3.5MM Ti 11H","Standard Selling","0","1","AMD","1000.0","2026-05-11","0","Item Price"
"13mjbvtdfi","Administrator","2026-05-11 23:53:09.447771","2026-05-11 23:53:09.447771","Administrator","0","0","BO.155.12.T","Nos","0","SMALL COMPRESSION LOCKING PLATE 3.5MM Ti 12H","Standard Selling","0","1","AMD","1000.0","2026-05-11","0","Item Price"
"13md30o37m","Administrator","2026-05-11 23:53:09.492251","2026-05-11 23:53:09.492251","Administrator","0","0","BO.9941.L.4.S","Nos","0","Extra-Aarticular Distal Humerus Locking Plate 4h L S.S.","Standard Selling","0","1","AMD","1000.0","2026-05-11","0","Item Price"
"13nf7mcs30","Administrator","2026-05-11 23:53:09.517814","2026-05-11 23:53:09.517814","Administrator","0","0","BO.9941.R.4.S","Nos","0","Extra-Aarticular Distal Humerus Locking Plate 4h R S.S.","Standard Selling","0","1","AMD","1000.0","2026-05-11","0","Item Price"
"13nvfhi5r9","Administrator","2026-05-11 23:53:09.544659","2026-05-11 23:53:09.544659","Administrator","0","0","BO.9941.L.6.S","Nos","0","Extra-Aarticular Distal Humerus Locking Plate 6h L S.S.","Standard Selling","0","1","AMD","1000.0","2026-05-11","0","Item Price"
"13n9j84mks","Administrator","2026-05-11 23:53:09.563833","2026-05-11 23:53:09.563833","Administrator","0","0","BO.9941.R.6.S","Nos","0","Extra-Aarticular Distal Humerus Locking Plate 6h R S.S.","Standard Selling","0","1","AMD","1000.0","2026-05-11","0","Item Price"
"13n5mevqk1","Administrator","2026-05-11 23:53:09.595066","2026-05-11 23:53:09.595066","Administrator","0","0","BO.9941.L.8.S","Nos","0","Extra-Aarticular Distal Humerus Locking Plate 8h L S.S.","Standard Selling","0","1","AMD","1000.0","2026-05-11","0","Item Price"
"13oj9mb062","Administrator","2026-05-11 23:53:09.626758","2026-05-11 23:53:09.626758","Administrator","0","0","BO.9941.R.8.S","Nos","0","Extra-Aarticular Distal Humerus Locking Plate 8h R S.S.","Standard Selling","0","1","AMD","1000.0","2026-05-11","0","Item Price"
"13oap4lt90","Administrator","2026-05-11 23:53:09.651307","2026-05-11 23:53:09.651307","Administrator","0","0","BO.9941.L.10.S","Nos","0","Extra-Aarticular Distal Humerus Locking Plate 10h L S.S.","Standard Selling","0","1","AMD","1000.0","2026-05-11","0","Item Price"
"13ool2e8ff","Administrator","2026-05-11 23:53:09.673973","2026-05-11 23:53:09.673973","Administrator","0","0","BO.9941.R.10.S","Nos","0","Extra-Aarticular Distal Humerus Locking Plate 10h R S.S.","Standard Selling","0","1","AMD","1000.0","2026-05-11","0","Item Price"
"13p020721e","Administrator","2026-05-11 23:53:09.710002","2026-05-11 23:53:09.710002","Administrator","0","0","BO.9941.L.12.S","Nos","0","Extra-Aarticular Distal Humerus Locking Plate 12h L S.S.","Standard Selling","0","1","AMD","1000.0","2026-05-11","0","Item Price"
"13ptkbukge","Administrator","2026-05-11 23:53:09.752595","2026-05-11 23:53:09.752595","Administrator","0","0","BO.9941.R.12.S","Nos","0","Extra-Aarticular Distal Humerus Locking Plate 12h R S.S.","Standard Selling","0","1","AMD","1000.0","2026-05-11","0","Item Price"
"13pt4vausu","Administrator","2026-05-11 23:53:09.787970","2026-05-11 23:53:09.787970","Administrator","0","0","BO.9941.L.14.S","Nos","0","Extra-Aarticular Distal Humerus Locking Plate 14h L S.S.","Standard Selling","0","1","AMD","1000.0","2026-05-11","0","Item Price"
"13qb28i715","Administrator","2026-05-11 23:53:09.819613","2026-05-11 23:53:09.819613","Administrator","0","0","BO.9941.R.14.S","Nos","0","Extra-Aarticular Distal Humerus Locking Plate 14h R S.S.","Standard Selling","0","1","AMD","1000.0","2026-05-11","0","Item Price"
"13q1a0mfca","Administrator","2026-05-11 23:53:09.854537","2026-05-11 23:53:09.854537","Administrator","0","0","BO.9907.R.3.S","Nos","0","Distal Humerus With Lateral Support LCP (2.7mm&3.5mm) 3h R SS ","Standard Selling","0","1","AMD","1000.0","2026-05-11","0","Item Price"
"13q8v03n0k","Administrator","2026-05-11 23:53:09.882984","2026-05-11 23:53:09.882984","Administrator","0","0","BO.9907.L.3.S","Nos","0","Distal Humerus With Lateral Support LCP (2.7mm&3.5mm) 3h L SS","Standard Selling","0","1","AMD","1000.0","2026-05-11","0","Item Price"
"13rae14phg","Administrator","2026-05-11 23:53:09.905756","2026-05-11 23:53:09.905756","Administrator","0","0","BO.9907.R.5.S","Nos","0","Distal Humerus With Lateral Support LCP (2.7mm&3.5mm) 5h R SS","Standard Selling","0","1","AMD","1000.0","2026-05-11","0","Item Price"
"13rpu5ods3","Administrator","2026-05-11 23:53:09.926638","2026-05-11 23:53:09.926638","Administrator","0","0","BO.9907.L.5.S","Nos","0","Distal Humerus With Lateral Support LCP (2.7mm&3.5mm) 5h L SS","Standard Selling","0","1","AMD","1000.0","2026-05-11","0","Item Price"
"13rs08k7lp","Administrator","2026-05-11 23:53:09.947534","2026-05-11 23:53:09.947534","Administrator","0","0","BO.9907.R.7.S","Nos","0","Distal Humerus With Lateral Support LCP (2.7mm&3.5mm) 7h R SS","Standard Selling","0","1","AMD","1000.0","2026-05-11","0","Item Price"
"13rdcp0j96","Administrator","2026-05-11 23:53:09.964428","2026-05-11 23:53:09.964428","Administrator","0","0","BO.9907.L.7.S","Nos","0","Distal Humerus With Lateral Support LCP (2.7mm&3.5mm) 7h L SS","Standard Selling","0","1","AMD","1000.0","2026-05-11","0","Item Price"
"13rf2o9rn7","Administrator","2026-05-11 23:53:09.986984","2026-05-11 23:53:09.986984","Administrator","0","0","BO.9907.R.11.S","Nos","0","Distal Humerus With Lateral Support LCP (2.7mm&3.5mm) 11h R SS","Standard Selling","0","1","AMD","1000.0","2026-05-11","0","Item Price"
"13shn6q60b","Administrator","2026-05-11 23:53:10.010617","2026-05-11 23:53:10.010617","Administrator","0","0","BO.9907.L.11.S","Nos","0","Distal Humerus With Lateral Support LCP (2.7mm&3.5mm) 11h L SS","Standard Selling","0","1","AMD","1000.0","2026-05-11","0","Item Price"
"13s5822gd3","Administrator","2026-05-11 23:53:10.036276","2026-05-11 23:53:10.036276","Administrator","0","0","BO.9907.R.13.S","Nos","0","Distal Humerus With Lateral Support LCP (2.7mm&3.5mm) 13h R SS","Standard Selling","0","1","AMD","1000.0","2026-05-11","0","Item Price"
"13su5gfjp2","Administrator","2026-05-11 23:53:10.060969","2026-05-11 23:53:10.060969","Administrator","0","0","BO.9907.L.13.S","Nos","0","Distal Humerus With Lateral Support LCP (2.7mm&3.5mm) 13h L SS","Standard Selling","0","1","AMD","1000.0","2026-05-11","0","Item Price"
"13ss81bfjh","Administrator","2026-05-11 23:53:10.084871","2026-05-11 23:53:10.084871","Administrator","0","0","BO.9908.L.3.S","Nos","0","Medial Distal Humerus LCP (2.7mm&3.5mm) 3h L SS","Standard Selling","0","1","AMD","1000.0","2026-05-11","0","Item Price"
"13t5qp0l3p","Administrator","2026-05-11 23:53:10.107900","2026-05-11 23:53:10.107900","Administrator","0","0","BO.9908.R.3.S","Nos","0","Medial Distal Humerus LCP (2.7mm&3.5mm) 3h R SS","Standard Selling","0","1","AMD","1000.0","2026-05-11","0","Item Price"
"13tbmstv1b","Administrator","2026-05-11 23:53:10.134684","2026-05-11 23:53:10.134684","Administrator","0","0","BO.9908.L.5.S","Nos","0","Medial Distal Humerus LCP (2.7mm&3.5mm) 5h L SS","Standard Selling","0","1","AMD","1000.0","2026-05-11","0","Item Price"
"13td984s3n","Administrator","2026-05-11 23:53:10.162139","2026-05-11 23:53:10.162139","Administrator","0","0","BO.9908.R.5.S","Nos","0","Medial Distal Humerus LCP (2.7mm&3.5mm) 5h R SS","Standard Selling","0","1","AMD","1000.0","2026-05-11","0","Item Price"
"13un279j39","Administrator","2026-05-11 23:53:10.211007","2026-05-11 23:53:10.211007","Administrator","0","0","BO.9908.L.7.S","Nos","0","Medial Distal Humerus LCP (2.7mm&3.5mm) 7h L SS","Standard Selling","0","1","AMD","1000.0","2026-05-11","0","Item Price"
"13ugctb264","Administrator","2026-05-11 23:53:10.251569","2026-05-11 23:53:10.251569","Administrator","0","0","BO.9908.R.7.S","Nos","0","Medial Distal Humerus LCP (2.7mm&3.5mm) 7h R SS","Standard Selling","0","1","AMD","1000.0","2026-05-11","0","Item Price"
"13ulf70en6","Administrator","2026-05-11 23:53:10.277680","2026-05-11 23:53:10.277680","Administrator","0","0","BO.9908.L.9.S","Nos","0","Medial Distal Humerus LCP (2.7mm&3.5mm) 9h L SS","Standard Selling","0","1","AMD","1000.0","2026-05-11","0","Item Price"
"13v9s27jer","Administrator","2026-05-11 23:53:10.306608","2026-05-11 23:53:10.306608","Administrator","0","0","BO.9908.R.9.S","Nos","0","Medial Distal Humerus LCP (2.7mm&3.5mm) 9h R SS","Standard Selling","0","1","AMD","1000.0","2026-05-11","0","Item Price"
"13v74bp8ng","Administrator","2026-05-11 23:53:10.338280","2026-05-11 23:53:10.338280","Administrator","0","0","BO.9908.L.11.S","Nos","0","Medial Distal Humerus LCP (2.7mm&3.5mm) 11h L SS","Standard Selling","0","1","AMD","1000.0","2026-05-11","0","Item Price"
"13vk18530t","Administrator","2026-05-11 23:53:10.360118","2026-05-11 23:53:10.360118","Administrator","0","0","BO.9908.R.11.S","Nos","0","Medial Distal Humerus LCP (2.7mm&3.5mm) 11h R SS","Standard Selling","0","1","AMD","1000.0","2026-05-11","0","Item Price"
"13vgppj3c7","Administrator","2026-05-11 23:53:10.380757","2026-05-11 23:53:10.380757","Administrator","0","0","BO.9908.L.13.S","Nos","0","Medial Distal Humerus LCP (2.7mm&3.5mm) 13h L SS","Standard Selling","0","1","AMD","1000.0","2026-05-11","0","Item Price"
"1406g6b2rb","Administrator","2026-05-11 23:53:10.408708","2026-05-11 23:53:10.408708","Administrator","0","0","BO.9908.R.13.S","Nos","0","Medial Distal Humerus LCP (2.7mm&3.5mm) 13h R SS","Standard Selling","0","1","AMD","1000.0","2026-05-11","0","Item Price"
"14036md3gg","Administrator","2026-05-11 23:53:10.437001","2026-05-11 23:53:10.437001","Administrator","0","0","BO.509.R.4.R.S","Nos","0","OLECRANON LOCKING PLATE 3.5MM 4H RIGHT S.S. 4H","Standard Selling","0","1","AMD","1000.0","2026-05-11","0","Item Price"
"140el7kunt","Administrator","2026-05-11 23:53:10.459957","2026-05-11 23:53:10.459957","Administrator","0","0","BO.509.R.6.R.S","Nos","0","OLECRANON LOCKING PLATE 3.5MM 6H RIGHT S.S. 6H","Standard Selling","0","1","AMD","1000.0","2026-05-11","0","Item Price"
"140blftagn","Administrator","2026-05-11 23:53:10.490610","2026-05-11 23:53:10.490610","Administrator","0","0","BO.509.R.8.R.S","Nos","0","OLECRANON LOCKING PLATE 3.5MM 6H RIGHT S.S. 8H","Standard Selling","0","1","AMD","1000.0","2026-05-11","0","Item Price"
"141rn5v4g3","Administrator","2026-05-11 23:53:10.513624","2026-05-11 23:53:10.513624","Administrator","0","0","BO.509.R.4.L.S","Nos","0","OLECRANON LOCKING PLATE 3.5MM 4H LEFT S.S. 4H","Standard Selling","0","1","AMD","1000.0","2026-05-11","0","Item Price"
"141705ohf1","Administrator","2026-05-11 23:53:10.535032","2026-05-11 23:53:10.535032","Administrator","0","0","BO.509.R.6.L.S","Nos","0","OLECRANON LOCKING PLATE 3.5MM 6H LEFT S.S. 6H","Standard Selling","0","1","AMD","1000.0","2026-05-11","0","Item Price"
"141p8djsue","Administrator","2026-05-11 23:53:10.555163","2026-05-11 23:53:10.555163","Administrator","0","0","BO.509.R.8.L.S","Nos","0","OLECRANON LOCKING PLATE 3.5MM 6H LEFT S.S. 8H","Standard Selling","0","1","AMD","1000.0","2026-05-11","0","Item Price"
"141um038cu","Administrator","2026-05-11 23:53:10.576093","2026-05-11 23:53:10.576093","Administrator","0","0","BO.9946.2.R.S","Nos","0","Two-columa distal Radius plate, S.S. 2H Right","Standard Selling","0","1","AMD","1000.0","2026-05-11","0","Item Price"
"141ov4pn87","Administrator","2026-05-11 23:53:10.596530","2026-05-11 23:53:10.596530","Administrator","0","0","BO.9946.3.R.S","Nos","0","Two-columa distal Radius plate, S.S. 3H Right","Standard Selling","0","1","AMD","1000.0","2026-05-11","0","Item Price"
"142o7fv4ln","Administrator","2026-05-11 23:53:10.617892","2026-05-11 23:53:10.617892","Administrator","0","0","BO.9946.4.R.S","Nos","0","Two-columa distal Radius plate, S.S. 4H Right","Standard Selling","0","1","AMD","1000.0","2026-05-11","0","Item Price"
"142tioh56j","Administrator","2026-05-11 23:53:10.638941","2026-05-11 23:53:10.638941","Administrator","0","0","BO.9946.6.R.S","Nos","0","Two-columa distal Radius plate, S.S. 6H Right","Standard Selling","0","1","AMD","1000.0","2026-05-11","0","Item Price"
"142k1u070r","Administrator","2026-05-11 23:53:10.655121","2026-05-11 23:53:10.655121","Administrator","0","0","BO.9946.8.R.S","Nos","0","Two-columa distal Radius plate, S.S. 8H Right","Standard Selling","0","1","AMD","1000.0","2026-05-11","0","Item Price"
"142q72mjpc","Administrator","2026-05-11 23:53:10.675850","2026-05-11 23:53:10.675850","Administrator","0","0","BO.9946.2.L.S","Nos","0","Two-columa distal Radius plate, S.S. 2H Left","Standard Selling","0","1","AMD","1000.0","2026-05-11","0","Item Price"
"143hpn0mn1","Administrator","2026-05-11 23:53:10.697911","2026-05-11 23:53:10.697911","Administrator","0","0","BO.9946.3.L.S","Nos","0","Two-columa distal Radius plate, S.S. 3H Left","Standard Selling","0","1","AMD","1000.0","2026-05-11","0","Item Price"
"1437mju3ou","Administrator","2026-05-11 23:53:10.726227","2026-05-11 23:53:10.726227","Administrator","0","0","BO.9946.4.L.S","Nos","0","Two-columa distal Radius plate, S.S. 4H Left","Standard Selling","0","1","AMD","1000.0","2026-05-11","0","Item Price"
"143afdj8bp","Administrator","2026-05-11 23:53:10.749019","2026-05-11 23:53:10.749019","Administrator","0","0","BO.9946.6.L.S","Nos","0","Two-columa distal Radius plate, S.S. 6H Left","Standard Selling","0","1","AMD","1000.0","2026-05-11","0","Item Price"
"143hi1lhhg","Administrator","2026-05-11 23:53:10.763045","2026-05-11 23:53:10.763045","Administrator","0","0","BO.9946.8.L.S","Nos","0","Two-columa distal Radius plate, S.S. 8H Left","Standard Selling","0","1","AMD","1000.0","2026-05-11","0","Item Price"
"143aahdeuf","Administrator","2026-05-11 23:53:10.784152","2026-05-11 23:53:10.784152","Administrator","0","0","BO.167.7.S","Nos","0","BROAD LOCKING COMPRESSION PLATE 5.0MM 7H S.S.","Standard Selling","0","1","AMD","1000.0","2026-05-11","0","Item Price"
"144g6tb32t","Administrator","2026-05-11 23:53:10.805762","2026-05-11 23:53:10.805762","Administrator","0","0","BO.167.9.S","Nos","0","BROAD LOCKING COMPRESSION PLATE 5.0MM 9H S.S.","Standard Selling","0","1","AMD","1000.0","2026-05-11","0","Item Price"
"144va6c77u","Administrator","2026-05-11 23:53:10.828642","2026-05-11 23:53:10.828642","Administrator","0","0","BO.167.11.S","Nos","0","BROAD LOCKING COMPRESSION PLATE 5.0MM 11H S.S.","Standard Selling","0","1","AMD","1000.0","2026-05-11","0","Item Price"
"1440vfqnde","Administrator","2026-05-11 23:53:10.845894","2026-05-11 23:53:10.845894","Administrator","0","0","BO.167.13.S","Nos","0","BROAD LOCKING COMPRESSION PLATE 5.0MM 13H S.S.","Standard Selling","0","1","AMD","1000.0","2026-05-11","0","Item Price"
"1446fk4bgd","Administrator","2026-05-11 23:53:10.867829","2026-05-11 23:53:10.867829","Administrator","0","0","BO.167.15.S","Nos","0","BROAD LOCKING COMPRESSION PLATE 5.0MM 15H S.S.","Standard Selling","0","1","AMD","1000.0","2026-05-11","0","Item Price"
"144mvsndr2","Administrator","2026-05-11 23:53:10.895589","2026-05-11 23:53:10.895589","Administrator","0","0","BO.167.17.S","Nos","0","BROAD LOCKING COMPRESSION PLATE 5.0MM 17H S.S.","Standard Selling","0","1","AMD","1000.0","2026-05-11","0","Item Price"
"145oq5ejt2","Administrator","2026-05-11 23:53:10.915513","2026-05-11 23:53:10.915513","Administrator","0","0","BO.9986.L.04.S","Nos","0","Proximal Tibia Locking Plate L 4h S.S","Standard Selling","0","1","AMD","1000.0","2026-05-11","0","Item Price"
"145b7ucf55","Administrator","2026-05-11 23:53:10.937140","2026-05-11 23:53:10.937140","Administrator","0","0","BO.9986.L.06.S","Nos","0","Proximal Tibia Locking Plate L 6h S.S.","Standard Selling","0","1","AMD","1000.0","2026-05-11","0","Item Price"
"145hhfnr12","Administrator","2026-05-11 23:53:10.957810","2026-05-11 23:53:10.957810","Administrator","0","0","BO.9986.L.08.S","Nos","0","Proximal Tibia Locking Plate L 8h S.S.","Standard Selling","0","1","AMD","1000.0","2026-05-11","0","Item Price"
"145cevmfpf","Administrator","2026-05-11 23:53:10.980476","2026-05-11 23:53:10.980476","Administrator","0","0","BO.9986.L.10.S","Nos","0","Proximal Tibia Locking Plate L 10h S.S.","Standard Selling","0","1","AMD","1000.0","2026-05-11","0","Item Price"
"146dhiugt2","Administrator","2026-05-11 23:53:11.010750","2026-05-11 23:53:11.010750","Administrator","0","0","BO.9986.L.12.S","Nos","0","Proximal Tibia Locking Plate L 12h S.S.","Standard Selling","0","1","AMD","1000.0","2026-05-11","0","Item Price"
"14656hqjbp","Administrator","2026-05-11 23:53:11.041470","2026-05-11 23:53:11.041470","Administrator","0","0","BO.9986.L.14.S","Nos","0","Proximal Tibia Locking Plate L 14h S.S.","Standard Selling","0","1","AMD","1000.0","2026-05-11","0","Item Price"
"146ccq9s16","Administrator","2026-05-11 23:53:11.067843","2026-05-11 23:53:11.067843","Administrator","0","0","BO.9986.R.04.S","Nos","0","Proximal Tibia Locking Plate R 4h S.S.","Standard Selling","0","1","AMD","1000.0","2026-05-11","0","Item Price"
"147jvqqdro","Administrator","2026-05-11 23:53:11.102325","2026-05-11 23:53:11.102325","Administrator","0","0","BO.9986.R.06.S","Nos","0","Proximal Tibia Locking Plate R 6h S.S.","Standard Selling","0","1","AMD","1000.0","2026-05-11","0","Item Price"
"14705b9lkn","Administrator","2026-05-11 23:53:11.133734","2026-05-11 23:53:11.133734","Administrator","0","0","BO.9986.R.08.S","Nos","0","Proximal Tibia Locking Plate R 8h S.S.","Standard Selling","0","1","AMD","1000.0","2026-05-11","0","Item Price"
"1476ccempv","Administrator","2026-05-11 23:53:11.159904","2026-05-11 23:53:11.159904","Administrator","0","0","BO.9986.R.10.S","Nos","0","Proximal Tibia Locking Plate R 10h S.S.","Standard Selling","0","1","AMD","1000.0","2026-05-11","0","Item Price"
"147i4vn3ej","Administrator","2026-05-11 23:53:11.193304","2026-05-11 23:53:11.193304","Administrator","0","0","BO.9986.R.12.S","Nos","0","Proximal Tibia Locking Plate R 12h S.S.","Standard Selling","0","1","AMD","1000.0","2026-05-11","0","Item Price"
"148vkl61nn","Administrator","2026-05-11 23:53:11.217581","2026-05-11 23:53:11.217581","Administrator","0","0","BO.9986.R.14.S","Nos","0","Proximal Tibia Locking Plate R 14h S.S.","Standard Selling","0","1","AMD","1000.0","2026-05-11","0","Item Price"
"148tqrpre4","Administrator","2026-05-11 23:53:11.239538","2026-05-11 23:53:11.239538","Administrator","0","0","BO.186.10.S","Nos","0","Locking screw 2.4mm, 10mm S.S.","Standard Selling","0","1","AMD","1000.0","2026-05-11","0","Item Price"
"1484h996nc","Administrator","2026-05-11 23:53:11.261471","2026-05-11 23:53:11.261471","Administrator","0","0","BO.186.12.S","Nos","0","Locking screw 2.4mm, 12mm S.S.","Standard Selling","0","1","AMD","1000.0","2026-05-11","0","Item Price"
"148bl2mhr2","Administrator","2026-05-11 23:53:11.283910","2026-05-11 23:53:11.283910","Administrator","0","0","BO.186.14.S","Nos","0","Locking screw 2.4mm, 14mm S.S.","Standard Selling","0","1","AMD","1000.0","2026-05-11","0","Item Price"
"14950c4vo5","Administrator","2026-05-11 23:53:11.313235","2026-05-11 23:53:11.313235","Administrator","0","0","BO.186.16.S","Nos","0","Locking screw 2.4mm, 16mm S.S.","Standard Selling","0","1","AMD","1000.0","2026-05-11","0","Item Price"
"1496dvspht","Administrator","2026-05-11 23:53:11.340827","2026-05-11 23:53:11.340827","Administrator","0","0","BO.186.18.S","Nos","0","Locking screw 2.4mm, 18mm S.S.","Standard Selling","0","1","AMD","1000.0","2026-05-11","0","Item Price"
"149bg2djrf","Administrator","2026-05-11 23:53:11.365614","2026-05-11 23:53:11.365614","Administrator","0","0","BO.186.20.S","Nos","0","Locking screw 2.4mm, 20mm S.S.","Standard Selling","0","1","AMD","1000.0","2026-05-11","0","Item Price"
"14ab8eqja8","Administrator","2026-05-11 23:53:11.397154","2026-05-11 23:53:11.397154","Administrator","0","0","BO.186.22.S","Nos","0","Locking screw 2.4mm, 22mm S.S.","Standard Selling","0","1","AMD","1000.0","2026-05-11","0","Item Price"
"14a0nmlcte","Administrator","2026-05-11 23:53:11.423449","2026-05-11 23:53:11.423449","Administrator","0","0","BO.186.24.S","Nos","0","Locking screw 2.4mm, 24mm S.S.","Standard Selling","0","1","AMD","1000.0","2026-05-11","0","Item Price"
"14auq0o2kr","Administrator","2026-05-11 23:53:11.443342","2026-05-11 23:53:11.443342","Administrator","0","0","BO.186.26.S","Nos","0","Locking screw 2.4mm, 26mm S.S.","Standard Selling","0","1","AMD","1000.0","2026-05-11","0","Item Price"
"14aerhb4dc","Administrator","2026-05-11 23:53:11.472289","2026-05-11 23:53:11.472289","Administrator","0","0","BO.186.28.S","Nos","0","Locking screw 2.4mm, 28mm S.S.","Standard Selling","0","1","AMD","1000.0","2026-05-11","0","Item Price"
"14bgqtlghi","Administrator","2026-05-11 23:53:11.499598","2026-05-11 23:53:11.499598","Administrator","0","0","BO.186.30.S","Nos","0","Locking screw 2.4mm, 30mm S.S.","Standard Selling","0","1","AMD","1000.0","2026-05-11","0","Item Price"
"14bl0uhavq","Administrator","2026-05-11 23:53:11.531521","2026-05-11 23:53:11.531521","Administrator","0","0","BO.204.32.S","Nos","0","Locking screw 2.7mm, 32mm S.S.","Standard Selling","0","1","AMD","1000.0","2026-05-11","0","Item Price"
"14b60ujhlu","Administrator","2026-05-11 23:53:11.554872","2026-05-11 23:53:11.554872","Administrator","0","0","BO.204.34.S","Nos","0","Locking screw 2.7mm, 34mm S.S.","Standard Selling","0","1","AMD","1000.0","2026-05-11","0","Item Price"
"14b37ddokr","Administrator","2026-05-11 23:53:11.580353","2026-05-11 23:53:11.580353","Administrator","0","0","BO.204.36.S","Nos","0","Locking screw 2.7mm, 36mm S.S.","Standard Selling","0","1","AMD","1000.0","2026-05-11","0","Item Price"
"14c605io7p","Administrator","2026-05-11 23:53:11.607893","2026-05-11 23:53:11.607893","Administrator","0","0","BO.204.38.S","Nos","0","Locking screw 2.7mm, 38mm S.S.","Standard Selling","0","1","AMD","1000.0","2026-05-11","0","Item Price"
"14cdkr0t9a","Administrator","2026-05-11 23:53:11.632952","2026-05-11 23:53:11.632952","Administrator","0","0","BO.204.40.S","Nos","0","Locking screw 2.7mm, 40mm S.S.","Standard Selling","0","1","AMD","1000.0","2026-05-11","0","Item Price"
"14cjcq6jo1","Administrator","2026-05-11 23:53:11.657577","2026-05-11 23:53:11.657577","Administrator","0","0","BO.268.R.4.S","Nos","0","Medial Proximal Tibia Locking Plate R 4h S.S.","Standard Selling","0","1","AMD","1000.0","2026-05-11","0","Item Price"
"14cm7vu5st","Administrator","2026-05-11 23:53:11.683980","2026-05-11 23:53:11.683980","Administrator","0","0","BO.268.R.6.S","Nos","0","Medial Proximal Tibia Locking Plate R 6h S.S.","Standard Selling","0","1","AMD","1000.0","2026-05-11","0","Item Price"
"14dmfqrk46","Administrator","2026-05-11 23:53:11.711029","2026-05-11 23:53:11.711029","Administrator","0","0","BO.268.R.8.S","Nos","0","Medial Proximal Tibia Locking Plate R 8h S.S.","Standard Selling","0","1","AMD","1000.0","2026-05-11","0","Item Price"
"14d1p6o0b0","Administrator","2026-05-11 23:53:11.740563","2026-05-11 23:53:11.740563","Administrator","0","0","BO.268.R.10.S","Nos","0","Medial Proximal Tibia Locking Plate R 10h S.S.","Standard Selling","0","1","AMD","1000.0","2026-05-11","0","Item Price"
"14d5acm3k9","Administrator","2026-05-11 23:53:11.774636","2026-05-11 23:53:11.774636","Administrator","0","0","BO.268.R.12.S","Nos","0","Medial Proximal Tibia Locking Plate R 12h S.S.","Standard Selling","0","1","AMD","1000.0","2026-05-11","0","Item Price"
"14evuqgupo","Administrator","2026-05-11 23:53:11.802123","2026-05-11 23:53:11.802123","Administrator","0","0","BO.268.R.14.S","Nos","0","Medial Proximal Tibia Locking Plate R 14h S.S.","Standard Selling","0","1","AMD","1000.0","2026-05-11","0","Item Price"
"14ektgnea1","Administrator","2026-05-11 23:53:11.833734","2026-05-11 23:53:11.833734","Administrator","0","0","BO.268.R.16.S","Nos","0","Medial Proximal Tibia Locking Plate R 16h S.S.","Standard Selling","0","1","AMD","1000.0","2026-05-11","0","Item Price"
"14ei10tof2","Administrator","2026-05-11 23:53:11.858018","2026-05-11 23:53:11.858018","Administrator","0","0","BO.268.L.4.S","Nos","0","Medial Proximal Tibia Locking Plate L 4h S.S.","Standard Selling","0","1","AMD","1000.0","2026-05-11","0","Item Price"
"14e9vslbd2","Administrator","2026-05-11 23:53:11.877088","2026-05-11 23:53:11.877088","Administrator","0","0","BO.268.L.6.S","Nos","0","Medial Proximal Tibia Locking Plate L 6h S.S.","Standard Selling","0","1","AMD","1000.0","2026-05-11","0","Item Price"
"14fprfegme","Administrator","2026-05-11 23:53:11.910907","2026-05-11 23:53:11.910907","Administrator","0","0","BO.268.L.8.S","Nos","0","Medial Proximal Tibia Locking Plate L 8h S.S.","Standard Selling","0","1","AMD","1000.0","2026-05-11","0","Item Price"
"14fgp681p3","Administrator","2026-05-11 23:53:11.936382","2026-05-11 23:53:11.936382","Administrator","0","0","BO.268.L.10.S","Nos","0","Medial Proximal Tibia Locking Plate L 10h S.S.","Standard Selling","0","1","AMD","1000.0","2026-05-11","0","Item Price"
"14fb4n462c","Administrator","2026-05-11 23:53:11.957739","2026-05-11 23:53:11.957739","Administrator","0","0","BO.268.L.12.S","Nos","0","Medial Proximal Tibia Locking Plate L 12h S.S.","Standard Selling","0","1","AMD","1000.0","2026-05-11","0","Item Price"
"14fhfq4883","Administrator","2026-05-11 23:53:11.977423","2026-05-11 23:53:11.977423","Administrator","0","0","BO.268.L.14.S","Nos","0","Medial Proximal Tibia Locking Plate L 14h S.S.","Standard Selling","0","1","AMD","1000.0","2026-05-11","0","Item Price"
"14g9ed9aes","Administrator","2026-05-11 23:53:12.011728","2026-05-11 23:53:12.011728","Administrator","0","0","BO.268.L.16.S","Nos","0","Medial Proximal Tibia Locking Plate L 16h S.S.","Standard Selling","0","1","AMD","1000.0","2026-05-11","0","Item Price"
"14g9gdi6s1","Administrator","2026-05-11 23:53:12.042221","2026-05-11 23:53:12.042221","Administrator","0","0","BO.02.9938.05.S.S.","Nos","0","PROXIMAL FEMUR LOCKING PLATE (6.5 COBRA HEAD) 5 Holes S.S.","Standard Selling","0","1","AMD","1000.0","2026-05-11","0","Item Price"
"14hshvd0a7","Administrator","2026-05-11 23:53:12.096097","2026-05-11 23:53:12.096097","Administrator","0","0","BO.02.9938.07.S.S.","Nos","0","PROXIMAL FEMUR LOCKING PLATE (6.5 COBRA HEAD) 7 Holes S.S.","Standard Selling","0","1","AMD","1000.0","2026-05-11","0","Item Price"
"14h0v3o6ar","Administrator","2026-05-11 23:53:12.157547","2026-05-11 23:53:12.157547","Administrator","0","0","BO.02.9938.09.S.S.","Nos","0","PROXIMAL FEMUR LOCKING PLATE (6.5 COBRA HEAD) 9 Holes S.S.","Standard Selling","0","1","AMD","1000.0","2026-05-11","0","Item Price"
"14i0b8nj0s","Administrator","2026-05-11 23:53:12.203317","2026-05-11 23:53:12.203317","Administrator","0","0","BO.02.9938.11.S.S.","Nos","0","PROXIMAL FEMUR LOCKING PLATE (6.5 COBRA HEAD) 11 Holes S.S.","Standard Selling","0","1","AMD","1000.0","2026-05-11","0","Item Price"
"14ib5udtcr","Administrator","2026-05-11 23:53:12.260195","2026-05-11 23:53:12.260195","Administrator","0","0","BO.02.9938.13.S.S.","Nos","0","PROXIMAL FEMUR LOCKING PLATE (6.5 COBRA HEAD) 13 Holes S.S.","Standard Selling","0","1","AMD","1000.0","2026-05-11","0","Item Price"
"14ic6vlpug","Administrator","2026-05-11 23:53:12.288227","2026-05-11 23:53:12.288227","Administrator","0","0","BO.02.9938.05.Ti","Nos","0","PROXIMAL FEMUR LOCKING PLATE (6.5 COBRA HEAD) 5 Holes Ti","Standard Selling","0","1","AMD","1000.0","2026-05-11","0","Item Price"
"14jm5qpp5s","Administrator","2026-05-11 23:53:12.334261","2026-05-11 23:53:12.334261","Administrator","0","0","BO.02.9938.07.Ti","Nos","0","PROXIMAL FEMUR LOCKING PLATE (6.5 COBRA HEAD) 7 Holes Ti","Standard Selling","0","1","AMD","1000.0","2026-05-11","0","Item Price"
"14jl25afdo","Administrator","2026-05-11 23:53:12.387440","2026-05-11 23:53:12.387440","Administrator","0","0","BO.02.9938.09.Ti","Nos","0","PROXIMAL FEMUR LOCKING PLATE (6.5 COBRA HEAD) 9 Holes Ti","Standard Selling","0","1","AMD","1000.0","2026-05-11","0","Item Price"
"14k02kukpn","Administrator","2026-05-11 23:53:12.425255","2026-05-11 23:53:12.425255","Administrator","0","0","BO.02.9938.11.Ti","Nos","0","PROXIMAL FEMUR LOCKING PLATE (6.5 COBRA HEAD) 11 Holes Ti","Standard Selling","0","1","AMD","1000.0","2026-05-11","0","Item Price"
"14kdb7923c","Administrator","2026-05-11 23:53:12.462044","2026-05-11 23:53:12.462044","Administrator","0","0","BO.02.9938.13.Ti","Nos","0","PROXIMAL FEMUR LOCKING PLATE (6.5 COBRA HEAD) 13 Holes Ti","Standard Selling","0","1","AMD","1000.0","2026-05-11","0","Item Price"
"14lgb6sr68","Administrator","2026-05-11 23:53:12.499717","2026-05-11 23:53:12.499717","Administrator","0","0","BO.511.S.5h.R","Nos","0","Anterolateral Distal Tibia LCP 3,5mm & R 5H S.S.","Standard Selling","0","1","AMD","1000.0","2026-05-11","0","Item Price"
"14l798b6fl","Administrator","2026-05-11 23:53:12.564017","2026-05-11 23:53:12.564017","Administrator","0","0","BO.511.S.7h.R","Nos","0","Anterolateral Distal Tibia LCP 3,5mm & R 7H S.S.","Standard Selling","0","1","AMD","1000.0","2026-05-11","0","Item Price"
"14m8elh1lr","Administrator","2026-05-11 23:53:12.617659","2026-05-11 23:53:12.617659","Administrator","0","0","BO.511.S.9h.R","Nos","0","Anterolateral Distal Tibia LCP 3,5mm & R 9H S.S.","Standard Selling","0","1","AMD","1000.0","2026-05-11","0","Item Price"
"14msf3ro1r","Administrator","2026-05-11 23:53:12.670049","2026-05-11 23:53:12.670049","Administrator","0","0","BO.511.S.11h.R","Nos","0","Anterolateral Distal Tibia LCP 3,5mm & R 11H S.S.","Standard Selling","0","1","AMD","1000.0","2026-05-11","0","Item Price"
"14npdcbte6","Administrator","2026-05-11 23:53:12.698795","2026-05-11 23:53:12.698795","Administrator","0","0","BO.511.S.13h.R","Nos","0","Anterolateral Distal Tibia LCP 3,5mm & R 13H S.S.","Standard Selling","0","1","AMD","1000.0","2026-05-11","0","Item Price"
"14nqp84b2d","Administrator","2026-05-11 23:53:12.738763","2026-05-11 23:53:12.738763","Administrator","0","0","BO.511.S.15h.R","Nos","0","Anterolateral Distal Tibia LCP 3,5mm & R 15H S.S.","Standard Selling","0","1","AMD","1000.0","2026-05-11","0","Item Price"
"14nent21bl","Administrator","2026-05-11 23:53:12.779002","2026-05-11 23:53:12.779002","Administrator","0","0","BO.511.S.5h.L","Nos","0","Anterolateral Distal Tibia LCP 3,5mm & L 5H S.S.","Standard Selling","0","1","AMD","1000.0","2026-05-11","0","Item Price"
"14o1ahho4s","Administrator","2026-05-11 23:53:12.848261","2026-05-11 23:53:12.848261","Administrator","0","0","BO.511.S.7h.L","Nos","0","Anterolateral Distal Tibia LCP 3,5mm & L 7H S.S.","Standard Selling","0","1","AMD","1000.0","2026-05-11","0","Item Price"
"14obrot4l1","Administrator","2026-05-11 23:53:12.876643","2026-05-11 23:53:12.876643","Administrator","0","0","BO.511.S.9h.L","Nos","0","Anterolateral Distal Tibia LCP 3,5mm & L 9H  S.S.","Standard Selling","0","1","AMD","1000.0","2026-05-11","0","Item Price"
"14p70li4l8","Administrator","2026-05-11 23:53:12.913734","2026-05-11 23:53:12.913734","Administrator","0","0","BO.511.S.11h.L","Nos","0","Anterolateral Distal Tibia LCP 3,5mm & L 11H S.S.","Standard Selling","0","1","AMD","1000.0","2026-05-11","0","Item Price"
"14pge79kp9","Administrator","2026-05-11 23:53:12.946461","2026-05-11 23:53:12.946461","Administrator","0","0","BO.511.S.13h.L","Nos","0","Anterolateral Distal Tibia LCP 3,5mm & L 13H S.S.","Standard Selling","0","1","AMD","1000.0","2026-05-11","0","Item Price"
"14p3tkl29k","Administrator","2026-05-11 23:53:12.974212","2026-05-11 23:53:12.974212","Administrator","0","0","BO.511.S.15h.L","Nos","0","Anterolateral Distal Tibia LCP 3,5mm & L 15H S.S.","Standard Selling","0","1","AMD","1000.0","2026-05-11","0","Item Price"
"14qj6k5pc4","Administrator","2026-05-11 23:53:12.999920","2026-05-11 23:53:12.999920","Administrator","0","0","BOI.185.10.S","Nos","0","Cortex screw 2.4mm, 10mm S.S.","Standard Selling","0","1","AMD","1000.0","2026-05-11","0","Item Price"
"14qlh1dfsp","Administrator","2026-05-11 23:53:13.032102","2026-05-11 23:53:13.032102","Administrator","0","0","BOI.185.12.S","Nos","0","Cortex screw 2.4mm, 12mm S.S.","Standard Selling","0","1","AMD","1000.0","2026-05-11","0","Item Price"
"14qlbd3d5e","Administrator","2026-05-11 23:53:13.064095","2026-05-11 23:53:13.064095","Administrator","0","0","BOI.185.14.S","Nos","0","Cortex screw 2.4mm, 14mm S.S.","Standard Selling","0","1","AMD","1000.0","2026-05-11","0","Item Price"
"14qgfev7rj","Administrator","2026-05-11 23:53:13.095774","2026-05-11 23:53:13.095774","Administrator","0","0","BOI.185.16.S","Nos","0","Cortex screw 2.4mm, 16mm S.S.","Standard Selling","0","1","AMD","1000.0","2026-05-11","0","Item Price"
"14rt724dm8","Administrator","2026-05-11 23:53:13.136677","2026-05-11 23:53:13.136677","Administrator","0","0","BOI.185.18.S","Nos","0","Cortex screw 2.4mm, 18mm S.S.","Standard Selling","0","1","AMD","1000.0","2026-05-11","0","Item Price"
"14r3h8t54h","Administrator","2026-05-11 23:53:13.167295","2026-05-11 23:53:13.167295","Administrator","0","0","BOI.185.20.S","Nos","0","Cortex screw 2.4mm, 20mm S.S.","Standard Selling","0","1","AMD","1000.0","2026-05-11","0","Item Price"
"14sro8nbq5","Administrator","2026-05-11 23:53:13.203208","2026-05-11 23:53:13.203208","Administrator","0","0","BOI.185.22.S","Nos","0","Cortex screw 2.4mm, 22mm S.S.","Standard Selling","0","1","AMD","1000.0","2026-05-11","0","Item Price"
"14sk4hokd3","Administrator","2026-05-11 23:53:13.239337","2026-05-11 23:53:13.239337","Administrator","0","0","BOI.185.24.S","Nos","0","Cortex screw 2.4mm, 24mm S.S.","Standard Selling","0","1","AMD","1000.0","2026-05-11","0","Item Price"
"14svb5t3mf","Administrator","2026-05-11 23:53:13.259164","2026-05-11 23:53:13.259164","Administrator","0","0","BOI.185.26.S","Nos","0","Cortex screw 2.4mm, 26mm S.S.","Standard Selling","0","1","AMD","1000.0","2026-05-11","0","Item Price"
"14suiovq0l","Administrator","2026-05-11 23:53:13.285685","2026-05-11 23:53:13.285685","Administrator","0","0","BO.169.34.T","Nos","0","Locking Screw 5.0mm,34mm Ti","Standard Selling","0","1","AMD","1000.0","2026-05-11","0","Item Price"
"14tpnujl37","Administrator","2026-05-11 23:53:13.311093","2026-05-11 23:53:13.311093","Administrator","0","0","BO.169.36.T","Nos","0","Locking Screw 5.0mm,36mm Ti","Standard Selling","0","1","AMD","1000.0","2026-05-11","0","Item Price"
"14tfsf6s0q","Administrator","2026-05-11 23:53:13.337967","2026-05-11 23:53:13.337967","Administrator","0","0","BO.169.38.T","Nos","0","Locking Screw 5.0mm,38mm Ti","Standard Selling","0","1","AMD","1000.0","2026-05-11","0","Item Price"
"14tod77q9r","Administrator","2026-05-11 23:53:13.372993","2026-05-11 23:53:13.372993","Administrator","0","0","BO.169.40.T","Nos","0","Locking Screw 5.0mm,40mm Ti","Standard Selling","0","1","AMD","1000.0","2026-05-11","0","Item Price"
"14uuaoeoad","Administrator","2026-05-11 23:53:13.404634","2026-05-11 23:53:13.404634","Administrator","0","0","BO.169.42.T","Nos","0","Locking Screw 5.0mm,42mm Ti","Standard Selling","0","1","AMD","1000.0","2026-05-11","0","Item Price"
"14u9praf2i","Administrator","2026-05-11 23:53:13.437800","2026-05-11 23:53:13.437800","Administrator","0","0","BO.169.44.T","Nos","0","Locking Screw 5.0mm,44mm Ti","Standard Selling","0","1","AMD","1000.0","2026-05-11","0","Item Price"
"14u6fo0rvd","Administrator","2026-05-11 23:53:13.459403","2026-05-11 23:53:13.459403","Administrator","0","0","BO.169.46.T","Nos","0","Locking Screw 5.0mm,46mm Ti","Standard Selling","0","1","AMD","1000.0","2026-05-11","0","Item Price"
"14uvopet7h","Administrator","2026-05-11 23:53:13.485671","2026-05-11 23:53:13.485671","Administrator","0","0","BO.169.50.T","Nos","0","Locking Screw 5.0mm,50mm Ti","Standard Selling","0","1","AMD","1000.0","2026-05-11","0","Item Price"
"14vk006gmc","Administrator","2026-05-11 23:53:13.506436","2026-05-11 23:53:13.506436","Administrator","0","0","BO.169.55.T","Nos","0","Locking Screw 5.0mm,55mm Ti","Standard Selling","0","1","AMD","1000.0","2026-05-11","0","Item Price"
"14v1oq4e91","Administrator","2026-05-11 23:53:13.535218","2026-05-11 23:53:13.535218","Administrator","0","0","BO.169.60.T","Nos","0","Locking Screw 5.0mm,60mm Ti","Standard Selling","0","1","AMD","1000.0","2026-05-11","0","Item Price"
"14v359o13h","Administrator","2026-05-11 23:53:13.566393","2026-05-11 23:53:13.566393","Administrator","0","0","BO.169.65.T","Nos","0","Locking Screw 5.0mm,65mm Ti","Standard Selling","0","1","AMD","1000.0","2026-05-11","0","Item Price"
"150m7aaa7e","Administrator","2026-05-11 23:53:13.612242","2026-05-11 23:53:13.612242","Administrator","0","0","BO.169.70.T","Nos","0","Locking Screw 5.0mm,70mm Ti","Standard Selling","0","1","AMD","1000.0","2026-05-11","0","Item Price"
"150cr6jej3","Administrator","2026-05-11 23:53:13.642183","2026-05-11 23:53:13.642183","Administrator","0","0","BO.169.75.T","Nos","0","Locking Screw 5.0mm,75mm Ti","Standard Selling","0","1","AMD","1000.0","2026-05-11","0","Item Price"
"150hf431iu","Administrator","2026-05-11 23:53:13.671303","2026-05-11 23:53:13.671303","Administrator","0","0","BO.169.80.T","Nos","0","Locking Screw 5.0mm,80mm Ti","Standard Selling","0","1","AMD","1000.0","2026-05-11","0","Item Price"
"150jv2ktg2","Administrator","2026-05-11 23:53:13.693280","2026-05-11 23:53:13.693280","Administrator","0","0","BO.169.85.T","Nos","0","Locking Screw 5.0mm,85mm Ti","Standard Selling","0","1","AMD","1000.0","2026-05-11","0","Item Price"
"151j9evt1p","Administrator","2026-05-11 23:53:13.712816","2026-05-11 23:53:13.712816","Administrator","0","0","BO.169.90.T","Nos","0","Locking Screw 5.0mm,90mm Ti","Standard Selling","0","1","AMD","1000.0","2026-05-11","0","Item Price"
"1519faccph","Administrator","2026-05-11 23:53:13.731283","2026-05-11 23:53:13.731283","Administrator","0","0","BOI.04.150.09.28.TI","Nos","0","INTERLOCKING TIBIA NAIL (CANNULATED WITH DISTAL) DIA. 09MM, LENGTH 28CM Ti","Standard Selling","0","1","AMD","1000.0","2026-05-11","0","Item Price"
"151s6ag5c2","Administrator","2026-05-11 23:53:13.749086","2026-05-11 23:53:13.749086","Administrator","0","0","BOI.04.150.09.30.TI","Nos","0","INTERLOCKING TIBIA NAIL (CANNULATED WITH DISTAL) DIA. 09MM, LENGTH 30CM Ti","Standard Selling","0","1","AMD","1000.0","2026-05-11","0","Item Price"
"151rt8qqfb","Administrator","2026-05-11 23:53:13.769227","2026-05-11 23:53:13.769227","Administrator","0","0","BOI.04.150.09.32.TI","Nos","0","INTERLOCKING TIBIA NAIL (CANNULATED WITH DISTAL) DIA. 09MM, LENGTH 32CM Ti","Standard Selling","0","1","AMD","1000.0","2026-05-11","0","Item Price"
"151nsaqhif","Administrator","2026-05-11 23:53:13.790117","2026-05-11 23:53:13.790117","Administrator","0","0","BOI.04.150.09.34.TI","Nos","0","INTERLOCKING TIBIA NAIL (CANNULATED WITH DISTAL) DIA. 09MM, LENGTH 34CM Ti","Standard Selling","0","1","AMD","1000.0","2026-05-11","0","Item Price"
"152qldk3k9","Administrator","2026-05-11 23:53:13.815570","2026-05-11 23:53:13.815570","Administrator","0","0","BOI.04.150.09.36.TI","Nos","0","INTERLOCKING TIBIA NAIL (CANNULATED WITH DISTAL) DIA. 09MM, LENGTH 36CM Ti","Standard Selling","0","1","AMD","1000.0","2026-05-11","0","Item Price"
"1520itiuno","Administrator","2026-05-11 23:53:13.838437","2026-05-11 23:53:13.838437","Administrator","0","0","BOI.04.150.09.38.TI","Nos","0","INTERLOCKING TIBIA NAIL (CANNULATED WITH DISTAL) DIA. 09MM, LENGTH 38CM Ti","Standard Selling","0","1","AMD","1000.0","2026-05-11","0","Item Price"
"152iv1btv0","Administrator","2026-05-11 23:53:13.865930","2026-05-11 23:53:13.865930","Administrator","0","0","BOI.04.150.09.40.TI","Nos","0","INTERLOCKING TIBIA NAIL (CANNULATED WITH DISTAL) DIA. 09MM, LENGTH 40CM Ti","Standard Selling","0","1","AMD","1000.0","2026-05-11","0","Item Price"
"152inc0198","Administrator","2026-05-11 23:53:13.893391","2026-05-11 23:53:13.893391","Administrator","0","0","BOI.04.150.10.28.TI","Nos","0","INTERLOCKING TIBIA NAIL (CANNULATED WITH DISTAL) DIA. 10MM, LENGTH 28CM Ti","Standard Selling","0","1","AMD","1000.0","2026-05-11","0","Item Price"
"1531gcpq6h","Administrator","2026-05-11 23:53:13.919620","2026-05-11 23:53:13.919620","Administrator","0","0","BOI.04.150.10.30.TI","Nos","0","INTERLOCKING TIBIA NAIL (CANNULATED WITH DISTAL) DIA. 10MM, LENGTH 30CM Ti","Standard Selling","0","1","AMD","1000.0","2026-05-11","0","Item Price"
"153ajujtil","Administrator","2026-05-11 23:53:13.946686","2026-05-11 23:53:13.946686","Administrator","0","0","BOI.04.150.10.32.TI","Nos","0","INTERLOCKING TIBIA NAIL (CANNULATED WITH DISTAL) DIA. 10MM, LENGTH 32CM Ti","Standard Selling","0","1","AMD","1000.0","2026-05-11","0","Item Price"
"153dviv6kc","Administrator","2026-05-11 23:53:13.966085","2026-05-11 23:53:13.966085","Administrator","0","0","BOI.04.150.10.34.TI","Nos","0","INTERLOCKING TIBIA NAIL (CANNULATED WITH DISTAL) DIA. 10MM, LENGTH 34CM Ti","Standard Selling","0","1","AMD","1000.0","2026-05-11","0","Item Price"
"153n2v56th","Administrator","2026-05-11 23:53:13.986809","2026-05-11 23:53:13.986809","Administrator","0","0","BOI.04.150.10.36.TI","Nos","0","INTERLOCKING TIBIA NAIL (CANNULATED WITH DISTAL) DIA. 10MM, LENGTH 36CM Ti","Standard Selling","0","1","AMD","1000.0","2026-05-11","0","Item Price"
"154smn437s","Administrator","2026-05-11 23:53:14.013045","2026-05-11 23:53:14.013045","Administrator","0","0","BOI.04.150.10.38.TI","Nos","0","INTERLOCKING TIBIA NAIL (CANNULATED WITH DISTAL) DIA. 10MM, LENGTH 38CM Ti","Standard Selling","0","1","AMD","1000.0","2026-05-11","0","Item Price"
"154m6aig5n","Administrator","2026-05-11 23:53:14.051508","2026-05-11 23:53:14.051508","Administrator","0","0","BOI.04.150.10.40.TI","Nos","0","INTERLOCKING TIBIA NAIL (CANNULATED WITH DISTAL) DIA. 10MM, LENGTH 40CM Ti","Standard Selling","0","1","AMD","1000.0","2026-05-11","0","Item Price"
"154s68avht","Administrator","2026-05-11 23:53:14.096248","2026-05-11 23:53:14.096248","Administrator","0","0","BOI.04.150.11.28.TI","Nos","0","INTERLOCKING TIBIA NAIL (CANNULATED WITH DISTAL) DIA. 11MM, LENGTH 28CM Ti","Standard Selling","0","1","AMD","1000.0","2026-05-11","0","Item Price"
"155abgoshf","Administrator","2026-05-11 23:53:14.123547","2026-05-11 23:53:14.123547","Administrator","0","0","BOI.04.150.11.30.TI","Nos","0","INTERLOCKING TIBIA NAIL (CANNULATED WITH DISTAL) DIA. 11MM, LENGTH 30CM Ti","Standard Selling","0","1","AMD","1000.0","2026-05-11","0","Item Price"
"155fhlsgev","Administrator","2026-05-11 23:53:14.166478","2026-05-11 23:53:14.166478","Administrator","0","0","BOI.04.150.11.32.TI","Nos","0","INTERLOCKING TIBIA NAIL (CANNULATED WITH DISTAL) DIA. 11MM, LENGTH 32CM Ti","Standard Selling","0","1","AMD","1000.0","2026-05-11","0","Item Price"
"155hvqp151","Administrator","2026-05-11 23:53:14.194972","2026-05-11 23:53:14.194972","Administrator","0","0","BOI.04.150.11.34.TI","Nos","0","INTERLOCKING TIBIA NAIL (CANNULATED WITH DISTAL) DIA. 11MM, LENGTH 34CM Ti","Standard Selling","0","1","AMD","1000.0","2026-05-11","0","Item Price"
"1566q13qoe","Administrator","2026-05-11 23:53:14.224090","2026-05-11 23:53:14.224090","Administrator","0","0","BOI.04.150.11.36.TI","Nos","0","INTERLOCKING TIBIA NAIL (CANNULATED WITH DISTAL) DIA. 11MM, LENGTH 36CM Ti","Standard Selling","0","1","AMD","1000.0","2026-05-11","0","Item Price"
"15666303o9","Administrator","2026-05-11 23:53:14.252735","2026-05-11 23:53:14.252735","Administrator","0","0","BOI.04.150.11.38.TI","Nos","0","INTERLOCKING TIBIA NAIL (CANNULATED WITH DISTAL) DIA. 11MM, LENGTH 38CM Ti","Standard Selling","0","1","AMD","1000.0","2026-05-11","0","Item Price"
"1565il5qe7","Administrator","2026-05-11 23:53:14.276751","2026-05-11 23:53:14.276751","Administrator","0","0","BOI.04.150.11.40.TI","Nos","0","INTERLOCKING TIBIA NAIL (CANNULATED WITH DISTAL) DIA. 11MM, LENGTH 40CM Ti","Standard Selling","0","1","AMD","1000.0","2026-05-11","0","Item Price"
"15727i0jp6","Administrator","2026-05-11 23:53:14.299058","2026-05-11 23:53:14.299058","Administrator","0","0","BOI.04.150.09.28.SS","Nos","0","INTERLOCKING TIBIA NAIL (CANNULATED WITH DISTAL) DIA. 09MM, LENGTH 28CM S.S.","Standard Selling","0","1","AMD","1000.0","2026-05-11","0","Item Price"
"15703upgav","Administrator","2026-05-11 23:53:14.323294","2026-05-11 23:53:14.323294","Administrator","0","0","BOI.04.150.09.30.SS","Nos","0","INTERLOCKING TIBIA NAIL (CANNULATED WITH DISTAL) DIA. 09MM, LENGTH 30CM S.S.","Standard Selling","0","1","AMD","1000.0","2026-05-11","0","Item Price"
"157tq1a66j","Administrator","2026-05-11 23:53:14.351050","2026-05-11 23:53:14.351050","Administrator","0","0","BOI.04.150.09.32.SS","Nos","0","INTERLOCKING TIBIA NAIL (CANNULATED WITH DISTAL) DIA. 09MM, LENGTH 32CM S.S.","Standard Selling","0","1","AMD","1000.0","2026-05-11","0","Item Price"
"15886c2sqq","Administrator","2026-05-11 23:53:14.398869","2026-05-11 23:53:14.398869","Administrator","0","0","BOI.04.150.09.34.SS","Nos","0","INTERLOCKING TIBIA NAIL (CANNULATED WITH DISTAL) DIA. 09MM, LENGTH 34CM S.S.","Standard Selling","0","1","AMD","1000.0","2026-05-11","0","Item Price"
"1588omk8ru","Administrator","2026-05-11 23:53:14.440049","2026-05-11 23:53:14.440049","Administrator","0","0","BOI.04.150.09.36.SS","Nos","0","INTERLOCKING TIBIA NAIL (CANNULATED WITH DISTAL) DIA. 09MM, LENGTH 36CM S.S.","Standard Selling","0","1","AMD","1000.0","2026-05-11","0","Item Price"
"158ptfeb41","Administrator","2026-05-11 23:53:14.464879","2026-05-11 23:53:14.464879","Administrator","0","0","BOI.04.150.09.38.SS","Nos","0","INTERLOCKING TIBIA NAIL (CANNULATED WITH DISTAL) DIA. 09MM, LENGTH 38CM S.S.","Standard Selling","0","1","AMD","1000.0","2026-05-11","0","Item Price"
"159odf0v1b","Administrator","2026-05-11 23:53:14.511136","2026-05-11 23:53:14.511136","Administrator","0","0","BOI.04.150.09.40.SS","Nos","0","INTERLOCKING TIBIA NAIL (CANNULATED WITH DISTAL) DIA. 09MM, LENGTH 40CM S.S.","Standard Selling","0","1","AMD","1000.0","2026-05-11","0","Item Price"
"159sru1epj","Administrator","2026-05-11 23:53:14.546487","2026-05-11 23:53:14.546487","Administrator","0","0","BOI.04.150.10.28.SS","Nos","0","INTERLOCKING TIBIA NAIL (CANNULATED WITH DISTAL) DIA. 10MM, LENGTH 28CM S.S.","Standard Selling","0","1","AMD","1000.0","2026-05-11","0","Item Price"
"159srvv1lf","Administrator","2026-05-11 23:53:14.579238","2026-05-11 23:53:14.579238","Administrator","0","0","BOI.04.150.10.30.SS","Nos","0","INTERLOCKING TIBIA NAIL (CANNULATED WITH DISTAL) DIA. 10MM, LENGTH 30CM S.S.","Standard Selling","0","1","AMD","1000.0","2026-05-11","0","Item Price"
"15aoh3dusm","Administrator","2026-05-11 23:53:14.610736","2026-05-11 23:53:14.610736","Administrator","0","0","BOI.04.150.10.32.SS","Nos","0","INTERLOCKING TIBIA NAIL (CANNULATED WITH DISTAL) DIA. 10MM, LENGTH 32CM S.S.","Standard Selling","0","1","AMD","1000.0","2026-05-11","0","Item Price"
"15ai9gaedq","Administrator","2026-05-11 23:53:14.640139","2026-05-11 23:53:14.640139","Administrator","0","0","BOI.04.150.10.34.SS","Nos","0","INTERLOCKING TIBIA NAIL (CANNULATED WITH DISTAL) DIA. 10MM, LENGTH 34CM S.S.","Standard Selling","0","1","AMD","1000.0","2026-05-11","0","Item Price"
"15aicpreit","Administrator","2026-05-11 23:53:14.688696","2026-05-11 23:53:14.688696","Administrator","0","0","BOI.04.150.10.36.SS","Nos","0","INTERLOCKING TIBIA NAIL (CANNULATED WITH DISTAL) DIA. 10MM, LENGTH 36CM S.S.","Standard Selling","0","1","AMD","1000.0","2026-05-11","0","Item Price"
"15bl4a2s2e","Administrator","2026-05-11 23:53:14.730170","2026-05-11 23:53:14.730170","Administrator","0","0","BOI.04.150.10.38.SS","Nos","0","INTERLOCKING TIBIA NAIL (CANNULATED WITH DISTAL) DIA. 10MM, LENGTH 38CM S.S.","Standard Selling","0","1","AMD","1000.0","2026-05-11","0","Item Price"
"15bhlu9mvo","Administrator","2026-05-11 23:53:14.781596","2026-05-11 23:53:14.781596","Administrator","0","0","BOI.04.150.10.40.SS","Nos","0","INTERLOCKING TIBIA NAIL (CANNULATED WITH DISTAL) DIA. 10MM, LENGTH 40CM S.S.","Standard Selling","0","1","AMD","1000.0","2026-05-11","0","Item Price"
"15cnmnv1di","Administrator","2026-05-11 23:53:14.818716","2026-05-11 23:53:14.818716","Administrator","0","0","BOI.04.150.11.28.SS","Nos","0","INTERLOCKING TIBIA NAIL (CANNULATED WITH DISTAL) DIA. 11MM, LENGTH 28CM S.S.","Standard Selling","0","1","AMD","1000.0","2026-05-11","0","Item Price"
"15cjujqpju","Administrator","2026-05-11 23:53:14.847084","2026-05-11 23:53:14.847084","Administrator","0","0","BOI.04.150.11.30.SS","Nos","0","INTERLOCKING TIBIA NAIL (CANNULATED WITH DISTAL) DIA. 11MM, LENGTH 30CM S.S.","Standard Selling","0","1","AMD","1000.0","2026-05-11","0","Item Price"
"15c6a02dpr","Administrator","2026-05-11 23:53:14.888585","2026-05-11 23:53:14.888585","Administrator","0","0","BOI.04.150.11.32.SS","Nos","0","INTERLOCKING TIBIA NAIL (CANNULATED WITH DISTAL) DIA. 11MM, LENGTH 32CM S.S.","Standard Selling","0","1","AMD","1000.0","2026-05-11","0","Item Price"
"15d6083sq0","Administrator","2026-05-11 23:53:14.920736","2026-05-11 23:53:14.920736","Administrator","0","0","BOI.04.150.11.34.SS","Nos","0","INTERLOCKING TIBIA NAIL (CANNULATED WITH DISTAL) DIA. 11MM, LENGTH 34CM S.S.","Standard Selling","0","1","AMD","1000.0","2026-05-11","0","Item Price"
"15dmeq1r4o","Administrator","2026-05-11 23:53:14.958088","2026-05-11 23:53:14.958088","Administrator","0","0","BOI.04.150.11.36.SS","Nos","0","INTERLOCKING TIBIA NAIL (CANNULATED WITH DISTAL) DIA. 11MM, LENGTH 36CM S.S.","Standard Selling","0","1","AMD","1000.0","2026-05-11","0","Item Price"
"15eqp79uk4","Administrator","2026-05-11 23:53:15.035450","2026-05-11 23:53:15.035450","Administrator","0","0","BOI.04.150.11.38.SS","Nos","0","INTERLOCKING TIBIA NAIL (CANNULATED WITH DISTAL) DIA. 11MM, LENGTH 38CM S.S.","Standard Selling","0","1","AMD","1000.0","2026-05-11","0","Item Price"
"15e0r0p67l","Administrator","2026-05-11 23:53:15.069965","2026-05-11 23:53:15.069965","Administrator","0","0","BOI.04.150.11.40.SS","Nos","0","INTERLOCKING TIBIA NAIL (CANNULATED WITH DISTAL) DIA. 11MM, LENGTH 40CM S.S.","Standard Selling","0","1","AMD","1000.0","2026-05-11","0","Item Price"
"15f6ldeh06","Administrator","2026-05-11 23:53:15.103538","2026-05-11 23:53:15.103538","Administrator","0","0","BO.9930.85.T","Nos","0","Locking Cancellous Screw 5.0mm, 85mm Ti","Standard Selling","0","1","AMD","1000.0","2026-05-11","0","Item Price"
"15f0kuv6dl","Administrator","2026-05-11 23:53:15.129321","2026-05-11 23:53:15.129321","Administrator","0","0","BO.171.85.S","Nos","0","Locking screw DIA. 6.5mm,85mm S.S","Standard Selling","0","1","AMD","1000.0","2026-05-11","0","Item Price"
"15fejn1r15","Administrator","2026-05-11 23:53:15.170328","2026-05-11 23:53:15.170328","Administrator","0","0","2951453","Nos","0","Alcasis, Bone Cement Surgica without Antibiotic 40G","Standard Selling","0","1","AMD","19000.0","2026-05-11","0","Item Price"
"15gulrejip","Administrator","2026-05-11 23:53:15.198869","2026-05-11 23:53:15.198869","Administrator","0","0","291453","Nos","0","Alcasis, Bone Cement Surgical with Antibiotic 41G","Standard Selling","0","1","AMD","30000.0","2026-05-11","0","Item Price"
"15gnokjnnm","Administrator","2026-05-11 23:53:15.229157","2026-05-11 23:53:15.229157","Administrator","0","0","KB25","Nos","0","BMK Barclay PMMA bone cement","Standard Selling","0","1","AMD","23000.0","2026-05-11","0","Item Price"
"15ggeledal","Administrator","2026-05-11 23:53:15.258957","2026-05-11 23:53:15.258957","Administrator","0","0","01-0350","Nos","0","Spinos radiopaque syntetic resin for spine surgery 24G","Standard Selling","0","1","AMD","180000.0","2026-05-11","0","Item Price"
"15hl8ve4bm","Administrator","2026-05-11 23:53:15.312603","2026-05-11 23:53:15.312603","Administrator","0","0","2951453/25","Nos","0","Alcasis, Bone Cement Surgical Vertebroplast 20G","Standard Selling","0","1","AMD","45000.0","2026-05-11","0","Item Price"
"15h8prset7","Administrator","2026-05-11 23:53:15.375491","2026-05-11 23:53:15.375491","Administrator","0","0","880223","Nos","0","Synicem 1G 40g","Standard Selling","0","1","AMD","25000.0","2026-05-11","0","Item Price"
"15jj8l3kil","Administrator","2026-05-11 23:53:15.506829","2026-05-11 23:53:15.506829","Administrator","0","0","832770","Nos","0","JUST , Femoral head , 28-3.5","Standard Selling","0","1","AMD","56000.0","2026-05-11","0","Item Price"
"15j1lhsq9c","Administrator","2026-05-11 23:53:15.588558","2026-05-11 23:53:15.588558","Administrator","0","0","832771-549982","Nos","0","JUST , Femoral head , 28+0","Standard Selling","0","1","AMD","56000.0","2026-05-11","0","Item Price"
"15knlbj4ks","Administrator","2026-05-11 23:53:15.621608","2026-05-11 23:53:15.621608","Administrator","0","0","832772-549981","Nos","0","JUST , Femoral head , 28+3.5","Standard Selling","0","1","AMD","56000.0","2026-05-11","0","Item Price"
"15ka98s4m1","Administrator","2026-05-11 23:53:15.646618","2026-05-11 23:53:15.646618","Administrator","0","0","832773-549980","Nos","0","JUST , Femoral head , 28+7","Standard Selling","0","1","AMD","56000.0","2026-05-11","0","Item Price"
"15kbhn44kq","Administrator","2026-05-11 23:53:15.676726","2026-05-11 23:53:15.676726","Administrator","0","0","832761","Nos","0","JUST , Femoral head , 32-3.5","Standard Selling","0","1","AMD","56000.0","2026-05-11","0","Item Price"
"15lhvrhqhu","Administrator","2026-05-11 23:53:15.717350","2026-05-11 23:53:15.717350","Administrator","0","0","832762","Nos","0","JUST , Femoral head , 32+0","Standard Selling","0","1","AMD","56000.0","2026-05-11","0","Item Price"
"15l7mtgep7","Administrator","2026-05-11 23:53:15.744267","2026-05-11 23:53:15.744267","Administrator","0","0","832763","Nos","0","JUST , Femoral head , 32+3.5","Standard Selling","0","1","AMD","56000.0","2026-05-11","0","Item Price"
"15lf296fi0","Administrator","2026-05-11 23:53:15.772614","2026-05-11 23:53:15.772614","Administrator","0","0","832764","Nos","0","JUST , Femoral head , 32+7","Standard Selling","0","1","AMD","56000.0","2026-05-11","0","Item Price"
"15m5bqb4i4","Administrator","2026-05-11 23:53:15.802568","2026-05-11 23:53:15.802568","Administrator","0","0","832799-549823","Nos","0","JUST , HARMONY Acetabular Cup , Φ46mm","Standard Selling","0","1","AMD","114000.0","2026-05-11","0","Item Price"
"15midltddp","Administrator","2026-05-11 23:53:15.834647","2026-05-11 23:53:15.834647","Administrator","0","0","832800-549822","Nos","0","JUST , HARMONY Acetabular Cup , Φ48mm","Standard Selling","0","1","AMD","114000.0","2026-05-11","0","Item Price"
"15mic5hinj","Administrator","2026-05-11 23:53:15.857950","2026-05-11 23:53:15.857950","Administrator","0","0","832801-549821","Nos","0","JUST , HARMONY Acetabular Cup , Φ50mm","Standard Selling","0","1","AMD","114000.0","2026-05-11","0","Item Price"
"15mfbss1t6","Administrator","2026-05-11 23:53:15.879683","2026-05-11 23:53:15.879683","Administrator","0","0","832802","Nos","0","JUST , HARMONY Acetabular Cup , Φ52mm","Standard Selling","0","1","AMD","114000.0","2026-05-11","0","Item Price"
"15nq68u338","Administrator","2026-05-11 23:53:15.898051","2026-05-11 23:53:15.898051","Administrator","0","0","832803","Nos","0","JUST , HARMONY Acetabular Cup , Φ54mm","Standard Selling","0","1","AMD","114000.0","2026-05-11","0","Item Price"
"15nqv8dnue","Administrator","2026-05-11 23:53:15.917773","2026-05-11 23:53:15.917773","Administrator","0","0","832804","Nos","0","JUST , HARMONY Acetabular Cup , Φ56mm","Standard Selling","0","1","AMD","114000.0","2026-05-11","0","Item Price"
"15ntk6hq7a","Administrator","2026-05-11 23:53:15.944934","2026-05-11 23:53:15.944934","Administrator","0","0","832805","Nos","0","JUST , HARMONY Acetabular Cup , Φ58mm","Standard Selling","0","1","AMD","114000.0","2026-05-11","0","Item Price"
"15npb5s0nm","Administrator","2026-05-11 23:53:15.965700","2026-05-11 23:53:15.965700","Administrator","0","0","832806","Nos","0","JUST , HARMONY Acetabular Cup , Φ60mm","Standard Selling","0","1","AMD","114000.0","2026-05-11","0","Item Price"
"15nfavl3b4","Administrator","2026-05-11 23:53:15.988068","2026-05-11 23:53:15.988068","Administrator","0","0","832807","Nos","0","JUST , HARMONY Acetabular Cup , Φ62mm","Standard Selling","0","1","AMD","114000.0","2026-05-11","0","Item Price"
"15o1e4g6c4","Administrator","2026-05-11 23:53:16.015250","2026-05-11 23:53:16.015250","Administrator","0","0","832808","Nos","0","JUST , HARMONY Acetabular Cup , Φ64mm","Standard Selling","0","1","AMD","114000.0","2026-05-11","0","Item Price"
"15o6gg62uq","Administrator","2026-05-11 23:53:16.040855","2026-05-11 23:53:16.040855","Administrator","0","0","832853-549813","Nos","0","JUST , HARMONY Liner 10-degree Lip ID:28mm , 4","Standard Selling","0","1","AMD","52000.0","2026-05-11","0","Item Price"
"15o4ouqhp1","Administrator","2026-05-11 23:53:16.064964","2026-05-11 23:53:16.064964","Administrator","0","0","832854-549812","Nos","0","JUST , HARMONY Liner 10-degree Lip ID:28mm , 5","Standard Selling","0","1","AMD","52000.0","2026-05-11","0","Item Price"
"15osaghcrr","Administrator","2026-05-11 23:53:16.094035","2026-05-11 23:53:16.094035","Administrator","0","0","832855","Nos","0","JUST , HARMONY Liner 10-degree Lip ID:28mm , 6","Standard Selling","0","1","AMD","52000.0","2026-05-11","0","Item Price"
"15pb2eqeol","Administrator","2026-05-11 23:53:16.121984","2026-05-11 23:53:16.121984","Administrator","0","0","832865","Nos","0","JUST , HARMONY Liner 10-degree Lip ID:32mm , 7","Standard Selling","0","1","AMD","52000.0","2026-05-11","0","Item Price"
"15prs7o92q","Administrator","2026-05-11 23:53:16.145939","2026-05-11 23:53:16.145939","Administrator","0","0","832866","Nos","0","JUST , HARMONY Liner 10-degree Lip ID:32mm , 8","Standard Selling","0","1","AMD","52000.0","2026-05-11","0","Item Price"
"15pi3hqnii","Administrator","2026-05-11 23:53:16.171673","2026-05-11 23:53:16.171673","Administrator","0","0","832867","Nos","0","JUST , HARMONY Liner 10-degree Lip ID:32mm , 9","Standard Selling","0","1","AMD","52000.0","2026-05-11","0","Item Price"
"15q54et64v","Administrator","2026-05-11 23:53:16.208489","2026-05-11 23:53:16.208489","Administrator","0","0","832868","Nos","0","JUST , HARMONY Liner 10-degree Lip ID:32mm , 10","Standard Selling","0","1","AMD","52000.0","2026-05-11","0","Item Price"
"15qbfp1r6d","Administrator","2026-05-11 23:53:16.240265","2026-05-11 23:53:16.240265","Administrator","0","0","832869","Nos","0","JUST , HARMONY Liner 10-degree Lip ID:32mm , 11","Standard Selling","0","1","AMD","52000.0","2026-05-11","0","Item Price"
"15q6gnf6kc","Administrator","2026-05-11 23:53:16.261784","2026-05-11 23:53:16.261784","Administrator","0","0","832870-549797","Nos","0","JUST , HARMONY Liner 10-degree Lip ID:32mm , 12","Standard Selling","0","1","AMD","52000.0","2026-05-11","0","Item Price"
"15qdjonu1g","Administrator","2026-05-11 23:53:16.285931","2026-05-11 23:53:16.285931","Administrator","0","0","832871-549796","Nos","0","JUST , HARMONY Liner 10-degree Lip ID:32mm , 13","Standard Selling","0","1","AMD","52000.0","2026-05-11","0","Item Price"
"15rk1q4fgl","Administrator","2026-05-11 23:53:16.317443","2026-05-11 23:53:16.317443","Administrator","0","0","832700","Nos","0","JUST , HARMONY Stem , 9","Standard Selling","0","1","AMD","172000.0","2026-05-11","0","Item Price"
"15rm622ft1","Administrator","2026-05-11 23:53:16.342735","2026-05-11 23:53:16.342735","Administrator","0","0","832701","Nos","0","JUST , HARMONY Stem , 10","Standard Selling","0","1","AMD","172000.0","2026-05-11","0","Item Price"
"15roi5qaki","Administrator","2026-05-11 23:53:16.366926","2026-05-11 23:53:16.366926","Administrator","0","0","832702","Nos","0","JUST , HARMONY Stem , 11","Standard Selling","0","1","AMD","172000.0","2026-05-11","0","Item Price"
"15rvkie5km","Administrator","2026-05-11 23:53:16.396560","2026-05-11 23:53:16.396560","Administrator","0","0","832703","Nos","0","JUST , HARMONY Stem , 12","Standard Selling","0","1","AMD","172000.0","2026-05-11","0","Item Price"
"15soh9ar3p","Administrator","2026-05-11 23:53:16.419391","2026-05-11 23:53:16.419391","Administrator","0","0","832704","Nos","0","JUST , HARMONY Stem , 13","Standard Selling","0","1","AMD","172000.0","2026-05-11","0","Item Price"
"15si4jq8dg","Administrator","2026-05-11 23:53:16.443563","2026-05-11 23:53:16.443563","Administrator","0","0","832705","Nos","0","JUST , HARMONY Stem , 14","Standard Selling","0","1","AMD","172000.0","2026-05-11","0","Item Price"
"15sp10miqp","Administrator","2026-05-11 23:53:16.465257","2026-05-11 23:53:16.465257","Administrator","0","0","832706","Nos","0","JUST , HARMONY Stem , 15","Standard Selling","0","1","AMD","172000.0","2026-05-11","0","Item Price"
"15ttk7dh4j","Administrator","2026-05-11 23:53:16.498986","2026-05-11 23:53:16.498986","Administrator","0","0","832707","Nos","0","JUST , HARMONY Stem , 16","Standard Selling","0","1","AMD","172000.0","2026-05-11","0","Item Price"
"15tt8vnm9n","Administrator","2026-05-11 23:53:16.522428","2026-05-11 23:53:16.522428","Administrator","0","0","832708","Nos","0","JUST , HARMONY Stem , 17","Standard Selling","0","1","AMD","172000.0","2026-05-11","0","Item Price"
"15tov4gqaf","Administrator","2026-05-11 23:53:16.542337","2026-05-11 23:53:16.542337","Administrator","0","0","549656","Nos","0","JUST , Acetabular Screw , 6.0x16","Standard Selling","0","1","AMD","6400.0","2026-05-11","0","Item Price"
"15t178qed5","Administrator","2026-05-11 23:53:16.559838","2026-05-11 23:53:16.559838","Administrator","0","0","549741","Nos","0","JUST , Acetabular Screw , 6.0x20","Standard Selling","0","1","AMD","6400.0","2026-05-11","0","Item Price"
"15tlmkth03","Administrator","2026-05-11 23:53:16.580861","2026-05-11 23:53:16.580861","Administrator","0","0","549740","Nos","0","JUST , Acetabular Screw , 6.0x26","Standard Selling","0","1","AMD","6400.0","2026-05-11","0","Item Price"
"15u963ii5r","Administrator","2026-05-11 23:53:16.602970","2026-05-11 23:53:16.602970","Administrator","0","0","549739","Nos","0","JUST , Acetabular Screw , 6.0x30","Standard Selling","0","1","AMD","6400.0","2026-05-11","0","Item Price"
"15uodsg8bc","Administrator","2026-05-11 23:53:16.627090","2026-05-11 23:53:16.627090","Administrator","0","0","549738","Nos","0","JUST , Acetabular Screw , 6.0x36","Standard Selling","0","1","AMD","6400.0","2026-05-11","0","Item Price"
"15ui6ao66e","Administrator","2026-05-11 23:53:16.650759","2026-05-11 23:53:16.650759","Administrator","0","0","10004","Nos","0","JUST Hip Instrument Set N1","Standard Selling","0","1","AMD","1.0","2026-05-11","0","Item Price"
"15u227vi9j","Administrator","2026-05-11 23:53:16.673870","2026-05-11 23:53:16.673870","Administrator","0","0","10005․2","Nos","0","JUST Hip Instrument Set N2․2","Standard Selling","0","1","AMD","1.0","2026-05-11","0","Item Price"
"15vg6rme68","Administrator","2026-05-11 23:53:16.699888","2026-05-11 23:53:16.699888","Administrator","0","0","10006․2","Nos","0","JUST Hip Instrument Set N3․2","Standard Selling","0","1","AMD","1.0","2026-05-11","0","Item Price"
"15vmpc8k2p","Administrator","2026-05-11 23:53:16.726408","2026-05-11 23:53:16.726408","Administrator","0","0","PSO-PBT","Nos","0","PRESSIO ICP & ICT MONITORING KIT, PARENCHYMAL W/BOLT","Standard Selling","0","1","AMD","295000.0","2026-05-11","0","Item Price"
"15vt3hddv2","Administrator","2026-05-11 23:53:16.748164","2026-05-11 23:53:16.748164","Administrator","0","0","PSO-PT","Nos","0","PRESSIO ICP MONITORING KIT, PARENCHYMAL TUNNELING","Standard Selling","0","1","AMD","230000.0","2026-05-11","0","Item Price"
"15vgrih6k1","Administrator","2026-05-11 23:53:16.766393","2026-05-11 23:53:16.766393","Administrator","0","0","PSO-PTT","Nos","0","PRESSIO ICP & ICT MONITORING KIT, PARENCH.TUNNELING","Standard Selling","0","1","AMD","295000.0","2026-05-11","0","Item Price"
"15vo524741","Administrator","2026-05-11 23:53:16.785774","2026-05-11 23:53:16.785774","Administrator","0","0","PSO-VT","Nos","0","PRESSIO ICP MONITORING KIT, VENTRIC. TUNNELING","Standard Selling","0","1","AMD","280000.0","2026-05-11","0","Item Price"
"16050jnbku","Administrator","2026-05-11 23:53:16.806405","2026-05-11 23:53:16.806405","Administrator","0","0","PSO-VTT","Nos","0","PRESSIO ICP & ICT MONITORING KIT, VENTRIC. TUNNELING","Standard Selling","0","1","AMD","345000.0","2026-05-11","0","Item Price"
"160ae5hf27","Administrator","2026-05-11 23:53:16.827280","2026-05-11 23:53:16.827280","Administrator","0","0","SM1-2010L","Nos","0","SM1-L Sophy® Mini Monopressure Valve, Low Pressure, Fixed operating pressure of 50 mmH2O.","Standard Selling","0","1","AMD","450000.0","2026-05-11","0","Item Price"
"1609n9nk9n","Administrator","2026-05-11 23:53:16.846676","2026-05-11 23:53:16.846676","Administrator","0","0","SM1-2010M","Nos","0","SM1-M Sophy® Mini Monopressure Valve, Medium Pressure Fixed operating pressure of 110 mmH2O.","Standard Selling","0","1","AMD","450000.0","2026-05-11","0","Item Price"
"160efbllv5","Administrator","2026-05-11 23:53:16.863928","2026-05-11 23:53:16.863928","Administrator","0","0","SM1-2010H","Nos","0","SM1-H Sophy® Mini Monopressure Valve, High Pressure","Standard Selling","0","1","AMD","450000.0","2026-05-11","0","Item Price"
"160tublf3f","Administrator","2026-05-11 23:53:16.885817","2026-05-11 23:53:16.885817","Administrator","0","0","DE-306","Nos","0","DE-306 External Ventricular Drainage System, Complete Kit","Standard Selling","0","1","AMD","85000.0","2026-05-11","0","Item Price"
"161faaos8d","Administrator","2026-05-11 23:53:16.907667","2026-05-11 23:53:16.907667","Administrator","0","0","DE-210","Nos","0","DE-210 External CSF Drainage System","Standard Selling","0","1","AMD","75000.0","2026-05-11","0","Item Price"
"16129nfjq5","Administrator","2026-05-11 23:53:16.935657","2026-05-11 23:53:16.935657","Administrator","0","0","DE-109","Nos","0","DE-109 External Lumbar Catheter with Introducer Guide","Standard Selling","0","1","AMD","75000.0","2026-05-11","0","Item Price"
"161of22svc","Administrator","2026-05-11 23:53:16.957261","2026-05-11 23:53:16.957261","Administrator","0","0","DE-106","Nos","0","DE-106 External Ventricular Catheter  29 cm length, 1.5 mm ID, 3.0 mm OD,","Standard Selling","0","1","AMD","75000.0","2026-05-11","0","Item Price"
"1616u6fjef","Administrator","2026-05-11 23:53:16.985636","2026-05-11 23:53:16.985636","Administrator","0","0","DE-105","Nos","0","DE-105 External Ventricular Catheter  35 cm length, 2.3 mm ID, 4.0 mm OD,","Standard Selling","0","1","AMD","75000.0","2026-05-11","0","Item Price"
"162mrbh4p7","Administrator","2026-05-11 23:53:17.020690","2026-05-11 23:53:17.020690","Administrator","0","0","SM8A-2010","Nos","0","SM8A - 2010 Sophy® Mini SM8A Kit B905S/BO19-10 Right Angle Adapter on the ventricular catheter.","Standard Selling","0","1","AMD","700000.0","2026-05-11","0","Item Price"
"162dtlm4pb","Administrator","2026-05-11 23:53:17.048490","2026-05-11 23:53:17.048490","Administrator","0","0","RE-1141","Nos","0","RE-1141 In-Line CSF Reservoir, Single Dome, Single-dome, In-Line CSF Reservoir.","Standard Selling","0","1","AMD","100000.0","2026-05-11","0","Item Price"
"1629crd9p7","Administrator","2026-05-11 23:53:17.072950","2026-05-11 23:53:17.072950","Administrator","0","0","B905S","Nos","0","B905S - Catheter distal atrial 1.1 х 2.2 ммДистальный","Standard Selling","0","1","AMD","90000.0","2026-05-11","0","Item Price"
"163d3op6g2","Administrator","2026-05-11 23:53:17.101317","2026-05-11 23:53:17.101317","Administrator","0","0","CO-3010","Nos","0","CO-3010 Catheter Connector, Three-Way","Standard Selling","0","1","AMD","80000.0","2026-05-11","0","Item Price"
"1635kooocq","Administrator","2026-05-11 23:53:17.130831","2026-05-11 23:53:17.130831","Administrator","0","0","SX-200","Nos","0","SX-200 Gravitational anti-siphon device SiphonX® Adds up to 200 mmH2O in vertical position.","Standard Selling","0","1","AMD","150000.0","2026-05-11","0","Item Price"
"1637lq3qbq","Administrator","2026-05-11 23:53:17.158445","2026-05-11 23:53:17.158445","Administrator","0","0","BO19-10","Nos","0","BO19-10 Catheter, Ventricular, Straight, Standard 1.3 x 2.5 mm Depth markings at 5, 10, 15 cm from t","Standard Selling","0","1","AMD","90000.0","2026-05-11","0","Item Price"
"164tkbtrcg","Administrator","2026-05-11 23:53:17.204813","2026-05-11 23:53:17.204813","Administrator","0","0","RDP-7","Nos","0","NeoDura 6*8 ","Standard Selling","0","1","AMD","150000.0","2026-05-11","0","Item Price"
"16481sjmro","Administrator","2026-05-11 23:53:17.245307","2026-05-11 23:53:17.245307","Administrator","0","0","RDP-8","Nos","0","NeoDura 7.5*7.5 ","Standard Selling","0","1","AMD","160000.0","2026-05-11","0","Item Price"
"164km4p0bg","Administrator","2026-05-11 23:53:17.278771","2026-05-11 23:53:17.278771","Administrator","0","0","RDP-10","Nos","0","NeoDura 8*12 ","Standard Selling","0","1","AMD","205000.0","2026-05-11","0","Item Price"
"165tog8pjn","Administrator","2026-05-11 23:53:17.333284","2026-05-11 23:53:17.333284","Administrator","0","0","DS4C-050","Nos","0","Immiseal 5ml","Standard Selling","0","1","AMD","205000.0","2026-05-11","0","Item Price"
"166o9uk81l","Administrator","2026-05-11 23:53:17.425913","2026-05-11 23:53:17.425913","Administrator","0","0","DS4C-080","Nos","0","Immiseal 8ml","Standard Selling","0","1","AMD","205000.0","2026-05-11","0","Item Price"
"1665493ppt","Administrator","2026-05-11 23:53:17.477478","2026-05-11 23:53:17.477478","Administrator","0","0","HF-A-118","Nos","0","StypCel 2.5*2.5","Standard Selling","0","1","AMD","25000.0","2026-05-11","0","Item Price"
"167ak47fkn","Administrator","2026-05-11 23:53:17.512314","2026-05-11 23:53:17.512314","Administrator","0","0","102.06.02125","Nos","0","Cage N5","Standard Selling","0","1","AMD","400000.0","2026-05-11","0","Item Price"
"167svmmlpa","Administrator","2026-05-11 23:53:17.554536","2026-05-11 23:53:17.554536","Administrator","0","0","102.06.02126","Nos","0","Cage N6","Standard Selling","0","1","AMD","400000.0","2026-05-11","0","Item Price"
"1674ua2hn1","Administrator","2026-05-11 23:53:17.589817","2026-05-11 23:53:17.589817","Administrator","0","0","102.06.02127","Nos","0","Cage N7","Standard Selling","0","1","AMD","400000.0","2026-05-11","0","Item Price"
"16897f4mg0","Administrator","2026-05-11 23:53:17.614614","2026-05-11 23:53:17.614614","Administrator","0","0","04135","Nos","0","Albomed 2,5%, 3.0 ml ","Standard Selling","0","1","AMD","150000.0","2026-05-11","0","Item Price"
"168udnlhs7","Administrator","2026-05-11 23:53:17.641222","2026-05-11 23:53:17.641222","Administrator","0","0","00091","Nos","0","Albomed 2,2%, 2.0 ml ","Standard Selling","0","1","AMD","90000.0","2026-05-11","0","Item Price"
"1681u9g1gs","Administrator","2026-05-11 23:53:17.665966","2026-05-11 23:53:17.665966","Administrator","0","0","00219","Nos","0","Albomed 10% 2.0 ml","Standard Selling","0","1","AMD","60000.0","2026-05-11","0","Item Price"
"169h06ohc9","Administrator","2026-05-11 23:53:17.704049","2026-05-11 23:53:17.704049","Administrator","0","0","03277","Nos","0","Albomed 10% 1.0 ml","Standard Selling","0","1","AMD","40000.0","2026-05-11","0","Item Price"
"16910hlicf","Administrator","2026-05-11 23:53:17.759687","2026-05-11 23:53:17.759687","Administrator","0","0","03279","Nos","0","Albomed 2,5%, 4.8 ml ","Standard Selling","0","1","AMD","170000.0","2026-05-11","0","Item Price"
"16960cg3tu","Administrator","2026-05-11 23:53:17.780705","2026-05-11 23:53:17.780705","Administrator","0","0","BOI.03.155.37.S","Nos","0","AUSTIN MOORE HIP PROSTHESIS . XL 37","Standard Selling","0","1","AMD","1000.0","2026-05-11","0","Item Price"
"16a4jv1tbi","Administrator","2026-05-11 23:53:17.803766","2026-05-11 23:53:17.803766","Administrator","0","0","BOI.03.155.39.S","Nos","0","AUSTIN MOORE HIP PROSTHESIS . XL 39","Standard Selling","0","1","AMD","1000.0","2026-05-11","0","Item Price"
"16a9l2hajc","Administrator","2026-05-11 23:53:17.827392","2026-05-11 23:53:17.827392","Administrator","0","0","BOI.03.155.41.S","Nos","0","AUSTIN MOORE HIP PROSTHESIS . XL 41","Standard Selling","0","1","AMD","1000.0","2026-05-11","0","Item Price"
"16aum6ighv","Administrator","2026-05-11 23:53:17.854393","2026-05-11 23:53:17.854393","Administrator","0","0","BOI.03.155.43.S","Nos","0","AUSTIN MOORE HIP PROSTHESIS . XL 43","Standard Selling","0","1","AMD","30000.0","2026-05-11","0","Item Price"
"16aeboqcem","Administrator","2026-05-11 23:53:17.893162","2026-05-11 23:53:17.893162","Administrator","0","0","BOI.03.155.45.S","Nos","0","AUSTIN MOORE HIP PROSTHESIS . XL 45","Standard Selling","0","1","AMD","1000.0","2026-05-11","0","Item Price"
"16bk4eqo6q","Administrator","2026-05-11 23:53:17.929852","2026-05-11 23:53:17.929852","Administrator","0","0","BOI.03.155.47.S","Nos","0","AUSTIN MOORE HIP PROSTHESIS . XL 47","Standard Selling","0","1","AMD","1000.0","2026-05-11","0","Item Price"
"16bei9586u","Administrator","2026-05-11 23:53:17.954989","2026-05-11 23:53:17.954989","Administrator","0","0","BOI.03.155.49.S","Nos","0","AUSTIN MOORE HIP PROSTHESIS . XL 49","Standard Selling","0","1","AMD","1000.0","2026-05-11","0","Item Price"
"16bul9pa7k","Administrator","2026-05-11 23:53:17.978859","2026-05-11 23:53:17.978859","Administrator","0","0","BOI.03.155.51.S","Nos","0","AUSTIN MOORE HIP PROSTHESIS . XL 51","Standard Selling","0","1","AMD","1000.0","2026-05-11","0","Item Price"
"16ch6rb67r","Administrator","2026-05-11 23:53:18.006320","2026-05-11 23:53:18.006320","Administrator","0","0","BOI.03.155.53.S","Nos","0","AUSTIN MOORE HIP PROSTHESIS . XL 53","Standard Selling","0","1","AMD","1000.0","2026-05-11","0","Item Price"
"16chchc91f","Administrator","2026-05-11 23:53:18.042582","2026-05-11 23:53:18.042582","Administrator","0","0","BOI.03.155.55.S","Nos","0","AUSTIN MOORE HIP PROSTHESIS . XL 55","Standard Selling","0","1","AMD","1000.0","2026-05-11","0","Item Price"
"16cofjg2o9","Administrator","2026-05-11 23:53:18.066797","2026-05-11 23:53:18.066797","Administrator","0","0","BO.9949.37","Nos","0","BIPOLAR FIX (NF)- 37","Standard Selling","0","1","AMD","1000.0","2026-05-11","0","Item Price"
"16cfak2bs2","Administrator","2026-05-11 23:53:18.092773","2026-05-11 23:53:18.092773","Administrator","0","0","BO.9949.39","Nos","0","BIPOLAR FIX (NF)- 39","Standard Selling","0","1","AMD","1000.0","2026-05-11","0","Item Price"
"16d89bbc42","Administrator","2026-05-11 23:53:18.122767","2026-05-11 23:53:18.122767","Administrator","0","0","BO.9949.41","Nos","0","BIPOLAR FIX (NF)- 41","Standard Selling","0","1","AMD","1000.0","2026-05-11","0","Item Price"
"16dq7ea4qi","Administrator","2026-05-11 23:53:18.146005","2026-05-11 23:53:18.146005","Administrator","0","0","BO.9949.43","Nos","0","BIPOLAR FIX (NF)- 43","Standard Selling","0","1","AMD","1000.0","2026-05-11","0","Item Price"
"16d5qjugum","Administrator","2026-05-11 23:53:18.170405","2026-05-11 23:53:18.170405","Administrator","0","0","BO.9949.45","Nos","0","BIPOLAR FIX (NF)- 45","Standard Selling","0","1","AMD","1000.0","2026-05-11","0","Item Price"
"16dc8r4eh5","Administrator","2026-05-11 23:53:18.188033","2026-05-11 23:53:18.188033","Administrator","0","0","BO.9949.47","Nos","0","BIPOLAR FIX (NF)- 47","Standard Selling","0","1","AMD","1000.0","2026-05-11","0","Item Price"
"16em17la4l","Administrator","2026-05-11 23:53:18.218816","2026-05-11 23:53:18.218816","Administrator","0","0","BO.9949.49","Nos","0","BIPOLAR FIX (NF)- 49","Standard Selling","0","1","AMD","1000.0","2026-05-11","0","Item Price"
"16enjh0lm2","Administrator","2026-05-11 23:53:18.250060","2026-05-11 23:53:18.250060","Administrator","0","0","BO.9949.51","Nos","0","BIPOLAR FIX (NF)- 51","Standard Selling","0","1","AMD","1000.0","2026-05-11","0","Item Price"
"16e0mtdqke","Administrator","2026-05-11 23:53:18.271082","2026-05-11 23:53:18.271082","Administrator","0","0","BO.9949.53","Nos","0","BIPOLAR FIX (NF)- 53","Standard Selling","0","1","AMD","1000.0","2026-05-11","0","Item Price"
"16e2n14kjr","Administrator","2026-05-11 23:53:18.296629","2026-05-11 23:53:18.296629","Administrator","0","0","BO.9949.55","Nos","0","BIPOLAR FIX (NF)- 55","Standard Selling","0","1","AMD","1000.0","2026-05-11","0","Item Price"
"16fptd7b98","Administrator","2026-05-11 23:53:18.319801","2026-05-11 23:53:18.319801","Administrator","0","0","BO.995002.37","Nos","0","MODULAR BIPOLAR CUP MEDIUM- 37","Standard Selling","0","1","AMD","100000.0","2026-05-11","0","Item Price"
"16fhdk2tgs","Administrator","2026-05-11 23:53:18.344495","2026-05-11 23:53:18.344495","Administrator","0","0","BO.995002.39","Nos","0","MODULAR BIPOLAR CUP MEDIUM- 39","Standard Selling","0","1","AMD","100000.0","2026-05-11","0","Item Price"
"16fc91mnk3","Administrator","2026-05-11 23:53:18.367088","2026-05-11 23:53:18.367088","Administrator","0","0","BO.995002.41","Nos","0","MODULAR BIPOLAR CUP MEDIUM- 41","Standard Selling","0","1","AMD","100000.0","2026-05-11","0","Item Price"
"16f3ehao1e","Administrator","2026-05-11 23:53:18.393756","2026-05-11 23:53:18.393756","Administrator","0","0","BO.995002.43","Nos","0","MODULAR BIPOLAR CUP MEDIUM- 43","Standard Selling","0","1","AMD","100000.0","2026-05-11","0","Item Price"
"16gkk4niud","Administrator","2026-05-11 23:53:18.427760","2026-05-11 23:53:18.427760","Administrator","0","0","BO.995002.45","Nos","0","MODULAR BIPOLAR CUP MEDIUM- 45","Standard Selling","0","1","AMD","1000.0","2026-05-11","0","Item Price"
"16g81d4cn8","Administrator","2026-05-11 23:53:18.450485","2026-05-11 23:53:18.450485","Administrator","0","0","BO.995002.47","Nos","0","MODULAR BIPOLAR CUP MEDIUM- 47","Standard Selling","0","1","AMD","1000.0","2026-05-11","0","Item Price"
"16g267p49v","Administrator","2026-05-11 23:53:18.488022","2026-05-11 23:53:18.488022","Administrator","0","0","BO.995002.49","Nos","0","MODULAR BIPOLAR CUP MEDIUM- 49","Standard Selling","0","1","AMD","1000.0","2026-05-11","0","Item Price"
"16hij9tg9q","Administrator","2026-05-11 23:53:18.513327","2026-05-11 23:53:18.513327","Administrator","0","0","BO.995002.51","Nos","0","MODULAR BIPOLAR CUP MEDIUM- 51","Standard Selling","0","1","AMD","1000.0","2026-05-11","0","Item Price"
"16hv99rhbh","Administrator","2026-05-11 23:53:18.541467","2026-05-11 23:53:18.541467","Administrator","0","0","BO.995002.53","Nos","0","MODULAR BIPOLAR CUP MEDIUM- 53","Standard Selling","0","1","AMD","1000.0","2026-05-11","0","Item Price"
"16h4fk2vjm","Administrator","2026-05-11 23:53:18.564582","2026-05-11 23:53:18.564582","Administrator","0","0","BO.995002.55","Nos","0","MODULAR BIPOLAR CUP MEDIUM- 55","Standard Selling","0","1","AMD","100000.0","2026-05-11","0","Item Price"
"16himurs22","Administrator","2026-05-11 23:53:18.594464","2026-05-11 23:53:18.594464","Administrator","0","0","BO.995002.37 -0,5","Nos","0","MODULAR BIPOLAR CUP MEDIUM - 0,5mm- 37","Standard Selling","0","1","AMD","100000.0","2026-05-11","0","Item Price"
"16iciqob19","Administrator","2026-05-11 23:53:18.626674","2026-05-11 23:53:18.626674","Administrator","0","0","BO.995002.39 -0,5","Nos","0","MODULAR BIPOLAR CUP MEDIUM - 0,5mm- 39","Standard Selling","0","1","AMD","100000.0","2026-05-11","0","Item Price"
"16ioq3ljj6","Administrator","2026-05-11 23:53:18.651251","2026-05-11 23:53:18.651251","Administrator","0","0","BO.995002.41 -0,5","Nos","0","MODULAR BIPOLAR CUP MEDIUM - 0,5mm- 41","Standard Selling","0","1","AMD","100000.0","2026-05-11","0","Item Price"
"16iedmmuti","Administrator","2026-05-11 23:53:18.672324","2026-05-11 23:53:18.672324","Administrator","0","0","BO.995002.43 -0,5","Nos","0","MODULAR BIPOLAR CUP MEDIUM - 0,5mm- 43","Standard Selling","0","1","AMD","100000.0","2026-05-11","0","Item Price"
"16igfo4172","Administrator","2026-05-11 23:53:18.694910","2026-05-11 23:53:18.694910","Administrator","0","0","BO.995002.45 -0,5","Nos","0","MODULAR BIPOLAR CUP MEDIUM - 0,5mm- 45","Standard Selling","0","1","AMD","100000.0","2026-05-11","0","Item Price"
"16j60f9uru","Administrator","2026-05-11 23:53:18.723330","2026-05-11 23:53:18.723330","Administrator","0","0","BO.995002.47 -0,5","Nos","0","MODULAR BIPOLAR CUP MEDIUM - 0,5mm- 47","Standard Selling","0","1","AMD","49000.0","2026-05-11","0","Item Price"
"16jor4dijd","Administrator","2026-05-11 23:53:18.764014","2026-05-11 23:53:18.764014","Administrator","0","0","BO.995002.49 -0,5","Nos","0","MODULAR BIPOLAR CUP MEDIUM - 0,5mm- 49","Standard Selling","0","1","AMD","49000.0","2026-05-11","0","Item Price"
"16j1ln9l3g","Administrator","2026-05-11 23:53:18.790641","2026-05-11 23:53:18.790641","Administrator","0","0","BO.995002.51 -0,5","Nos","0","MODULAR BIPOLAR CUP MEDIUM - 0,5mm- 51","Standard Selling","0","1","AMD","49000.0","2026-05-11","0","Item Price"
"16ko7h7vo5","Administrator","2026-05-11 23:53:18.815711","2026-05-11 23:53:18.815711","Administrator","0","0","BO.995002.53 -0,5","Nos","0","MODULAR BIPOLAR CUP MEDIUM - 0,5mm- 53","Standard Selling","0","1","AMD","49000.0","2026-05-11","0","Item Price"
"16k8lr6mgu","Administrator","2026-05-11 23:53:18.836897","2026-05-11 23:53:18.836897","Administrator","0","0","BO.995002.55 -0,5","Nos","0","MODULAR BIPOLAR CUP MEDIUM - 0,5mm- 55","Standard Selling","0","1","AMD","49000.0","2026-05-11","0","Item Price"
"16knnp5mks","Administrator","2026-05-11 23:53:18.859449","2026-05-11 23:53:18.859449","Administrator","0","0","BO.995101","Nos","0","MODULAR BIPOLAR STEM- S","Standard Selling","0","1","AMD","1000.0","2026-05-11","0","Item Price"
"16ki5asgr9","Administrator","2026-05-11 23:53:18.882114","2026-05-11 23:53:18.882114","Administrator","0","0","BO.995102","Nos","0","MODULAR BIPOLAR STEM- M","Standard Selling","0","1","AMD","1000.0","2026-05-11","0","Item Price"
"16lb3c8sgh","Administrator","2026-05-11 23:53:18.904058","2026-05-11 23:53:18.904058","Administrator","0","0","BO.995103","Nos","0","MODULAR BIPOLAR STEM- L","Standard Selling","0","1","AMD","1000.0","2026-05-11","0","Item Price"
"16lbbsu65a","Administrator","2026-05-11 23:53:18.925298","2026-05-11 23:53:18.925298","Administrator","0","0","BO.995104","Nos","0","MODULAR BIPOLAR STEM- XL","Standard Selling","0","1","AMD","100000.0","2026-05-11","0","Item Price"
"16llrslo9f","Administrator","2026-05-11 23:53:18.944869","2026-05-11 23:53:18.944869","Administrator","0","0","BO.995105","Nos","0","MODULAR BIPOLAR STEM- XXL","Standard Selling","0","1","AMD","100000.0","2026-05-11","0","Item Price"
"16lpvhlca8","Administrator","2026-05-11 23:53:18.965665","2026-05-11 23:53:18.965665","Administrator","0","0","BOI.149.06.18.S","Nos","0","HUMERUS INTERLOCKING NAIL  Dia -  6 mm, (Length -  18 cm ) SS , 180mm","Standard Selling","0","1","AMD","1000.0","2026-05-11","0","Item Price"
"16l264g0h1","Administrator","2026-05-11 23:53:18.994533","2026-05-11 23:53:18.994533","Administrator","0","0","BOI.149.06.20.S","Nos","0","HUMERUS INTERLOCKING NAIL  Dia -  6 mm, (Length -  20 cm ) SS , 200mm","Standard Selling","0","1","AMD","1000.0","2026-05-11","0","Item Price"
"16mcrja9u6","Administrator","2026-05-11 23:53:19.028161","2026-05-11 23:53:19.028161","Administrator","0","0","BOI.149.06.22.S","Nos","0","HUMERUS INTERLOCKING NAIL  Dia -  6 mm, (Length -  22 cm ) SS , 220mm","Standard Selling","0","1","AMD","1000.0","2026-05-11","0","Item Price"
"16mmf5f5fm","Administrator","2026-05-11 23:53:19.058240","2026-05-11 23:53:19.058240","Administrator","0","0","BOI.149.06.24.S","Nos","0","HUMERUS INTERLOCKING NAIL  Dia -  6 mm, (Length -  24 cm ) SS , 240mm","Standard Selling","0","1","AMD","1000.0","2026-05-11","0","Item Price"
"16mcti4f2q","Administrator","2026-05-11 23:53:19.085314","2026-05-11 23:53:19.085314","Administrator","0","0","BOI.149.06.26.S","Nos","0","HUMERUS INTERLOCKING NAIL  Dia -  6 mm, (Length -  26 cm ) SS , 260mm","Standard Selling","0","1","AMD","1000.0","2026-05-11","0","Item Price"
"16nbqjd0rk","Administrator","2026-05-11 23:53:19.115424","2026-05-11 23:53:19.115424","Administrator","0","0","BOI.149.06.28.S","Nos","0","HUMERUS INTERLOCKING NAIL  Dia -  6 mm, (Length -  28 cm ) SS , 280mm","Standard Selling","0","1","AMD","1000.0","2026-05-11","0","Item Price"
"16n4k76l8g","Administrator","2026-05-11 23:53:19.145963","2026-05-11 23:53:19.145963","Administrator","0","0","BOI.149.07.18.S","Nos","0","HUMERUS INTERLOCKING NAIL  Dia -  7 mm, (Length -  18 cm ) SS , 180mm","Standard Selling","0","1","AMD","1000.0","2026-05-11","0","Item Price"
"16nr6bpvrr","Administrator","2026-05-11 23:53:19.167293","2026-05-11 23:53:19.167293","Administrator","0","0","BOI.149.07.20.S","Nos","0","HUMERUS INTERLOCKING NAIL  Dia -  7 mm, (Length -  20 cm ) SS , 200mm","Standard Selling","0","1","AMD","1000.0","2026-05-11","0","Item Price"
"16nvaspnlb","Administrator","2026-05-11 23:53:19.190652","2026-05-11 23:53:19.190652","Administrator","0","0","BOI.149.07.22.S","Nos","0","HUMERUS INTERLOCKING NAIL  Dia -  7 mm, (Length -  22 cm ) SS , 220mm","Standard Selling","0","1","AMD","1000.0","2026-05-11","0","Item Price"
"16o74dqtbv","Administrator","2026-05-11 23:53:19.223019","2026-05-11 23:53:19.223019","Administrator","0","0","BOI.149.07.24.S","Nos","0","HUMERUS INTERLOCKING NAIL  Dia -  7 mm, (Length -  24 cm ) SS , 240mm","Standard Selling","0","1","AMD","1000.0","2026-05-11","0","Item Price"
"16o2v8j8d4","Administrator","2026-05-11 23:53:19.259989","2026-05-11 23:53:19.259989","Administrator","0","0","BOI.149.07.26.S","Nos","0","HUMERUS INTERLOCKING NAIL  Dia -  7 mm, (Length -  26 cm ) SS , 260mm","Standard Selling","0","1","AMD","1000.0","2026-05-11","0","Item Price"
"16oqnvsn29","Administrator","2026-05-11 23:53:19.292923","2026-05-11 23:53:19.292923","Administrator","0","0","BOI.149.07.28.S","Nos","0","HUMERUS INTERLOCKING NAIL  Dia -  7 mm, (Length -  28 cm ) SS , 280mm","Standard Selling","0","1","AMD","1000.0","2026-05-11","0","Item Price"
"16p9c5ohbc","Administrator","2026-05-11 23:53:19.320962","2026-05-11 23:53:19.320962","Administrator","0","0","BOI.149.08.18.S","Nos","0","HUMERUS INTERLOCKING NAIL  Dia -  8 mm, (Length -  18 cm ) SS , 180mm","Standard Selling","0","1","AMD","1000.0","2026-05-11","0","Item Price"
"16pnhqmnnd","Administrator","2026-05-11 23:53:19.344833","2026-05-11 23:53:19.344833","Administrator","0","0","BOI.149.08.20.S","Nos","0","HUMERUS INTERLOCKING NAIL  Dia -  8 mm, (Length -  20 cm ) SS , 200mm","Standard Selling","0","1","AMD","1000.0","2026-05-11","0","Item Price"
"16p5hgcmai","Administrator","2026-05-11 23:53:19.379863","2026-05-11 23:53:19.379863","Administrator","0","0","BOI.149.08.22.S","Nos","0","HUMERUS INTERLOCKING NAIL  Dia -  8 mm, (Length -  22 cm ) SS , 220mm","Standard Selling","0","1","AMD","1000.0","2026-05-11","0","Item Price"
"16qmgrhp0b","Administrator","2026-05-11 23:53:19.405836","2026-05-11 23:53:19.405836","Administrator","0","0","BOI.149.08.24.S","Nos","0","HUMERUS INTERLOCKING NAIL  Dia -  8 mm, (Length -  24 cm ) SS , 240mm","Standard Selling","0","1","AMD","1000.0","2026-05-11","0","Item Price"
"16q7dbe5bs","Administrator","2026-05-11 23:53:19.428425","2026-05-11 23:53:19.428425","Administrator","0","0","BOI.149.08.26.S","Nos","0","HUMERUS INTERLOCKING NAIL  Dia -  8 mm, (Length -  26 cm ) SS , 260mm","Standard Selling","0","1","AMD","1000.0","2026-05-11","0","Item Price"
"16qjquh81n","Administrator","2026-05-11 23:53:19.453186","2026-05-11 23:53:19.453186","Administrator","0","0","BOI.149.08.28.S","Nos","0","HUMERUS INTERLOCKING NAIL  Dia -  8 mm, (Length -  28 cm ) SS , 280mm","Standard Selling","0","1","AMD","1000.0","2026-05-11","0","Item Price"
"16qloji0js","Administrator","2026-05-11 23:53:19.482679","2026-05-11 23:53:19.482679","Administrator","0","0","BOI.01.233.24.S","Nos","0","HUMERUS INTERLOCKING BOLT  3.1 mm  SS , 24mm","Standard Selling","0","1","AMD","1000.0","2026-05-11","0","Item Price"
"16rbkj1okp","Administrator","2026-05-11 23:53:19.516302","2026-05-11 23:53:19.516302","Administrator","0","0","BOI.01.233.26.S","Nos","0","HUMERUS INTERLOCKING BOLT  3.1 mm  SS , 26mm","Standard Selling","0","1","AMD","1000.0","2026-05-11","0","Item Price"
"16rboa183e","Administrator","2026-05-11 23:53:19.551324","2026-05-11 23:53:19.551324","Administrator","0","0","BOI.01.233.28.S","Nos","0","HUMERUS INTERLOCKING BOLT  3.1 mm  SS , 28mm","Standard Selling","0","1","AMD","1000.0","2026-05-11","0","Item Price"
"16rnul70k3","Administrator","2026-05-11 23:53:19.581090","2026-05-11 23:53:19.581090","Administrator","0","0","BOI.01.233.32.S","Nos","0","HUMERUS INTERLOCKING BOLT  3.1 mm  SS , 32mm","Standard Selling","0","1","AMD","1000.0","2026-05-11","0","Item Price"
"16s4cmfc9k","Administrator","2026-05-11 23:53:19.608599","2026-05-11 23:53:19.608599","Administrator","0","0","BOI.01.233.36.S","Nos","0","HUMERUS INTERLOCKING BOLT  3.1 mm  SS , 36mm","Standard Selling","0","1","AMD","1000.0","2026-05-11","0","Item Price"
"16s3jiqlsa","Administrator","2026-05-11 23:53:19.633198","2026-05-11 23:53:19.633198","Administrator","0","0","BOI.01.233.40.S","Nos","0","HUMERUS INTERLOCKING BOLT  3.1 mm  SS , 40mm","Standard Selling","0","1","AMD","1000.0","2026-05-11","0","Item Price"
"16sdbfva7d","Administrator","2026-05-11 23:53:19.655966","2026-05-11 23:53:19.655966","Administrator","0","0","BOI.01.233.45.S","Nos","0","HUMERUS INTERLOCKING BOLT  3.1 mm  SS , 45mm","Standard Selling","0","1","AMD","1000.0","2026-05-11","0","Item Price"
"16s4sksbp2","Administrator","2026-05-11 23:53:19.686081","2026-05-11 23:53:19.686081","Administrator","0","0","BOI.01.233.50.S","Nos","0","HUMERUS INTERLOCKING BOLT  3.1 mm  SS , 50mm","Standard Selling","0","1","AMD","1000.0","2026-05-11","0","Item Price"
"16t5ho3031","Administrator","2026-05-11 23:53:19.722274","2026-05-11 23:53:19.722274","Administrator","0","0","BO.710.042.S","Nos","0","End cup for HUMERUS INTERLOCKING NAIL S.S. , ","Standard Selling","0","1","AMD","10.0","2026-05-11","0","Item Price"
"16tjpbgjuu","Administrator","2026-05-11 23:53:19.752719","2026-05-11 23:53:19.752719","Administrator","0","0","BOI.149.06.18.T","Nos","0","HUMERUS INTERLOCKING NAIL  Dia -  6 mm, (Length -  18 cm ) TT , 180mm","Standard Selling","0","1","AMD","1000.0","2026-05-11","0","Item Price"
"16t3asvnut","Administrator","2026-05-11 23:53:19.781020","2026-05-11 23:53:19.781020","Administrator","0","0","BOI.149.06.20.T","Nos","0","HUMERUS INTERLOCKING NAIL  Dia -  6 mm, (Length -  20 cm ) TT , 200mm","Standard Selling","0","1","AMD","1000.0","2026-05-11","0","Item Price"
"16utngkt6l","Administrator","2026-05-11 23:53:19.806640","2026-05-11 23:53:19.806640","Administrator","0","0","BOI.149.06.22.T","Nos","0","HUMERUS INTERLOCKING NAIL  Dia -  6 mm, (Length -  22 cm ) TT , 220mm","Standard Selling","0","1","AMD","1000.0","2026-05-11","0","Item Price"
"16ur9s6ab8","Administrator","2026-05-11 23:53:19.836707","2026-05-11 23:53:19.836707","Administrator","0","0","BOI.149.06.24.T","Nos","0","HUMERUS INTERLOCKING NAIL  Dia -  6 mm, (Length -  24 cm ) TT , 240mm","Standard Selling","0","1","AMD","1000.0","2026-05-11","0","Item Price"
"16u0sj1jdc","Administrator","2026-05-11 23:53:19.865668","2026-05-11 23:53:19.865668","Administrator","0","0","BOI.149.06.26.T","Nos","0","HUMERUS INTERLOCKING NAIL  Dia -  6 mm, (Length -  26 cm ) TT , 260mm","Standard Selling","0","1","AMD","1000.0","2026-05-11","0","Item Price"
"16vuktaijj","Administrator","2026-05-11 23:53:19.897997","2026-05-11 23:53:19.897997","Administrator","0","0","BOI.149.06.28.T","Nos","0","HUMERUS INTERLOCKING NAIL  Dia -  6 mm, (Length -  28 cm ) TT , 280mm","Standard Selling","0","1","AMD","1000.0","2026-05-11","0","Item Price"
"16vblm7n8d","Administrator","2026-05-11 23:53:19.921162","2026-05-11 23:53:19.921162","Administrator","0","0","BOI.149.07.18.T","Nos","0","HUMERUS INTERLOCKING NAIL  Dia -  7 mm, (Length -  18 cm ) TT , 180mm","Standard Selling","0","1","AMD","1000.0","2026-05-11","0","Item Price"
"16ve2ccjk8","Administrator","2026-05-11 23:53:19.941921","2026-05-11 23:53:19.941921","Administrator","0","0","BOI.149.07.20.T","Nos","0","HUMERUS INTERLOCKING NAIL  Dia -  7 mm, (Length -  20 cm ) TT , 200mm","Standard Selling","0","1","AMD","1000.0","2026-05-11","0","Item Price"
"16vdd7ljbs","Administrator","2026-05-11 23:53:19.959234","2026-05-11 23:53:19.959234","Administrator","0","0","BOI.149.07.22.T","Nos","0","HUMERUS INTERLOCKING NAIL  Dia -  7 mm, (Length -  22 cm ) TT , 220mm","Standard Selling","0","1","AMD","1000.0","2026-05-11","0","Item Price"
"16vqb79rlk","Administrator","2026-05-11 23:53:19.977880","2026-05-11 23:53:19.977880","Administrator","0","0","BOI.149.07.24.T","Nos","0","HUMERUS INTERLOCKING NAIL  Dia -  7 mm, (Length -  24 cm ) TT , 240mm","Standard Selling","0","1","AMD","1000.0","2026-05-11","0","Item Price"
"170tt55bqs","Administrator","2026-05-11 23:53:20.004243","2026-05-11 23:53:20.004243","Administrator","0","0","BOI.149.07.26.T","Nos","0","HUMERUS INTERLOCKING NAIL  Dia -  7 mm, (Length -  26 cm ) TT , 260mm","Standard Selling","0","1","AMD","1000.0","2026-05-11","0","Item Price"
"1700h3ogg9","Administrator","2026-05-11 23:53:20.039479","2026-05-11 23:53:20.039479","Administrator","0","0","BOI.149.07.28.T","Nos","0","HUMERUS INTERLOCKING NAIL  Dia -  7 mm, (Length -  28 cm ) TT , 280mm","Standard Selling","0","1","AMD","1000.0","2026-05-11","0","Item Price"
"1701ngbu4m","Administrator","2026-05-11 23:53:20.076733","2026-05-11 23:53:20.076733","Administrator","0","0","BOI.149.08.18.T","Nos","0","HUMERUS INTERLOCKING NAIL  Dia -  8 mm, (Length -  18 cm ) TT , 180mm","Standard Selling","0","1","AMD","1000.0","2026-05-11","0","Item Price"
"171j7bgh5r","Administrator","2026-05-11 23:53:20.109182","2026-05-11 23:53:20.109182","Administrator","0","0","BOI.149.08.20.T","Nos","0","HUMERUS INTERLOCKING NAIL  Dia -  8 mm, (Length -  20 cm ) TT , 200mm","Standard Selling","0","1","AMD","1000.0","2026-05-11","0","Item Price"
"1710e533at","Administrator","2026-05-11 23:53:20.146458","2026-05-11 23:53:20.146458","Administrator","0","0","BOI.149.08.22.T","Nos","0","HUMERUS INTERLOCKING NAIL  Dia -  8 mm, (Length -  22 cm ) TT , 220mm","Standard Selling","0","1","AMD","1000.0","2026-05-11","0","Item Price"
"171ap8l70t","Administrator","2026-05-11 23:53:20.174974","2026-05-11 23:53:20.174974","Administrator","0","0","BOI.149.08.24.T","Nos","0","HUMERUS INTERLOCKING NAIL  Dia -  8 mm, (Length -  24 cm ) TT , 240mm","Standard Selling","0","1","AMD","1000.0","2026-05-11","0","Item Price"
"1729676u1h","Administrator","2026-05-11 23:53:20.206463","2026-05-11 23:53:20.206463","Administrator","0","0","BOI.149.08.26.T","Nos","0","HUMERUS INTERLOCKING NAIL  Dia -  8 mm, (Length -  26 cm ) TT , 260mm","Standard Selling","0","1","AMD","1000.0","2026-05-11","0","Item Price"
"1723rupr5h","Administrator","2026-05-11 23:53:20.232914","2026-05-11 23:53:20.232914","Administrator","0","0","BOI.149.08.28.T","Nos","0","HUMERUS INTERLOCKING NAIL  Dia -  8 mm, (Length -  28 cm ) TT , 280mm","Standard Selling","0","1","AMD","1000.0","2026-05-11","0","Item Price"
"172cpfbpn2","Administrator","2026-05-11 23:53:20.254133","2026-05-11 23:53:20.254133","Administrator","0","0","BOI.01.233.24.T","Nos","0","HUMERUS INTERLOCKING BOLT  3.1 mm  TT , 24mm","Standard Selling","0","1","AMD","1000.0","2026-05-11","0","Item Price"
"1728itti6k","Administrator","2026-05-11 23:53:20.274651","2026-05-11 23:53:20.274651","Administrator","0","0","BOI.01.233.26.T","Nos","0","HUMERUS INTERLOCKING BOLT  3.1 mm  TT , 26mm","Standard Selling","0","1","AMD","1000.0","2026-05-11","0","Item Price"
"172a3fjin6","Administrator","2026-05-11 23:53:20.294692","2026-05-11 23:53:20.294692","Administrator","0","0","BOI.01.233.28.T","Nos","0","HUMERUS INTERLOCKING BOLT  3.1 mm  TT , 28mm","Standard Selling","0","1","AMD","1000.0","2026-05-11","0","Item Price"
"173b2quipk","Administrator","2026-05-11 23:53:20.316631","2026-05-11 23:53:20.316631","Administrator","0","0","BOI.01.233.32.T","Nos","0","HUMERUS INTERLOCKING BOLT  3.1 mm  TT , 32mm","Standard Selling","0","1","AMD","1000.0","2026-05-11","0","Item Price"
"173bcddug3","Administrator","2026-05-11 23:53:20.340536","2026-05-11 23:53:20.340536","Administrator","0","0","BOI.01.233.36.T","Nos","0","HUMERUS INTERLOCKING BOLT  3.1 mm  TT , 36mm","Standard Selling","0","1","AMD","1000.0","2026-05-11","0","Item Price"
"173er0u576","Administrator","2026-05-11 23:53:20.365909","2026-05-11 23:53:20.365909","Administrator","0","0","BOI.01.233.40.T","Nos","0","HUMERUS INTERLOCKING BOLT  3.1 mm  TT , 40mm","Standard Selling","0","1","AMD","1000.0","2026-05-11","0","Item Price"
"17319fs83p","Administrator","2026-05-11 23:53:20.394775","2026-05-11 23:53:20.394775","Administrator","0","0","BOI.01.233.45.T","Nos","0","HUMERUS INTERLOCKING BOLT  3.1 mm  TT , 45mm","Standard Selling","0","1","AMD","1000.0","2026-05-11","0","Item Price"
"174sb5cav5","Administrator","2026-05-11 23:53:20.417885","2026-05-11 23:53:20.417885","Administrator","0","0","BOI.01.233.50.T","Nos","0","HUMERUS INTERLOCKING BOLT  3.1 mm  TT , 50mm","Standard Selling","0","1","AMD","1000.0","2026-05-11","0","Item Price"
"174n18kljk","Administrator","2026-05-11 23:53:20.442471","2026-05-11 23:53:20.442471","Administrator","0","0","BO.710.042.T","Nos","0","End cup for HUMERUS INTERLOCKING NAIL TT , ","Standard Selling","0","1","AMD","10.0","2026-05-11","0","Item Price"
"174epaurrl","Administrator","2026-05-11 23:53:20.467864","2026-05-11 23:53:20.467864","Administrator","0","0","MB1PS535","Nos","0","Spineway-Polyaxial Pedicle screws, 5x35 , Ti","Standard Selling","0","1","AMD","100000.0","2026-05-11","0","Item Price"
"174n43556d","Administrator","2026-05-11 23:53:20.496950","2026-05-11 23:53:20.496950","Administrator","0","0","MB1PSS440","Nos","0","Spineway-Polyaxial screws, Traction & 3D+ 4x40 , Ti","Standard Selling","0","1","AMD","100000.0","2026-05-11","0","Item Price"
"175qkpbv3m","Administrator","2026-05-11 23:53:20.527005","2026-05-11 23:53:20.527005","Administrator","0","0","MB1PSS540","Nos","0","Spineway-Polyaxial screws, Traction & 3D+ 5x40 , Ti","Standard Selling","0","1","AMD","100000.0","2026-05-11","0","Item Price"
"175mm3a9c6","Administrator","2026-05-11 23:53:20.550453","2026-05-11 23:53:20.550453","Administrator","0","0","MB1PSS545","Nos","0","Spineway-Polyaxial screws, Traction & 3D+ 5x45 , Ti","Standard Selling","0","1","AMD","100000.0","2026-05-11","0","Item Price"
"175ij0n37i","Administrator","2026-05-11 23:53:20.576105","2026-05-11 23:53:20.576105","Administrator","0","0","MB1PSS550","Nos","0","Spineway-Polyaxial screws, Traction & 3D+ 5x50 , Ti","Standard Selling","0","1","AMD","100000.0","2026-05-11","0","Item Price"
"175ihm9520","Administrator","2026-05-11 23:53:20.596327","2026-05-11 23:53:20.596327","Administrator","0","0","MB1PSS640","Nos","0","Spineway-Polyaxial screws, Traction & 3D+ 6x40 , Ti","Standard Selling","0","1","AMD","100000.0","2026-05-11","0","Item Price"
"1764cueqbq","Administrator","2026-05-11 23:53:20.620990","2026-05-11 23:53:20.620990","Administrator","0","0","MB1PSS645","Nos","0","Spineway-Polyaxial screws, Traction & 3D+ 6x45 , Ti","Standard Selling","0","1","AMD","100000.0","2026-05-11","0","Item Price"
"1765g7prma","Administrator","2026-05-11 23:53:20.650161","2026-05-11 23:53:20.650161","Administrator","0","0","MB1PSS650","Nos","0","Spineway-Polyaxial screws, Traction & 3D+ 6x50 , Ti","Standard Selling","0","1","AMD","100000.0","2026-05-11","0","Item Price"
"176v136147","Administrator","2026-05-11 23:53:20.674638","2026-05-11 23:53:20.674638","Administrator","0","0","MB1PSS745","Nos","0","Spineway-Polyaxial screws, Traction & 3D+ 7x45 , Ti","Standard Selling","0","1","AMD","100000.0","2026-05-11","0","Item Price"
"1771auokq7","Administrator","2026-05-11 23:53:20.700442","2026-05-11 23:53:20.700442","Administrator","0","0","MB1PSS750","Nos","0","Spineway-Polyaxial screws, Traction & 3D+ 7x50 , Ti","Standard Selling","0","1","AMD","100000.0","2026-05-11","0","Item Price"
